seed,q_index,phase,sigma1,input_v_norm,input_q_norm,input_ratio,pure_m_gain_v,pure_m_gain_q,pure_x_gain_v,pure_x_gain_q,m_coeff_v,m_coeff_q,m_ratio,m_share,m_residual,x_coeff_v,x_coeff_q,x_ratio,x_share,x_residual,x_minus_m_ratio
170000,0,1,0.112446842929307,0.0394530478486453,0.0394530478486453,1.0,0.1211582864462121,0.033166002618071,0.1148575062687471,0.0171815837810116,0.0047810434112829,0.0013083528466167,3.654246194856855,0.785142435931936,8.735978904272066e-05,0.0045323137745776,0.0006779898293248,6.6849288566527125,0.869875177942042,5.7639295349323816e-05,3.0306826617958573
170000,0,-1,0.112446842929307,0.0394530478486453,0.0394530478486453,1.0,0.1211582864462121,0.033166002618071,0.1148575062687471,0.0171815837810116,0.0047793395533848,-0.0013081175277541,3.6536010350588257,0.7851126487925584,0.0001440289888687,0.0045308894563352,-0.0006779477428266,6.6832429258300365,0.8698466247060687,0.0001191083703142,3.029641890771211
170000,1,1,0.112446842929307,0.0394530478486453,0.0394530478486453,1.0,0.1211582864462121,0.0185709800486267,0.1148575062687471,0.0092547306911103,0.0047807919126713,0.0007327801435639,6.524183214644695,0.8670952086794418,6.086529038943732e-05,0.0045320735331654,0.0003651800106377,12.41051919911485,0.9254316715742068,5.779492441691133e-05,5.886335984470155
170000,1,-1,0.112446842929307,0.0394530478486453,0.0394530478486453,1.0,0.1211582864462121,0.0185709800486267,0.1148575062687471,0.0092547306911103,0.0047793687165015,-0.000732739546084,6.52260239267418,0.867067279672545,0.0001264759434729,0.00453088468873,-0.0003651417054711,12.408565279803629,0.9254208053484864,0.000110092739489,5.885962887129447
170000,2,1,0.112446842929307,0.0394530478486453,0.0394530478486453,1.0,0.1211582864462121,0.0302584185366725,0.1148575062687471,0.0154642039315009,0.0047798708075165,0.0011935890424951,4.004620214609536,0.8001846379709713,7.658937014558853e-05,0.0045313459118496,0.0006100490924152,7.427838133325102,0.8813456091371962,4.690977976465184e-05,3.423217918715565
170000,2,-1,0.112446842929307,0.0394530478486453,0.0394530478486453,1.0,0.1211582864462121,0.0302584185366725,0.1148575062687471,0.0154642039315009,0.0047810626218789,-0.0011940216751254,4.004167362684414,0.8001665556877849,0.0001720462939032,0.0045323273125334,-0.0006101746938157,7.427917543060773,0.8813467271255684,8.075075281621288e-05,3.4237501803763597
170000,3,1,0.112446842929307,0.0394530478486453,0.0394530478486453,1.0,0.1211582864462121,0.021341273037563,0.1148575062687471,0.014397724617975,0.0047797517598323,0.0008419493202592,5.677006495302104,0.8502322858748762,9.515307907403693e-05,0.0045312520292412,0.0005680967956211,7.97619712725042,0.8885942470042079,3.868018861966609e-05,2.299190631948316
170000,3,-1,0.112446842929307,0.0394530478486453,0.0394530478486453,1.0,0.1211582864462121,0.021341273037563,0.1148575062687471,0.014397724617975,0.0047806853869972,-0.0008419473709879,5.678128528843861,0.8502574492717763,0.0001435549553868,0.0045319557707234,-0.0005681563491178,7.97659971194928,0.8885992433561629,6.64170889962812e-05,2.298471183105419
170000,4,1,0.112446842929307,0.0394530478486453,0.0394530478486453,1.0,0.1211582864462121,0.0266863591871699,0.1148575062687471,0.0119915195826736,0.0047823154920324,0.0010533820277094,4.539963058252479,0.8194933811859317,0.0001033046231428,0.0045335211703683,0.0004733355000766,9.577817783843171,0.9054625424227456,9.496353776089504e-05,5.037854725590693
170000,4,-1,0.112446842929307,0.0394530478486453,0.0394530478486453,1.0,0.1211582864462121,0.0266863591871699,0.1148575062687471,0.0119915195826736,0.0047794006102054,-0.0010521376372434,4.542562152536154,0.8195780268260191,0.0001790894046774,0.0045311169499373,-0.0004728017826229,9.583544556009084,0.9055136967858066,0.0001337193247489,5.04098240347293
170000,5,1,0.112446842929307,0.0394530478486453,0.0394530478486453,1.0,0.1211582864462121,0.0385945727943946,0.1148575062687471,0.0157426706002913,0.0047796931927862,0.0015225536833866,3.139260864780392,0.7584109741648152,9.80700682981464e-05,0.0045310835273049,0.0006210767688597,7.295528917651024,0.8794531355472435,3.8241572999732144e-05,4.156268052870633
170000,5,-1,0.112446842929307,0.0394530478486453,0.0394530478486453,1.0,0.1211582864462121,0.0385945727943946,0.1148575062687471,0.0157426706002913,0.0047807435436459,-0.0015229089604786,3.1392182117966896,0.7584084846867893,9.766144583918386e-05,0.0045322043096734,-0.0006212174775464,7.295680616660097,0.8794553399281412,5.196497534361449e-05,4.156462404863408
170001,0,1,0.0837953778086667,0.0450490197185896,0.0450490197185896,1.0,0.1007829165837589,0.0304482101738043,0.0831461617067873,0.0150005283182847,0.0045401135055575,0.0013724749598289,3.3079754738257976,0.7678724017637161,0.0002022074171285,0.003745870282838,0.0006763846990033,5.538076612839088,0.8470498192027516,0.0001364560826439,2.2301011390132905
170001,0,-1,0.0837953778086667,0.0450490197185896,0.0450490197185896,1.0,0.1007829165837589,0.0304482101738043,0.0831461617067873,0.0150005283182847,0.0045410145811563,-0.001373410214,3.306378920779576,0.7677863424477818,0.000177128857326,0.0037460767409546,-0.0006768074059178,5.534922798117203,0.8469760040182704,0.0001321320894754,2.228543877337627
170001,1,1,0.0837953778086667,0.0450490197185896,0.0450490197185896,1.0,0.1007829165837589,0.0332236733836296,0.0831461617067873,0.0145211659948539,0.0045390387790552,0.0014978171389917,3.030435866228472,0.751887876847483,0.0002047434354175,0.0037443933554768,0.0006550095986361,5.716547304447853,0.851113979449266,0.0001615116633037,2.686111438219381
170001,1,-1,0.0837953778086667,0.0450490197185896,0.0450490197185896,1.0,0.1007829165837589,0.0332236733836296,0.0831461617067873,0.0145211659948539,0.0045419095507415,-0.0014977324635766,3.032523939484041,0.7520163512958712,0.0003721700255213,0.0037475179636999,-0.000654747971572,5.723603777948838,0.8512702364646079,0.0002360051763257,2.691079838464796
170001,2,1,0.0837953778086667,0.0450490197185896,0.0450490197185896,1.0,0.1007829165837589,0.0363872209225124,0.0831461617067873,0.0125764964811742,0.0045400958209186,0.001640719796595,2.767136613051094,0.7345463935298921,0.0002255747524504,0.0037457380905642,0.0005674032100511,6.601545469261652,0.8684478039309641,0.0001566533771478,3.8344088562105583
170001,2,-1,0.0837953778086667,0.0450490197185896,0.0450490197185896,1.0,0.1007829165837589,0.0363872209225124,0.0831461617067873,0.0125764964811742,0.0045409592594949,-0.0016402136827217,2.7685168751652918,0.7346436189286962,0.0002594564404009,0.0037461835847887,-0.0005672685711732,6.603897651220418,0.8684884981533778,0.0001637621874383,3.835380776055127
170001,3,1,0.0837953778086667,0.0450490197185896,0.0450490197185896,1.0,0.1007829165837589,0.0232034977351773,0.0831461617067873,0.0123945327434435,0.0045425025731929,0.0010479571496761,4.33462625317506,0.8125454431967337,0.0001950111683001,0.0037474441443285,0.0005598998315105,6.693061746798131,0.8700127422718007,0.0001488930008732,2.358435493623072
170001,3,-1,0.0837953778086667,0.0450490197185896,0.0450490197185896,1.0,0.1007829165837589,0.0232034977351773,0.0831461617067873,0.0123945327434435,0.0045387795162133,-0.0010456312533547,4.340707588499325,0.8127588931935912,0.0002713627452915,0.003744623419479,-0.0005584548542035,6.705328803727683,0.8702196849125737,0.0001567043108491,2.3646212152283583
170001,4,1,0.0837953778086667,0.0450490197185896,0.0450490197185896,1.0,0.1007829165837589,0.0104142363580022,0.0831461617067873,0.0030191734313895,0.0045404450176116,0.0004700029862048,9.660459935083562,0.9061954168873144,0.0001984872730323,0.0037460726050023,0.000136032476593,27.538075456650247,0.9649590946832062,0.00010433834718,17.877615521566685
170001,4,-1,0.0837953778086667,0.0450490197185896,0.0450490197185896,1.0,0.1007829165837589,0.0104142363580022,0.0831461617067873,0.0030191734313895,0.0045404986662005,-0.0004695213396052,9.670484136053547,0.9062835399734872,0.0002106556282862,0.0037458656238033,-0.0001360293368692,27.537189476826867,0.9649580067857756,0.000132344552953,17.866705340773322
170001,5,1,0.0837953778086667,0.0450490197185896,0.0450490197185896,1.0,0.1007829165837589,0.0355730751521482,0.0831461617067873,0.0145366130974567,0.0045394714653074,0.0016014328634254,2.834631141261103,0.7392187245234941,0.0005869168267537,0.0037456543993308,0.0006549333671725,5.719138139954497,0.8511713884770983,0.0002799488390234,2.8845069986933938
170001,5,-1,0.0837953778086667,0.0450490197185896,0.0450490197185896,1.0,0.1007829165837589,0.0355730751521482,0.0831461617067873,0.0145366130974567,0.0045420666113124,-0.0016034235608112,2.832730366648431,0.7390893946775442,0.0005102545355216,0.0037468685055913,-0.000655812398924,5.713323675692591,0.8510424868056383,0.0002920422547279,2.88059330904416
170002,0,1,0.0509782016029987,0.0512537426626697,0.0512537426626697,1.0,0.101346964448796,0.0217655376506676,0.0510962521102558,0.0123668411913404,0.0051940179132212,0.001115573764046,4.655916157779168,0.8231939844750711,0.0001263589639482,0.0026186437882461,0.0006336984349099,4.132318535099401,0.8051562869371606,0.000119870507852,-0.523597622679767
170002,0,-1,0.0509782016029987,0.0512537426626697,0.0512537426626697,1.0,0.101346964448796,0.0217655376506676,0.0510962521102558,0.0123668411913404,0.0051943185271755,-0.0011156172403029,4.656004173761392,0.8231967358441722,0.0001200854847124,0.0026189239701134,-0.000633915026876,4.131348617835395,0.8051194579677887,9.44554058408523e-05,-0.5246555559259969
170002,1,1,0.0509782016029987,0.0512537426626697,0.0512537426626697,1.0,0.101346964448796,0.0176947440894886,0.0510962521102558,0.0086901847319473,0.0051936704662282,0.0009074736342215,5.723219133168236,0.8512617274265815,0.0001438391236573,0.0026184744024741,0.0004456627717097,5.875461377270468,0.8545552152607689,0.0001079927909565,0.1522422441022319
170002,1,-1,0.0509782016029987,0.0512537426626697,0.0512537426626697,1.0,0.101346964448796,0.0176947440894886,0.0510962521102558,0.0086901847319473,0.0051948657744588,-0.0009078578560895,5.72211358816548,0.8512372653505089,0.0003063854433484,0.0026191912215648,-0.0004459335692441,5.87350090283338,0.8545137311922397,0.000241344855119,0.1513873146678994
170002,2,1,0.0509782016029987,0.0512537426626697,0.0512537426626697,1.0,0.101346964448796,0.0319536710080154,0.0510962521102558,0.0149272255928524,0.0051945176061464,0.0016380065920716,3.1712434072523386,0.7602633310102813,0.0001080835237013,0.0026188905944514,0.0007651833028718,3.4225663113907165,0.7738869403892463,0.0001009479941019,0.251322904138378
170002,2,-1,0.0509782016029987,0.0512537426626697,0.0512537426626697,1.0,0.101346964448796,0.0319536710080154,0.0510962521102558,0.0149272255928524,0.0051937365004301,-0.0016375408533287,3.1716683524989104,0.7602877516854903,0.000130634040852,0.0026185173882864,-0.0007650422835598,3.422709364636162,0.773894254052512,0.0001397341810082,0.2510410121372515
170002,3,1,0.0509782016029987,0.0512537426626697,0.0512537426626697,1.0,0.101346964448796,0.0258551934412842,0.0510962521102558,0.0164028924251184,0.0051946245136645,0.0013248132499056,3.92102397377932,0.7967902604562997,0.0001602792571075,0.0026191047329597,0.0008406593029137,3.1155364888947776,0.7570183127525741,0.0001125024832289,-0.8054874848845421
170002,3,-1,0.0509782016029987,0.0512537426626697,0.0512537426626697,1.0,0.101346964448796,0.0258551934412842,0.0510962521102558,0.0164028924251184,0.0051932722900475,-0.0013250909305679,3.919181823859919,0.7967141618653703,0.0003550683011871,0.0026181518454024,-0.0008405706708531,3.114731379744649,0.7569707697268788,0.0002853063705993,-0.80445044411527
170002,4,1,0.0509782016029987,0.0512537426626697,0.0512537426626697,1.0,0.101346964448796,0.0330745883313111,0.0510962521102558,0.0155628739950072,0.0051943042582423,0.0016966722660399,3.061465883663427,0.7537834790088145,0.000270125095649,0.0026188757842265,0.0007979697276843,3.281923728890214,0.7664601092137671,0.000300664315054,0.2204578452267869
170002,4,-1,0.0509782016029987,0.0512537426626697,0.0512537426626697,1.0,0.101346964448796,0.0330745883313111,0.0510962521102558,0.0155628739950072,0.0051944536466515,-0.0016951187363796,3.0643597614538884,0.7539587884212584,0.0001159299035245,0.0026188328867266,-0.0007975846228569,3.283454584847412,0.7665435736058767,0.0001008283039679,0.2190948233935237
170002,5,1,0.0509782016029987,0.0512537426626697,0.0512537426626697,1.0,0.101346964448796,0.0288715792573557,0.0510962521102558,0.0166670712529743,0.0051943238941875,0.0014797816447242,3.510196191919924,0.7782801551312749,0.0001543022442847,0.0026187925183174,0.0008543743079272,3.0651583199729524,0.7540071206853628,0.0001521804441854,-0.4450378719469716
170002,5,-1,0.0509782016029987,0.0512537426626697,0.0512537426626697,1.0,0.101346964448796,0.0288715792573557,0.0510962521102558,0.0166670712529743,0.0051937977488655,-0.0014794285994356,3.510678211062888,0.778303848510541,0.0002251330638419,0.0026186340291949,-0.0008542552972751,3.0653998137846403,0.7540217332107709,0.0002479288074933,-0.4452783972782472
170003,0,1,0.0516251207689747,0.0427946172896923,0.0427946172896923,1.0,0.0795733217294632,0.0227540410856617,0.0503544691864549,0.0135609540821169,0.0034053523501083,0.0009735913558968,3.4977224576609127,0.7776652495983354,2.827699636868976e-05,0.0021547788958141,0.0005801299760607,3.714303664227396,0.7878795955406737,5.474844080818302e-05,0.2165812065664836
170003,0,-1,0.0516251207689747,0.0427946172896923,0.0427946172896923,1.0,0.0795733217294632,0.0227540410856617,0.0503544691864549,0.0135609540821169,0.0034052055473139,-0.000973807565233,3.496795125529176,0.7776193995757542,3.3683337508227023e-05,0.0021549313132044,-0.0005803573096551,3.713111349422051,0.7878259336854782,3.823309862800765e-05,0.2163162238928748
170003,1,1,0.0516251207689747,0.0427946172896923,0.0427946172896923,1.0,0.0795733217294632,0.0135980932948627,0.0503544691864549,0.0044722165336859,0.0034054165404847,0.0005818448833237,5.8527910755626325,0.854074056982994,3.979363666952455e-05,0.0021549602163703,0.0001913490645091,11.261932332342935,0.9184467853111268,3.3579074596948144e-05,5.409141256780303
170003,1,-1,0.0516251207689747,0.0427946172896923,0.0427946172896923,1.0,0.0795733217294632,0.0135980932948627,0.0503544691864549,0.0044722165336859,0.0034053590932788,-0.0005818665470794,5.852474438279915,0.854067314076546,5.952705982563512e-05,0.0021548934724488,-0.0001913810127979,11.259703566899567,0.9184319592604232,6.0265435457803313e-05,5.407229128619652
170003,2,1,0.0516251207689747,0.0427946172896923,0.0427946172896923,1.0,0.0795733217294632,0.0161149542839088,0.0503544691864549,0.0070430663338817,0.00340536516402,0.0006895923509619,4.938229316588311,0.8315996323674261,5.954517665699657e-05,0.0021548672353913,0.0003013723619004,7.150181993451303,0.8773033533725378,4.871586743893593e-05,2.2119526768629925
170003,2,-1,0.0516251207689747,0.0427946172896923,0.0427946172896923,1.0,0.0795733217294632,0.0161149542839088,0.0503544691864549,0.0070430663338817,0.003405222458861,-0.0006897937745416,4.936580445537893,0.8315528595672229,4.945645849714986e-05,0.0021548500659378,-0.0003014942065728,7.147235399397815,0.8772589779259462,3.730360137563287e-05,2.2106549538599216
170003,3,1,0.0516251207689747,0.0427946172896923,0.0427946172896923,1.0,0.0795733217294632,0.0335922396559062,0.0503544691864549,0.0176981654007803,0.0034058610071866,0.0014380119989504,2.3684510349496577,0.7031276424610562,0.000131663590707,0.0021552698878732,0.0007576449697047,2.8446963605000826,0.7399014366195802,7.901520375650166e-05,0.4762453255504248
170003,3,-1,0.0516251207689747,0.0427946172896923,0.0427946172896923,1.0,0.0795733217294632,0.0335922396559062,0.0503544691864549,0.0176981654007803,0.0034049376207042,-0.0014378525382823,2.3680715024987804,0.7030941892836605,9.585643625811512e-05,0.0021545915400669,-0.0007575147309635,2.844289955026463,0.7398739398695756,5.789108690672733e-05,0.4762184525276827
170003,4,1,0.0516251207689747,0.0427946172896923,0.0427946172896923,1.0,0.0795733217294632,0.0205912488783862,0.0503544691864549,0.0134412233188755,0.0034049055967781,0.0008813220900198,3.8634066198176176,0.794382810615679,5.510200888558264e-05,0.0021548022131517,0.0005752166540322,3.746070629288594,0.7892993850894516,5.966292060326488e-05,-0.1173359905290234
170003,4,-1,0.0516251207689747,0.0427946172896923,0.0427946172896923,1.0,0.0795733217294632,0.0205912488783862,0.0503544691864549,0.0134412233188755,0.0034056334369592,-0.0008811112843513,3.8651569869094216,0.7944567867613153,8.350181278721696e-05,0.0021548900899271,-0.0005749770863001,3.747784287874424,0.7893754350731679,6.938649883777998e-05,-0.1173726990349974
170003,5,1,0.0516251207689747,0.0427946172896923,0.0427946172896923,1.0,0.0795733217294632,0.0338335927193188,0.0503544691864549,0.0210208896424783,0.0034056581008284,0.00144820397144,2.3516425641614425,0.7016388290646401,6.708264406163713e-05,0.0021553009742261,0.0008996148651477,2.3958040909760183,0.7055189365436623,9.593013528312286e-05,0.0441615268145758
170003,5,-1,0.0516251207689747,0.0427946172896923,0.0427946172896923,1.0,0.0795733217294632,0.0338335927193188,0.0503544691864549,0.0210208896424783,0.0034049988294474,-0.0014479907681144,2.3515335210866177,0.7016291218010002,8.951199268578494e-05,0.0021544665984679,-0.0008993951382429,2.395461690702927,0.7054892409070354,0.0001047260394111,0.0439281696163091
170004,0,1,0.1088811498439593,0.0618884799518311,0.0618884799518311,1.0,0.1147878479461041,0.0369795025455444,0.1092678012828231,0.0192790635120772,0.0071026278777572,0.0022872622762185,3.105296647263652,0.7564122435180072,0.000255266464683,0.0067611985228244,0.00119221342935,5.671130987431223,0.8501003799979262,0.000215376121907,2.565834340167571
170004,0,-1,0.1088811498439593,0.0618884799518311,0.0618884799518311,1.0,0.1147878479461041,0.0369795025455444,0.1092678012828231,0.0192790635120772,0.007103932378076,-0.0022859592363054,3.1076373827007826,0.7565510518987201,0.0003927500624859,0.0067620896402168,-0.001191485858609,5.675341919798488,0.8501949395230098,0.0004254084162024,2.567704537097705
170004,1,1,0.1088811498439593,0.0618884799518311,0.0618884799518311,1.0,0.1147878479461041,0.0144903154137619,0.1092678012828231,0.0073014348831638,0.0071039351502244,0.0008972071195737,7.917831897713706,0.8878651210888631,0.0001647804809198,0.006762054058588,0.0004521316384564,14.955940888493991,0.9373274188599487,8.768435872367848e-05,7.038108990780285
170004,1,-1,0.1088811498439593,0.0618884799518311,0.0618884799518311,1.0,0.1147878479461041,0.0144903154137619,0.1092678012828231,0.0073014348831638,0.0071060737665134,-0.0008969513266042,7.922474225450403,0.8879234644189157,0.0003112136679115,0.0067632988017959,-0.0004518332215574,14.968573533544982,0.9373769987720372,0.0001835584162496,7.046099308094579
170004,2,1,0.1088811498439593,0.0618884799518311,0.0618884799518311,1.0,0.1147878479461041,0.0186682382713002,0.1092678012828231,0.0126249381996049,0.0071031177336591,0.001155488958938,6.1472830862712655,0.860086694772055,0.0001197182477229,0.0067620141731367,0.0007813863013802,8.65386833782908,0.8964145806628149,6.692942729800955e-05,2.506585251557814
170004,2,-1,0.1088811498439593,0.0618884799518311,0.0618884799518311,1.0,0.1147878479461041,0.0186682382713002,0.1092678012828231,0.0126249381996049,0.0071040170241661,-0.0011552500040261,6.149333044277756,0.8601268126961313,0.0001694555556862,0.0067617847397544,-0.0007810481261869,8.657321505599116,0.8964516196939057,0.0001014590511465,2.50798846132136
170004,3,1,0.1088811498439593,0.0618884799518311,0.0618884799518311,1.0,0.1147878479461041,0.0252094116814879,0.1092678012828231,0.0103307743117932,0.007104223195804,0.0015614144310472,4.549863927563791,0.8198154021338381,0.0002532962843914,0.0067635405817822,0.0006400986954588,10.566402696577471,0.9135426954920132,0.0002151902111796,6.01653876901368
170004,3,-1,0.1088811498439593,0.0618884799518311,0.0618884799518311,1.0,0.1147878479461041,0.0252094116814879,0.1092678012828231,0.0103307743117932,0.0071012758150608,-0.0015606329392214,4.550253705781,0.8198280559754546,0.0001841245665211,0.0067594841510486,-0.0006396940389456,10.566745568207558,0.9135452583353604,8.810220941682223e-05,6.016491862426558
170004,4,1,0.1088811498439593,0.0618884799518311,0.0618884799518311,1.0,0.1147878479461041,0.0281086205670191,0.1092678012828231,0.0231909567380667,0.0071047818168569,0.0017405822109947,4.081842139931027,0.803220963488336,0.000155123137161,0.0067630935956583,0.0014359559311802,4.7098197436288665,0.8248631226728619,8.102997786589741e-05,0.6279776036978397
170004,4,-1,0.1088811498439593,0.0618884799518311,0.0618884799518311,1.0,0.1147878479461041,0.0281086205670191,0.1092678012828231,0.0231909567380667,0.0071029931897004,-0.0017389592788399,4.084623070894933,0.8033285877719955,0.0002082918913827,0.0067609175975343,-0.0014345426672785,4.712942843558491,0.8249588649171365,9.339371103813913e-05,0.6283197726635574
170004,5,1,0.1088811498439593,0.0618884799518311,0.0618884799518311,1.0,0.1147878479461041,0.031643807354402,0.1092678012828231,0.0155198074242484,0.0071016639341714,0.0019568883982757,3.629059245496747,0.7839733848788342,0.0001434032458335,0.0067601547535091,0.0009595454312796,7.045163817295109,0.8757017230835937,0.0001214984306583,3.4161045717983622
170004,5,-1,0.1088811498439593,0.0618884799518311,0.0618884799518311,1.0,0.1147878479461041,0.031643807354402,0.1092678012828231,0.0155198074242484,0.0071075240929637,-0.0019584798386591,3.629102507292769,0.7839754037797646,0.0001827057004575,0.0067653839065168,-0.0009604411776904,7.044037743964759,0.8756843227457163,7.721578973673576e-05,3.4149352366719894
170005,0,1,0.0799795376081506,0.0494709502417978,0.0494709502417978,1.0,0.1014239203172285,0.0250235245658855,0.0787692860985463,0.0107295563816154,0.0050167601451583,0.0012376616153255,4.053418222746497,0.8021141421664271,9.489962136277064e-05,0.003896261522005,0.000530772405229,7.3407386737000415,0.8801065422235091,9.732475629480824e-05,3.287320450953544
170005,0,-1,0.0799795376081506,0.0494709502417978,0.0494709502417978,1.0,0.1014239203172285,0.0250235245658855,0.0787692860985463,0.0107295563816154,0.0050182403171297,-0.0012371449232665,4.0563075697516044,0.8022272209107078,0.0001982925460888,0.0038972228624308,-0.0005305399642967,7.3457668124767075,0.8801787753636939,0.0001767144619067,3.289459242725103
170005,1,1,0.0799795376081506,0.0494709502417978,0.0494709502417978,1.0,0.1014239203172285,0.0352491982300032,0.0787692860985463,0.0204317027296334,0.0050181641428204,0.0017429078325074,2.8791907691401244,0.7422142762466761,0.0001551560487443,0.0038973440637161,0.0010104334914645,3.857101033006637,0.7941158742211748,7.438921031216153e-05,0.9779102638665128
170005,1,-1,0.0799795376081506,0.0494709502417978,0.0494709502417978,1.0,0.1014239203172285,0.0352491982300032,0.0787692860985463,0.0204317027296334,0.0050160789584284,-0.0017432027829321,2.877507429163421,0.742102363884896,0.0001078697671674,0.0038956450287807,-0.0010104839594991,3.8552269852040753,0.7940364059090499,8.001404774603154e-05,0.9777195560406544
170005,2,1,0.0799795376081506,0.0494709502417978,0.0494709502417978,1.0,0.1014239203172285,0.0215763280497605,0.0787692860985463,0.0114566888197431,0.0050182366775442,0.0010673615523461,4.701534045805568,0.8246086067423087,0.000146019862778,0.0038972147046331,0.000567037007243,6.872945953870583,0.8729827429453686,9.382613454330486e-05,2.171411908065015
170005,2,-1,0.0799795376081506,0.0494709502417978,0.0494709502417978,1.0,0.1014239203172285,0.0215763280497605,0.0787692860985463,0.0114566888197431,0.0050160492809879,-0.0010675739122484,4.69854988346323,0.8245167594475349,0.0002073151171847,0.0038958207631325,-0.0005672739261379,6.867618241594241,0.8728967307141015,9.568827243572771e-05,2.1690683581310104
170005,3,1,0.0799795376081506,0.0494709502417978,0.0494709502417978,1.0,0.1014239203172285,0.0222185793422344,0.0787692860985463,0.0131551730459117,0.0050175194793603,0.0010998294376522,4.562088727199745,0.8202114261302959,0.0001985237994198,0.0038966564460574,0.0006511437623469,5.984325845349946,0.8568222585626093,8.632574983085755e-05,1.4222371181502007
170005,3,-1,0.0799795376081506,0.0494709502417978,0.0494709502417978,1.0,0.1014239203172285,0.0222185793422344,0.0787692860985463,0.0131551730459117,0.0050168475144555,-0.0011002738083105,4.559635498507619,0.8201320931437984,0.0004129431925739,0.0038965342432423,-0.0006514271197022,5.981535194631173,0.8567650277307198,0.0002180111219707,1.4218996961235542
170005,4,1,0.0799795376081506,0.0494709502417978,0.0494709502417978,1.0,0.1014239203172285,0.036508971985293,0.0787692860985463,0.0198816500457304,0.0050169552882157,0.0018062998394479,2.777476462460604,0.7352730030384858,0.000349236031636,0.0038961488391875,0.0009838017548273,3.960298728951978,0.7983992387064798,0.0001540251220205,1.182822266491374
170005,4,-1,0.0799795376081506,0.0494709502417978,0.0494709502417978,1.0,0.1014239203172285,0.036508971985293,0.0787692860985463,0.0198816500457304,0.0050176647048273,-0.0018073031583091,2.776327082568112,0.7351924295392483,0.0007302546820929,0.0038972718969455,-0.0009844871457885,3.958682359250062,0.7983335233936547,0.0003612342408824,1.1823552766819505
170005,5,1,0.0799795376081506,0.0494709502417978,0.0494709502417978,1.0,0.1014239203172285,0.0304137386457213,0.0787692860985463,0.0109553642604026,0.0050188427540158,0.0015048616124153,3.335085905977256,0.7693240637697188,0.0001976082243951,0.0038979097757132,0.0005419504741753,7.1923726640094126,0.8779352403738685,0.0001615874857644,3.857286758032157
170005,5,-1,0.0799795376081506,0.0494709502417978,0.0494709502417978,1.0,0.1014239203172285,0.0304137386457213,0.0787692860985463,0.0109553642604026,0.0050152286570157,-0.0015047326904108,3.332969828443683,0.7692114093581907,0.0003100713191515,0.003894895460341,-0.0005418211900089,7.18852553601642,0.877877891984143,0.000241751834129,3.855555707572737
170006,0,1,0.096003515650998,0.0825301581306363,0.0825301581306363,1.0,0.1061795561166729,0.0359303646444101,0.0898490586380956,0.0232400204650643,0.0088171053705463,0.0029718628307093,2.966861484801003,0.7479115406899153,0.0011285568530872,0.0074634110801031,0.0019261916889238,3.874697997616843,0.7948590865549243,0.0008695752344167,0.90783651281584
170006,0,-1,0.096003515650998,0.0825301581306363,0.0825301581306363,1.0,0.1061795561166729,0.0359303646444101,0.0898490586380956,0.0232400204650643,0.0087283092022447,-0.0029681578361716,2.940648605634655,0.7462346684324708,0.0009868056780408,0.0073832406469219,-0.0019225150763969,3.840407150801334,0.7934058088823274,0.0007622744194099,0.8997585451666792
170006,1,1,0.096003515650998,0.0825301581306363,0.0825301581306363,1.0,0.1061795561166729,0.0329320265944483,0.0898490586380956,0.0191115816143013,0.008764003211543,0.0027205463320589,3.2214129596929446,0.7631124911141748,0.0013350881274201,0.0074151159294877,0.0015753465463682,4.706974441006439,0.8247758054049306,0.0009850654546103,1.4855614813134943
170006,1,-1,0.096003515650998,0.0825301581306363,0.0825301581306363,1.0,0.1061795561166729,0.0329320265944483,0.0898490586380956,0.0191115816143013,0.0087636293537621,-0.0027179017260665,3.2244099445206382,0.7632805496784062,0.0007446274225376,0.00741712629792,-0.0015792093561799,4.696734013694752,0.8244608230617694,0.0005222846312745,1.472324069174114
170006,2,1,0.096003515650998,0.0825301581306363,0.0825301581306363,1.0,0.1061795561166729,0.0378127624262579,0.0898490586380956,0.0239079502886544,0.0087638508325057,0.0031457351127796,2.7859468513097685,0.7358652830390251,0.0012447310955593,0.0074160098998677,0.0019920265579058,3.722846902031441,0.7882633037353234,0.0008914496228516,0.9369000507216728
170006,2,-1,0.096003515650998,0.0825301581306363,0.0825301581306363,1.0,0.1061795561166729,0.0378127624262579,0.0898490586380956,0.0239079502886544,0.0087834925682538,-0.0031587310054698,2.7807029319815078,0.7354989222927681,0.0022139479310565,0.0074313790319033,-0.0020001551669943,3.715401262126536,0.7879289705349437,0.0011954438096363,0.9346983301450282
170006,3,1,0.096003515650998,0.0825301581306363,0.0825301581306363,1.0,0.1061795561166729,0.0205043988903751,0.0898490586380956,0.0117037760735756,0.0087640894148406,0.0017021352176797,5.148879668198301,0.8373687478107679,0.0015509092603803,0.0074176610185412,0.000975453314086,7.604321920300133,0.8837793367957671,0.000914086804589,2.4554422521018324
170006,3,-1,0.096003515650998,0.0825301581306363,0.0825301581306363,1.0,0.1061795561166729,0.0205043988903751,0.0898490586380956,0.0117037760735756,0.0087715997770992,-0.0016911415065134,5.1867923194540975,0.8383653518066957,0.0023814817283544,0.0074202202296586,-0.0009724072307859,7.630774427349601,0.884135542132679,0.0014831161981004,2.4439821078955037
170006,4,1,0.096003515650998,0.0825301581306363,0.0825301581306363,1.0,0.1061795561166729,0.0396228252610401,0.0898490586380956,0.0201075948163447,0.0088108988682419,0.0033038634604458,2.6668471544674817,0.7272861513243998,0.0040454963119858,0.0074537580502688,0.0016743291690783,4.451787729629834,0.8165739295818295,0.002868992164191,1.7849405751623526
170006,4,-1,0.096003515650998,0.0825301581306363,0.0825301581306363,1.0,0.1061795561166729,0.0396228252610401,0.0898490586380956,0.0201075948163447,0.0087502351817939,-0.0033293843123574,2.6281841808750075,0.7243800341583457,0.0046285905972199,0.0074075875288553,-0.0016799900926562,4.409304293657288,0.8151333432706761,0.0044015563622422,1.7811201127822809
170006,5,1,0.096003515650998,0.0825301581306363,0.0825301581306363,1.0,0.1061795561166729,0.0332827553462527,0.0898490586380956,0.0207072370249552,0.008731222716766,0.0027864495050334,3.133458080252578,0.7580718176924407,0.0016893638453593,0.0073887125023304,0.0017316067571725,4.266969086209258,0.8101374844560328,0.001235392401872,1.13351100595668
170006,5,-1,0.096003515650998,0.0825301581306363,0.0825301581306363,1.0,0.1061795561166729,0.0332827553462527,0.0898490586380956,0.0207072370249552,0.0088170960260424,-0.0027628908772075,3.19125742488628,0.7614081172723165,0.0023368500839365,0.0074582479031755,-0.0017177572659152,4.341852048110751,0.8127990084724137,0.001813085400332,1.150594623224471
170007,0,1,0.0702999434817335,0.051593753306926,0.051593753306926,1.0,0.0968072224603825,0.0371377094234341,0.0693712679432841,0.0187725899785978,0.0049915400154218,0.0019130281966379,2.609234941853794,0.7229329716379242,0.0005436784930536,0.0035768890468888,0.0009676906056203,3.6963147374899856,0.7870670821916709,0.0003653081262946,1.0870797956361915
170007,0,-1,0.0702999434817335,0.051593753306926,0.051593753306926,1.0,0.0968072224603825,0.0371377094234341,0.0693712679432841,0.0187725899785978,0.0049976569544472,-0.001915350354225,2.6092651631177493,0.7229352915882241,0.0002975913357771,0.0035812852187177,-0.0009684350725664,3.698012721930012,0.7871440417068123,0.0002404849392045,1.0887475588122628
170007,1,1,0.0702999434817335,0.051593753306926,0.051593753306926,1.0,0.0968072224603825,0.0192601587542506,0.0693712679432841,0.0080868183447058,0.0049968800190112,0.0009883394777207,5.055833680275322,0.8348699695539631,0.0006792690381272,0.0035804046525151,0.0004158729794283,8.609370720425218,0.8959349130037779,0.000585050380749,3.553537040149896
170007,1,-1,0.0702999434817335,0.051593753306926,0.051593753306926,1.0,0.0968072224603825,0.0192601587542506,0.0693712679432841,0.0080868183447058,0.0049930653521738,-0.0009851654750436,5.068250439803182,0.8352078560501148,0.0010097899710677,0.0035784232570476,-0.0004150016582963,8.622672188176821,0.8960787626924797,0.0008658282509093,3.554421748373639
170007,2,1,0.0702999434817335,0.051593753306926,0.051593753306926,1.0,0.0968072224603825,0.0372428677750654,0.0693712679432841,0.0165793147726757,0.0049976870696708,0.0019115103431398,2.6145226404891626,0.7233382940258282,0.000872148371577,0.0035807969988245,0.0008515966413542,4.204804040943514,0.8078698079440619,0.0005281373799045,1.590281400454351
170007,2,-1,0.0702999434817335,0.051593753306926,0.051593753306926,1.0,0.0968072224603825,0.0372428677750654,0.0693712679432841,0.0165793147726757,0.0049902076993581,-0.0019014396688659,2.62443651569119,0.724095043278942,0.001571108462406,0.0035770068414453,-0.0008476131314022,4.220093706574955,0.8084325576875272,0.0009607387327241,1.5956571908837651
170007,3,1,0.0702999434817335,0.051593753306926,0.051593753306926,1.0,0.0968072224603825,0.0208979986745546,0.0693712679432841,0.0126047341156596,0.0049942042640046,0.0010784244992914,4.631018923699478,0.8224122466022512,0.0001021040446823,0.0035789313973172,0.0006504807497996,5.501978956969744,0.846200671115975,7.921975415842648e-05,0.8709600332702658
170007,3,-1,0.0702999434817335,0.051593753306926,0.051593753306926,1.0,0.0968072224603825,0.0208979986745546,0.0693712679432841,0.0126047341156596,0.0049958624397662,-0.0010781304415715,4.633820034317243,0.8225005424545498,0.0001767231115997,0.0035799459765171,-0.0006502795191118,5.50524177879899,0.8462778119548046,0.0001010084453297,0.8714217444817463
170007,4,1,0.0702999434817335,0.051593753306926,0.051593753306926,1.0,0.0968072224603825,0.0459413910342562,0.0693712679432841,0.0197036893051149,0.0049964213516915,0.0023634399026311,2.1140462874165418,0.6788743943720841,0.0004475315899409,0.0035803439558924,0.0010139965873195,3.530923082643929,0.7792944215207313,0.0003516358849832,1.4168767952273875
170007,4,-1,0.0702999434817335,0.051593753306926,0.051593753306926,1.0,0.0968072224603825,0.0459413910342562,0.0693712679432841,0.0197036893051149,0.0049963710285574,-0.0023557664641696,2.120911009027569,0.6795807387306485,0.0009801824598447,0.0035807420908151,-0.0010109366113946,3.542004563344306,0.7798328940330932,0.0006594321806322,1.421093554316737
170007,5,1,0.0702999434817335,0.051593753306926,0.051593753306926,1.0,0.0968072224603825,0.0205514357555092,0.0693712679432841,0.0110535383550082,0.0049935345889653,0.0010596055610591,4.712635316833521,0.8249494419758806,0.0008238778515584,0.0035786127988717,0.0005702935674188,6.275036232764241,0.8625436399208094,0.0004250145535757,1.56240091593072
170007,5,-1,0.0702999434817335,0.051593753306926,0.051593753306926,1.0,0.0968072224603825,0.0205514357555092,0.0693712679432841,0.0110535383550082,0.0049970924647525,-0.0010606529939939,4.711335840321591,0.8249096134497858,0.0002851412995552,0.0035806139556527,-0.0005702429925347,6.279102071435554,0.8626204179875191,0.0001794401378609,1.5677662311139633
170008,0,1,0.1656626557932816,0.07753421713146,0.07753421713146,1.0,0.1409826476540496,0.0197322205725942,0.1692298049409235,0.014596592148595,0.0109355957158368,0.0015296092278536,7.149274152310492,0.8772896847854261,0.0001556394773828,0.0131259960196688,0.0011308151077988,11.607552754761764,0.9206824655465108,5.391615626922571e-05,4.458278602451271
170008,0,-1,0.1656626557932816,0.07753421713146,0.07753421713146,1.0,0.1409826476540496,0.0197322205725942,0.1692298049409235,0.014596592148595,0.0109235125246561,-0.0015287796478014,7.145249833982509,0.8772290573791937,0.0003071096698756,0.0131132380756444,-0.0011297505771131,11.60719750118714,0.9206802304869234,9.342708185438986e-05,4.461947667204631
170008,1,1,0.1656626557932816,0.07753421713146,0.07753421713146,1.0,0.1409826476540496,0.0508354551780553,0.1692298049409235,0.027659567778916,0.0109302963911189,0.0039408541326137,2.7735856297392987,0.7350000508484325,0.0001031968430402,0.0131201054522228,0.0021442387832474,6.118770705353244,0.8595263084891877,5.122042340702224e-05,3.345185075613945
170008,1,-1,0.1656626557932816,0.07753421713146,0.07753421713146,1.0,0.1409826476540496,0.0508354551780553,0.1692298049409235,0.027659567778916,0.0109306192241405,-0.0039396871120903,2.7744891696077065,0.7350634867223813,0.0002473322557137,0.0131208988155533,-0.0021442743092023,6.119039322178872,0.8595316088668636,0.000121063320015,3.3445501525711654
170008,2,1,0.1656626557932816,0.07753421713146,0.07753421713146,1.0,0.1409826476540496,0.0272532976479217,0.1692298049409235,0.0154482358845819,0.0109261302657029,0.00211246323363,5.172222688544762,0.8379838106204538,0.0001636075952297,0.0131147425821801,0.0011966916561742,10.959166059614445,0.9163821294047456,8.446353185426346e-05,5.7869433710696825
170008,2,-1,0.1656626557932816,0.07753421713146,0.07753421713146,1.0,0.1409826476540496,0.0272532976479217,0.1692298049409235,0.0154482358845819,0.0109340332179191,-0.002111754202543,5.177701649532395,0.8381275016614484,0.0001886651515648,0.0131260395379954,-0.0011970886645709,10.964968532793476,0.9164226803222082,8.267074242485868e-05,5.787266883261081
170008,3,1,0.1656626557932816,0.07753421713146,0.07753421713146,1.0,0.1409826476540496,0.0294387390342751,0.1692298049409235,0.0184188906934501,0.0109310506412499,0.0022838086979819,4.786324988999453,0.8271787357431308,9.399120592944993e-05,0.0131217685641541,0.0014288879593398,9.183203258432858,0.901799072981099,4.820960960754087e-05,4.396878269433405
170008,3,-1,0.1656626557932816,0.07753421713146,0.07753421713146,1.0,0.1409826476540496,0.0294387390342751,0.1692298049409235,0.0184188906934501,0.0109293696412608,-0.002283150522903,4.78696850322395,0.8271979535670715,5.427001055392837e-05,0.0131187933339472,-0.0014284124169294,9.18417760757004,0.901808468142122,2.5647501636536556e-05,4.39720910434609
170008,4,1,0.1656626557932816,0.07753421713146,0.07753421713146,1.0,0.1409826476540496,0.0310724971528889,0.1692298049409235,0.0190559889158105,0.010925058120373,0.0024085441617793,4.535959229536224,0.8193628315279744,8.305417721271658e-05,0.01311435810038,0.0014765043612651,8.882031400932904,0.8988062312870615,6.807285785312818e-05,4.34607217139668
170008,4,-1,0.1656626557932816,0.07753421713146,0.07753421713146,1.0,0.1409826476540496,0.0310724971528889,0.1692298049409235,0.0190559889158105,0.0109354035761357,-0.0024102854800545,4.536974423413018,0.8193959510140567,5.7437537541199885e-05,0.0131265319327165,-0.0014776931759324,8.883124146813865,0.8988174199630609,5.1282521926780286e-05,4.346149723400846
170008,5,1,0.1656626557932816,0.07753421713146,0.07753421713146,1.0,0.1409826476540496,0.0357340400606147,0.1692298049409235,0.0122483088397739,0.0109364448485429,0.0027695983495346,3.948747604639718,0.797928672082115,0.0002332372274786,0.0131277256714218,0.0009485189734804,13.840235186058496,0.9326156231715628,0.0001322531369772,9.89148758141878
170008,5,-1,0.1656626557932816,0.07753421713146,0.07753421713146,1.0,0.1409826476540496,0.0357340400606147,0.1692298049409235,0.0122483088397739,0.0109228654594661,-0.0027667066216909,3.9479666451900566,0.7978967782711095,0.0005029877904609,0.0131127375679426,-0.0009464119397452,13.855211475309686,0.9326835567664544,0.000336647003852,9.907244830119629
170009,0,1,0.0923031201983389,0.071161271858828,0.071161271858828,1.0,0.1186434988876099,0.019293373506355,0.0914261294635555,0.0135825290578607,0.0084512100262195,0.001372294281649,6.158453138825222,0.8603050155380202,0.0006123499350099,0.0065114322697822,0.0009653849340348,6.744907694551489,0.8708829027486672,0.0002828850369474,0.5864545557262666
170009,0,-1,0.0923031201983389,0.071161271858828,0.071161271858828,1.0,0.1186434988876099,0.019293373506355,0.0914261294635555,0.0135825290578607,0.008427764078769,-0.0013740265176684,6.133625494407296,0.8598188255349273,0.000692298326266,0.0064966999854062,-0.0009660342747318,6.725123689015137,0.8705522344681722,0.0004233045072734,0.5914981946078415
170009,1,1,0.0923031201983389,0.071161271858828,0.071161271858828,1.0,0.1186434988876099,0.0064483328815024,0.0914261294635555,0.0028959063035212,0.0084561525775919,0.0004539816087085,18.626641289785173,0.9490488471646722,0.0003969542620598,0.0065150702313568,0.0002039292973655,31.947691261085144,0.9696488597007976,0.0002831242052149,13.32104997129997
170009,1,-1,0.0923031201983389,0.071161271858828,0.071161271858828,1.0,0.1186434988876099,0.0064483328815024,0.0914261294635555,0.0028959063035212,0.0084252546721816,-0.0004527422149423,18.60938607908637,0.9490040128759304,0.0005208557838989,0.0064941024047337,-0.0002034654869922,31.917464237808275,0.969620989248272,0.0003799061031767,13.308078158721903
170009,2,1,0.0923031201983389,0.071161271858828,0.071161271858828,1.0,0.1186434988876099,0.0156042242485823,0.0914261294635555,0.0077348798780489,0.0084342712695225,0.0011110590931521,7.591199533398437,0.8836018188016139,0.0004590996092838,0.0065012559908935,0.0005504062347545,11.811741183820493,0.92194659682457,0.0003435277696654,4.220541650422056
170009,2,-1,0.0923031201983389,0.071161271858828,0.071161271858828,1.0,0.1186434988876099,0.0156042242485823,0.0914261294635555,0.0077348798780489,0.0084497327987848,-0.0011116918077369,7.600787142596749,0.8837315720735207,0.0003751162848926,0.0065096750936254,-0.0005506564225411,11.821663794589986,0.9220070018976833,0.000272921243468,4.220876651993237
170009,3,1,0.0923031201983389,0.071161271858828,0.071161271858828,1.0,0.1186434988876099,0.0158014766234816,0.0914261294635555,0.0068424388122113,0.008450222181441,0.0011268267775023,7.499131499309716,0.8823409191773044,0.0004515340844393,0.0065109003032157,0.0004875103903404,13.355408278899777,0.9303398426173748,0.0002325490345974,5.856276779590061
170009,3,-1,0.0923031201983389,0.071161271858828,0.071161271858828,1.0,0.1186434988876099,0.0158014766234816,0.0914261294635555,0.0068424388122113,0.0084328414390502,-0.0011268872388025,7.483305470744101,0.882121420306195,0.000457806797446,0.0064996651521945,-0.0004875742060795,13.330617311452684,0.9302193354084736,0.0002683449269911,5.847311840708583
170009,4,1,0.0923031201983389,0.071161271858828,0.071161271858828,1.0,0.1186434988876099,0.0251100089656748,0.0914261294635555,0.0121444645600559,0.0084255318614188,0.0017842467116829,4.722178724637657,0.8252413900155972,0.0006908949527242,0.0064947568542717,0.0008616953479442,7.537184539476647,0.8828653644095523,0.0003670809052496,2.8150058148389903
170009,4,-1,0.0923031201983389,0.071161271858828,0.071161271858828,1.0,0.1186434988876099,0.0251100089656748,0.0914261294635555,0.0121444645600559,0.0084539004137998,-0.0017861939485497,4.732912918364281,0.825568604609937,0.0005981444290154,0.0065128865609319,-0.0008628838840902,7.547813420795483,0.8830110168798073,0.0002700423069903,2.8149005024312013
170009,5,1,0.0923031201983389,0.071161271858828,0.071161271858828,1.0,0.1186434988876099,0.0177840083605174,0.0914261294635555,0.0079341984097637,0.0084463993630632,0.0012652322805294,6.675769732591585,0.8697199062976101,0.0001920725005319,0.0065080734950246,0.0005643034442179,11.532932435017884,0.9202102137560456,0.0001451052309263,4.857162702426299
170009,5,-1,0.0923031201983389,0.071161271858828,0.071161271858828,1.0,0.1186434988876099,0.0177840083605174,0.0914261294635555,0.0079341984097637,0.0084393509148166,-0.0012652233506675,6.670245937491892,0.8696260839418414,0.0001563714878637,0.0065036913231017,-0.0005642839735252,11.525564482116238,0.9201632787545998,0.0001181610579573,4.855318544624346
170010,0,1,0.1493761806082177,0.037524309319365,0.037524309319365,1.0,0.1484301052350736,0.0369747103230048,0.1472426120981168,0.0142351565509793,0.0055633293806064,0.0013888168501935,4.005804926565606,0.8002319277978572,0.0004825912787938,0.0055203813410279,0.0005354339501898,10.310107043193408,0.9115835070189,0.0003497174503293,6.304302116627802
170010,0,-1,0.1493761806082177,0.037524309319365,0.037524309319365,1.0,0.1484301052350736,0.0369747103230048,0.1472426120981168,0.0142351565509793,0.0055783956441373,-0.0013893967768165,4.014976669885981,0.8005972777491035,0.0006524012108807,0.0055314876456445,-0.000535964127895,10.320630351434511,0.9116656962592826,0.0005205020677617,6.305653681548532
170010,1,1,0.1493761806082177,0.037524309319365,0.037524309319365,1.0,0.1484301052350736,0.0263549659168761,0.1472426120981168,0.018212872055202,0.0055651415506128,0.000989488531698,5.624260789619178,0.8490397597922034,0.0002864997579277,0.0055216285123989,0.0006839414190986,8.07324773467863,0.8897858816112861,0.0002333495414804,2.448986945059452
170010,1,-1,0.1493761806082177,0.037524309319365,0.037524309319365,1.0,0.1484301052350736,0.0263549659168761,0.1472426120981168,0.018212872055202,0.005575354975726,-0.0009903184773877,5.629860598407426,0.8491672660145807,0.0004071934086537,0.0055293585274364,-0.0006842787016659,8.080565000732621,0.8898746939293624,0.0003535647792415,2.450704402325196
170010,2,1,0.1493761806082177,0.037524309319365,0.037524309319365,1.0,0.1484301052350736,0.0234915818371044,0.1472426120981168,0.0102222154876904,0.0055717994005139,0.0008813243756923,6.322075678583852,0.8634267052271976,0.0002879185334631,0.0055264653321853,0.000384061678125,14.389525555244903,0.9350207388518752,0.0001967790855477,8.067449876661051
170010,2,-1,0.1493761806082177,0.037524309319365,0.037524309319365,1.0,0.1484301052350736,0.0234915818371044,0.1472426120981168,0.0102222154876904,0.0055691365067481,-0.0008808166024234,6.322697019355662,0.863438293656455,0.0002207338720607,0.0055247438093564,-0.0003834041467693,14.40971323835483,0.9351058657268848,0.0001074427322316,8.087016218999167
170010,3,1,0.1493761806082177,0.037524309319365,0.037524309319365,1.0,0.1484301052350736,0.0168394928365797,0.1472426120981168,0.0136253058732694,0.0055726401790607,0.0006320565349172,8.816679950602527,0.8981325656910489,0.0001843945101396,0.0055272449756213,0.0005116730615849,10.8022981676809,0.915270739156686,0.0001635454584806,1.985618217078372
170010,3,-1,0.1493761806082177,0.037524309319365,0.037524309319365,1.0,0.1484301052350736,0.0168394928365797,0.1472426120981168,0.0136253058732694,0.005567891761199,-0.0006319544183997,8.810590762683736,0.8980693391264803,0.000103045729223,0.0055238716976945,-0.0005115946474745,10.797360224451053,0.9152352745890208,9.013350839241622e-05,1.9867694617673148
170010,4,1,0.1493761806082177,0.037524309319365,0.037524309319365,1.0,0.1484301052350736,0.0385849348717483,0.1472426120981168,0.0331622194749546,0.0055686657154737,0.0014480971807081,3.845505529364316,0.7936231846316374,0.0001101346556599,0.0055248149876951,0.0012452084171398,4.436859654691814,0.8160702936046849,9.814913223694688e-05,0.5913541253274981
170010,4,-1,0.1493761806082177,0.037524309319365,0.037524309319365,1.0,0.1484301052350736,0.0385849348717483,0.1472426120981168,0.0331622194749546,0.0055720011535818,-0.0014485984282513,3.846477425979224,0.7936645707582242,0.0001835239548876,0.0055265870706793,-0.0012456680281484,4.43664519421717,0.8160630380912707,0.0001486574091998,0.5901677682379463
170010,5,1,0.1493761806082177,0.037524309319365,0.037524309319365,1.0,0.1484301052350736,0.0198497594144901,0.1472426120981168,0.0123479413364346,0.0055670804379664,0.0007457015299361,7.465561239273978,0.8818743410229276,0.0002423082138155,0.0055231513306183,0.0004644383448667,11.892108805510857,0.9224331709353444,0.0001144369856717,4.426547566236877
170010,5,-1,0.1493761806082177,0.037524309319365,0.037524309319365,1.0,0.1484301052350736,0.0198497594144901,0.1472426120981168,0.0123479413364346,0.0055721660839194,-0.0007461281301373,7.468108839277288,0.8819098787014003,0.0002784105256382,0.005526770552005,-0.0004646943400576,11.89334596007278,0.9224406137013051,0.0002112739837066,4.42523712079549
170011,0,1,0.0763966241585465,0.0487840376155426,0.0487840376155426,1.0,0.1230621771227514,0.0240911995034768,0.0764576334249593,0.0101286230231723,0.0060046074447937,0.0011756951239985,5.107282765932612,0.8362610610436841,0.0001166310678061,0.0037306306140837,0.0004942911462742,7.5474356403020995,0.883005846187962,6.046413870630397e-05,2.440152874369488
170011,0,-1,0.0763966241585465,0.0487840376155426,0.0487840376155426,1.0,0.1230621771227514,0.0240911995034768,0.0764576334249593,0.0101286230231723,0.0060007230263158,-0.0011756589555914,5.104135853149368,0.8361766474309283,0.0001946493352575,0.0037282031544852,-0.0004943379132643,7.541811085980534,0.882928808664327,0.000123123615578,2.4376752328311664
170011,1,1,0.0763966241585465,0.0487840376155426,0.0487840376155426,1.0,0.1230621771227514,0.0307501850179179,0.0764576334249593,0.0149158768053827,0.006003141957954,0.0014998332305459,4.002539639533662,0.8001015340093897,8.966124836160165e-05,0.0037297456543901,0.0007274688339456,5.127017791478249,0.8367884615267728,5.80743968207145e-05,1.1244781519445866
170011,1,-1,0.0763966241585465,0.0487840376155426,0.0487840376155426,1.0,0.1230621771227514,0.0307501850179179,0.0764576334249593,0.0149158768053827,0.0060021742836669,-0.0014994124045422,4.003017625758115,0.8001206322257423,0.0001388683919929,0.0037290797396354,-0.0007274081887775,5.12652977676459,0.8367754607522534,0.0001206223212296,1.1235121510064747
170011,2,1,0.0763966241585465,0.0487840376155426,0.0487840376155426,1.0,0.1230621771227514,0.0667124482406208,0.0764576334249593,0.0251262837437231,0.0060028052083406,0.0032544260885508,1.8445050048783824,0.6484449848796258,0.0002109328817431,0.003729354964462,0.0012256144628055,3.042845101486635,0.752649439961902,0.0001071140262426,1.1983400966082522
170011,2,-1,0.0763966241585465,0.0487840376155426,0.0487840376155426,1.0,0.1230621771227514,0.0667124482406208,0.0764576334249593,0.0251262837437231,0.0060017899564992,-0.003253538004825,1.8446964343421584,0.6484686422327337,0.0002628578931717,0.0037289081091723,-0.0012255093005637,3.042741582992418,0.752643106300204,0.0001849803122597,1.1980451486502592
170011,3,1,0.0763966241585465,0.0487840376155426,0.0487840376155426,1.0,0.1230621771227514,0.0288916055549281,0.0764576334249593,0.0094559440886138,0.0060038022475472,0.001409012170914,4.261000984575076,0.8099221036202165,0.0001059127057895,0.0037301022067825,0.000461053727941,8.090385091195582,0.8899936592379852,8.632005117123525e-05,3.8293841066205054
170011,3,-1,0.0763966241585465,0.0487840376155426,0.0487840376155426,1.0,0.1230621771227514,0.0288916055549281,0.0764576334249593,0.0094559440886138,0.0060017939064158,-0.0014097473422228,4.257354297932491,0.8097902588773102,0.0001263844551327,0.0037289754434758,-0.0004612821252424,8.083936574623737,0.8899155677954058,8.523737806074539e-05,3.826582276691245
170011,4,1,0.0763966241585465,0.0487840376155426,0.0487840376155426,1.0,0.1230621771227514,0.031704599597248,0.0764576334249593,0.0133077541712834,0.0060036538691863,0.0015461760948103,3.8829043401546826,0.79520385198283,0.0001250664080005,0.0037300046204991,0.0006489167075467,5.748048366013931,0.8518090052471423,5.521963504411165e-05,1.8651440258592484
170011,4,-1,0.0763966241585465,0.0487840376155426,0.0487840376155426,1.0,0.1230621771227514,0.031704599597248,0.0764576334249593,0.0133077541712834,0.0060021400395664,-0.0015459945376175,3.882381142699295,0.7951819059650195,0.0001524041225477,0.003729108871601,-0.0006488370836711,5.747373208842512,0.851794176926587,7.757773065275539e-05,1.8649920661432169
170011,5,1,0.0763966241585465,0.0487840376155426,0.0487840376155426,1.0,0.1230621771227514,0.015489478937344,0.0764576334249593,0.0055828162342262,0.0060023195267099,0.0007555409295572,7.944400219614528,0.8881982049721946,0.0001468788271621,0.003729188058624,0.0002722302023334,13.698656602556872,0.931966571705196,0.0001147571343272,5.754256382942345
170011,5,-1,0.0763966241585465,0.0487840376155426,0.0487840376155426,1.0,0.1230621771227514,0.015489478937344,0.0764576334249593,0.0055828162342262,0.0060021320789422,-0.0007554232517305,7.945389641084563,0.8882105710178144,0.0001187256401491,0.0037292064379214,-0.0002721420080254,13.70316352468035,0.9319874258134024,7.917755805024606e-05,5.757773883595788
170012,0,1,0.0925711199866941,0.0525533461977522,0.0525533461977522,1.0,0.0944839246238948,0.036308635280213,0.0919906778629128,0.0262558500941534,0.0049697526011579,0.0019065894599321,2.606619151944885,0.7227320219101189,0.0005462802239739,0.0048377993264275,0.0013785609718567,3.509311104250931,0.7782366359559225,0.000289724744305,0.902691952306046
170012,0,-1,0.0925711199866941,0.0525533461977522,0.0525533461977522,1.0,0.0944839246238948,0.036308635280213,0.0919906778629128,0.0262558500941534,0.0049597382540392,-0.001907397643709,2.600264433792672,0.722242624565619,0.000787697897391,0.004829717430891,-0.0013796865693494,3.5005903066555333,0.7778069249002321,0.0006014213938095,0.9003258728628611
170012,1,1,0.0925711199866941,0.0525533461977522,0.0525533461977522,1.0,0.0944839246238948,0.0294130876675706,0.0919906778629128,0.0196686343344637,0.004955778966481,0.0015415055140634,3.2148953871816746,0.7627461874756852,0.001009913620124,0.0048261229147921,0.0010303416445917,4.6840025734375415,0.8240676377112853,0.0005835321945355,1.469107186255867
170012,1,-1,0.0925711199866941,0.0525533461977522,0.0525533461977522,1.0,0.0944839246238948,0.0294130876675706,0.0919906778629128,0.0196686343344637,0.0049704408039866,-0.001542093466912,3.22317739529523,0.763211462271503,0.0007019279131061,0.0048392398191176,-0.001030966897043,4.693884772627104,0.8243729826062831,0.0004979489458456,1.4707073773318742
170012,2,1,0.0925711199866941,0.0525533461977522,0.0525533461977522,1.0,0.0944839246238948,0.0198149648559347,0.0919906778629128,0.0123185020126495,0.0049597333007244,0.0010390041309227,4.773545314314361,0.8267961979062157,0.0011247265480957,0.0048298752454098,0.000645663977036,7.480478108092535,0.8820821199873453,0.000672269215256,2.706932793778175
170012,2,-1,0.0925711199866941,0.0525533461977522,0.0525533461977522,1.0,0.0944839246238948,0.0198149648559347,0.0919906778629128,0.0123185020126495,0.0049685163971052,-0.0010403347203743,4.775882511460072,0.8268662844135289,0.0005894044673901,0.0048371454190899,-0.0006464112849895,7.483076999747956,0.8821182455340543,0.00034715490638,2.707194488287884
170012,3,1,0.0925711199866941,0.0525533461977522,0.0525533461977522,1.0,0.0944839246238948,0.0281580325798232,0.0919906778629128,0.0155077287882213,0.0049624569440125,0.0014788738118611,3.35556482521255,0.7704086518902401,0.0004572597354101,0.004832101223916,0.0008138264807091,5.937507980447487,0.8558560216696864,0.0002279704478715,2.581943155234937
170012,3,-1,0.0925711199866941,0.0525533461977522,0.0525533461977522,1.0,0.0944839246238948,0.0281580325798232,0.0919906778629128,0.0155077287882213,0.0049674008334139,-0.0014768625262196,3.3634822099019144,0.770825237299987,0.0006100535259465,0.0048359902467274,-0.0008123268081797,5.95325698724365,0.8561825052871501,0.0004176047246857,2.589774777341736
170012,4,1,0.0925711199866941,0.0525533461977522,0.0525533461977522,1.0,0.0944839246238948,0.0236566838687753,0.0919906778629128,0.0156932042234259,0.0049642896265249,0.0012397528234201,4.004257568719059,0.8001701578570085,0.0009730071076688,0.0048339127304412,0.0008224797810309,5.877242020923698,0.854592873573804,0.0004816497164477,1.8729844522046388
170012,4,-1,0.0925711199866941,0.0525533461977522,0.0525533461977522,1.0,0.0944839246238948,0.0236566838687753,0.0919906778629128,0.0156932042234259,0.0049655552161246,-0.0012425715023165,3.996192739704293,0.7998475935379574,0.0006317337084881,0.0048340567332472,-0.0008243916386463,5.863786708437607,0.854307827081703,0.0003929063427253,1.8675939687333132
170012,5,1,0.0925711199866941,0.0525533461977522,0.0525533461977522,1.0,0.0944839246238948,0.0342848135197852,0.0919906778629128,0.0171549343533858,0.0049739697727596,0.0018018784943073,2.760435727753576,0.7340733701098558,0.000812634299134,0.0048413883438722,0.0009019007789216,5.367983327008161,0.842964412962773,0.0006215052923317,2.607547599254585
170012,5,-1,0.0925711199866941,0.0525533461977522,0.0525533461977522,1.0,0.0944839246238948,0.0342848135197852,0.0919906778629128,0.0171549343533858,0.0049513833720454,-0.0018011356825361,2.749034078915535,0.7332646279147014,0.0010342406264334,0.0048223937922625,-0.0009008203534389,5.353335738749,0.8426023680913006,0.0007801050531611,2.604301659833465
170013,0,1,0.0780068638981064,0.0752785639655113,0.0752785639655113,1.0,0.0845488444201781,0.0300706445201786,0.0773925910943761,0.0135207414936425,0.006364362799615,0.0022622458447416,2.8132940610347363,0.7377595370317047,0.0005553660852802,0.0058259022559173,0.0010176869493238,5.724650649968741,0.8512933902366142,0.000468449040706,2.9113565889340043
170013,0,-1,0.0780068638981064,0.0752785639655113,0.0752785639655113,1.0,0.0845488444201781,0.0300706445201786,0.0773925910943761,0.0135207414936425,0.0063637283830706,-0.0022642073072372,2.810576735940684,0.7375725331632408,0.0006147234726058,0.0058251052406418,-0.0010183179388552,5.7203207548168855,0.8511975787341347,0.0004205511849786,2.9097440188762014
170013,1,1,0.0780068638981064,0.0752785639655113,0.0752785639655113,1.0,0.0845488444201781,0.026699997720883,0.0773925910943761,0.0143757495625857,0.0063621452327572,0.0020070308371195,3.169928989175418,0.7601877627662564,0.0004733797674751,0.0058244720067368,0.0010815470869207,5.385315237003653,0.8433906607766392,0.0003548570876297,2.215386247828236
170013,1,-1,0.0780068638981064,0.0752785639655113,0.0752785639655113,1.0,0.0845488444201781,0.026699997720883,0.0773925910943761,0.0143757495625857,0.0063661106384868,-0.0020080384310104,3.1703131474830486,0.7602098536404779,0.0002791257289948,0.0058270321172251,-0.0010816153193281,5.387342443373669,0.843440365243386,0.000180467656691,2.21702929589062
170013,2,1,0.0780068638981064,0.0752785639655113,0.0752785639655113,1.0,0.0845488444201781,0.0270211009982831,0.0773925910943761,0.0121196973819206,0.0063672152940001,0.0020341417892789,3.1301727969779884,0.7578793795911659,0.0009397607188877,0.0058275970259041,0.0009102366386825,6.402287908705455,0.8649066326069335,0.0008042301019189,3.2721151117274667
170013,2,-1,0.0780068638981064,0.0752785639655113,0.0752785639655113,1.0,0.0845488444201781,0.0270211009982831,0.0773925910943761,0.0121196973819206,0.0063611679237315,-0.0020349887560271,3.1258983151077184,0.7576285396229179,0.0016204135804887,0.0058241363712169,-0.0009096925342561,6.402313036429567,0.8649070911918175,0.0011970150554387,3.276414721321849
170013,3,1,0.0780068638981064,0.0752785639655113,0.0752785639655113,1.0,0.0845488444201781,0.025696200127703,0.0773925910943761,0.0201696069865635,0.006359432198913,0.0019276834013481,3.299002416300388,0.767387895338618,0.0012807439055489,0.0058236266917299,0.0015129800835988,3.849109948542061,0.7937765877425277,0.0009787454281212,0.5501075322416735
170013,3,-1,0.0780068638981064,0.0752785639655113,0.0752785639655113,1.0,0.0845488444201781,0.025696200127703,0.0773925910943761,0.0201696069865635,0.0063672573667073,-0.0019307544918534,3.297807874367115,0.7673232426316271,0.0005933508057825,0.0058268849131854,-0.0015157709934841,3.8441723309322593,0.7935663862297916,0.0005803916115885,0.5463644565651444
170013,4,1,0.0780068638981064,0.0752785639655113,0.0752785639655113,1.0,0.0845488444201781,0.0166106621103789,0.0773925910943761,0.0094835204363165,0.0063644188477616,0.0012509826498992,5.087535665078163,0.8357299151877478,0.0004141256586662,0.0058255222625433,0.0007137359457696,8.162013272643915,0.8908536835472814,0.0003213198443371,3.0744776075657514
170013,4,-1,0.0780068638981064,0.0752785639655113,0.0752785639655113,1.0,0.0845488444201781,0.0166106621103789,0.0773925910943761,0.0094835204363165,0.0063645704647887,-0.0012516912456111,5.084776686822882,0.8356554313380822,0.0005887834313422,0.0058267297522319,-0.0007139095502272,8.161719857044952,0.8908501879992494,0.0005094487360832,3.07694317022207
170013,5,1,0.0780068638981064,0.0752785639655113,0.0752785639655113,1.0,0.0845488444201781,0.0217152308645485,0.0773925910943761,0.0118411280540088,0.0063639762405769,0.0016346296135307,3.893222163537776,0.7956356840996149,0.000277456995433,0.0058257974594767,0.0008912350886595,6.536768506536868,0.867317140080305,0.0001901478949305,2.6435463429990924
170013,5,-1,0.0780068638981064,0.0752785639655113,0.0752785639655113,1.0,0.0845488444201781,0.0217152308645485,0.0773925910943761,0.0118411280540088,0.0063649023367557,-0.0016343640390506,3.894421429175,0.795685758884772,0.0002066883775079,0.0058257114390467,-0.0008910903890008,6.537733445393996,0.8673341254046255,9.703389601798927e-05,2.6433120162189963
170014,0,1,0.0968749612537456,0.0779710698053662,0.0779710698053662,1.0,0.100767203410084,0.0085812163910627,0.0970040527306958,0.0037916550340398,0.0078742168678922,0.0006676177022776,11.79449981780946,0.9218414151205788,0.0007147725720889,0.0075784130064242,0.0002949576713564,25.693222256425024,0.9625373066468472,0.0004010180502889,13.898722438615565
170014,0,-1,0.0968749612537456,0.0779710698053662,0.0779710698053662,1.0,0.100767203410084,0.0085812163910627,0.0970040527306958,0.0037916550340398,0.0078370662100966,-0.0006661831741406,11.764131119334802,0.9216554585148984,0.0008676830793633,0.0075459852184771,-0.0002941491331298,25.653603456718333,0.9624816208576128,0.0005188179512692,13.88947233738353
170014,1,1,0.0968749612537456,0.0779710698053662,0.0779710698053662,1.0,0.100767203410084,0.0232071730124711,0.0970040527306958,0.0128225929715941,0.0078602051819231,0.0018107090679755,4.340954226681352,0.8127675397395497,0.0006486628004961,0.0075666303445349,0.0010009794823559,7.55922621582476,0.8831670089346224,0.0003595644652907,3.218271989143408
170014,1,-1,0.0968749612537456,0.0779710698053662,0.0779710698053662,1.0,0.100767203410084,0.0232071730124711,0.0970040527306958,0.0128225929715941,0.0078544274117065,-0.0018159577999744,4.325225735869313,0.8122145333174772,0.000657185196124,0.0075613887284561,-0.0010035002237475,7.535014491786585,0.8828355826504665,0.0004060756569851,3.2097887559172724
170014,2,1,0.0968749612537456,0.0779710698053662,0.0779710698053662,1.0,0.100767203410084,0.017867752012812,0.0970040527306958,0.0104121522393997,0.0078440054697538,0.0013920142440377,5.635003738895484,0.8492841844025143,0.0009833185267283,0.0075514810334399,0.0008104488165992,9.317653229623756,0.9030787352758834,0.0005926357456488,3.6826494907282727
170014,2,-1,0.0968749612537456,0.0779710698053662,0.0779710698053662,1.0,0.100767203410084,0.017867752012812,0.0970040527306958,0.0104121522393997,0.0078626920842031,-0.0013932748435357,5.643317340205655,0.8494727936677124,0.0004701271134657,0.0075690240869522,-0.0008117757372704,9.324033399167384,0.903138631837374,0.0002610572223224,3.680716058961731
170014,3,1,0.0968749612537456,0.0779710698053662,0.0779710698053662,1.0,0.100767203410084,0.0238237542529029,0.0970040527306958,0.0114292740657317,0.0078590528292464,0.0018613248392137,4.222289771065384,0.8085131151586801,0.0007634126397746,0.0075677192370661,0.0008940284641516,8.464740822585325,0.8943447032787479,0.0004086898250662,4.242451051519941
170014,3,-1,0.0968749612537456,0.0779710698053662,0.0779710698053662,1.0,0.100767203410084,0.0238237542529029,0.0970040527306958,0.0114292740657317,0.0078483926512631,-0.0018671813865255,4.2033370233319785,0.8078156391723315,0.0011559984753098,0.0075542830526834,-0.0008973009584057,8.418895557736333,0.8938304396868869,0.0006176039851963,4.215558534404354
170014,4,1,0.0968749612537456,0.0779710698053662,0.0779710698053662,1.0,0.100767203410084,0.0186112531062856,0.0970040527306958,0.0090249326848526,0.0078564393213275,0.001450153941959,5.417658838832585,0.8441799377135625,0.0004112684189604,0.0075637590077614,0.0007032222517121,10.75585846342993,0.9149360292903496,0.0002030653339917,5.338199624597346
170014,4,-1,0.0968749612537456,0.0779710698053662,0.0779710698053662,1.0,0.100767203410084,0.0186112531062856,0.0970040527306958,0.0090249326848526,0.0078534952803508,-0.0014503613082102,5.414854378621546,0.8441118159544434,0.000654444862142,0.0075592615466509,-0.0007028093084517,10.755778922867506,0.9149354537405612,0.0003566525417948,5.3409245442459605
170014,5,1,0.0968749612537456,0.0779710698053662,0.0779710698053662,1.0,0.100767203410084,0.0279183003614943,0.0970040527306958,0.0108199789225876,0.0078716301669386,0.0021750960928219,3.618980417882372,0.783502004873521,0.000562738287615,0.0075781488307012,0.0008425380834981,8.994428832496709,0.8999442572697584,0.0003263545892195,5.375448414614338
170014,5,-1,0.0968749612537456,0.0779710698053662,0.0779710698053662,1.0,0.100767203410084,0.0279183003614943,0.0970040527306958,0.0108199789225876,0.0078373681727065,-0.002173305444679,3.60619727516497,0.7829011785075608,0.0008294033468704,0.0075431366314974,-0.0008420962297281,8.957570839527037,0.8995739004908252,0.0004981512844482,5.351373564362067
170015,0,1,0.0582691679991591,0.0188852016532365,0.0188852016532365,1.0,0.0610516743693147,0.0126344794350539,0.0584513897276872,0.0056349006390431,0.00115300296952,0.0002386174110201,4.832015252307308,0.8285326843745183,4.658708174418934e-05,0.0011038911899409,0.0001064180409274,10.373158350880203,0.9120736765330796,1.677072947234355e-05,5.541143098572896
170015,0,-1,0.0582691679991591,0.0188852016532365,0.0188852016532365,1.0,0.0610516743693147,0.0126344794350539,0.0584513897276872,0.0056349006390431,0.0011529459341837,-0.0002385863365101,4.832405539408423,0.8285441584534553,5.359646233239612e-05,0.0011038354978955,-0.0001064016819081,10.374229787434675,0.912081959069904,2.164069671770921e-05,5.541824248026252
170015,1,1,0.0582691679991591,0.0188852016532365,0.0188852016532365,1.0,0.0610516743693147,0.0153408833085783,0.0584513897276872,0.0054951785623062,0.0011530446123284,0.000289743331748,3.97953804620076,0.7991781585516812,6.894316755632024e-05,0.0011039345806859,0.0001037901181552,10.636220483187511,0.9140614427644403,3.218165943442831e-05,6.656682436986752
170015,1,-1,0.0582691679991591,0.0188852016532365,0.0188852016532365,1.0,0.0610516743693147,0.0153408833085783,0.0584513897276872,0.0054951785623062,0.0011529524787307,-0.0002897245799954,3.979477608509529,0.7991757211055474,3.4404744129039906e-05,0.0011038452746127,-0.0001037803764572,10.636358358715285,0.9140624610232092,1.5225662557990208e-05,6.656880750205754
170015,2,1,0.0582691679991591,0.0188852016532365,0.0188852016532365,1.0,0.0610516743693147,0.024435638929206,0.0584513897276872,0.0079534631380994,0.0011529086238666,0.0004614387093368,2.4985086871474707,0.7141639225668592,8.32721056425896e-05,0.0011038120588499,0.0001501992149684,7.348986871033706,0.8802249883193087,3.508366415350758e-05,4.850478183886235
170015,2,-1,0.0582691679991591,0.0188852016532365,0.0188852016532365,1.0,0.0610516743693147,0.024435638929206,0.0584513897276872,0.0079534631380994,0.0011530908518126,-0.0004613879636127,2.4991784414603617,0.7142186325363117,0.000102237378778,0.001103960609619,-0.0001501891503956,7.350468437323145,0.8802462391773841,4.816355909180084e-05,4.851289995862784
170015,3,1,0.0582691679991591,0.0188852016532365,0.0188852016532365,1.0,0.0610516743693147,0.0197115000626001,0.0584513897276872,0.0080589659908472,0.0011529444426952,0.0003722648640089,3.097107877106432,0.7559253917653136,8.562987667274235e-05,0.0011038385789079,0.0001522110881837,7.252024751101288,0.8788176198978871,4.386429767538519e-05,4.154916873994856
170015,3,-1,0.0582691679991591,0.0188852016532365,0.0188852016532365,1.0,0.0610516743693147,0.0197115000626001,0.0584513897276872,0.0080589659908472,0.0011529478858768,-0.0003722602682184,3.097155362272255,0.7559282205385038,0.0001098188530179,0.0011038467153047,-0.000152208770648,7.252188626174647,0.878820026383285,4.7101742152429954e-05,4.155033263902393
170015,4,1,0.0582691679991591,0.0188852016532365,0.0188852016532365,1.0,0.0610516743693147,0.0131578141894017,0.0584513897276872,0.006450200017742,0.001152964580735,0.0002484665106086,4.640321860301809,0.8227051532221441,2.3956365122527623e-05,0.0011038504523276,0.0001218019673409,9.062665213184914,0.9006227496578422,1.0360310538572666e-05,4.4223433528831055
170015,4,-1,0.0582691679991591,0.0188852016532365,0.0188852016532365,1.0,0.0610516743693147,0.0131578141894017,0.0584513897276872,0.006450200017742,0.0011529739884088,-0.0002484802321071,4.640103474738678,0.8226982883418937,4.004902709800624e-05,0.0011038689095469,-0.0001218065515369,9.06247566825637,0.9006208777075949,1.583362776685331e-05,4.422372193517693
170015,5,1,0.0582691679991591,0.0188852016532365,0.0188852016532365,1.0,0.0610516743693147,0.0182108176547558,0.0584513897276872,0.0094682530235013,0.0011530108114457,0.0003439114019399,3.3526390952394824,0.7702543266006805,8.902197355384747e-05,0.0011038998483671,0.0001788055834091,6.173743723847104,0.8606027705344729,4.1933289875027885e-05,2.8211046286076216
170015,5,-1,0.0582691679991591,0.0188852016532365,0.0188852016532365,1.0,0.0610516743693147,0.0182108176547558,0.0584513897276872,0.0094682530235013,0.0011529283821916,-0.0003439097535935,3.3524154815068057,0.7702425229739785,5.904249906142856e-05,0.0011038252557611,-0.0001788131763039,6.173064416005206,0.8605895692545703,3.1548644201782234e-05,2.8206489344984007
170016,0,1,0.0813148229655255,0.0520592709731667,0.0520592709731667,1.0,0.088063630265019,0.0265764710730215,0.081477753082255,0.0126453394857819,0.0045837416523165,0.0013834813444817,3.313193683887475,0.7681532355628646,0.000166695417681,0.0042410899239676,0.0006584781813556,6.440744802249387,0.8656048518560006,0.0001292359655326,3.127551118361912
170016,0,-1,0.0813148229655255,0.0520592709731667,0.0520592709731667,1.0,0.088063630265019,0.0265764710730215,0.081477753082255,0.0126453394857819,0.0045853139593995,-0.001383387224456,3.314555663327805,0.7682264228273502,0.0001418241157459,0.0042422430328382,-0.0006583642536053,6.443610827289871,0.8656565982286734,0.0001251569889435,3.129055163962066
170016,1,1,0.0813148229655255,0.0520592709731667,0.0520592709731667,1.0,0.088063630265019,0.0198985732094738,0.081477753082255,0.0103627056053621,0.0045866029515838,0.0010366418564611,4.424481727215895,0.815650591100203,0.0002402818642088,0.0042434599110526,0.0005399100004027,7.859569016835347,0.8871276923177915,8.319057470499501e-05,3.435087289619452
170016,1,-1,0.0813148229655255,0.0520592709731667,0.0520592709731667,1.0,0.088063630265019,0.0198985732094738,0.081477753082255,0.0103627056053621,0.0045831975622494,-0.0010365563983826,4.421561209207873,0.8155512846923835,6.898236710835226e-05,0.0042404669019347,-0.0005398139963077,7.855422295329419,0.8870748376926726,3.899954827299502e-05,3.4338610861215457
170016,2,1,0.0813148229655255,0.0520592709731667,0.0520592709731667,1.0,0.088063630265019,0.0389664873106266,0.081477753082255,0.0218891510995678,0.0045815506159755,0.0020284981112937,2.258592497801794,0.6931190381508006,0.000123796785128,0.0042389600755218,0.0011394869120251,3.7200603453923375,0.7881383018807827,5.030658333259373e-05,1.4614678475905434
170016,2,-1,0.0813148229655255,0.0520592709731667,0.0520592709731667,1.0,0.088063630265019,0.0389664873106266,0.081477753082255,0.0218891510995678,0.0045876169521967,-0.0020288351867065,2.2612073086339644,0.69336509293582,0.0002061100074842,0.0042444874497487,-0.0011395171296966,3.724812325440815,0.7883513817860052,8.643824045612807e-05,1.4636050168068504
170016,3,1,0.0813148229655255,0.0520592709731667,0.0520592709731667,1.0,0.088063630265019,0.0239602752318342,0.081477753082255,0.0171767183367753,0.0045876903178445,0.0012483152727677,3.675105494519262,0.7861010834574057,0.0001656545737849,0.0042445016520252,0.0008950201760147,4.742353039369506,0.8258553604865442,0.0001157547694388,1.0672475448502443
170016,3,-1,0.0813148229655255,0.0520592709731667,0.0520592709731667,1.0,0.088063630265019,0.0239602752318342,0.081477753082255,0.0171767183367753,0.0045795478554076,-0.0012480980155521,3.669221325841057,0.7858315273114896,0.0003430834295545,0.004237026439303,-0.0008949286105846,4.734485398260105,0.8256164362536508,0.0002021570040524,1.065264072419048
170016,4,1,0.0813148229655255,0.0520592709731667,0.0520592709731667,1.0,0.088063630265019,0.031518971923808,0.081477753082255,0.0170216731203697,0.0045871468862753,0.001640502186183,2.796184561597787,0.7365776126598262,0.0003024355204514,0.0042436573060212,0.0008859256447913,4.790082927349883,0.8272909019529882,0.0001986188450864,1.993898365752096
170016,4,-1,0.0813148229655255,0.0520592709731667,0.0520592709731667,1.0,0.088063630265019,0.031518971923808,0.081477753082255,0.0170216731203697,0.0045832227458495,-0.0016409696621975,2.7929966357263614,0.736356212241011,0.0001118300632699,0.004240627000926,-0.0008862389350974,4.784970320058173,0.8271382661147441,6.678763783388374e-05,1.991973684331812
170016,5,1,0.0813148229655255,0.0520592709731667,0.0520592709731667,1.0,0.088063630265019,0.0223528215670995,0.081477753082255,0.0119791321587812,0.0045828564438848,0.0011642470621658,3.936326397384691,0.7974202029003169,0.0001313751512411,0.004240071369556,0.0006240222924787,6.794743426083282,0.8717084135632054,4.876776892331062e-05,2.858417028698591
170016,5,-1,0.0813148229655255,0.0520592709731667,0.0520592709731667,1.0,0.088063630265019,0.0223528215670995,0.081477753082255,0.0119791321587812,0.0045852940545945,-0.0011641784565486,3.9386522133249353,0.797515606119842,0.0001967150991138,0.0042423696305583,-0.0006239725449708,6.798968423762999,0.8717779139926943,6.363189339611623e-05,2.860316210438064
170017,0,1,0.1094864031056024,0.1252250025274374,0.1252250025274374,1.0,0.183935880155559,0.0460855360732771,0.1107087274215841,0.0313339509584307,0.0230478001992026,0.0057702138976459,3.994271375035417,0.7997705921631244,0.0009553537389166,0.0138769278626542,0.0039167888339832,3.542934901736444,0.7798779816066106,0.0008296454597408,-0.4513364732989733
170017,0,-1,0.1094864031056024,0.1252250025274374,0.1252250025274374,1.0,0.183935880155559,0.0460855360732771,0.1107087274215841,0.0313339509584307,0.0230068999256642,-0.0057664387573218,3.989793509286368,0.7995909052871772,0.0019478723441097,0.0138395255736892,-0.0039080462131683,3.541290153389875,0.779798258595403,0.0015669591600168,-0.4485033558964932
170017,1,1,0.1094864031056024,0.1252250025274374,0.1252250025274374,1.0,0.183935880155559,0.0215874538786833,0.1107087274215841,0.0107337510496376,0.0230353310763047,0.0026858626324022,8.576511247596066,0.8955778389284486,0.0011728301235739,0.0138717394797919,0.001338159884824,10.3662795732403,0.912020464255137,0.0011271299069461,1.7897683256442338
170017,1,-1,0.1094864031056024,0.1252250025274374,0.1252250025274374,1.0,0.183935880155559,0.0215874538786833,0.1107087274215841,0.0107337510496376,0.023024520748437,-0.0026674984763281,8.631502867856112,0.896174043270301,0.0021943554757559,0.0138410524400773,-0.0013327521622564,10.385316064040843,0.9121675679115856,0.0023841703014416,1.7538131961847316
170017,2,1,0.1094864031056024,0.1252250025274374,0.1252250025274374,1.0,0.183935880155559,0.0254932236386808,0.1107087274215841,0.0170129871010164,0.0229917147267876,0.003194555677614,7.197155738400701,0.8780064656676752,0.0007718347837096,0.0138375567778598,0.002131325412019,6.492465533334514,0.866532585895667,0.0008389874414221,-0.7046902050661874
170017,2,-1,0.1094864031056024,0.1252250025274374,0.1252250025274374,1.0,0.183935880155559,0.0254932236386808,0.1107087274215841,0.0170129871010164,0.0230476212655693,-0.0031867310736469,7.232370957234913,0.8785283115648278,0.000515385807293,0.0138759027783133,-0.0021252399664122,6.529099300598692,0.8671819881668339,0.0006671531759271,-0.7032716566362209
170017,3,1,0.1094864031056024,0.1252250025274374,0.1252250025274374,1.0,0.183935880155559,0.0159615344483368,0.1107087274215841,0.0106757963518328,0.0230415834081212,0.0019952452190443,11.548246395070224,0.9203075897208342,0.0006741386905964,0.0138651929196259,0.0013373565519899,10.367611314263936,0.912030771254009,0.000785276296285,-1.1806350808062869
170017,3,-1,0.1094864031056024,0.1252250025274374,0.1252250025274374,1.0,0.183935880155559,0.0159615344483368,0.1107087274215841,0.0106757963518328,0.0230184310888278,-0.0019897302892517,11.56861872845713,0.9204367622564714,0.0011456002687905,0.0138596661993102,-0.0013349386660607,10.382249425883916,0.9121439038468144,0.0013006568767593,-1.1863693025732154
170017,4,1,0.1094864031056024,0.1252250025274374,0.1252250025274374,1.0,0.183935880155559,0.0301076364485819,0.1107087274215841,0.0158517595232373,0.0230416457463317,0.0037638520004707,6.121825657184083,0.8595865655611411,0.0004517612763714,0.0138697358041042,0.0019836072782101,6.992178318992938,0.8748776666276878,0.0004772660485797,0.8703526618088553
170017,4,-1,0.1094864031056024,0.1252250025274374,0.1252250025274374,1.0,0.183935880155559,0.0301076364485819,0.1107087274215841,0.0158517595232373,0.0230001007902103,-0.0037733005325093,6.095486058437106,0.859065328046002,0.0007149431777649,0.0138444335505196,-0.0019902076076793,6.956276067427861,0.8743130590837725,0.0006008178430116,0.8607900089907554
170017,5,1,0.1094864031056024,0.1252250025274374,0.1252250025274374,1.0,0.183935880155559,0.0225317243461431,0.1107087274215841,0.0147638022985702,0.0230384978653045,0.0028256651726513,8.153300712440444,0.8907497927342343,0.0006268183570076,0.0138716228982376,0.0018517290144721,7.491173270935756,0.8822306449188974,0.0006880173374127,-0.6621274415046878
170017,5,-1,0.1094864031056024,0.1252250025274374,0.1252250025274374,1.0,0.183935880155559,0.0225317243461431,0.1107087274215841,0.0147638022985702,0.0230213989955227,-0.0028330515156663,8.126007899330313,0.8904230621942172,0.0007998100856493,0.013852186737142,-0.0018562097023588,7.46261950873959,0.8818332788131062,0.0007712938458396,-0.6633883905907227
170018,0,1,0.0787676259948106,0.0365216173319468,0.0365216173319468,1.0,0.067452306026262,0.0356118498395669,0.0791977274914278,0.0191250507826116,0.0024632297069622,0.0013006429482691,1.8938554276085495,0.6544402355212372,0.000123789551887,0.0028923237055187,0.0006984699646921,4.140942133123086,0.8054831246675583,6.364495134091169e-05,2.247086705514536
170018,0,-1,0.0787676259948106,0.0365216173319468,0.0365216173319468,1.0,0.067452306026262,0.0356118498395669,0.0791977274914278,0.0191250507826116,0.0024634595786833,-0.0013008751241029,1.893694124084483,0.6544209729435783,0.0002782939405781,0.0028922540999117,-0.0006987157232734,4.139386024344153,0.8054242286406941,0.0001033080219821,2.2456919002596707
170018,1,1,0.0787676259948106,0.0365216173319468,0.0365216173319468,1.0,0.067452306026262,0.0344380844997844,0.0791977274914278,0.0127647652299932,0.0024626971768986,0.0012574767839068,1.9584434547136509,0.6619844133215687,9.764786390154102e-05,0.0028915196864136,0.000466148462558,6.203001658612532,0.8611689893470573,6.0888020941012105e-05,4.244558203898881
170018,1,-1,0.0787676259948106,0.0365216173319468,0.0365216173319468,1.0,0.067452306026262,0.0344380844997844,0.0791977274914278,0.0127647652299932,0.0024643002055536,-0.0012580469053614,1.9588301477865728,0.6620285889853883,0.0003171556377421,0.0028933881744286,-0.0004663960039771,6.203715618807045,0.8611827488873578,0.0001374987034286,4.244885471020472
170018,2,1,0.0787676259948106,0.0365216173319468,0.0365216173319468,1.0,0.067452306026262,0.0270780358204787,0.0791977274914278,0.0170455278469805,0.0024634891031691,0.0009889842825936,2.490928467241139,0.7135432566481964,0.0001441628835816,0.002892658037882,0.00062256945031,4.646321846400807,0.8228935531478,6.773523730643763e-05,2.155393379159668
170018,2,-1,0.0787676259948106,0.0365216173319468,0.0365216173319468,1.0,0.067452306026262,0.0270780358204787,0.0791977274914278,0.0170455278469805,0.0024634237069447,-0.0009890878869501,2.490601431322836,0.7135164183952594,0.0002322201938184,0.0028920894122684,-0.0006225667247005,4.645428831190642,0.8228655377825219,9.987625647175891e-05,2.1548273998678065
170018,3,1,0.0787676259948106,0.0365216173319468,0.0365216173319468,1.0,0.067452306026262,0.0192842292451624,0.0791977274914278,0.007770948641821,0.0024636655426822,0.0007043958219453,3.4975584265603645,0.777657140795661,5.9224391012188144e-05,0.0028926053339362,0.0002838391432651,10.191002201639348,0.9106424981443116,3.537366452438486e-05,6.693443775078984
170018,3,-1,0.0787676259948106,0.0365216173319468,0.0365216173319468,1.0,0.067452306026262,0.0192842292451624,0.0791977274914278,0.007770948641821,0.0024632705229748,-0.0007043207426603,3.497370407787661,0.777647845445775,8.547530314694345e-05,0.0028922147423867,-0.0002838407593835,10.189568082672192,0.910631045576409,3.94249388874053e-05,6.692197674884531
170018,4,1,0.0787676259948106,0.0365216173319468,0.0365216173319468,1.0,0.067452306026262,0.0161821061362648,0.0791977274914278,0.0100422407312762,0.0024640506093835,0.0005908800633556,4.170136652412757,0.8065815147200552,0.0001433074852105,0.002893111489867,0.0003666433923343,7.89080493566018,0.8875242447408677,6.45690631278955e-05,3.720668283247423
170018,4,-1,0.0787676259948106,0.0365216173319468,0.0365216173319468,1.0,0.067452306026262,0.0161821061362648,0.0791977274914278,0.0100422407312762,0.0024630137310542,-0.0005907129541927,4.16956105934022,0.806559978976701,6.850821504221508e-05,0.0028918384011313,-0.0003665934477344,7.888407223300805,0.8874939035895523,2.5723360631722697e-05,3.7188461639605856
170018,5,1,0.0787676259948106,0.0365216173319468,0.0365216173319468,1.0,0.067452306026262,0.0361690112841654,0.0791977274914278,0.017940429297493,0.0024636745143496,0.0013211241919488,1.864831882847778,0.650939377634281,0.0001624983644997,0.0028928704047194,0.0006552715479274,4.414765777432058,0.8153198049363738,9.03029082194401e-05,2.5499338945842807
170018,5,-1,0.0787676259948106,0.0365216173319468,0.0365216173319468,1.0,0.067452306026262,0.0361690112841654,0.0791977274914278,0.017940429297493,0.0024632156148917,-0.0013213111225207,1.8642207523317411,0.650864899576645,0.0003153293664228,0.0028919562201805,-0.0006553901454507,4.412572023321133,0.8152449527338753,0.0001449261408783,2.548351270989392
170019,0,1,0.0618918095799703,0.051416974378699,0.051416974378699,1.0,0.072429709446907,0.0241823217330705,0.0619128820978412,0.0102207834210923,0.0037240382040648,0.0012433720107564,2.995111818381964,0.7496941148433227,0.000128222756012,0.0031833545309642,0.0005255575236754,6.057100103326238,0.8582987366824133,8.978957932830934e-05,3.0619882849442748
170019,0,-1,0.0618918095799703,0.051416974378699,0.051416974378699,1.0,0.072429709446907,0.0241823217330705,0.0619128820978412,0.0102207834210923,0.0037241819392227,-0.0012428307293846,2.9965319099115257,0.7497830562743742,0.0001601089074901,0.0031833501788532,-0.000525310669566,6.0599381723520205,0.8583557000660178,9.690000284679073e-05,3.0634062624404947
170019,1,1,0.0618918095799703,0.051416974378699,0.051416974378699,1.0,0.072429709446907,0.0244974896432808,0.0619128820978412,0.0140407412894319,0.0037236743190596,0.0012591912704842,2.9571951508404486,0.7472957582626131,0.0001729699416355,0.0031828853253855,0.0007216401427799,4.410626760756059,0.8151785284372001,9.825590967856745e-05,1.4534316099156102
170019,1,-1,0.0618918095799703,0.051416974378699,0.051416974378699,1.0,0.072429709446907,0.0244974896432808,0.0619128820978412,0.0140407412894319,0.0037242645841061,-0.0012593086676952,2.9573881921412597,0.7473080851694458,0.0003619539156032,0.0031836143429491,-0.0007216351038009,4.411667789130867,0.8152140820601622,0.0002156052564542,1.4542795969896076
170019,2,1,0.0618918095799703,0.051416974378699,0.051416974378699,1.0,0.072429709446907,0.0251530604177383,0.0619128820978412,0.0129787054242713,0.0037242171322762,0.00129354719119,2.8790732627599014,0.7422064673023177,0.0001478046092679,0.0031835188591986,0.000667389368703,4.770107239467155,0.8266929957280402,9.11436070878068e-05,1.8910339767072533
170019,2,-1,0.0618918095799703,0.051416974378699,0.051416974378699,1.0,0.072429709446907,0.0251530604177383,0.0619128820978412,0.0129787054242713,0.0037237896869609,-0.0012933874259132,2.879098414250308,0.7422081387967919,0.0001404755631983,0.003183041212604,-0.000667310448895,4.769955599930959,0.8266884410666928,7.574566230941002e-05,1.8908571856806504
170019,3,1,0.0618918095799703,0.051416974378699,0.051416974378699,1.0,0.072429709446907,0.0202348493280824,0.0619128820978412,0.0081323787722361,0.0037246145133831,0.0010401796145834,3.5807416922614905,0.7816947413364614,0.0003469472934679,0.0031838760743059,0.0004180060710205,7.616817780959546,0.8839478766500453,0.0001770562384762,4.036076088698056
170019,3,-1,0.0618918095799703,0.051416974378699,0.051416974378699,1.0,0.072429709446907,0.0202348493280824,0.0619128820978412,0.0081323787722361,0.0037227357592737,-0.0010402263171358,3.5787748280780525,0.7816009658592992,0.0002498546918838,0.0031821825405899,-0.0004180929687845,7.611184062323053,0.8838719515501532,0.0001254357718741,4.032409234245001
170019,4,1,0.0618918095799703,0.051416974378699,0.051416974378699,1.0,0.072429709446907,0.0277393706549769,0.0619128820978412,0.0126894340877976,0.0037235365877675,0.0014255630642439,2.611976054345688,0.723143236568009,0.0001865565621972,0.003182926962295,0.0006522884325547,4.879631162281623,0.8299213041771919,0.0001044430929055,2.2676551079359357
170019,4,-1,0.0618918095799703,0.051416974378699,0.051416974378699,1.0,0.072429709446907,0.0277393706549769,0.0619128820978412,0.0126894340877976,0.003724299760152,-0.0014264803049476,2.610831532150882,0.7230554815155485,0.0001033802639244,0.0031835246451476,-0.0006526482554971,4.8778566683179525,0.829869958314896,5.988226519366896e-05,2.2670251361670704
170019,5,1,0.0618918095799703,0.051416974378699,0.051416974378699,1.0,0.072429709446907,0.0188634114643994,0.0619128820978412,0.0101584605079683,0.0037243321602989,0.0009698337484062,3.840175871808193,0.7933959371549819,0.000206910236388,0.0031834993305277,0.0005221964970209,6.09636286088314,0.8590827414544653,0.0001025806185957,2.256186989074947
170019,5,-1,0.0618918095799703,0.051416974378699,0.051416974378699,1.0,0.072429709446907,0.0188634114643994,0.0619128820978412,0.0101584605079683,0.0037238154582179,-0.0009700502609175,3.8387861003117374,0.7933365973884287,0.0003645688511005,0.0031831659284363,-0.0005223796903395,6.093586690480098,0.8590275915931156,0.0001829672320398,2.25480059016836
170020,0,1,0.0885482401863692,0.0382951955400164,0.0382951955400164,1.0,0.1112102224797666,0.0124530884225751,0.0867001811203109,0.0076486574160971,0.0042609996700111,0.0004776305723742,8.92112003806939,0.8992049288625887,0.0002560402939279,0.0033217107101673,0.0002931836661188,11.329794575968892,0.9188956479494778,0.0002257989444325,2.4086745378995023
170020,0,-1,0.0885482401863692,0.0382951955400164,0.0382951955400164,1.0,0.1112102224797666,0.0124530884225751,0.0867001811203109,0.0076486574160971,0.0042571671451114,-0.0004769747264678,8.925351614808537,0.8992479018568965,0.0003100082951992,0.0033190823975373,-0.000292729368981,11.338399044412672,0.9189522079484987,0.0002736597425158,2.413047429604136
170020,1,1,0.0885482401863692,0.0382951955400164,0.0382951955400164,1.0,0.1112102224797666,0.0173943163170564,0.0867001811203109,0.0124795487750297,0.0042569683754686,0.0006680810262426,6.37193425384932,0.8643503908790503,0.0005522235565832,0.0033192393558238,0.0004787365626571,6.933331637329079,0.87394955288461,0.0004391969919546,0.5613973834797594
170020,1,-1,0.0885482401863692,0.0382951955400164,0.0382951955400164,1.0,0.1112102224797666,0.0173943163170564,0.0867001811203109,0.0124795487750297,0.0042632427119185,-0.0006682278752537,6.37992348088367,0.8644972400336784,0.0004796147732277,0.0033229685406166,-0.0004788140850986,6.939997472974879,0.8740553755333463,0.0004302638942002,0.5600739920912092
170020,2,1,0.0885482401863692,0.0382951955400164,0.0382951955400164,1.0,0.1112102224797666,0.040707612912031,0.0867001811203109,0.0236921512880233,0.0042473714737261,0.0015652082463673,2.713614296104702,0.7307205540842182,0.0014141724970961,0.0033143649825698,0.0009107959756322,3.638976314388391,0.784435200305212,0.0011084276464206,0.925362018283689
170020,2,-1,0.0885482401863692,0.0382951955400164,0.0382951955400164,1.0,0.1112102224797666,0.040707612912031,0.0867001811203109,0.0236921512880233,0.004282550938088,-0.0015701708025457,2.727442728613979,0.7317195533754473,0.0027804901467614,0.0033326464214623,-0.0009139159669493,3.6465567316686704,0.7847868738619962,0.0019507356717448,0.9191140030546916
170020,3,1,0.0885482401863692,0.0382951955400164,0.0382951955400164,1.0,0.1112102224797666,0.0209465912650195,0.0867001811203109,0.0099370876813448,0.0042621141777483,0.0008028642861335,5.308635906908532,0.8414871273669624,0.0004663361424081,0.0033220435714203,0.0003811983420747,8.714737722443237,0.8970636131853797,0.0003454706359279,3.406101815534705
170020,3,-1,0.0885482401863692,0.0382951955400164,0.0382951955400164,1.0,0.1112102224797666,0.0209465912650195,0.0867001811203109,0.0099370876813448,0.0042570296592999,-0.0008028255823016,5.302558554611397,0.8413342785576614,0.0004775489765143,0.0033193389931444,-0.000381061977279,8.710758855652232,0.8970214362374016,0.0003139003392387,3.408200301040835
170020,4,1,0.0885482401863692,0.0382951955400164,0.0382951955400164,1.0,0.1112102224797666,0.0255024189396137,0.0867001811203109,0.0114356308677275,0.0042630720329785,0.0009795192577074,4.3522084935336425,0.8131612396624373,0.000708496421703,0.0033230062249426,0.0004396751990263,7.5578659708203695,0.8831484387101077,0.0004951084339774,3.205657477286727
170020,4,-1,0.0885482401863692,0.0382951955400164,0.0382951955400164,1.0,0.1112102224797666,0.0255024189396137,0.0867001811203109,0.0114356308677275,0.0042565948633755,-0.0009777298834615,4.353548904837677,0.8132080199928012,0.0004629848419633,0.0033190424168429,-0.0004388582491602,7.562903108660022,0.8832171767786724,0.0002907718579813,3.209354203822345
170020,5,1,0.0885482401863692,0.0382951955400164,0.0382951955400164,1.0,0.1112102224797666,0.0438813720389505,0.0867001811203109,0.0242701548939648,0.00426221862999,0.0016799243593892,2.5371491318436568,0.7172864465913052,0.000290085149332,0.0033224707899065,0.0009289109057794,3.5767378434589547,0.781503762242097,0.0002395090084391,1.039588711615298
170020,5,-1,0.0885482401863692,0.0382951955400164,0.0382951955400164,1.0,0.1112102224797666,0.0438813720389505,0.0867001811203109,0.0242701548939648,0.0042583409623747,-0.0016800389933328,2.534667932870148,0.7170879927077052,0.0002862385722927,0.0033202671285559,-0.0009293072219212,3.572841198509019,0.7813175755313673,0.0001517223956588,1.0381732656388714
170021,0,1,0.0872860369624779,0.0693882582925279,0.0693882582925279,1.0,0.1601115904514029,0.0130047073878003,0.0884052891151952,0.00594021625499,0.0110862368954814,0.0009053432129023,12.245341587009372,0.9245017583403988,0.0008885766728486,0.0061218241448159,0.0004110116470894,14.89452717010039,0.9370852627889978,0.0009977646977842,2.6491855830910183
170021,0,-1,0.0872860369624779,0.0693882582925279,0.0693882582925279,1.0,0.1601115904514029,0.0130047073878003,0.0884052891151952,0.00594021625499,0.0111393856309455,-0.0009048404030155,12.31088443200485,0.924873511966223,0.0009626410142268,0.00615066311672,-0.0004102294853295,14.993225344989645,0.9374735252940534,0.0011278165003694,2.6823409129847957
170021,1,1,0.0872860369624779,0.0693882582925279,0.0693882582925279,1.0,0.1601115904514029,0.0151824053081204,0.0884052891151952,0.0128265069445427,0.011104768797712,0.0010535817884128,10.540015896088804,0.9133450067136456,0.0005079013058945,0.0061299015979538,0.0008904707177925,6.88388902123884,0.8731590465941307,0.0005704986959105,-3.656126874849965
170021,1,-1,0.0872860369624779,0.0693882582925279,0.0693882582925279,1.0,0.1601115904514029,0.0151824053081204,0.0884052891151952,0.0128265069445427,0.0111226399422563,-0.0010540657043293,10.552131519469278,0.9134358885791198,0.0006332223989054,0.006142988666197,-0.0008910864129849,6.893819248811342,0.8733186093473598,0.0007284535206233,-3.658312270657936
170021,2,1,0.0872860369624779,0.0693882582925279,0.0693882582925279,1.0,0.1601115904514029,0.0242120580568143,0.0884052891151952,0.0159967346011121,0.0110737469115538,0.001684533845783,6.573775254957541,0.8679654510020701,0.0008668909017909,0.0061165060616061,0.0011130918355267,5.495059676460806,0.8460368264784126,0.0007808872582541,-1.0787155784967348
170021,2,-1,0.0872860369624779,0.0693882582925279,0.0693882582925279,1.0,0.1601115904514029,0.0242120580568143,0.0884052891151952,0.0159967346011121,0.0111533361018419,-0.0016846860757257,6.62042398434985,0.8687737057605047,0.0011374096514067,0.0061557109094109,-0.0011134708349427,5.528398873349934,0.8468230848941882,0.0009429993493145,-1.0920251109999164
170021,3,1,0.0872860369624779,0.0693882582925279,0.0693882582925279,1.0,0.1601115904514029,0.0216257371637499,0.0884052891151952,0.0184662331308822,0.0110823729501679,0.0015035074608387,7.371012940619618,0.880540144055018,0.0005711689654952,0.0061199949131652,0.0012827258644827,4.771085609650847,0.8267223764056238,0.0006222745281684,-2.599927330968772
170021,3,-1,0.0872860369624779,0.0693882582925279,0.0693882582925279,1.0,0.1601115904514029,0.0216257371637499,0.0884052891151952,0.0184662331308822,0.0111453100760427,-0.0015067775889585,7.396785137837533,0.8809068014026217,0.0008181768276418,0.0061541590691935,-0.0012843264590769,4.791740468861519,0.8273403296683682,0.0009301906136525,-2.6050446689760136
170021,4,1,0.0872860369624779,0.0693882582925279,0.0693882582925279,1.0,0.1601115904514029,0.0191540756726458,0.0884052891151952,0.014580162747612,0.0111497724749315,0.001336602008786,8.341879184402728,0.8929551559958506,0.000922817641125,0.0061539178123962,0.0010148591180922,6.063814871130645,0.8584334360053891,0.0009054974883336,-2.2780643132720835
170021,4,-1,0.0872860369624779,0.0693882582925279,0.0693882582925279,1.0,0.1601115904514029,0.0191540756726458,0.0884052891151952,0.014580162747612,0.0110824576584443,-0.0013341036994627,8.30704364503221,0.892554495483239,0.000695048833892,0.0061212276255165,-0.0010133267141705,6.040724615181114,0.85796916444597,0.0006879297138785,-2.266319029851095
170021,5,1,0.0872860369624779,0.0693882582925279,0.0693882582925279,1.0,0.1601115904514029,0.0297183943431388,0.0884052891151952,0.0186899716802584,0.0111324648219518,0.0020628177262894,5.396727340505897,0.8436700602091142,0.0006640416272552,0.0061466681442921,0.0012969224193301,4.73942623912841,0.8257665560396051,0.000730112236473,-0.6573011013774863
170021,5,-1,0.0872860369624779,0.0693882582925279,0.0693882582925279,1.0,0.1601115904514029,0.0297183943431388,0.0884052891151952,0.0186899716802584,0.0110921148240432,-0.0020628414148633,5.377104969929491,0.8431890325288065,0.0006051297022816,0.0061246794003012,-0.0012969986398562,4.722194158180144,0.8252418613635377,0.0006017941466811,-0.654910811749347
170022,0,1,0.0397930441459189,0.0282461999437182,0.0282461999437182,1.0,0.0863082140401623,0.020065886362082,0.0400301271400076,0.0083445282102609,0.0024376584245644,0.0005667903299242,4.300811597978444,0.8113496430657209,4.3429438702706765e-05,0.0011306130090321,0.0002357094584837,4.796638269420285,0.8274862164031483,3.357538277775548e-05,0.4958266714418409
170022,0,-1,0.0397930441459189,0.0282461999437182,0.0282461999437182,1.0,0.0863082140401623,0.020065886362082,0.0400301271400076,0.0083445282102609,0.0024380569638667,-0.0005667296345086,4.301975431329128,0.8113910535889989,6.69140833710639e-05,0.0011307534583089,-0.0002356864899923,4.797701634662393,0.8275178574176091,5.603709245155847e-05,0.4957262033332652
170022,1,1,0.0397930441459189,0.0282461999437182,0.0282461999437182,1.0,0.0863082140401623,0.0268244898028561,0.0400301271400076,0.0123601512322513,0.0024381140417589,0.0007576500629968,3.217994904021842,0.7629205291247498,3.780787018282692e-05,0.0011307954581173,0.0003491074429541,3.2391044102216275,0.7641011158893068,3.723766880842386e-05,0.0211095061997856
170022,1,-1,0.0397930441459189,0.0282461999437182,0.0282461999437182,1.0,0.0863082140401623,0.0268244898028561,0.0400301271400076,0.0123601512322513,0.0024375965959454,-0.0007576852079329,3.217162708761537,0.7628737449654458,6.98142511284256e-05,0.0011305738060652,-0.0003491215190824,3.2383389286148194,0.764058510458289,7.313689504050464e-05,0.0211762198532818
170022,2,1,0.0397930441459189,0.0282461999437182,0.0282461999437182,1.0,0.0863082140401623,0.0210619661342789,0.0400301271400076,0.0092070545703425,0.0024381654716614,0.0005948936402638,4.098489724273747,0.8038634862322009,2.7148247844687805e-05,0.001130829701962,0.0002600492598448,4.348521132619854,0.8130324298615658,2.816515624230525e-05,0.250031408346107
170022,2,-1,0.0397930441459189,0.0282461999437182,0.0282461999437182,1.0,0.0863082140401623,0.0210619661342789,0.0400301271400076,0.0092070545703425,0.0024374587443311,-0.0005948923120085,4.097310883204273,0.8038181262800711,5.004283000907442e-05,0.0011305085432074,-0.0002600488786725,4.347292512753934,0.8129894712857245,5.487109071066383e-05,0.2499816295496613
170022,3,1,0.0397930441459189,0.0282461999437182,0.0282461999437182,1.0,0.0863082140401623,0.0107334095200783,0.0400301271400076,0.004883508355894,0.0024378641959939,0.0003031792352995,8.04099988436497,0.8893927648722408,9.343823026905942e-05,0.0011307473795303,0.0001379631763354,8.196008598505495,0.8912571699680102,6.655075311014791e-05,0.1550087141405249
170022,3,-1,0.0397930441459189,0.0282461999437182,0.0282461999437182,1.0,0.0863082140401623,0.0107334095200783,0.0400301271400076,0.004883508355894,0.00243748071714,-0.000303289271156,8.036818143421034,0.8893415819451874,6.191055545303227e-05,0.001130479527812,-0.0001380086728233,8.19136583720821,0.8912022415698186,4.9255590308910486e-05,0.1545476937871761
170022,4,1,0.0397930441459189,0.0282461999437182,0.0282461999437182,1.0,0.0863082140401623,0.0273197702265347,0.0400301271400076,0.0103827537144339,0.002437611385118,0.0007715417965459,3.15940289434429,0.7595808760532093,5.173553860599731e-05,0.0011306059521205,0.00029322855701,3.8557157039715375,0.7940571357622749,4.77205209816624e-05,0.6963128096272486
170022,4,-1,0.0397930441459189,0.0282461999437182,0.0282461999437182,1.0,0.0863082140401623,0.0273197702265347,0.0400301271400076,0.0103827537144339,0.0024380303096795,-0.000771620738795,3.1596225802373223,0.7595935735248975,4.2739958619708e-05,0.0011307472711314,-0.0002932571327447,3.855821887584843,0.794061639172401,3.263703568156531e-05,0.6961993073475208
170022,5,1,0.0397930441459189,0.0282461999437182,0.0282461999437182,1.0,0.0863082140401623,0.0155216876565064,0.0400301271400076,0.0073980373676581,0.0024377308856973,0.00043840355346,5.5604724607100335,0.8475719536986257,1.8899606443627107e-05,0.0011306315984533,0.0002089489722818,5.41104168209548,0.8440191080346954,1.9849741374759945e-05,-0.1494307786145539
170022,5,-1,0.0397930441459189,0.0282461999437182,0.0282461999437182,1.0,0.0863082140401623,0.0155216876565064,0.0400301271400076,0.0073980373676581,0.0024380357060538,-0.0004384065675451,5.56112952344668,0.8475872185686281,0.0001064571512009,0.0011307533716358,-0.0002089367014764,5.411942294676634,0.8440410168958903,0.0001009226873236,-0.1491872287700459
170023,0,1,0.1364893686600893,0.1378213315230961,0.1378213315230961,1.0,0.1093391476897418,0.0403727210398963,0.1345279036553755,0.0219425985831642,0.0150664130338315,0.0055595027258063,2.710028895910581,0.7304603203758707,0.0004786521993271,0.0185367151358145,0.0030184646206274,6.141107306387739,0.8599656948012113,0.0002716534889983,3.431078410477158
170023,0,-1,0.1364893686600893,0.1378213315230961,0.1378213315230961,1.0,0.1093391476897418,0.0403727210398963,0.1345279036553755,0.0219425985831642,0.0150458868136669,-0.0055548058003982,2.7086251714840253,0.7303582988949393,0.0025549106129096,0.0185338830084035,-0.003015870201587,6.145451153250727,0.8600508241463433,0.0014295004340865,3.436825981766702
170023,1,1,0.1364893686600893,0.1378213315230961,0.1378213315230961,1.0,0.1093391476897418,0.0225932154366309,0.1345279036553755,0.0105439715275613,0.0150729807978184,0.0031069827720654,4.85132422790783,0.8290985149599965,0.0007411878957021,0.0185505150055247,0.0014486033652067,12.805793118439002,0.9275666387710532,0.0003155621940624,7.954468890531172
170023,1,-1,0.1364893686600893,0.1378213315230961,0.1378213315230961,1.0,0.1093391476897418,0.0225932154366309,0.1345279036553755,0.0105439715275613,0.0150292933980354,-0.0031032399198216,4.843097467918034,0.8288578950649762,0.0008663988458474,0.0184956859201876,-0.001448352398533,12.770155895007354,0.927379180916712,0.000505680816031,7.92705842708932
170023,2,1,0.1364893686600893,0.1378213315230961,0.1378213315230961,1.0,0.1093391476897418,0.0395939017446537,0.1345279036553755,0.0216577345237992,0.015073749105751,0.0054387998807594,2.771521187803533,0.7348549961130187,0.0007029852529798,0.0185447492709496,0.0029761280339281,6.231166488649597,0.8617097253161505,0.0005315007736788,3.459645300846064
170023,2,-1,0.1364893686600893,0.1378213315230961,0.1378213315230961,1.0,0.1093391476897418,0.0395939017446537,0.1345279036553755,0.0216577345237992,0.015051167292532,-0.005466857674382,2.7531661127853515,0.7335582892018957,0.001442653695304,0.0185313301951993,-0.0029918378279053,6.193962126673045,0.8609945420351462,0.000604441732394,3.440796013887694
170023,3,1,0.1364893686600893,0.1378213315230961,0.1378213315230961,1.0,0.1093391476897418,0.0249107751959847,0.1345279036553755,0.0139321429515705,0.0150637446291522,0.0034260002207058,4.396889567638239,0.814708085561659,0.0004972719066359,0.0185349497269334,0.0019168716676504,9.669374345567238,0.9062737919196296,0.0003456834715866,5.272484777929
170023,3,-1,0.1364893686600893,0.1378213315230961,0.1378213315230961,1.0,0.1093391476897418,0.0249107751959847,0.1345279036553755,0.0139321429515705,0.0150430321752058,-0.0034398032744691,4.373224563989975,0.8138920143591702,0.000724751462444,0.0185173977946498,-0.0019241048118115,9.623902856521552,0.9058726332963272,0.0003722176597404,5.250678292531578
170023,4,1,0.1364893686600893,0.1378213315230961,0.1378213315230961,1.0,0.1093391476897418,0.0676171862927515,0.1345279036553755,0.0304606960355236,0.0150692594217527,0.0092983305681719,1.6206413948470373,0.6184140256784854,0.0010495928645092,0.0185421628767348,0.0041870653604299,4.428438842145643,0.8157849744504554,0.0006382912831978,2.8077974472986056
170023,4,-1,0.1364893686600893,0.1378213315230961,0.1378213315230961,1.0,0.1093391476897418,0.0676171862927515,0.1345279036553755,0.0304606960355236,0.0150452110886622,-0.009254804803992,1.625664874333265,0.6191440843135283,0.0022059313369479,0.0185182414620425,-0.004161875659708,4.449494164690437,0.8164967298287206,0.0014427181917999,2.823829290357172
170023,5,1,0.1364893686600893,0.1378213315230961,0.1378213315230961,1.0,0.1093391476897418,0.0272700216887498,0.1345279036553755,0.0136263329562553,0.0150463394444365,0.0037352558484202,4.02819513710046,0.8011214814195424,0.0009970289551172,0.0185132681424874,0.001864863300317,9.927412984817868,0.9084870315243542,0.0004127292878733,5.899217847717407
170023,5,-1,0.1364893686600893,0.1378213315230961,0.1378213315230961,1.0,0.1093391476897418,0.0272700216887498,0.1345279036553755,0.0136263329562553,0.0150479446480677,-0.0037323189567886,4.03179493025191,0.8012637609716864,0.0009927074658224,0.0185216492332067,-0.0018623154651018,9.945495046503044,0.9086382118166972,0.0005279591812579,5.913700116251135
170024,0,1,0.0688451254575668,0.1002227649538596,0.1002227649538596,1.0,0.1150402425375302,0.018180125443564,0.069064317736121,0.0105096163414241,0.0115527254653295,0.0018216354262102,6.341952565864055,0.8637964504634044,0.0005523361217172,0.0069329699944306,0.0010554254921414,6.568886241659093,0.8678801651825592,0.0005852517640196,0.2269336757950375
170024,0,-1,0.0688451254575668,0.1002227649538596,0.1002227649538596,1.0,0.1150402425375302,0.018180125443564,0.069064317736121,0.0105096163414241,0.0114872757848514,-0.0018210320539431,6.3081128967342215,0.8631657701337824,0.0013553335219552,0.00690424051601,-0.0010554107876465,6.5417566286198605,0.8674048965986059,0.0013170662313169,0.233643731885639
170024,1,1,0.0688451254575668,0.1002227649538596,0.1002227649538596,1.0,0.1150402425375302,0.016979060664885,0.069064317736121,0.0081689343507566,0.011551943516728,0.0016947777044242,6.8161998394034935,0.8720605894748571,0.0004921755819186,0.0069330679622235,0.0008157519157746,8.498990720275206,0.8947256577621935,0.0005058245722421,1.6827908808717122
170024,1,-1,0.0688451254575668,0.1002227649538596,0.1002227649538596,1.0,0.1150402425375302,0.016979060664885,0.069064317736121,0.0081689343507566,0.0114781975924646,-0.0016966844727699,6.765074930943805,0.8712182420783858,0.0009349904684514,0.0068955258522958,-0.0008169882775692,8.440177223599143,0.8940697853107951,0.00074636141348,1.675102292655338
170024,2,1,0.0688451254575668,0.1002227649538596,0.1002227649538596,1.0,0.1150402425375302,0.019480394740986,0.069064317736121,0.0121668513885417,0.011524626528205,0.0019526428765194,5.902065690957989,0.8551158385365639,0.000455343147054,0.0069185946759428,0.0012192545279373,5.674446571579916,0.8501748438203036,0.00038138305557,-0.2276191193780725
170024,2,-1,0.0688451254575668,0.1002227649538596,0.1002227649538596,1.0,0.1150402425375302,0.019480394740986,0.069064317736121,0.0121668513885417,0.0115274213295552,-0.0019522257898651,5.904758245379888,0.8551723370374162,0.000510776042388,0.006921751780913,-0.0012191119673968,5.677699806103554,0.850247835476824,0.0004121173582398,-0.2270584392763339
170024,3,1,0.0688451254575668,0.1002227649538596,0.1002227649538596,1.0,0.1150402425375302,0.0305814889199411,0.069064317736121,0.0147972668501583,0.0115428658465023,0.003057301637005,3.775507691745427,0.7905981804346117,0.000420867259057,0.0069300326941385,0.0014786183104522,4.68683002580566,0.8241551100591706,0.0003124551661987,0.9113223340602334
170024,3,-1,0.0688451254575668,0.1002227649538596,0.1002227649538596,1.0,0.1150402425375302,0.0305814889199411,0.069064317736121,0.0147972668501583,0.0115002122633966,-0.0030548036843154,3.764632183219948,0.7901202104284578,0.0005700220544736,0.0069059093527852,-0.0014761156514967,4.678433797364174,0.8238951028249758,0.0005775143321485,0.913801614144226
170024,4,1,0.0688451254575668,0.1002227649538596,0.1002227649538596,1.0,0.1150402425375302,0.029244658898716,0.069064317736121,0.0124202595031254,0.0115366607135963,0.0029289077214336,3.938895250665417,0.7975255701433899,0.0009269705638038,0.0069291650680299,0.0012457456654806,5.562263036533008,0.8476135451394032,0.0006596175471222,1.6233677858675906
170024,4,-1,0.0688451254575668,0.1002227649538596,0.1002227649538596,1.0,0.1150402425375302,0.029244658898716,0.069064317736121,0.0124202595031254,0.011486432622082,-0.002922244993686,3.930687757835591,0.7971885365462754,0.0012696859203329,0.0068943550642619,-0.0012434124144074,5.54470502656356,0.8472047256612462,0.0009358373697321,1.6140172687279692
170024,5,1,0.0688451254575668,0.1002227649538596,0.1002227649538596,1.0,0.1150402425375302,0.0215502268185167,0.069064317736121,0.0148358821533248,0.0115252455051809,0.0021590534379029,5.338101087655203,0.8422240374253872,0.0010245817189385,0.0069226352962676,0.0014859575281788,4.658703337737503,0.8232810698290068,0.0007394266472456,-0.6793977499177002
170024,5,-1,0.0688451254575668,0.1002227649538596,0.1002227649538596,1.0,0.1150402425375302,0.0215502268185167,0.069064317736121,0.0148358821533248,0.0114989214841696,-0.0021520064060773,5.343349095844228,0.8423545693464768,0.0005543145544813,0.0069040370309519,-0.0014802468067846,4.664112092188344,0.8234498216624015,0.000473202361105,-0.6792370036558832
170025,0,1,0.1281311560735753,0.0312280775444449,0.0312280775444449,1.0,0.1257636308061387,0.0576517570014514,0.1301981351378413,0.0274900035490904,0.0039293287681342,0.0018003637492513,2.182519376857049,0.6857835313519546,0.0001659605663243,0.0040676675886165,0.0008584866852167,4.738183665114079,0.8257288266878576,0.0001396680468292,2.555664288257029
170025,0,-1,0.1281311560735753,0.0312280775444449,0.0312280775444449,1.0,0.1257636308061387,0.0576517570014514,0.1301981351378413,0.0274900035490904,0.0039244468398721,-0.0018021182238089,2.1776855635893475,0.6853055533693359,0.0006048030726514,0.004063117258061,-0.000859364001252,4.728051503363517,0.8254205641459754,0.0003250097320766,2.5503659397741694
170025,1,1,0.1281311560735753,0.0312280775444449,0.0312280775444449,1.0,0.1257636308061387,0.02902710019538,0.1301981351378413,0.0152122310120849,0.0039283513174462,0.0009061281953671,4.335315176734217,0.8125696483010575,0.0001438713831564,0.0040671313279089,0.0004749174053296,8.56387085892867,0.8954398261174327,8.38784136249258e-05,4.228555682194453
170025,1,-1,0.1281311560735753,0.0312280775444449,0.0312280775444449,1.0,0.1257636308061387,0.02902710019538,0.1301981351378413,0.0152122310120849,0.0039255052697933,-0.000905874309757,4.3333884486046506,0.8125019376262336,0.0002025958534022,0.0040637577557656,-0.0004745427525621,8.56352295723928,0.8954360224290535,0.0001403536312673,4.23013450863463
170025,2,1,0.1281311560735753,0.0312280775444449,0.0312280775444449,1.0,0.1257636308061387,0.0316610599698939,0.1301981351378413,0.0142363475594757,0.0039297319875047,0.0009883959760401,3.97586805568,0.7990300408270492,0.0001667430476479,0.0040681426477706,0.0004442903984272,9.15649463090402,0.9015408330983392,8.58899568424631e-05,5.180626575224021
170025,2,-1,0.1281311560735753,0.0312280775444449,0.0312280775444449,1.0,0.1257636308061387,0.0316610599698939,0.1301981351378413,0.0142363475594757,0.0039237340794409,-0.0009882306021198,3.970464050617756,0.7988115415751343,0.0002969343142896,0.0040624741341967,-0.0004441463019964,9.14670259760452,0.9014458154872812,0.0001952947422801,5.176238546986765
170025,3,1,0.1281311560735753,0.0312280775444449,0.0312280775444449,1.0,0.1257636308061387,0.0701595371645256,0.1301981351378413,0.0318331391186204,0.0039256638612003,0.0021902013232273,1.7923758056241064,0.6418820138801137,9.185231852591642e-05,0.0040639683619622,0.0009936889447246,4.08977918445507,0.8035278223750558,6.880744818660681e-05,2.297403378830964
170025,3,-1,0.1281311560735753,0.0312280775444449,0.0312280775444449,1.0,0.1257636308061387,0.0701595371645256,0.1301981351378413,0.0318331391186204,0.0039280691984476,-0.0021933886573978,1.790867836029571,0.64168851455802,0.0003892844837397,0.0040671691630467,-0.0009952766661442,4.0864709295347295,0.8034000363211606,0.000222887955866,2.295603093505159
170025,4,1,0.1281311560735753,0.0312280775444449,0.0312280775444449,1.0,0.1257636308061387,0.035046288616396,0.1301981351378413,0.0258149937493697,0.0039266625591594,0.0010935898062015,3.590617374895555,0.7821643760883575,0.0001150561732477,0.0040653615647336,0.0008054714128852,5.047182928772519,0.8346337440460092,5.132336385781236e-05,1.4565655538769635
170025,4,-1,0.1281311560735753,0.0312280775444449,0.0312280775444449,1.0,0.1257636308061387,0.035046288616396,0.1301981351378413,0.0258149937493697,0.0039271621806937,-0.0010940171927956,3.589671356676489,0.7821194760393197,0.0002385482021898,0.0040658057692082,-0.0008061947809213,5.043205271754267,0.8345248994479857,0.0001491199595747,1.4535339150777775
170025,5,1,0.1281311560735753,0.0312280775444449,0.0312280775444449,1.0,0.1257636308061387,0.0520518137748987,0.1301981351378413,0.0295134880822568,0.0039259831654698,0.001625277301397,2.415577429213353,0.7072237357446435,0.0002106517278818,0.0040640616413784,0.0009212057494846,4.411676374846621,0.8152143752261346,0.0001350665876117,1.996098945633268
170025,5,-1,0.1281311560735753,0.0312280775444449,0.0312280775444449,1.0,0.1257636308061387,0.0520518137748987,0.1301981351378413,0.0295134880822568,0.0039276445085323,-0.0016271151159278,2.413870088282055,0.7070773128033044,0.0002234965314524,0.0040667031859014,-0.0009230571386597,4.405689545721601,0.8150097241911604,0.0001468766975395,1.9918194574395456
170026,0,1,0.1082719713948494,0.033400135713323,0.033400135713323,1.0,0.1374459398732169,0.0348353458352434,0.1069613173398856,0.0190568389021533,0.0045918150819236,0.0011633461283642,3.947075569311436,0.7978603750863692,0.0002455981209517,0.0035734459724177,0.0006361982335557,5.616875030350146,0.8488712578954234,0.0001936508119551,1.6697994610387097
170026,0,-1,0.1082719713948494,0.033400135713323,0.033400135713323,1.0,0.1374459398732169,0.0348353458352434,0.1069613173398856,0.0190568389021533,0.0045868172674685,-0.0011635460615389,3.942102009608347,0.7976569487930809,0.0004756689904188,0.0035695240020834,-0.0006362208756702,5.610510655309283,0.8487257562777177,0.0002766592669805,1.6684086457009362
170026,1,1,0.1082719713948494,0.033400135713323,0.033400135713323,1.0,0.1374459398732169,0.0272148931821436,0.1069613173398856,0.0123510915953999,0.0045933514575521,0.0009078197843743,5.059761349784463,0.8349769995421407,0.0004534364573293,0.003574291408405,0.0004122389259304,8.670436447332923,0.8965920508917882,0.0003176035704443,3.610675097548461
170026,1,-1,0.1082719713948494,0.033400135713323,0.033400135713323,1.0,0.1374459398732169,0.0272148931821436,0.1069613173398856,0.0123510915953999,0.004586945855799,-0.0009076404442073,5.053703683069928,0.8348118685100747,0.0004891753810287,0.0035698369659981,-0.0004122753490368,8.658865911651276,0.8964681765802627,0.000372548814497,3.605162228581348
170026,2,1,0.1082719713948494,0.033400135713323,0.033400135713323,1.0,0.1374459398732169,0.0194939967813935,0.1069613173398856,0.0113912533368126,0.004587322296329,0.0006501611885405,7.055669235838958,0.8758638207796455,0.0003917180719206,0.0035704985019682,0.0003798239870577,9.400402880337465,0.9038498785570552,0.0002694768030642,2.344733644498505
170026,2,-1,0.1082719713948494,0.033400135713323,0.033400135713323,1.0,0.1374459398732169,0.0194939967813935,0.1069613173398856,0.0113912533368126,0.0045934710672646,-0.0006504228869842,7.062283875888669,0.8759656673724138,0.0003505463196589,0.0035741223553661,-0.0003799342904773,9.40721183883164,0.9039127851449342,0.0002514556446299,2.34492796294297
170026,3,1,0.1082719713948494,0.033400135713323,0.033400135713323,1.0,0.1374459398732169,0.0361807281976889,0.1069613173398856,0.0153147364528093,0.0045876383939911,0.0012061671587516,3.803484749771805,0.791817804761948,0.0002136392652282,0.0035706051760629,0.0005102839903322,6.997290222119458,0.874957645374163,0.0002114085046899,3.193805472347653
170026,3,-1,0.1082719713948494,0.033400135713323,0.033400135713323,1.0,0.1374459398732169,0.0361807281976889,0.1069613173398856,0.0153147364528093,0.0045929098309395,-0.0012062359172335,3.80763809576262,0.7919976545486264,0.0002467637441135,0.0035737670850055,-0.0005102592657717,7.00382594639125,0.875059751836448,0.0002101783556616,3.1961878506286303
170026,4,1,0.1082719713948494,0.033400135713323,0.033400135713323,1.0,0.1374459398732169,0.0422169210806546,0.1069613173398856,0.0196682037279269,0.004596747185644,0.0014074684958407,3.2659680832820674,0.765586619384494,0.0005463609608869,0.003576552309702,0.0006553581179014,5.457401399328536,0.8451389439560032,0.0003494252012734,2.191433316046469
170026,4,-1,0.1082719713948494,0.033400135713323,0.033400135713323,1.0,0.1374459398732169,0.0422169210806546,0.1069613173398856,0.0196682037279269,0.0045825843003584,-0.0014069778722149,3.257040775730994,0.7650950383888945,0.0006580297447974,0.003567059536361,-0.0006550831854744,5.445200877461377,0.8448457978250201,0.0004252575343211,2.188160101730383
170026,5,1,0.1082719713948494,0.033400135713323,0.033400135713323,1.0,0.1374459398732169,0.022288889026764,0.1069613173398856,0.0117434530656216,0.0045888205264614,0.0007441295471837,6.166695763959696,0.8604656828005928,0.000356902584204,0.0035714756298677,0.0003922270317561,9.105633576216826,0.901045293948372,0.0002035522310926,2.93893781225713
170026,5,-1,0.1082719713948494,0.033400135713323,0.033400135713323,1.0,0.1374459398732169,0.022288889026764,0.1069613173398856,0.0117434530656216,0.0045894412244732,-0.0007441840334495,6.167078327645947,0.8604731308512916,0.0002536163791591,0.0035714860626625,-0.0003923108460461,9.10371481861424,0.9010265018409186,0.0001565461761908,2.9366364909682927
170027,0,1,0.071857221452219,0.062081420741534,0.062081420741534,1.0,0.0745530483456093,0.0201144022981804,0.0714913726775744,0.0113078532816567,0.0046284604734567,0.0012487963827396,3.706337187891933,0.7875205366558276,0.0001584644080004,0.0044382671981303,0.0007020739541516,6.321651973952954,0.8634188017188557,6.548701582175026e-05,2.615314786061021
170027,0,-1,0.071857221452219,0.062081420741534,0.062081420741534,1.0,0.0745530483456093,0.0201144022981804,0.0714913726775744,0.0113078532816567,0.004628139421547,-0.0012481855292456,3.707893829165192,0.7875907919152626,0.000368241263944,0.004438859461389,-0.0007015692302695,6.32704410322772,0.8635193147589383,0.0001848490751394,2.619150274062528
170027,1,1,0.071857221452219,0.062081420741534,0.062081420741534,1.0,0.0745530483456093,0.0197457738336053,0.0714913726775744,0.007419452556878,0.0046292127349172,0.0012262838661294,3.774992775143209,0.7905755993588894,9.973751238684295e-05,0.0044390280428362,0.0004607991900939,9.633324316221216,0.9059560331029788,5.247948415279304e-05,5.858331541078007
170027,1,-1,0.071857221452219,0.062081420741534,0.062081420741534,1.0,0.0745530483456093,0.0197457738336053,0.0714913726775744,0.007419452556878,0.0046282077675631,-0.0012269030756289,3.7722684533876745,0.7904560462666066,0.0002130539303549,0.0044381460537308,-0.0004610707513456,9.62573757014196,0.9058888859809624,0.0001457917590431,5.853469116754287
170027,2,1,0.071857221452219,0.062081420741534,0.062081420741534,1.0,0.0745530483456093,0.0253275388754815,0.0714913726775744,0.0132664983076424,0.0046280822211544,0.0015732929353105,2.941653214910036,0.746299345610285,0.0001746888655736,0.004437590566403,0.0008242201375575,5.3839870735840485,0.8433580788191372,8.206140536520387e-05,2.4423338586740124
170027,2,-1,0.071857221452219,0.062081420741534,0.062081420741534,1.0,0.0745530483456093,0.0253275388754815,0.0714913726775744,0.0132664983076424,0.0046289128339691,-0.001574172056753,2.940538052437549,0.7462275489558038,0.0002873178570974,0.0044393228904588,-0.0008248673934028,5.3818624980919125,0.8433059314112478,0.0001386587971916,2.4413244456543635
170027,3,1,0.071857221452219,0.062081420741534,0.062081420741534,1.0,0.0745530483456093,0.0246086950902345,0.0714913726775744,0.0150395896413477,0.0046281042467586,0.0015279176710331,3.0290272404705543,0.7518011320560818,0.0001955999824615,0.004438013419336,0.0009337620440158,4.752831246218192,0.8261725475334633,0.0001311403286838,1.7238040057476378
170027,3,-1,0.071857221452219,0.062081420741534,0.062081420741534,1.0,0.0745530483456093,0.0246086950902345,0.0714913726775744,0.0150395896413477,0.0046284588189933,-0.001529050213841,3.027015579405607,0.75167714644213,0.0002965742483176,0.004438926391789,-0.000934468936886,4.75021289265756,0.8260933953807347,0.0001376457081072,1.7231973132519527
170027,4,1,0.071857221452219,0.062081420741534,0.062081420741534,1.0,0.0745530483456093,0.01661565432782,0.0714913726775744,0.0078072720251646,0.0046297426952793,0.0010330658576816,4.481556195908469,0.8175700541487803,0.0004078056550998,0.0044393659344045,0.0004856971718058,9.140193091693735,0.9013825485414924,0.0002253764269761,4.658636895785268
170027,4,-1,0.071857221452219,0.062081420741534,0.062081420741534,1.0,0.0745530483456093,0.01661565432782,0.0714913726775744,0.0078072720251646,0.0046286373872172,-0.0010321730980808,4.48436158219879,0.8176633715680213,0.0001796040759343,0.0044386869075587,-0.000485071229843,9.150587861057316,0.9014835383242684,7.709103083680946e-05,4.666226278858526
170027,5,1,0.071857221452219,0.062081420741534,0.062081420741534,1.0,0.0745530483456093,0.0152899540316909,0.0714913726775744,0.0070980633468183,0.0046276878234069,0.0009498319899265,4.872111986626201,0.8297035202534436,0.000254996709612,0.0044383651683944,0.0004411271403727,10.06141940084126,0.9095956889652024,0.0001304683738004,5.189307414215061
170027,5,-1,0.071857221452219,0.062081420741534,0.062081420741534,1.0,0.0745530483456093,0.0152899540316909,0.0714913726775744,0.0070980633468183,0.0046303766881973,-0.0009499878532183,4.8741430456250665,0.8297624024078238,0.0004017443458714,0.0044392062059408,-0.0004413364809247,10.058552596035373,0.9095722526690778,0.0002016444262239,5.1844095504103045
170028,0,1,0.0562210251537902,0.0274722439620544,0.0274722439620544,1.0,0.0813294989722045,0.0172090695923072,0.0552307719192969,0.0088516849245835,0.0022343153988161,0.0004727871826961,4.725837502763775,0.8253530597895391,1.56421362798577e-05,0.0015173220560437,0.0002431850514949,6.239372225841462,0.8618664755998555,1.6048802889516508e-05,1.5135347230776874
170028,0,-1,0.0562210251537902,0.0274722439620544,0.0274722439620544,1.0,0.0813294989722045,0.0172090695923072,0.0552307719192969,0.0088516849245835,0.0022343146817192,-0.0004726026417643,4.727681320978746,0.8254092810056828,8.116003295371738e-05,0.0015173370470076,-0.0002431186609759,6.241137726368248,0.8619001546734087,5.916695899524501e-05,1.513456405389502
170028,1,1,0.0562210251537902,0.0274722439620544,0.0274722439620544,1.0,0.0813294989722045,0.0233901093454428,0.0552307719192969,0.0143212399536062,0.0022344149515315,0.0006425689445751,3.4773155011488845,0.776651879961687,2.967627489156172e-05,0.0015173935917979,0.0003934367378698,3.856766401657657,0.7941016887988084,2.1172349875054997e-05,0.3794509005087723
170028,1,-1,0.0562210251537902,0.0274722439620544,0.0274722439620544,1.0,0.0813294989722045,0.0233901093454428,0.0552307719192969,0.0143212399536062,0.0022341661382481,-0.0006425812332991,3.476861791892208,0.7766292446617307,5.1522047632216767e-05,0.0015172243970932,-0.0003934544596161,3.85616266383057,0.7940760906861397,3.27934571462818e-05,0.3793008719383621
170028,2,1,0.0562210251537902,0.0274722439620544,0.0274722439620544,1.0,0.0813294989722045,0.0204911126799521,0.0552307719192969,0.0122171001761083,0.0022343338817876,0.0005629438085879,3.969017595891709,0.7987529766795792,3.934329311856628e-05,0.0015173313624097,0.0003356610493594,4.520427274182513,0.8188546012232207,2.853481838246873e-05,0.551409678290804
170028,2,-1,0.0562210251537902,0.0274722439620544,0.0274722439620544,1.0,0.0813294989722045,0.0204911126799521,0.0552307719192969,0.0122171001761083,0.0022343245992376,-0.0005629339425472,3.9690706677293783,0.7987551260853871,7.172766234555511e-05,0.0015173368629858,-0.0003356908596897,4.520042232855989,0.8188419657284733,5.673720323039968e-05,0.55097156512661
170028,3,1,0.0562210251537902,0.0274722439620544,0.0274722439620544,1.0,0.0813294989722045,0.0204403601953305,0.0552307719192969,0.0086702905094715,0.0022343663017354,0.0005615176746985,3.9791557815714658,0.7991627408603811,1.3741351620339774e-05,0.0015173374419893,0.0002381758199237,6.370661146326606,0.8643269606148724,1.9703595095299408e-05,2.3915053647551403
170028,3,-1,0.0562210251537902,0.0274722439620544,0.0274722439620544,1.0,0.0813294989722045,0.0204403601953305,0.0552307719192969,0.0086702905094715,0.0022343489788388,-0.000561495123872,3.9792847414718096,0.7991679424012185,5.1858574136239545e-05,0.0015173755061756,-0.0002381918670276,6.370391756461622,0.8643220017276151,3.3853861668903814e-05,2.3911070149898124
170028,4,1,0.0562210251537902,0.0274722439620544,0.0274722439620544,1.0,0.0813294989722045,0.0189964662831648,0.0552307719192969,0.0073801698538802,0.0022342604625955,0.0005219341335637,4.280732603816567,0.8106323355063906,4.223923301693716e-05,0.0015172870828917,0.0002027697242552,7.482808828869532,0.8821145188847471,3.423520757960852e-05,3.2020762250529646
170028,4,-1,0.0562210251537902,0.0274722439620544,0.0274722439620544,1.0,0.0813294989722045,0.0189964662831648,0.0552307719192969,0.0073801698538802,0.0022345167540895,-0.0005219930091866,4.280740766177849,0.8106326282091308,0.0001041568434671,0.0015174389735069,-0.0002028343553609,7.4811733485624705,0.8820917862539035,8.225224963816887e-05,3.2004325823846216
170028,5,1,0.0562210251537902,0.0274722439620544,0.0274722439620544,1.0,0.0813294989722045,0.0169379848906789,0.0552307719192969,0.0104701511660687,0.0022343548428553,0.000465330619693,4.801650156450761,0.8276352463465733,2.0262190180697915e-05,0.0015173396968302,0.0002876433855602,5.275072443851718,0.8406392899926128,2.011597434166037e-05,0.4734222874009566
170028,5,-1,0.0562210251537902,0.0274722439620544,0.0274722439620544,1.0,0.0813294989722045,0.0169379848906789,0.0552307719192969,0.0104701511660687,0.0022343059777692,-0.0004654026544207,4.80080196479562,0.8276100432200786,3.711361321742113e-05,0.0015173335410978,-0.0002876897714866,5.274200515547737,0.8406171435672231,2.3755669383986244e-05,0.4733985507521172
170029,0,1,0.1289096179729158,0.0700706052467923,0.0700706052467923,1.0,0.1189796369861555,0.0159443712851506,0.1281878191180022,0.0061601516013695,0.0083366082853534,0.0011176118742879,7.4593053967480545,0.8817869844982282,0.0005368576344675,0.0089816395182237,0.0004303535568567,20.870373615137403,0.9542760440403332,0.0002417570017926,13.41106821838935
170029,0,-1,0.1289096179729158,0.0700706052467923,0.0700706052467923,1.0,0.1189796369861555,0.0159443712851506,0.1281878191180022,0.0061601516013695,0.0083380338127412,-0.0011165802660413,7.467473737732424,0.881901021370301,0.0008142618046276,0.0089831024486122,-0.00042931141811,20.924443351953744,0.9543888077819368,0.0004159482333366,13.456969614221322
170029,1,1,0.1289096179729158,0.0700706052467923,0.0700706052467923,1.0,0.1189796369861555,0.0521954391983061,0.1281878191180022,0.0338016176330026,0.008331688922093,0.0036525732808305,2.281046342264278,0.6952191783704306,0.0002687653308512,0.0089764747384789,0.0023646987223418,3.7960331494515054,0.7914943519282464,0.0001246616713906,1.5149868071872272
170029,1,-1,0.1289096179729158,0.0700706052467923,0.0700706052467923,1.0,0.1189796369861555,0.0521954391983061,0.1281878191180022,0.0338016176330026,0.0083415116871284,-0.0036567868731957,2.281104143167196,0.6952245474797041,0.0001396526851189,0.0089871582538095,-0.0023676162066327,3.795867855875009,0.7914871656075791,8.367313206762455e-05,1.514763712707813
170029,2,1,0.1289096179729158,0.0700706052467923,0.0700706052467923,1.0,0.1189796369861555,0.0136589085257835,0.1281878191180022,0.0080567435429744,0.0083371319332123,0.0009564823493586,8.716451420973664,0.8970817681606036,9.47504157334926e-05,0.0089823883260791,0.0005642344778631,15.919602006742563,0.940896954928284,3.778852886952606e-05,7.203150585768899
170029,2,-1,0.1289096179729158,0.0700706052467923,0.0700706052467923,1.0,0.1189796369861555,0.0136589085257835,0.1281878191180022,0.0080567435429744,0.0083368251663086,-0.00095629197639,8.71786585282313,0.8970967478719115,0.000126430103159,0.0089820016632142,-0.0005639077115279,15.92814121810974,0.9409267687978524,6.433931097493326e-05,7.210275365286611
170029,3,1,0.1289096179729158,0.0700706052467923,0.0700706052467923,1.0,0.1189796369861555,0.0245172772359019,0.1281878191180022,0.012301482010429,0.0083287384207947,0.0017183778535813,4.846860894669751,0.8289680534538383,0.0003035404367152,0.0089733494364434,0.0008625089646888,10.403775269362486,0.9123097416092888,0.0001572812588333,5.556914374692735
170029,3,-1,0.1289096179729158,0.0700706052467923,0.0700706052467923,1.0,0.1189796369861555,0.0245172772359019,0.1281878191180022,0.012301482010429,0.0083424444237851,-0.0017184169132608,4.85472667278965,0.8291978334962097,0.0002313103136571,0.0089883523710818,-0.0008625877779907,10.420217629338383,0.9124359944392816,8.939525069529645e-05,5.565490956548733
170029,4,1,0.1289096179729158,0.0700706052467923,0.0700706052467923,1.0,0.1189796369861555,0.0139204596717146,0.1281878191180022,0.0051290771085931,0.0083318516277643,0.0009779386037674,8.519810543993508,0.8949558927271986,0.0008848657598548,0.0089774585437338,0.0003571764573301,25.13451925363296,0.9617364302631666,0.0005096219589118,16.61470870963945
170029,4,-1,0.1289096179729158,0.0700706052467923,0.0700706052467923,1.0,0.1189796369861555,0.0139204596717146,0.1281878191180022,0.0051290771085931,0.0083394172895177,-0.0009770823360662,8.535020009760554,0.8951234502941423,0.0004328354630993,0.0089842596733482,-0.0003586361738719,25.051180912192464,0.961614024202182,0.0002099486030653,16.51616090243191
170029,5,1,0.1289096179729158,0.0700706052467923,0.0700706052467923,1.0,0.1189796369861555,0.0251329881391895,0.1281878191180022,0.0168681573466855,0.0083380313284257,0.0017607468260112,4.735508367951806,0.8256475388323585,0.0003069953344688,0.0089835379618265,0.0011819815106703,7.600404812359451,0.8837264033708133,9.57134475178008e-05,2.864896444407645
170029,5,-1,0.1289096179729158,0.0700706052467923,0.0700706052467923,1.0,0.1189796369861555,0.0251329881391895,0.1281878191180022,0.0168681573466855,0.0083332474959481,-0.0017621549495886,4.729009499356847,0.8254497570457402,0.000550918479447,0.0089775411268237,-0.0011829442442563,7.589149844048551,0.8835740418834463,0.0001885403134049,2.860140344691704
170030,0,1,0.1115327940749313,0.0779714740838968,0.0779714740838968,1.0,0.1401734380530034,0.0730489324477685,0.1103287189731996,0.0380076498242448,0.0109157348584944,0.0057151877444444,1.9099521042162544,0.6563517321982408,0.0016465898506356,0.0085909253299366,0.0029747277752589,2.887970254416238,0.7427963861441256,0.0008841271591816,0.9780181501999834
170030,0,-1,0.1115327940749313,0.0779714740838968,0.0779714740838968,1.0,0.1401734380530034,0.0730489324477685,0.1103287189731996,0.0380076498242448,0.0109452235087989,-0.0057290646058389,1.9104730460958597,0.6564132413658973,0.0022563894592559,0.0086168292925697,-0.0029814272859624,2.890169192835138,0.7429417718278715,0.0014479573707785,0.9796961467392784
170030,1,1,0.1115327940749313,0.0779714740838968,0.0779714740838968,1.0,0.1401734380530034,0.0119477047988523,0.1103287189731996,0.0063538728720994,0.0109274945830256,0.0009352203329798,11.684406548557408,0.9211630440752682,0.0005501265602359,0.0086000410613843,0.0004977746668655,17.276976177838506,0.9452863542486564,0.0002660634631907,5.592569629281098
170030,1,-1,0.1115327940749313,0.0779714740838968,0.0779714740838968,1.0,0.1401734380530034,0.0119477047988523,0.1103287189731996,0.0063538728720994,0.0109290381918211,-0.000933043583948,11.713320127623923,0.9213423409493822,0.0003611024094348,0.0086024652262915,-0.000496092894718,17.340432241349678,0.945475657997556,0.0002162680272156,5.627112113725753
170030,2,1,0.1115327940749313,0.0779714740838968,0.0779714740838968,1.0,0.1401734380530034,0.0607499873062164,0.1103287189731996,0.0248232707890223,0.0109335689662869,0.0047354507252596,2.308876092398795,0.6977825787138973,0.0005102867950732,0.0086048153822893,0.0019362362895489,4.444093641220498,0.8163146951719565,0.0003159067827091,2.1352175488217027
170030,2,-1,0.1115327940749313,0.0779714740838968,0.0779714740838968,1.0,0.1401734380530034,0.0607499873062164,0.1103287189731996,0.0248232707890223,0.0109224630601395,-0.0047359837755612,2.306271215813644,0.6975444739024808,0.000619162351924,0.008597454244332,-0.0019361171909939,4.440565005217334,0.8161955607476373,0.0004379247696981,2.134293789403691
170030,3,1,0.1115327940749313,0.0779714740838968,0.0779714740838968,1.0,0.1401734380530034,0.0490888123110317,0.1103287189731996,0.019388359379327,0.0109413986928082,0.0038119579161752,2.8702831808236104,0.7416209736396611,0.0009482208174937,0.0086106874971606,0.0015075038789204,5.711884140106775,0.8510105390490111,0.0008105823866992,2.841600959283164
170030,3,-1,0.1115327940749313,0.0779714740838968,0.0779714740838968,1.0,0.1401734380530034,0.0490888123110317,0.1103287189731996,0.019388359379327,0.0109095396234583,-0.0038017691653812,2.869595482755072,0.7415750549491491,0.0011766358077943,0.0085881102903311,-0.0015042277932586,5.709314991262376,0.8509534876060653,0.0010839613874555,2.839719508507305
170030,4,1,0.1115327940749313,0.0779714740838968,0.0779714740838968,1.0,0.1401734380530034,0.020168035509992,0.1103287189731996,0.0146045773237735,0.0109342094920975,0.0015641907176246,6.99033012335922,0.8748487253265589,0.0007042299632004,0.0086063296368978,0.0011333648445272,7.593609135177048,0.8836344562255453,0.0003620536054572,0.6032790118178282
170030,4,-1,0.1115327940749313,0.0779714740838968,0.0779714740838968,1.0,0.1401734380530034,0.020168035509992,0.1103287189731996,0.0146045773237735,0.0109294720465234,-0.0015656268825367,6.980891915197545,0.8747007213447211,0.0007383537494181,0.0086018106764338,-0.0011353802094132,7.576149914460441,0.8833975606800113,0.0004553884970702,0.5952579992628957
170030,5,1,0.1115327940749313,0.0779714740838968,0.0779714740838968,1.0,0.1401734380530034,0.0653715771536283,0.1103287189731996,0.0349461098263734,0.0109189479849016,0.0051089540384027,2.137217892904193,0.6812462397776657,0.002136510077167,0.0085937354236544,0.0027307279190555,3.147049313731585,0.7588646952692772,0.0013324234482425,1.0098314208273922
170030,5,-1,0.1115327940749313,0.0779714740838968,0.0779714740838968,1.0,0.1401734380530034,0.0653715771536283,0.1103287189731996,0.0349461098263734,0.0109409811255436,-0.0051248785736258,2.1348761669880574,0.6810081334214917,0.0032816377725859,0.0086130985502254,-0.0027371636158881,3.1467240395228173,0.7588457803150376,0.0024277109884993,1.01184787253476
170031,0,1,0.1431049792325835,0.0676628731830582,0.0676628731830582,1.0,0.1695468728182524,0.0273334188543996,0.1430457406326517,0.0142843421512925,0.0114699822765049,0.0018496021256719,6.201324121171009,0.8611366488754307,7.626706900228797e-05,0.0096772305160827,0.0009667594154347,10.00996769369052,0.9091732121454752,8.371229210973152e-05,3.808643572519511
170031,0,-1,0.1431049792325835,0.0676628731830582,0.0676628731830582,1.0,0.1695468728182524,0.0273334188543996,0.1430457406326517,0.0142843421512925,0.0114746708063998,-0.0018494520370007,6.204362468897469,0.861195212717686,0.0001032895493233,0.0096810597679111,-0.0009665134830752,10.016476683902823,0.9092268763695392,0.0001030381838744,3.812114215005354
170031,1,1,0.1431049792325835,0.0676628731830582,0.0676628731830582,1.0,0.1695468728182524,0.0176999923859314,0.1430457406326517,0.0146455667053243,0.0114770418850024,0.0012011052359079,9.555400760797362,0.9052617685806882,0.0001256778409775,0.0096830211835712,0.0009938761159085,9.742684252664253,0.9069133955275662,0.0001191724363418,0.1872834918668893
170031,1,-1,0.1431049792325835,0.0676628731830582,0.0676628731830582,1.0,0.1695468728182524,0.0176999923859314,0.1430457406326517,0.0146455667053243,0.0114703733197337,-0.0012005063107283,9.554613097173515,0.9052546985101902,0.0001639390068532,0.0096775163486015,-0.0009933420979864,9.742380161083192,0.906910760464172,0.000139477814013,0.1877670639096749
170031,2,1,0.1431049792325835,0.0676628731830582,0.0676628731830582,1.0,0.1695468728182524,0.0410162277381411,0.1430457406326517,0.0160550924139056,0.0114679517801516,0.0027745053027507,4.133332082219467,0.8051947577161935,0.0001933290074675,0.009675357908646,0.0010853550531258,8.91446341063415,0.8991372544753748,0.0001324157763868,4.781131328414683
170031,2,-1,0.1431049792325835,0.0676628731830582,0.0676628731830582,1.0,0.1695468728182524,0.0410162277381411,0.1430457406326517,0.0160550924139056,0.0114786131430175,-0.0027702614947004,4.143512504134439,0.8055803307183206,0.000314607714342,0.0096835517575862,-0.0010828115180457,8.942970772101182,0.8994264367339907,0.0002361655512472,4.799458267966744
170031,3,1,0.1431049792325835,0.0676628731830582,0.0676628731830582,1.0,0.1695468728182524,0.0325479025360354,0.1430457406326517,0.0160176176273443,0.0114773489442147,0.0022015611681879,5.213277337034682,0.8390543435041232,4.8967717131827656e-05,0.0096832146603602,0.0010836861657646,8.935441796951448,0.8993502231267827,4.126202004023117e-05,3.7221644599167663
170031,3,-1,0.1431049792325835,0.0676628731830582,0.0676628731830582,1.0,0.1695468728182524,0.0325479025360354,0.1430457406326517,0.0160176176273443,0.0114673854768301,-0.0021986907739769,5.215551733126527,0.8391132367750428,0.0002763469697585,0.0096746157186745,-0.0010816232731924,8.944533608370556,0.8994422424035778,0.0001457615269511,3.728981875244029
170031,4,1,0.1431049792325835,0.0676628731830582,0.0676628731830582,1.0,0.1695468728182524,0.0124940790542607,0.1430457406326517,0.0084681507038162,0.0114737855801638,0.0008455715349746,13.56926659137612,0.9313623651727312,6.487995176995602e-05,0.0096801198867009,0.0005730362322943,16.892683814994893,0.9441112350534048,2.567635518403651e-05,3.3234172236187725
170031,4,-1,0.1431049792325835,0.0676628731830582,0.0676628731830582,1.0,0.1695468728182524,0.0124940790542607,0.1430457406326517,0.0084681507038162,0.0114708747663478,-0.0008469572370183,13.543629199884087,0.9312413713072408,0.000145414738632,0.0096782134581273,-0.0005741220952803,16.8574133231787,0.944000848168642,9.685045457183687e-05,3.3137841232946137
170031,5,1,0.1431049792325835,0.0676628731830582,0.0676628731830582,1.0,0.1695468728182524,0.0240866514328196,0.1430457406326517,0.0147425161652339,0.0114657808177093,0.0016297575128303,7.035267963139929,0.8755486432328969,0.0001109453795073,0.0096732798387688,0.0009976588896792,9.695979195723908,0.9065069236110906,6.197641115101901e-05,2.660711232583979
170031,5,-1,0.1431049792325835,0.0676628731830582,0.0676628731830582,1.0,0.1695468728182524,0.0240866514328196,0.1430457406326517,0.0147425161652339,0.0114784897644515,-0.0016260658166262,7.059056064692456,0.8759159891713495,0.000270689014862,0.0096848474571237,-0.0009958065648186,9.725631261406615,0.9067653944436596,0.0001449442715574,2.6665751967141595
170032,0,1,0.0849240358699766,0.0378375649365745,0.0378375649365745,1.0,0.0785618379640247,0.0396065256991302,0.0847917962024459,0.0211940625346295,0.0029717324725042,0.0014984103640433,1.983256752498146,0.6647958647331943,0.0001847693287498,0.0032074429955651,0.0008016893172007,4.000855352246123,0.8000342082378263,9.400745047363314e-05,2.017598599747977
170032,0,-1,0.0849240358699766,0.0378375649365745,0.0378375649365745,1.0,0.0785618379640247,0.0396065256991302,0.0847917962024459,0.0211940625346295,0.0029732082580017,-0.0014992027890927,1.9831928539826664,0.664788684826405,0.0003655152314994,0.0032088318987825,-0.0008020190945419,4.000942023221148,0.8000376738309212,0.0001797117172292,2.017749169238481
170032,1,1,0.0849240358699766,0.0378375649365745,0.0378375649365745,1.0,0.0785618379640247,0.0255879104942144,0.0847917962024459,0.0149070277945944,0.0029730155277372,0.0009683448043751,3.070203417523846,0.7543120337193463,0.0001176395398885,0.0032088082917778,0.0005640825464211,5.688543834817422,0.8504906262564254,3.927248514430508e-05,2.6183404172935765
170032,1,-1,0.0849240358699766,0.0378375649365745,0.0378375649365745,1.0,0.0785618379640247,0.0255879104942144,0.0847917962024459,0.0149070277945944,0.0029722452727784,-0.0009684704217547,3.069009859268742,0.754239966334288,0.0001789609303984,0.003207948702644,-0.0005641221717759,5.686620493108668,0.8504476213311919,7.050242214255672e-05,2.6176106338399263
170032,2,1,0.0849240358699766,0.0378375649365745,0.0378375649365745,1.0,0.0785618379640247,0.0264630016498905,0.0847917962024459,0.0175296135009771,0.0029719599114779,0.0010013939285996,2.967822978147106,0.7479726274313326,0.0001901356085874,0.0032077662415697,0.0006631851383988,4.8369091160718245,0.8286764484225876,9.161708570796078e-05,1.8690861379247183
170032,2,-1,0.0849240358699766,0.0378375649365745,0.0378375649365745,1.0,0.0785618379640247,0.0264630016498905,0.0847917962024459,0.0175296135009771,0.002973082168242,-0.0010020596913801,2.966971123391056,0.7479185078753037,0.0001750988039662,0.0032087814252942,-0.0006636823151604,4.834815320509877,0.8286149697857764,6.97025356541919e-05,1.867844197118821
170032,3,1,0.0849240358699766,0.0378375649365745,0.0378375649365745,1.0,0.0785618379640247,0.0174866059897901,0.0847917962024459,0.0089456722153349,0.0029723345911543,0.0006616329625977,4.49242217237761,0.817930965862533,7.896880244178654e-05,0.0032080455925556,0.0003384051402942,9.47989616752558,0.9045792072731852,4.358322855462857e-05,4.987473995147971
170032,3,-1,0.0849240358699766,0.0378375649365745,0.0378375649365745,1.0,0.0785618379640247,0.0174866059897901,0.0847917962024459,0.0089456722153349,0.0029728120257412,-0.0006618719235152,4.491521577086649,0.8179011070133102,0.0001258500744322,0.0032085381299512,-0.0003385184154999,9.478178979431696,0.9045635694939964,6.82437281032879e-05,4.986657402345047
170032,4,1,0.0849240358699766,0.0378375649365745,0.0378375649365745,1.0,0.0785618379640247,0.0387191941965492,0.0847917962024459,0.0180873681688534,0.0029732185634357,0.0014654585994879,2.0288656154958544,0.6698433912406212,9.418755048086156e-05,0.0032089020030896,0.0006845828166875,4.687383213344224,0.8241722137425671,6.447996122890771e-05,2.6585175978483693
170032,4,-1,0.0849240358699766,0.0378375649365745,0.0378375649365745,1.0,0.0785618379640247,0.0387191941965492,0.0847917962024459,0.0180873681688534,0.0029722216504788,-0.0014647441213923,2.029174657244204,0.6698770744009355,0.0001257273247025,0.0032080449845864,-0.0006843403064136,4.687791957474629,0.824184849327014,8.977865163648293e-05,2.6586173002304254
170032,5,1,0.0849240358699766,0.0378375649365745,0.0378375649365745,1.0,0.0785618379640247,0.0325166155251433,0.0847917962024459,0.0122795992186612,0.0029723383352526,0.0012307802149446,2.415003344349274,0.7071745180997622,0.0001500786581968,0.0032080521870006,0.0004646918670136,6.903611650469816,0.8734755648146557,9.003645166972105e-05,4.488608306120542
170032,5,-1,0.0849240358699766,0.0378375649365745,0.0378375649365745,1.0,0.0785618379640247,0.0325166155251433,0.0847917962024459,0.0122795992186612,0.0029726590537575,-0.0012303317184915,2.4161443690973083,0.7072723245990207,3.418364176648128e-05,0.0032083859218808,-0.0004646314628166,6.905227429981729,0.8735014256253585,1.6821709923507327e-05,4.489083060884421
170033,0,1,0.1325644402158517,0.0302578439655399,0.0302578439655399,1.0,0.1178451444696788,0.0236923904087464,0.1189341143469989,0.0124630460400897,0.003568013623796,0.0007168081426469,4.977641033227273,0.8327099278057335,0.0005611228739034,0.0036012816902136,0.0003772956948681,9.544984846599478,0.9051681899455288,0.0002344694269698,4.567343813372205
170033,0,-1,0.1325644402158517,0.0302578439655399,0.0302578439655399,1.0,0.1178451444696788,0.0236923904087464,0.1189341143469989,0.0124630460400897,0.0035598564415848,-0.0007185454828003,4.9542534561711005,0.8320528329267574,0.0012422942311913,0.0035925589058416,-0.0003790739073255,9.477199132955713,0.904554644107648,0.0005142418322329,4.522945676784611
170033,1,1,0.1325644402158517,0.0302578439655399,0.0302578439655399,1.0,0.1178451444696788,0.0358026174951473,0.1189341143469989,0.0211672321406487,0.0035710474341183,0.0010790047806661,3.309575173439285,0.7679585667368825,0.0007670991953223,0.0036041191000954,0.0006371276695404,5.656824012508248,0.8497782128352818,0.0002746788723196,2.347248839068963
170033,1,-1,0.1325644402158517,0.0302578439655399,0.0302578439655399,1.0,0.1178451444696788,0.0358026174951473,0.1189341143469989,0.0211672321406487,0.0035544178688658,-0.0010762652223573,3.302548289237841,0.7675795986993695,0.0015404394869828,0.0035874917268801,-0.0006345616589115,5.653495884116479,0.8497030707740807,0.0006404124904722,2.3509475948786376
170033,2,1,0.1325644402158517,0.0302578439655399,0.0302578439655399,1.0,0.1178451444696788,0.0192304934676849,0.1189341143469989,0.0086458541335358,0.0035666833444913,0.0005811003728349,6.137809423671642,0.8599009947388583,0.0004622031133549,0.0035997619362024,0.0002609208672488,13.79637425762228,0.9324158754983604,0.0002216443475694,7.658564833950639
170033,2,-1,0.1325644402158517,0.0302578439655399,0.0302578439655399,1.0,0.1178451444696788,0.0192304934676849,0.1189341143469989,0.0086458541335358,0.0035607057480194,-0.0005810098969144,6.128476927713685,0.8597175792051375,0.000754243870782,0.0035935167732002,-0.0002606729464824,13.785537861438264,0.9323663427484724,0.000304709182988,7.65706093372458
170033,3,1,0.1325644402158517,0.0302578439655399,0.0302578439655399,1.0,0.1178451444696788,0.0162546896156699,0.1189341143469989,0.0075595811217184,0.0035690931108641,0.0004911890165861,7.266231512387251,0.8790258900320584,0.0006740643082128,0.003601770868479,0.0002284554872185,15.765744619727858,0.940354572810126,0.0003391585245479,8.499513107340608
170033,3,-1,0.1325644402158517,0.0302578439655399,0.0302578439655399,1.0,0.1178451444696788,0.0162546896156699,0.1189341143469989,0.0075595811217184,0.0035580366630332,-0.0004925372905858,7.223892953961045,0.8784030865189765,0.0011753690608942,0.0035914088144811,-0.0002295840208835,15.643113142820724,0.939915087314577,0.000717719897397,8.41922018885968
170033,4,1,0.1325644402158517,0.0302578439655399,0.0302578439655399,1.0,0.1178451444696788,0.0238880192148001,0.1189341143469989,0.0133409258209029,0.0035676664894585,0.0007211139337137,4.947438015904389,0.8318603746141041,0.0004970753771973,0.0036009229973953,0.0004026761543077,8.942478860156509,0.8994214607780158,0.0002024326050864,3.99504084425212
170033,4,-1,0.1325644402158517,0.0302578439655399,0.0302578439655399,1.0,0.1178451444696788,0.0238880192148001,0.1189341143469989,0.0133409258209029,0.0035594983351705,-0.0007207944210577,4.938298953455112,0.8316016071541557,0.0007185154304802,0.0035922455124002,-0.0004018987111951,8.938186195494024,0.8993780172428848,0.0003461590010471,3.9998872420389127
170033,5,1,0.1325644402158517,0.0302578439655399,0.0302578439655399,1.0,0.1178451444696788,0.0326279726796288,0.1189341143469989,0.0144866277362962,0.0035637153343035,0.000986070198459,3.614058451283834,0.7832710594028657,0.0003965497793226,0.0035963997443874,0.0004375931358811,8.218592682303024,0.8915235725817776,0.0001468484533242,4.604534231019191
170033,5,-1,0.1325644402158517,0.0302578439655399,0.0302578439655399,1.0,0.1178451444696788,0.0326279726796288,0.1189341143469989,0.0144866277362962,0.0035645142597812,-0.0009863824368531,3.613724379713892,0.7832553664460529,0.0003144752107704,0.0035977216684845,-0.0004380490517104,8.21305663013747,0.8914583899626938,0.0001602439292306,4.599332250423577
170034,0,1,0.1055409357781177,0.0539692267965346,0.0539692267965346,1.0,0.0972807427658059,0.0200053837880696,0.1038149386481423,0.0088830646307418,0.0052511563453536,0.0010822600732112,4.852028154164335,0.8291190722846412,0.0002201829554236,0.005603650720895,0.0004802386319847,11.668471355009924,0.9210638780341452,0.0001143747768246,6.816443200845589
170034,0,-1,0.1055409357781177,0.0539692267965346,0.0539692267965346,1.0,0.0972807427658059,0.0200053837880696,0.1038149386481423,0.0088830646307418,0.0052540919712467,-0.0010827561898628,4.852516217808569,0.8291333226968071,0.000827330595051,0.0056047895266203,-0.0004821658064504,11.624195352775155,0.9207870306141792,0.0006507741998235,6.771679134966588
170034,1,1,0.1055409357781177,0.0539692267965346,0.0539692267965346,1.0,0.0972807427658059,0.0310963448182271,0.1038149386481423,0.0165459013134561,0.0052490628149255,0.0016764496464065,3.1310590366814024,0.7579313219393425,0.0003639904701578,0.0056026462408653,0.0008916212916613,6.283661340589419,0.8627064118937913,0.0001783683558842,3.152602303908017
170034,1,-1,0.1055409357781177,0.0539692267965346,0.0539692267965346,1.0,0.0972807427658059,0.0310963448182271,0.1038149386481423,0.0165459013134561,0.0052528468131452,-0.0016721529704003,3.141367390499153,0.7585338595425914,0.0012036665872449,0.0056026074461262,-0.0008883216196857,6.306958338019716,0.8631441492150326,0.0004910237983393,3.1655909475205632
170034,2,1,0.1055409357781177,0.0539692267965346,0.0539692267965346,1.0,0.0972807427658059,0.0367156430759038,0.1038149386481423,0.0193467699043227,0.0052501423529659,0.0019815338723236,2.649534497639755,0.7259924517368653,0.000231866359155,0.005603084065245,0.0010436744835517,5.368612679090925,0.8429799313619519,0.0001544639476837,2.71907818145117
170034,2,-1,0.1055409357781177,0.0539692267965346,0.0539692267965346,1.0,0.0972807427658059,0.0367156430759038,0.1038149386481423,0.0193467699043227,0.0052520516946975,-0.0019807527536158,2.651543300953249,0.7261431899934074,0.0007444875766837,0.0056031945873263,-0.0010423769783296,5.375401321986146,0.843147129177357,0.0005089795622885,2.723858021032897
170034,3,1,0.1055409357781177,0.0539692267965346,0.0539692267965346,1.0,0.0972807427658059,0.0171137213792331,0.1038149386481423,0.0082647993298389,0.0052506721845558,0.0009242535240839,5.6809869237490656,0.8503215151573975,0.0004070786088423,0.0056034365951235,0.000446487055944,12.550053849294136,0.9261995552842698,0.0001285127459903,6.86906692554507
170034,3,-1,0.1055409357781177,0.0539692267965346,0.0539692267965346,1.0,0.0972807427658059,0.0171137213792331,0.1038149386481423,0.0082647993298389,0.0052523635668306,-0.0009230685414393,5.690112197556599,0.850525675733028,0.000948210097523,0.0056028760927112,-0.0004476178312613,12.517097625245992,0.9260196213917776,0.0006565596436868,6.826985427689395
170034,4,1,0.1055409357781177,0.0539692267965346,0.0539692267965346,1.0,0.0972807427658059,0.021571330310489,0.1038149386481423,0.0127431252025909,0.0052497133477669,0.0011637213841945,4.5111428036496966,0.8185494305577129,8.746600873850598e-05,0.0056027746588472,0.000687647819773,8.147738562870764,0.8906833647324768,7.597417406102673e-05,3.636595759221067
170034,4,-1,0.1055409357781177,0.0539692267965346,0.0539692267965346,1.0,0.0972807427658059,0.021571330310489,0.1038149386481423,0.0127431252025909,0.0052508407608914,-0.0011634272482392,4.513252348897469,0.8186188593018097,0.0001283132647086,0.0056031123187489,-0.000687627012559,8.148476159900047,0.8906921783998041,8.30603388564037e-05,3.6352238110025783
170034,5,1,0.1055409357781177,0.0539692267965346,0.0539692267965346,1.0,0.0972807427658059,0.0233459242037219,0.1038149386481423,0.0091184935803889,0.0052495657535197,0.001260276650012,4.165407455153103,0.8064044301089196,0.0001549603565144,0.0056023093226481,0.0004920833917335,11.384877881978689,0.919256369781804,5.500595977107522e-05,7.219470426825584
170034,5,-1,0.1055409357781177,0.0539692267965346,0.0539692267965346,1.0,0.0972807427658059,0.0233459242037219,0.1038149386481423,0.0091184935803889,0.0052536630117101,-0.001259231973381,4.172116911548801,0.8066555692569316,0.0006057686715393,0.0056047895771383,-0.0004931172226668,11.366038985244511,0.9191333618474576,0.0004734144433971,7.193922073695712
170035,0,1,0.0847372745289756,0.0362493556593997,0.0362493556593997,1.0,0.1333778559719143,0.0249812795492808,0.0831087891829302,0.0077318772227465,0.0048345317306489,0.0009055906893405,5.338539571518706,0.8422349519606452,2.473223470187831e-05,0.0030124033953519,0.0002803147979934,10.746501493693003,0.9148682694556396,2.56668504388214e-05,5.407961922174297
170035,0,-1,0.0847372745289756,0.0362493556593997,0.0362493556593997,1.0,0.1333778559719143,0.0249812795492808,0.0831087891829302,0.0077318772227465,0.0048351676341795,-0.0009055961799701,5.339209397210141,0.8422516220334832,2.149340309118392e-05,0.0030128623985333,-0.0002803228877841,10.74782877109324,0.9148778876943964,1.7366307696850996e-05,5.4086193738830985
170035,1,1,0.0847372745289756,0.0362493556593997,0.0362493556593997,1.0,0.1333778559719143,0.0270679170728344,0.0831087891829302,0.0150663454501534,0.0048340635495858,0.0009812673455504,4.926347107646816,0.8312619929552065,0.0001156073216592,0.0030122020757518,0.0005461976294457,5.51485746798824,0.8465047002311785,0.0001495910808808,0.5885103603414246
170035,1,-1,0.0847372745289756,0.0362493556593997,0.0362493556593997,1.0,0.1333778559719143,0.0270679170728344,0.0831087891829302,0.0150663454501534,0.0048352730785065,-0.0009813524537763,4.92715238026374,0.8312849179768341,5.094521095388907e-05,0.0030129164227877,-0.0005461946249098,5.516195666113227,0.8465362227840407,4.924424130752493e-05,0.5890432858494874
170035,2,1,0.0847372745289756,0.0362493556593997,0.0362493556593997,1.0,0.1333778559719143,0.0300324286689523,0.0831087891829302,0.014976035350305,0.0048352498380487,0.0010885688362024,4.441841137867245,0.8162386635946676,5.723443468427984e-05,0.0030128724831283,0.0005428123172658,5.55048658125291,0.8473395849917564,7.974037827203887e-05,1.1086454433856652
170035,2,-1,0.0847372745289756,0.0362493556593997,0.0362493556593997,1.0,0.1333778559719143,0.0300324286689523,0.0831087891829302,0.014976035350305,0.0048342172311055,-0.001088469045627,4.441299686493219,0.8162203779214235,5.627689046315768e-05,0.0030122450725754,-0.0005427444866772,5.550024268346783,0.8473288099354785,8.572421262500702e-05,1.108724581853564
170035,3,1,0.0847372745289756,0.0362493556593997,0.0362493556593997,1.0,0.1333778559719143,0.0235661614953057,0.0831087891829302,0.0117858481619374,0.0048351375590412,0.0008543773030958,5.659253284837431,0.8498330132183263,3.102451564002624e-05,0.0030128856652828,0.0004273325066012,7.050448114135238,0.8757833122054202,2.6709493202043246e-05,1.3911948292978078
170035,3,-1,0.0847372745289756,0.0362493556593997,0.0362493556593997,1.0,0.1333778559719143,0.0235661614953057,0.0831087891829302,0.0117858481619374,0.0048341903111372,-0.0008542923499352,5.658707246410393,0.8498206989744016,4.566971772159697e-05,0.0030121144442646,-0.0004272664089075,7.049733799478977,0.8757722895054336,4.052148583668895e-05,1.391026553068584
170035,4,1,0.0847372745289756,0.0362493556593997,0.0362493556593997,1.0,0.1333778559719143,0.0178222246775128,0.0831087891829302,0.0083625723454282,0.004834832510689,0.000645964916629,7.484667334430587,0.882140340854376,4.08974414470058e-05,0.003012620938593,0.0003031215911631,9.938655069151675,0.9085810829870556,3.899637152499712e-05,2.453987734721088
170035,4,-1,0.0847372745289756,0.0362493556593997,0.0362493556593997,1.0,0.1333778559719143,0.0178222246775128,0.0831087891829302,0.0083625723454282,0.0048348182545404,-0.000645916113514,7.485210777959841,0.8821478892902131,5.196191752311115e-05,0.0030126205414179,-0.0003030927524506,9.939599403317567,0.9085889745015034,5.168588112466383e-05,2.454388625357728
170035,5,1,0.0847372745289756,0.0362493556593997,0.0362493556593997,1.0,0.1333778559719143,0.0202885797631384,0.0831087891829302,0.0114287606779111,0.0048346815748549,0.0007354063812095,6.574163208777831,0.8679722139019816,5.116679232771477e-05,0.0030124808526136,0.0004143483094568,7.270407007464757,0.8790869664458576,5.289866108057157e-05,0.6962437986869263
170035,5,-1,0.0847372745289756,0.0362493556593997,0.0362493556593997,1.0,0.1333778559719143,0.0202885797631384,0.0831087891829302,0.0114287606779111,0.0048348441079748,-0.0007352758049011,6.575551753152701,0.8679964136494966,4.964081157341304e-05,0.003012716103413,-0.0004143262351154,7.271362149120316,0.8791009289677453,4.733144299487481e-05,0.695810395967615
170036,0,1,0.149326093941517,0.0562798711978278,0.0562798711978278,1.0,0.1449638622921849,0.016094800206892,0.1329661046735193,0.0067966993379302,0.0081537809908561,0.0009076144376352,8.983749765033831,0.8998372331503832,0.0004955283280827,0.0074799034432315,0.000383291246005,19.514934194750264,0.951255022779654,0.0002610128319841,10.531184429716433
170036,0,-1,0.149326093941517,0.0562798711978278,0.0562798711978278,1.0,0.1449638622921849,0.016094800206892,0.1329661046735193,0.0067966993379302,0.0081661988769408,-0.0009087831264286,8.985861026077373,0.8998584100671368,0.0009461325140086,0.0074881565701183,-0.000383894142443,19.505784908424616,0.9512332737095492,0.0005160196689624,10.519923882347245
170036,1,1,0.149326093941517,0.0562798711978278,0.0562798711978278,1.0,0.1449638622921849,0.0327544280118444,0.1329661046735193,0.0127430691725416,0.0081590890377811,0.0018430091445893,4.427047506372949,0.815737747122039,0.0001788376064423,0.007483435048553,0.0007167876191626,10.440240384292398,0.9125892493156864,0.0001675602702278,6.013192877919449
170036,1,-1,0.149326093941517,0.0562798711978278,0.0562798711978278,1.0,0.1449638622921849,0.0327544280118444,0.1329661046735193,0.0127430691725416,0.0081602383244589,-0.0018417345643177,4.430735287567106,0.8158628717755113,0.0003072675415586,0.0074845028136341,-0.0007164487913889,10.44666821073683,0.9126383344402336,0.0002670163051148,6.015932923169723
170036,2,1,0.149326093941517,0.0562798711978278,0.0562798711978278,1.0,0.1449638622921849,0.0396717211198023,0.1329661046735193,0.0174557248598981,0.0081588131702353,0.0022353198291958,3.6499533819135537,0.7849440805386142,0.0002919503015034,0.0074832476273687,0.0009838529506283,7.606063103822624,0.8838028506256453,0.000202242998609,3.9561097219090704
170036,2,-1,0.149326093941517,0.0562798711978278,0.0562798711978278,1.0,0.1449638622921849,0.0396717211198023,0.1329661046735193,0.0174557248598981,0.0081615809663929,-0.0022342186913669,3.652991087186692,0.7850844797975696,0.0002047549065974,0.0074857829815318,-0.0009829804727261,7.615393376801755,0.8839286894673143,0.0001382379219134,3.962402289615064
170036,3,1,0.149326093941517,0.0562798711978278,0.0562798711978278,1.0,0.1449638622921849,0.0489365080442501,0.1329661046735193,0.0273786561219785,0.0081681459548613,0.0027665998468666,2.952413217296048,0.7469900172320224,0.0020858785378707,0.0074872456071299,0.00154928632631,4.832706182179627,0.8285529960251985,0.0011356533118449,1.8802929648835789
170036,3,-1,0.149326093941517,0.0562798711978278,0.0562798711978278,1.0,0.1449638622921849,0.0489365080442501,0.1329661046735193,0.0273786561219785,0.0081569782199495,-0.0027567403655607,2.958921457330365,0.7474059511465191,0.0004544212232965,0.007482322466238,-0.0015419677842963,4.852450578043375,0.829131406294707,0.0002214399114873,1.8935291207130105
170036,4,1,0.149326093941517,0.0562798711978278,0.0562798711978278,1.0,0.1449638622921849,0.0666398210149586,0.1329661046735193,0.0341258930217446,0.008149566281124,0.0037590334878896,2.1679951262411152,0.6843429487258971,0.0019973419732126,0.0074805544765563,0.0019259143649647,3.884157370979135,0.7952563924451254,0.001111119836363,1.7161622447380198
170036,4,-1,0.149326093941517,0.0562798711978278,0.0562798711978278,1.0,0.1449638622921849,0.0666398210149586,0.1329661046735193,0.0341258930217446,0.0081788696917042,-0.0037699472453146,2.1694918150026874,0.6844920074358507,0.0044940399661257,0.0074887638467022,-0.0019334755168744,3.873213692824141,0.7947966038360866,0.0026225921877971,1.703721877821454
170036,5,1,0.149326093941517,0.0562798711978278,0.0562798711978278,1.0,0.1449638622921849,0.0242638195537585,0.1329661046735193,0.0151972026761079,0.0081631715066032,0.0013671939519523,5.970748696584028,0.8565433867254397,0.0005761636337553,0.0074863493064041,0.0008553537278287,8.752343110024333,0.8974605396141045,0.0003814837261098,2.7815944134403043
170036,5,-1,0.149326093941517,0.0562798711978278,0.0562798711978278,1.0,0.1449638622921849,0.0242638195537585,0.1329661046735193,0.0151972026761079,0.0081554933955514,-0.0013676704768699,5.963054356638876,0.8563848637708024,0.0004178321687762,0.0074813327610904,-0.0008559584991074,8.74029847110882,0.897333741572073,0.0003033664618356,2.777244114469944
170037,0,1,0.095364957513093,0.0497024558233325,0.0497024558233325,1.0,0.1383234655184898,0.0219189785267989,0.0942573659071766,0.0121905175521929,0.0068662085106369,0.0010897209000809,6.30088723646649,0.8630303458180812,0.0003695922630219,0.0046794928583441,0.0006063944433045,7.716912498135128,0.8852804820268717,0.0003850006541035,1.4160252616686382
170037,0,-1,0.095364957513093,0.0497024558233325,0.0497024558233325,1.0,0.1383234655184898,0.0219189785267989,0.0942573659071766,0.0121905175521929,0.0068809619957662,-0.0010896791234639,6.314668095949643,0.8632883971107683,0.0002826029089665,0.0046883341390131,-0.0006062749919589,7.733015877592456,0.8854920208532034,0.0003012112997215,1.4183477816428125
170037,1,1,0.095364957513093,0.0497024558233325,0.0497024558233325,1.0,0.1383234655184898,0.0153917400581664,0.0942573659071766,0.0086431169366198,0.0068719121102386,0.0007651597111691,8.981016655633164,0.8998098055035694,0.0001603675828339,0.0046830004424904,0.0004296264985172,10.900166676501666,0.9159675635489524,0.0001717903794919,1.9191500208685015
170037,1,-1,0.095364957513093,0.0497024558233325,0.0497024558233325,1.0,0.1383234655184898,0.0153917400581664,0.0942573659071766,0.0086431169366198,0.0068774227655061,-0.000765615678284,8.982865634244899,0.8998283622520539,0.0001481318573781,0.0046861124959385,-0.0004298893213264,10.900741803654082,0.915971624584532,0.0001219901402932,1.9178761694091837
170037,2,1,0.095364957513093,0.0497024558233325,0.0497024558233325,1.0,0.1383234655184898,0.028277292261299,0.0942573659071766,0.0170547047407285,0.006869434469521,0.0014042449315502,4.891906187571127,0.830275641165251,0.000297055966963,0.0046808088350755,0.0008466025552514,5.528933034792983,0.8468356169881122,0.0001908275988617,0.6370268472218559
170037,2,-1,0.095364957513093,0.0497024558233325,0.0497024558233325,1.0,0.1383234655184898,0.028277292261299,0.0942573659071766,0.0170547047407285,0.0068776964204815,-0.0014049998977388,4.895157950933112,0.8303692609556432,0.0003046481465149,0.0046866883186078,-0.0008471568041018,5.53225600728195,0.8469135320346858,0.0001827031532025,0.6370980563488384
170037,3,1,0.095364957513093,0.0497024558233325,0.0497024558233325,1.0,0.1383234655184898,0.0171158900269662,0.0942573659071766,0.0092005230174871,0.0068717146118775,0.0008504581431937,8.08001506818912,0.8898680241728458,0.0001589683560181,0.004682906450539,0.000457217839328,10.242177902356389,0.9110492638805868,0.000195649572752,2.162162834167267
170037,3,-1,0.095364957513093,0.0497024558233325,0.0497024558233325,1.0,0.1383234655184898,0.0171158900269662,0.0942573659071766,0.0092005230174871,0.0068769026635052,-0.0008499862156139,8.090604926492807,0.8899963194874201,0.0001508780502266,0.0046858440507647,-0.0004570429050189,10.252525527248038,0.9111310614156356,0.0001545896144873,2.1619206007552307
170037,4,1,0.095364957513093,0.0497024558233325,0.0497024558233325,1.0,0.1383234655184898,0.0150734912594476,0.0942573659071766,0.0071774542755306,0.006871166928877,0.000748393209008,9.18122565272284,0.9017799983902172,0.0002525633734127,0.0046826206359111,0.0003560271304229,13.152426418557466,0.929340738441237,0.0002031150299006,3.9712007658346273
170037,4,-1,0.095364957513093,0.0497024558233325,0.0497024558233325,1.0,0.1383234655184898,0.0150734912594476,0.0942573659071766,0.0071774542755306,0.0068759984717049,-0.0007489184497795,9.1812379221265,0.9017801167550816,0.0001600975147106,0.0046850995610587,-0.0003564135518193,13.145121831449687,0.9293042497678146,0.00013481355387,3.9638839093231866
170037,5,1,0.095364957513093,0.0497024558233325,0.0497024558233325,1.0,0.1383234655184898,0.0169360628359098,0.0942573659071766,0.0088404099042007,0.0068764739502907,0.000842455062849,8.162422250781697,0.890858555452988,0.0001364025586025,0.0046860988309256,0.0004395818768819,10.660354935817544,0.9142393172845654,0.0001223604268525,2.497932685035847
170037,5,-1,0.095364957513093,0.0497024558233325,0.0497024558233325,1.0,0.1383234655184898,0.0169360628359098,0.0942573659071766,0.0088404099042007,0.0068720466210429,-0.0008418671053638,8.16286392145556,0.8908638163163788,0.0001283080162454,0.0046825405861667,-0.0004392184558633,10.661074286944483,0.9142446077099792,0.0001055090358842,2.4982103654889247
170038,0,1,0.0801128749487803,0.0664431190030414,0.0664431190030414,1.0,0.1312551229117254,0.029245222830244,0.0807145127645928,0.0204846392730883,0.0087221057984141,0.0019434584816111,4.487930090062492,0.8177819353401032,0.0001903209460837,0.0053640469392776,0.0013614572623561,3.939930460975811,0.7975680006227325,0.0002099518199651,-0.5479996290866813
170038,0,-1,0.0801128749487803,0.0664431190030414,0.0664431190030414,1.0,0.1312551229117254,0.029245222830244,0.0807145127645928,0.0204846392730883,0.0087187242378162,-0.001943732190752,4.485558390859659,0.8177031527608465,0.0001750389474443,0.0053611910367294,-0.0013615259354083,3.9376341627435503,0.7974738575114768,0.0002329840686706,-0.5479242281161083
170038,1,1,0.0801128749487803,0.0664431190030414,0.0664431190030414,1.0,0.1312551229117254,0.0081591467341465,0.0807145127645928,0.0044279135349372,0.0087238506015485,0.0005416114564727,16.10721209323437,0.9415451217562514,0.0002105287561257,0.0053641820371599,0.0002937106638627,18.26349090153885,0.9480883291034172,0.0002394351316493,2.156278808304485
170038,1,-1,0.0801128749487803,0.0664431190030414,0.0664431190030414,1.0,0.1312551229117254,0.0081591467341465,0.0807145127645928,0.0044279135349372,0.0087186315258069,-0.0005412437423067,16.108512384147712,0.941549564477238,0.0001605191973591,0.0053618886458173,-0.0002935641524725,18.264793574549348,0.9480918393373756,0.0001745421484976,2.156281190401636
170038,2,1,0.0801128749487803,0.0664431190030414,0.0664431190030414,1.0,0.1312551229117254,0.0246956849159459,0.0807145127645928,0.0134459879658338,0.0087272637371514,0.0016400833296518,5.3212319028928485,0.841802987872924,0.0002750395566291,0.0053663861729642,0.0008931959944251,6.0080723676016,0.8573074095777019,0.0002825638092016,0.6868404647087516
170038,2,-1,0.0801128749487803,0.0664431190030414,0.0664431190030414,1.0,0.1312551229117254,0.0246956849159459,0.0807145127645928,0.0134459879658338,0.0087152706985347,-0.0016396196227222,5.315422295361139,0.8416574611749196,0.000169250632599,0.0053597779146874,-0.0008929745961608,6.002161693876199,0.8571869597249434,0.0001661243475939,0.6867393985150603
170038,3,1,0.0801128749487803,0.0664431190030414,0.0664431190030414,1.0,0.1312551229117254,0.0352428792752441,0.0807145127645928,0.0189060473119857,0.0087205280348557,0.0023402571106972,3.726311948798622,0.7884185363062653,0.0001829091269206,0.0053627252367614,0.0012556728419388,4.270798139168853,0.8102754130216626,0.0001742494490951,0.5444861903702316
170038,3,-1,0.0801128749487803,0.0664431190030414,0.0664431190030414,1.0,0.1312551229117254,0.0352428792752441,0.0807145127645928,0.0189060473119857,0.0087226900918028,-0.0023399738530603,3.727686991199054,0.788480074535058,0.0001391796857953,0.0053640184365743,-0.0012554485164441,4.272591321994535,0.8103399374367373,0.0001566461436192,0.5449043307954815
170038,4,1,0.0801128749487803,0.0664431190030414,0.0664431190030414,1.0,0.1312551229117254,0.051865411797496,0.0807145127645928,0.0337205648803743,0.0087201934869523,0.0034461747615114,2.530397931161613,0.7167458118040059,0.0003984088891402,0.0053628542814427,0.0022410357301328,2.3930248899344293,0.7052777293303837,0.0003813244174317,-0.1373730412271836
170038,4,-1,0.0801128749487803,0.0664431190030414,0.0664431190030414,1.0,0.1312551229117254,0.051865411797496,0.0807145127645928,0.0337205648803743,0.0087201834796909,-0.0034456770359839,2.530760540997252,0.7167749020675435,0.0002937542876505,0.0053623674491911,-0.002240732264028,2.3931317164813604,0.7052870081221048,0.0002286015179688,-0.1376288245158914
170038,5,1,0.0801128749487803,0.0664431190030414,0.0664431190030414,1.0,0.1312551229117254,0.0530419416287513,0.0807145127645928,0.0339451893684781,0.0087176463781386,0.0035250119438926,2.473082791461209,0.7120713613684757,0.0002508384452678,0.0053609466823205,0.0022565525044606,2.375724328027296,0.7037672798997839,0.0002483932130991,-0.0973584634339133
170038,5,-1,0.0801128749487803,0.0664431190030414,0.0664431190030414,1.0,0.1312551229117254,0.0530419416287513,0.0807145127645928,0.0339451893684781,0.0087264910135603,-0.0035237443656645,2.4764824311857194,0.7123529257534803,0.0003248438954158,0.0053664461091105,-0.0022554253060344,2.379349958852584,0.7040851015206672,0.0002559895324317,-0.0971324723331354
170039,0,1,0.1625463669286727,0.0832117080268639,0.0832117080268639,1.0,0.1321295441116111,0.0404604881578204,0.1631901385339471,0.0173298426799732,0.0109804727089962,0.0033666850376907,3.261508750020988,0.7653413242445941,0.0003296296224253,0.013561718619032,0.001441957575358,9.40507463657899,0.9038930488317204,0.0002064995740309,6.143565886558002
170039,0,-1,0.1625463669286727,0.0832117080268639,0.0832117080268639,1.0,0.1321295441116111,0.0404604881578204,0.1631901385339471,0.0173298426799732,0.011012102651205,-0.003367243469812,3.2703612761974026,0.7658277753749063,0.0003719754236748,0.0136006451685818,-0.0014428213389116,9.426423633872862,0.9040898360631302,0.0002774139167271,6.156062357675459
170039,1,1,0.1625463669286727,0.0832117080268639,0.0832117080268639,1.0,0.1321295441116111,0.0337019616478081,0.1631901385339471,0.016457453475087,0.0109961215654529,0.0028040745778503,3.92147971109906,0.7968090780208293,0.0001908245833631,0.0135808622834797,0.001369741180456,9.914911281960686,0.9083822145533402,0.0001108968857392,5.993431570861626
170039,1,-1,0.1625463669286727,0.0832117080268639,0.0832117080268639,1.0,0.1321295441116111,0.0337019616478081,0.1631901385339471,0.016457453475087,0.0109921543992115,-0.0028042477038039,3.919822911612493,0.7967406514491299,0.000195584570861,0.0135766760987694,-0.0013696680029526,9.912384657808952,0.9083610016180657,0.0001200033048952,5.992561746196458
170039,2,1,0.1625463669286727,0.0832117080268639,0.0832117080268639,1.0,0.1321295441116111,0.0408658696342595,0.1631901385339471,0.0203926492517264,0.0110000783826053,0.0033968456913202,3.238321484755687,0.7640575393828003,0.0003257235300926,0.0135852372300287,0.0016970437873095,8.00523671316585,0.8889535020730794,0.0001709468261846,4.766915228410163
170039,2,-1,0.1625463669286727,0.0832117080268639,0.0832117080268639,1.0,0.1321295441116111,0.0408658696342595,0.1631901385339471,0.0203926492517264,0.0109882201220078,-0.0034070397431259,3.2251517300831307,0.7633221091493619,0.0005540464207254,0.0135698166774435,-0.0017018003284891,7.973800715788082,0.8885644966195152,0.0003021744258996,4.748648985704952
170039,3,1,0.1625463669286727,0.0832117080268639,0.0832117080268639,1.0,0.1321295441116111,0.0520672279851873,0.1631901385339471,0.0311223732197841,0.0109851870613335,0.0043310173170604,2.536398785121176,0.7172264609389253,0.0004606576292383,0.0135661991514833,0.0025914313403465,5.235021642388551,0.8396156328950747,0.000186764395718,2.698622857267375
170039,3,-1,0.1625463669286727,0.0832117080268639,0.0832117080268639,1.0,0.1321295441116111,0.0520672279851873,0.1631901385339471,0.0311223732197841,0.0110033813786824,-0.0043310054379048,2.5406066873937743,0.7175625286026628,0.000606896613887,0.01359102439284,-0.002591684422778,5.244089239177734,0.839848541285152,0.0002996313947585,2.70348255178396
170039,4,1,0.1625463669286727,0.0832117080268639,0.0832117080268639,1.0,0.1321295441116111,0.0097320972294996,0.1631901385339471,0.0057868322460471,0.0109876299900529,0.0008100273878769,13.564516650279517,0.9313399803088688,0.0001390298027012,0.0135706591956333,0.0004817364462168,28.170297892503875,0.9657185537259468,8.855601802047019e-05,14.605781242224358
170039,4,-1,0.1625463669286727,0.0832117080268639,0.0832117080268639,1.0,0.1321295441116111,0.0097320972294996,0.1631901385339471,0.0057868322460471,0.0110037775112968,-0.0008115194047003,13.559475531391255,0.9313162072463442,0.0003686914584113,0.0135902446426989,-0.0004830172589755,28.13614708404864,0.9656783720539536,0.0001231224888671,14.576671552657384
170039,5,1,0.1625463669286727,0.0832117080268639,0.0832117080268639,1.0,0.1321295441116111,0.0300396063709383,0.1631901385339471,0.0203226436636064,0.0109974918790027,0.0025016552691038,4.396086069419869,0.8146804948744063,0.0003537274046831,0.0135838254075144,0.0016932751494188,8.022219786411453,0.8891625316525629,0.0001389478003122,3.626133716991584
170039,5,-1,0.1625463669286727,0.0832117080268639,0.0832117080268639,1.0,0.1321295441116111,0.0300396063709383,0.1631901385339471,0.0203226436636064,0.0109898796381996,-0.002499369624112,4.397060575664057,0.8147139566101758,0.0005009307611722,0.013572981991824,-0.0016919482422443,8.022102362783777,0.8891610890910521,0.0002420765128203,3.62504178711972
170040,0,1,0.1177350615364299,0.0569370210490897,0.0569370210490897,1.0,0.1349016255051429,0.0229081497857704,0.1288228792217912,0.0122249146381793,0.007678819844945,0.0012987473031696,5.912481840153781,0.8553341588268457,0.0004896898942419,0.0073330457875,0.0006941593262163,10.563923166543391,0.9135241573644152,0.0002448209515453,4.651441326389612
170040,0,-1,0.1177350615364299,0.0569370210490897,0.0569370210490897,1.0,0.1349016255051429,0.0229081497857704,0.1288228792217912,0.0122249146381793,0.007671867020396,-0.0013007336882992,5.898107421528502,0.8550327011610357,0.0007422005661897,0.0073280221370243,-0.0006926492201821,10.579701706856124,0.9136419896370976,0.000457433915096,4.681594285327622
170040,1,1,0.1177350615364299,0.0569370210490897,0.0569370210490897,1.0,0.1349016255051429,0.0205848895348393,0.1288228792217912,0.0148352485474858,0.0076797582560212,0.0011678697747824,6.575868664333868,0.8680019355789705,0.0007870156183364,0.0073345722441417,0.0008415018098232,8.716050468950835,0.8970775210363864,0.000305972957119,2.140181804616967
170040,1,-1,0.1177350615364299,0.0569370210490897,0.0569370210490897,1.0,0.1349016255051429,0.0205848895348393,0.1288228792217912,0.0148352485474858,0.0076781353074995,-0.0011694523721774,6.565581882737559,0.8678224602549466,0.0005801728393034,0.0073315084950128,-0.000842809158258,8.698895145084832,0.8968954726243457,0.0002080792769626,2.133313262347273
170040,2,1,0.1177350615364299,0.0569370210490897,0.0569370210490897,1.0,0.1349016255051429,0.0134629933720208,0.1288228792217912,0.0062043049858546,0.0076835892333334,0.0007635203309383,10.063372148690284,0.9096116458381648,0.0007960361369585,0.0073357103853097,0.000352780525648,20.79397770558049,0.9541157647534922,0.0003553530146249,10.730605556890207
170040,2,-1,0.1177350615364299,0.0569370210490897,0.0569370210490897,1.0,0.1349016255051429,0.0134629933720208,0.1288228792217912,0.0062043049858546,0.0076748765550277,-0.0007629777536307,10.059109218448228,0.909576804040252,0.0009604917733737,0.0073311425373854,-0.0003526322348104,20.78976852841057,0.9541069011955704,0.0004291364174468,10.730659309962338
170040,3,1,0.1177350615364299,0.0569370210490897,0.0569370210490897,1.0,0.1349016255051429,0.0189055707959385,0.1288228792217912,0.0087134080531005,0.0076751174204877,0.0010691844902282,7.178478074295552,0.8777278619670159,0.0008082780878113,0.0073290689235258,0.0004940660925013,14.8341872367845,0.936845511231742,0.0004846504338157,7.655709162488949
170040,3,-1,0.1177350615364299,0.0569370210490897,0.0569370210490897,1.0,0.1349016255051429,0.0189055707959385,0.1288228792217912,0.0087134080531005,0.0076802358606254,-0.0010725127393478,7.160974018162687,0.8774656067064487,0.0005425040159898,0.0073347271259738,-0.0004949541081632,14.819004438973554,0.9367848966818492,0.0002485541415497,7.658030420810867
170040,4,1,0.1177350615364299,0.0569370210490897,0.0569370210490897,1.0,0.1349016255051429,0.0171057767229043,0.1288228792217912,0.0112414269487993,0.0076798235007126,0.0009739565069232,7.885181161697981,0.8874530544958639,0.0008133749866981,0.0073347445255368,0.0006385414634663,11.486716126010984,0.9199148927621644,0.0003592698547214,3.601534964313004
170040,4,-1,0.1177350615364299,0.0569370210490897,0.0569370210490897,1.0,0.1349016255051429,0.0171057767229043,0.1288228792217912,0.0112414269487993,0.0076798524635269,-0.0009742444681463,7.882880236549703,0.8874239015533074,0.0007496589789644,0.0073329517011811,-0.0006388523708274,11.47831961814922,0.9198610044780756,0.0003164678916193,3.5954393815995163
170040,5,1,0.1177350615364299,0.0569370210490897,0.0569370210490897,1.0,0.1349016255051429,0.0208253691378306,0.1288228792217912,0.0107196237600958,0.007682287963143,0.0011848766649729,6.483618245036748,0.8663747979577638,0.0009051369573308,0.0073359399171378,0.0006091936946479,12.042048336309776,0.9233249276330356,0.0003496321273776,5.558430091273028
170040,5,-1,0.1177350615364299,0.0569370210490897,0.0569370210490897,1.0,0.1349016255051429,0.0208253691378306,0.1288228792217912,0.0107196237600958,0.0076722255263394,-0.0011851972161495,6.473374575801409,0.8661916394184264,0.0012577851694808,0.007327588836292,-0.0006092575057381,12.027080121733906,0.9232368273891524,0.0005673140123622,5.553705545932497
170041,0,1,0.0659702421535912,0.0624417439203462,0.0624417439203462,1.0,0.0763023396641978,0.0239926112401551,0.0657882630983519,0.0127643115975004,0.0047646622700998,0.0014972726199618,3.182227609436994,0.7608929753742841,0.0002245155668016,0.0041083642625014,0.0007963897926875,5.15873545871535,0.8376290057101121,0.0001325436194583,1.9765078492783563
170041,0,-1,0.0659702421535912,0.0624417439203462,0.0624417439203462,1.0,0.0763023396641978,0.0239926112401551,0.0657882630983519,0.0127643115975004,0.004764125284769,-0.001495511345326,3.185616277439268,0.7610865560251994,0.0005315039133306,0.0041071894923496,-0.0007953229228475,5.164178441681579,0.8377723796510989,0.0002421140071489,1.9785621642423117
170041,1,1,0.0659702421535912,0.0624417439203462,0.0624417439203462,1.0,0.0763023396641978,0.018394274757204,0.0657882630983519,0.0100364361945384,0.0047644222742635,0.0011484759371871,4.148473746806061,0.8057676800585093,2.9836246012846545e-05,0.0041079927105604,0.0006265552230002,6.5564734914868295,0.867663136630254,3.493281117634494e-05,2.407999744680769
170041,1,-1,0.0659702421535912,0.0624417439203462,0.0624417439203462,1.0,0.0763023396641978,0.018394274757204,0.0657882630983519,0.0100364361945384,0.0047645124311186,-0.0011486617465839,4.147881171531831,0.8057453218753232,7.585340353509895e-05,0.0041077968280786,-0.0006266234656886,6.555446856043627,0.8676451546740619,6.507049578760891e-05,2.407565684511796
170041,2,1,0.0659702421535912,0.0624417439203462,0.0624417439203462,1.0,0.0763023396641978,0.0274922832418463,0.0657882630983519,0.0163147434859291,0.0047639306868601,0.0017157989589481,2.776508670793166,0.7352051624470456,0.0001280264896411,0.0041075598816363,0.0010181901209885,4.034177701158836,0.8013578265682186,6.725297512169696e-05,1.2576690303656697
170041,2,-1,0.0659702421535912,0.0624417439203462,0.0624417439203462,1.0,0.0763023396641978,0.0274922832418463,0.0657882630983519,0.0163147434859291,0.00476536600455,-0.0017144276424587,2.77956671167124,0.7354194074913358,0.0003437355053417,0.0041082915468876,-0.0010174293869706,4.037913195249851,0.801505115065722,0.0002104048072189,1.258346483578611
170041,3,1,0.0659702421535912,0.0624417439203462,0.0624417439203462,1.0,0.0763023396641978,0.0274729842238146,0.0657882630983519,0.0142131336988944,0.0047637923862641,0.0017142195906353,2.778986083396525,0.7353787555890634,0.0003286566937706,0.0041073791583099,0.0008868193483271,4.631584962656996,0.8224300962107483,0.0001865530487575,1.852598879260471
170041,3,-1,0.0659702421535912,0.0624417439203462,0.0624417439203462,1.0,0.0763023396641978,0.0274729842238146,0.0657882630983519,0.0142131336988944,0.0047655446893108,-0.001715623861843,2.7777328092117437,0.7352909666979178,0.0003276752068848,0.0041081091183173,-0.000887303388628,4.62988102036279,0.8223763528246713,0.000201758706272,1.8521482111510463
170041,4,1,0.0659702421535912,0.0624417439203462,0.0624417439203462,1.0,0.0763023396641978,0.0320198168178417,0.0657882630983519,0.0190410677471725,0.0047645781651924,0.0019981349468779,2.3845127040266214,0.7045364909370024,0.0001425363432269,0.0041079292177529,0.0011883118094418,3.456945546707157,0.7756310931959194,6.186071408157288e-05,1.0724328426805356
170041,4,-1,0.0659702421535912,0.0624417439203462,0.0624417439203462,1.0,0.0763023396641978,0.0320198168178417,0.0657882630983519,0.0190410677471725,0.0047648820196286,-0.0019953906818817,2.3879444075246274,0.7048357706876774,0.000326340118903,0.0041079418578007,-0.0011868618896571,3.461179344956318,0.775844026281846,0.0002038877925277,1.0732349374316907
170041,5,1,0.0659702421535912,0.0624417439203462,0.0624417439203462,1.0,0.0763023396641978,0.0190835951943041,0.0657882630983519,0.0116426371023965,0.0047638013571713,0.0011919440435174,3.9966652655179424,0.7998665215977117,0.0002561821674742,0.0041072465436679,0.0007269245686952,5.650168835309252,0.8496278779133437,0.0001558953436893,1.6535035697913094
170041,5,-1,0.0659702421535912,0.0624417439203462,0.0624417439203462,1.0,0.0763023396641978,0.0190835951943041,0.0657882630983519,0.0116426371023965,0.0047649076406938,-0.0011916300113782,3.9986468913942974,0.7999458610045839,0.0001073608563297,0.0041084230728105,-0.0007267749567552,5.6529507994432455,0.849690756756583,7.721687766265456e-05,1.6543039080489472
170042,0,1,0.0779287789482444,0.0887516455497368,0.0887516455497368,1.0,0.1273996145417334,0.0210345941469973,0.0760732359854437,0.0093980020505859,0.0113377150016503,0.0018621949896641,6.088360813219211,0.8589236600181128,0.0008550241212191,0.0067710686828258,0.0008335837473359,8.122841531468898,0.890385030086236,0.000574829727944,2.034480718249688
170042,0,-1,0.0779287789482444,0.0887516455497368,0.0887516455497368,1.0,0.1273996145417334,0.0210345941469973,0.0760732359854437,0.0093980020505859,0.0112670204892407,-0.001860440008032,6.056105244238792,0.8582787578435731,0.0008832861041675,0.0067276290217286,-0.0008327639715622,8.078674452137381,0.8898517613697922,0.000550912680317,2.022569207898589
170042,1,1,0.0779287789482444,0.0887516455497368,0.0887516455497368,1.0,0.1273996145417334,0.0376720819888987,0.0760732359854437,0.0147336765372755,0.0113233115360866,0.0033426167670942,3.387559006929371,0.7720828373087001,0.0009548931452387,0.0067602097270714,0.001305923573389,5.17657377875695,0.8380979429988688,0.0006148637864341,1.789014771827579
170042,1,-1,0.0779287789482444,0.0887516455497368,0.0887516455497368,1.0,0.1273996145417334,0.0376720819888987,0.0760732359854437,0.0147336765372755,0.0112839214348457,-0.0033416442202802,3.376757276062191,0.771520343275762,0.0007666512745979,0.0067386182655891,-0.0013062639927067,5.158695564761654,0.8376279539255485,0.0006920350709231,1.7819382886994632
170042,2,1,0.0779287789482444,0.0887516455497368,0.0887516455497368,1.0,0.1273996145417334,0.0293470941971089,0.0760732359854437,0.0105205675262949,0.0113422283387676,0.0025993980813873,4.363405674559035,0.8135513029075099,0.0016864567708511,0.0067642694221205,0.0009271528388948,7.295743634000946,0.8794562556271147,0.0015057932074992,2.9323379594419112
170042,2,-1,0.0779287789482444,0.0887516455497368,0.0887516455497368,1.0,0.1273996145417334,0.0293470941971089,0.0760732359854437,0.0105205675262949,0.0112428009496602,-0.0026077367137971,4.311325177182193,0.811723069734825,0.001292699651204,0.006722758351005,-0.0009296923552413,7.231164495542116,0.8785105071655916,0.001311821176758,2.919839318359923
170042,3,1,0.0779287789482444,0.0887516455497368,0.0887516455497368,1.0,0.1273996145417334,0.0431872235097665,0.0760732359854437,0.0222160548379279,0.0113582635394645,0.003803572469802,2.9862093149634665,0.7491351002953629,0.0020702220647097,0.0067818955350719,0.0019583901311287,3.4629951546782136,0.7759352261559646,0.0011838737725813,0.4767858397147471
170042,3,-1,0.0779287789482444,0.0887516455497368,0.0887516455497368,1.0,0.1273996145417334,0.0431872235097665,0.0760732359854437,0.0222160548379279,0.0112305156420173,-0.0037957079435983,2.958740716855002,0.7473944186992767,0.002138594948048,0.0067058953709921,-0.0019530848553623,3.4334890020662066,0.7744440102289744,0.0014738509243249,0.4747482852112044
170042,4,1,0.0779287789482444,0.0887516455497368,0.0887516455497368,1.0,0.1273996145417334,0.0286993334501332,0.0760732359854437,0.0125190703380283,0.0112313885892216,0.0025425906689712,4.4173011119252,0.8154062365485495,0.002188083241279,0.0067083099164092,0.0011090237195993,6.048842597187046,0.8581327379335912,0.0018115069898563,1.6315414852618462
170042,4,-1,0.0779287789482444,0.0887516455497368,0.0887516455497368,1.0,0.1273996145417334,0.0286993334501332,0.0760732359854437,0.0125190703380283,0.0113535105180156,-0.0025477569438003,4.456276940246758,0.8167248453567726,0.0016677690620233,0.0067773261729578,-0.0011112736123728,6.098701613620081,0.859129168342373,0.0010183020487327,1.6424246733733234
170042,5,1,0.0779287789482444,0.0887516455497368,0.0887516455497368,1.0,0.1273996145417334,0.0170843643549741,0.0760732359854437,0.0095178901754401,0.0112897710351893,0.0015216871698918,7.419245728400537,0.8812245143734537,0.0014070470721197,0.0067377737737922,0.0008442793581638,7.980502790495376,0.8886476600109338,0.0011111290437299,0.5612570620948389
170042,5,-1,0.0779287789482444,0.0887516455497368,0.0887516455497368,1.0,0.1273996145417334,0.0170843643549741,0.0760732359854437,0.0095178901754401,0.0112867001847132,-0.0015077122500403,7.485977635588908,0.8821585393053416,0.0022193307776565,0.0067497095961656,-0.0008333315655402,8.099668697634973,0.8901058892111201,0.0021151613325193,0.6136910620460654
170043,0,1,0.146325230731588,0.0746771266780725,0.0746771266780725,1.0,0.1206921211904171,0.0202069508035612,0.1428327769252156,0.0074988505059216,0.0090247850968168,0.0015133633961128,5.963395916665956,0.8563919082057888,0.0005415298230149,0.0106782127086422,0.0005624679829182,18.984569847373116,0.9499613948342528,0.0002518696352933,13.021173930707157
170043,0,-1,0.146325230731588,0.0746771266780725,0.0746771266780725,1.0,0.1206921211904171,0.0202069508035612,0.1428327769252156,0.0074988505059216,0.0089933143055982,-0.0015148984035445,5.936579168972365,0.8558367207177501,0.0008920723292504,0.0106459956049187,-0.0005635562716959,18.89074106630289,0.9497253522799052,0.0003908868491259,12.954161897330527
170043,1,1,0.146325230731588,0.0746771266780725,0.0746771266780725,1.0,0.1206921211904171,0.025300690039325,0.1428327769252156,0.0141056257038018,0.0090153761300492,0.0018905364233741,4.768686822734813,0.826650322555399,0.0002598877384637,0.010667605811625,0.0010534619690326,10.12623723038624,0.910122354998062,0.0001735666304941,5.357550407651428
170043,1,-1,0.146325230731588,0.0746771266780725,0.0746771266780725,1.0,0.1206921211904171,0.025300690039325,0.1428327769252156,0.0141056257038018,0.0090091905977255,-0.0018904663784155,4.765591549568715,0.8265572593197652,0.0001356173786525,0.0106639619825384,-0.0010546540817971,10.111336187459916,0.9100018230814954,9.144700573504596e-05,5.345744637891201
170043,2,1,0.146325230731588,0.0746771266780725,0.0746771266780725,1.0,0.1206921211904171,0.0256844537481596,0.1428327769252156,0.0128550725935503,0.0090022981434409,0.0019148244925825,4.7013698531162325,0.8246035556782159,0.0002965020924843,0.0106543428188386,0.0009583256695855,11.11766402274876,0.9174758436838422,0.0001444318610893,6.416294169632526
170043,2,-1,0.146325230731588,0.0746771266780725,0.0746771266780725,1.0,0.1206921211904171,0.0256844537481596,0.1428327769252156,0.0128550725935503,0.0090199900134999,-0.0019160131716777,4.707686850397336,0.8247976761495971,0.0003218537593066,0.0106743090718041,-0.000959195253029,11.128400644274228,0.917548897886046,0.0001370760700836,6.420713793876892
170043,3,1,0.146325230731588,0.0746771266780725,0.0746771266780725,1.0,0.1206921211904171,0.0346573021045653,0.1428327769252156,0.0146834084006717,0.0090177611895786,0.0025866430673695,3.486279689429907,0.7770981594491104,0.0002208325879892,0.0106724724017132,0.0010959652709779,9.737965868371584,0.9068724922151712,0.0001771856726916,6.251686178941679
170043,3,-1,0.146325230731588,0.0746771266780725,0.0746771266780725,1.0,0.1206921211904171,0.0346573021045653,0.1428327769252156,0.0146834084006717,0.0090050766353128,-0.0025889653156296,3.478253100165354,0.776698641717442,0.0003771154789166,0.0106574565376784,-0.0010962238774319,9.721970810046338,0.9067335644056208,0.0001952969326875,6.243717709880984
170043,4,1,0.146325230731588,0.0746771266780725,0.0746771266780725,1.0,0.1206921211904171,0.0251662272267377,0.1428327769252156,0.0108510294230348,0.0090037722994335,0.0018741888186253,4.804090286928896,0.827707711189116,0.0005153780005581,0.0106567342746329,0.0008065145463046,13.213319367205088,0.9296434580716356,0.000373750696354,8.40922908027619
170043,4,-1,0.146325230731588,0.0746771266780725,0.0746771266780725,1.0,0.1206921211904171,0.0251662272267377,0.1428327769252156,0.0108510294230348,0.0090190893466928,-0.0018889478241053,4.774663032823528,0.826829722476283,0.0007828852992433,0.0106700055149851,-0.0008148722078746,13.094084461171342,0.9290482469609884,0.0003191690448974,8.319421428347813
170043,5,1,0.146325230731588,0.0746771266780725,0.0746771266780725,1.0,0.1206921211904171,0.0371166910384233,0.1428327769252156,0.0170888195921429,0.0090201279268744,0.00276823737654,3.258437301408453,0.765172073880422,0.0003242232319229,0.0106744387929013,0.0012738423349226,8.379717411057019,0.8933869799935361,0.0001981599485569,5.121280109648566
170043,5,-1,0.146325230731588,0.0746771266780725,0.0746771266780725,1.0,0.1206921211904171,0.0371166910384233,0.1428327769252156,0.0170888195921429,0.0089992961326366,-0.0027727790176329,3.245587216076,0.7644613220490488,0.0006865914247303,0.0106531774949183,-0.0012767818987472,8.343772343078236,0.8929768445460051,0.0004187238656145,5.098185127002235
170044,0,1,0.1259377585621452,0.0386781571420964,0.0386781571420964,1.0,0.1361456214511275,0.0194963904792808,0.1257458074203656,0.0103403522150682,0.0052657897035478,0.0007538279055922,6.985400334050867,0.8747714631493352,0.0003112054294315,0.0048631638629764,0.0003997505068956,12.165497676862664,0.9240438892213378,0.0001548555964953,5.180097342811797
170044,0,-1,0.1259377585621452,0.0386781571420964,0.0386781571420964,1.0,0.1361456214511275,0.0194963904792808,0.1257458074203656,0.0103403522150682,0.0052661786761905,-0.0007534697385173,6.989237134521432,0.8748316036735212,0.0002732386994564,0.0048641632130468,-0.0003995628131827,12.173713500233465,0.924091259462848,0.0001425364576336,5.184476365712031
170044,1,1,0.1259377585621452,0.0386781571420964,0.0386781571420964,1.0,0.1361456214511275,0.0396406273486531,0.1257458074203656,0.0186244452493306,0.0052633463144611,0.0015328490967502,3.4337015467578897,0.7744548230290236,0.0001835407827344,0.0048611741696977,0.0007200578649428,6.751088219940309,0.870985857517733,9.657373382301909e-05,3.317386673182419
170044,1,-1,0.1259377585621452,0.0386781571420964,0.0386781571420964,1.0,0.1361456214511275,0.0396406273486531,0.1257458074203656,0.0186244452493306,0.0052680410415848,-0.0015335551613057,3.435181970954377,0.7745301079980679,9.259777594947596e-05,0.0048660612775345,-0.0007205716870146,6.753056448398469,0.871018609672761,5.290980479603504e-05,3.3178744774440925
170044,2,1,0.1259377585621452,0.0386781571420964,0.0386781571420964,1.0,0.1361456214511275,0.0301283452887782,0.1257458074203656,0.0181339047256434,0.0052655525481371,0.0011645840098264,4.521402066062265,0.8188865820609987,0.0001226257733326,0.0048633065681401,0.0007011640435947,6.936046724814537,0.8739926773776184,6.180845708426658e-05,2.4146446587522723
170044,2,-1,0.1259377585621452,0.0386781571420964,0.0386781571420964,1.0,0.1361456214511275,0.0301283452887782,0.1257458074203656,0.0181339047256434,0.0052665523341043,-0.0011647616644914,4.521570802555008,0.8188921167981278,0.0001499095868494,0.0048643327864289,-0.0007012166400519,6.936989952294664,0.8740076520178925,8.324790563713858e-05,2.415419149739656
170044,3,1,0.1259377585621452,0.0386781571420964,0.0386781571420964,1.0,0.1361456214511275,0.0510173431971,0.1257458074203656,0.028582587479986,0.0052664006662207,0.0019719626765149,2.6706391195624724,0.7275678792092216,0.0004317586305723,0.0048644370804784,0.0011050503897562,4.402004764277869,0.8148835397901248,0.000175942741376,1.731365644715397
170044,3,-1,0.1259377585621452,0.0386781571420964,0.0386781571420964,1.0,0.1361456214511275,0.0510173431971,0.1257458074203656,0.028582587479986,0.0052662941836418,-0.0019690098385003,2.674590081098837,0.7278608013601987,0.0004798159117401,0.0048635810362246,-0.0011035550182378,4.407193982939075,0.8150611938178606,0.000255535497704,1.7326039018402382
170044,4,1,0.1259377585621452,0.0386781571420964,0.0386781571420964,1.0,0.1361456214511275,0.0261660457572838,0.1257458074203656,0.0127237199875075,0.0052664309926079,0.0010124352364201,5.201746050665006,0.8387550873849839,0.0001116461611939,0.004864335009278,0.0004923038674313,9.880757253946625,0.9080946319579656,5.305470898254248e-05,4.6790112032816165
170044,4,-1,0.1259377585621452,0.0386781571420964,0.0386781571420964,1.0,0.1361456214511275,0.0261660457572838,0.1257458074203656,0.0127237199875075,0.0052657833598591,-0.0010109785840752,5.208600303507673,0.8389331006805141,0.0001555765545213,0.0048634749049255,-0.0004917597093798,9.889941799114071,0.9081721446774532,9.353792843117876e-05,4.681341495606398
170044,5,1,0.1259377585621452,0.0386781571420964,0.0386781571420964,1.0,0.1361456214511275,0.0173100936869642,0.1257458074203656,0.0102713135453853,0.0052651623971774,0.0006685214808208,7.875831290723245,0.8873344966521424,0.0001508960132685,0.004863160818899,0.0003969462277642,12.251434775631273,0.9245364734512408,7.585712855862017e-05,4.375603484908027
170044,5,-1,0.1259377585621452,0.0386781571420964,0.0386781571420964,1.0,0.1361456214511275,0.0173100936869642,0.1257458074203656,0.0102713135453853,0.0052671962762103,-0.0006679303278515,7.885846856430651,0.8874614860961392,0.0002160522262529,0.0048648141730467,-0.0003966250003044,12.26552579716457,0.9246166329710244,0.0001261764643897,4.379678940733919
170045,0,1,0.0704299627373739,0.0814988084740449,0.0814988084740449,1.0,0.0779453544943663,0.0111120967493222,0.0704750738180607,0.0046894551447147,0.0063534825076405,0.0009057152299834,7.014878735946576,0.8752320486752945,0.000143920205442,0.0057445876070852,0.0003820242891449,15.037231323504487,0.937645097222338,7.685844076767475e-05,8.022352587557911
170045,0,-1,0.0704299627373739,0.0814988084740449,0.0814988084740449,1.0,0.0779453544943663,0.0111120967493222,0.0704750738180607,0.0046894551447147,0.0063514986320866,-0.0009054181110019,7.014989599722942,0.8752337744724501,0.0002865317180878,0.0057424604488611,-0.0003820946655869,15.028894580416472,0.9376126659899702,0.0001119574401096,8.013904980693532
170045,1,1,0.0704299627373739,0.0814988084740449,0.0814988084740449,1.0,0.0779453544943663,0.0264816543105178,0.0704750738180607,0.0110200103949015,0.0063531506063255,0.0021584573895135,2.9433755038149814,0.7464101506355255,0.0002472150439823,0.0057440748512086,0.0008982063334219,6.39505048836435,0.8647744188395418,0.0001366291582127,3.451674984549369
170045,1,-1,0.0704299627373739,0.0814988084740449,0.0814988084740449,1.0,0.0779453544943663,0.0264816543105178,0.0704750738180607,0.0110200103949015,0.0063436709487399,-0.002159863176539,2.9370707448710336,0.7460040561113268,0.0013745656033785,0.005735711713108,-0.0008989910692381,6.380165398041633,0.8645016817285213,0.0007779905579713,3.4430946531706
170045,2,1,0.0704299627373739,0.0814988084740449,0.0814988084740449,1.0,0.0779453544943663,0.0198034843221514,0.0704750738180607,0.0108257284169082,0.0063527281794317,0.0016132127178926,3.937935840058519,0.7974862306051856,0.0001823405553273,0.005743643989186,0.0008815149212529,6.515651466246204,0.8669443354989074,9.99044479583681e-05,2.5777156261876844
170045,2,-1,0.0704299627373739,0.0814988084740449,0.0814988084740449,1.0,0.0779453544943663,0.0198034843221514,0.0704750738180607,0.0108257284169082,0.006350984683038,-0.0016126493833279,3.938230311369804,0.7974983066914486,0.0003517143202029,0.0057425731534893,-0.0008809192663628,6.518841592820252,0.8670007889307176,0.0002195575702358,2.580611281450448
170045,3,1,0.0704299627373739,0.0814988084740449,0.0814988084740449,1.0,0.0779453544943663,0.0205859125940292,0.0704750738180607,0.0114923096181739,0.0063500215126757,0.0016771301513293,3.7862425331980583,0.7910678380663207,0.0001607245209278,0.0057413679872122,0.0009360336440466,6.13371968381906,0.8598206764041719,7.955106123503028e-05,2.347477150621001
170045,3,-1,0.0704299627373739,0.0814988084740449,0.0814988084740449,1.0,0.0779453544943663,0.0205859125940292,0.0704750738180607,0.0114923096181739,0.00635216273988,-0.0016790090723798,3.783280772195321,0.7909384693006339,0.0003614915931872,0.0057429251263985,-0.0009375038720812,6.125761500742448,0.859664121526407,0.000254802701532,2.342480728547127
170045,4,1,0.0704299627373739,0.0814988084740449,0.0814988084740449,1.0,0.0779453544943663,0.0101499441379643,0.0704750738180607,0.0060535112980199,0.006353061818907,0.0008261411680766,7.690043862224888,0.8849257822107273,0.0001542957421281,0.0057442821640532,0.0004928810864606,11.654499070538924,0.9209767218421068,8.395635706254526e-05,3.964455208314037
170045,4,-1,0.0704299627373739,0.0814988084740449,0.0814988084740449,1.0,0.0779453544943663,0.0101499441379643,0.0704750738180607,0.0060535112980199,0.0063512995274268,-0.0008271048691098,7.67895313475094,0.8847787302830392,0.0003785048956389,0.0057420396414964,-0.000492594224002,11.656733598769794,0.920990673288944,0.0001824154565023,3.9777804640188537
170045,5,1,0.0704299627373739,0.0814988084740449,0.0814988084740449,1.0,0.0779453544943663,0.0359949971822694,0.0704750738180607,0.026397288760302,0.0063538850721951,0.0029328358643491,2.1664645981145028,0.6841903741493089,9.269461863305604e-05,0.0057449865163555,0.0021510491746889,2.6707834409148865,0.7275785902121304,7.478191347030997e-05,0.5043188428003837
170045,5,-1,0.0704299627373739,0.0814988084740449,0.0814988084740449,1.0,0.0779453544943663,0.0359949971822694,0.0704750738180607,0.026397288760302,0.0063489195950942,-0.0029306759858056,2.166366949414472,0.6841806347855793,0.0002024356130586,0.005740552833425,-0.0021495634090917,2.6705668737857358,0.7275625170755644,0.0001212698600375,0.5041999243712634
170046,0,1,0.0834506801915362,0.0893707505200705,0.0893707505200705,1.0,0.1038980052658063,0.0323625446197375,0.083618117945739,0.0158388668974132,0.0092767251984196,0.0028907683686729,3.209086310389944,0.7624187469067706,0.0003672745631927,0.007466501739525,0.00141457714993,5.278256997074416,0.8407201233613109,0.0002239134301036,2.069170686684472
170046,0,-1,0.0834506801915362,0.0893707505200705,0.0893707505200705,1.0,0.1038980052658063,0.0323625446197375,0.083618117945739,0.0158388668974132,0.0092941888952352,-0.0028904607447875,3.215469683161254,0.7627785098314163,0.000350082961432,0.0074794960005128,-0.0014148595810593,5.286387497837576,0.8409261280275858,0.0003282065280669,2.070917814676322
170046,1,1,0.0834506801915362,0.0893707505200705,0.0893707505200705,1.0,0.1038980052658063,0.0321419239881979,0.083618117945739,0.0149739332804216,0.0092856502871018,0.0028729394889678,3.232107854257189,0.763711125888705,6.617975102733546e-05,0.0074733018981358,0.0013386435930524,5.582742065861909,0.8480876221497423,6.781462788269097e-05,2.3506342116047203
170046,1,-1,0.0834506801915362,0.0893707505200705,0.0893707505200705,1.0,0.1038980052658063,0.0321419239881979,0.083618117945739,0.0149739332804216,0.009285325233219,-0.0028712022420819,3.2339502585797724,0.7638139470406914,0.0004762158935711,0.0074725659554199,-0.0013384197158499,5.583126030588084,0.8480964825291871,0.0003366148666519,2.349175772008312
170046,2,1,0.0834506801915362,0.0893707505200705,0.0893707505200705,1.0,0.1038980052658063,0.0168076834644776,0.083618117945739,0.007323170402454,0.0092739837953732,0.0014998677981935,6.183200817123031,0.8607862949318862,0.0003174421021945,0.007464610705484,0.0006531713595275,11.428257832480748,0.919538199683423,0.00020236546343,5.245057015357717
170046,2,-1,0.0834506801915362,0.0893707505200705,0.0893707505200705,1.0,0.1038980052658063,0.0168076834644776,0.083618117945739,0.007323170402454,0.0092982608069139,-0.0015026556644609,6.187885239991657,0.8608770220152874,0.0002553587029723,0.0074828532258805,-0.000654705549917,11.42934136852354,0.9195452139940068,0.0002024519761164,5.241456128531884
170046,3,1,0.0834506801915362,0.0893707505200705,0.0893707505200705,1.0,0.1038980052658063,0.0361567320170378,0.083618117945739,0.0162846467678063,0.0092850995563737,0.0032319847809574,2.872878489737261,0.7417941196322323,0.0001423099086992,0.0074732060195279,0.0014558402459661,5.133259669273203,0.8369545634909502,8.020869222457516e-05,2.260381179535942
170046,3,-1,0.0834506801915362,0.0893707505200705,0.0893707505200705,1.0,0.1038980052658063,0.0361567320170378,0.083618117945739,0.0162846467678063,0.0092853057016167,-0.0032311194174707,2.873711708520585,0.7418496586102656,0.0002995359646237,0.0074722910326439,-0.0014556653192763,5.133247961388303,0.8369542522501172,0.0002321610259885,2.259536252867718
170046,4,1,0.0834506801915362,0.0893707505200705,0.0893707505200705,1.0,0.1038980052658063,0.0195344570995713,0.083618117945739,0.0089269780268289,0.0092873459491127,0.0017454546225774,5.320875048240056,0.8417940566190383,6.343118651570073e-05,0.0074745220448254,0.0007976711316952,9.37043067978466,0.90357198935341,3.978176474576471e-05,4.049555631544606
170046,4,-1,0.0834506801915362,0.0893707505200705,0.0893707505200705,1.0,0.1038980052658063,0.0195344570995713,0.083618117945739,0.0089269780268289,0.0092825389617703,-0.0017447520739667,5.320262460362572,0.8417787225971256,0.0003325720413806,0.0074707475467791,-0.0007979840533927,9.362026114440528,0.9034937772829584,0.0002140540686011,4.041763654077955
170046,5,1,0.0834506801915362,0.0893707505200705,0.0893707505200705,1.0,0.1038980052658063,0.0125957767749477,0.083618117945739,0.0055985856658839,0.0092806529972429,0.0011274820216796,8.231309075251472,0.8916730019709844,0.0003295335360861,0.0074693254243321,0.0005012416804026,14.901644688279791,0.937113423195964,0.0001993993621715,6.670335613028319
170046,5,-1,0.0834506801915362,0.0893707505200705,0.0893707505200705,1.0,0.1038980052658063,0.0125957767749477,0.083618117945739,0.0055985856658839,0.0092922926604595,-0.0011269566053703,8.245475128474455,0.8918389821935517,0.0004358670498726,0.0074784360354533,-0.0005014104108532,14.914800079064529,0.9371654060979708,0.0002549724097989,6.669324950590072
170047,0,1,0.1137510847398104,0.0716541306316563,0.0716541306316563,1.0,0.0804032301705518,0.0448075576494631,0.1073707859920028,0.0210907661284012,0.0057591476810028,0.003208061401614,1.795211175853276,0.6422452769799275,0.0005164050184019,0.0076903625756224,0.001510260323674,5.092077475033559,0.8358523830174219,0.0001924847691667,3.296866299180283
170047,0,-1,0.1137510847398104,0.0716541306316563,0.0716541306316563,1.0,0.0804032301705518,0.0448075576494631,0.1073707859920028,0.0210907661284012,0.0057586458292874,-0.0032087396453431,1.7946753136058555,0.6421766796552331,0.0005390493005677,0.0076897508433705,-0.0015103726165452,5.091293869558273,0.8358312664904283,0.0002939886445572,3.296618555952417
170047,1,1,0.1137510847398104,0.0716541306316563,0.0716541306316563,1.0,0.0804032301705518,0.0394020943724556,0.1073707859920028,0.0192891556382861,0.0057628882553998,0.0028226154012043,2.0416838414964293,0.6712347330917778,0.0004146633391989,0.0076958505910304,0.0013815431484193,5.570474291613783,0.8478039855849754,0.0002430806647009,3.528790450117353
170047,1,-1,0.1137510847398104,0.0716541306316563,0.0716541306316563,1.0,0.0804032301705518,0.0394020943724556,0.1073707859920028,0.0192891556382861,0.0057566842738882,-0.0028228589401337,2.0393099322254877,0.6709779448956147,0.0002495709722958,0.0076882176267842,-0.0013814961022813,5.565138847719477,0.8476802969144562,0.0001013407553459,3.5258289154939897
170047,2,1,0.1137510847398104,0.0716541306316563,0.0716541306316563,1.0,0.0804032301705518,0.0283855784377179,0.1073707859920028,0.0146479906228171,0.0057595598105998,0.0020319935045347,2.8344381011767106,0.7392055958099518,0.0001631059184152,0.0076913991679265,0.0010486316926791,7.3347002781007875,0.8800196807763473,9.084775141750856e-05,4.5002621769240765
170047,2,-1,0.1137510847398104,0.0716541306316563,0.0716541306316563,1.0,0.0804032301705518,0.0283855784377179,0.1073707859920028,0.0146479906228171,0.0057589354398965,-0.0020318930169884,2.834270993474505,0.7391942296979304,0.0006730671605116,0.0076922788629448,-0.0010482331457854,7.338328208629527,0.8800718831185996,0.0003233591636841,4.504057215155022
170047,3,1,0.1137510847398104,0.0716541306316563,0.0716541306316563,1.0,0.0804032301705518,0.0220479553606785,0.1073707859920028,0.0105208997274584,0.0057622594047153,0.001579374306561,3.6484444382651935,0.7848742706768371,0.0002248766164052,0.0076952229103851,0.0007536256566986,10.21093541863289,0.9108013771680488,0.0001023971009578,6.562490980367696
170047,3,-1,0.1137510847398104,0.0716541306316563,0.0716541306316563,1.0,0.0804032301705518,0.0220479553606785,0.1073707859920028,0.0105208997274584,0.0057590947637918,-0.0015787469389431,3.647889742002192,0.7848485967807778,0.0003782891380357,0.0076908660723536,-0.0007536018254726,10.205476967255708,0.9107579264209664,9.973123952915383e-05,6.557587225253515
170047,4,1,0.1137510847398104,0.0716541306316563,0.0716541306316563,1.0,0.0804032301705518,0.0235266586849899,0.1073707859920028,0.0156005313094605,0.0057655956533623,0.0016868155612859,3.41803560844767,0.7736550610665264,0.0004827653143047,0.0076988682146991,0.0011183947947554,6.8838555497534175,0.8731585080815849,0.0001957191980208,3.465819941305747
170047,4,-1,0.1137510847398104,0.0716541306316563,0.0716541306316563,1.0,0.0804032301705518,0.0235266586849899,0.1073707859920028,0.0156005313094605,0.0057529129907765,-0.0016866223417875,3.410907615913568,0.7732892893988024,0.0006261341623691,0.007682692795053,-0.0011178161210136,6.872948645685633,0.8729827863734385,0.0002555859001089,3.4620410297720654
170047,5,1,0.1137510847398104,0.0716541306316563,0.0716541306316563,1.0,0.0804032301705518,0.0272888458689257,0.1073707859920028,0.0159082567136715,0.0057605568052215,0.00195474616511,2.9469590006302573,0.7466403882481885,0.0002797425055467,0.0076927710062929,0.0011398340941978,6.74902693773186,0.8709515390725046,0.0001356786058836,3.802067937101602
170047,5,-1,0.1137510847398104,0.0716541306316563,0.0716541306316563,1.0,0.0804032301705518,0.0272888458689257,0.1073707859920028,0.0159082567136715,0.0057608443430763,-0.0019565961564158,2.944319564455377,0.7464708465785587,0.000414095763569,0.0076921316112793,-0.0011411771413553,6.740523738616834,0.8708097754405064,0.0001732729921375,3.796204174161457
170048,0,1,0.0885012660060306,0.0764870792184105,0.0764870792184105,1.0,0.1007345005256248,0.0394416643206331,0.0856183359981387,0.019067003601671,0.0077071947387792,0.0030139320532796,2.5571892804915994,0.7188791708430536,0.00049442724106,0.0065499115461495,0.0014572814616556,4.4946098049607865,0.8180034551139275,0.0003723470845961,1.937420524469187
170048,0,-1,0.0885012660060306,0.0764870792184105,0.0764870792184105,1.0,0.1007345005256248,0.0394416643206331,0.0856183359981387,0.019067003601671,0.0076967727496376,-0.0030146306335514,2.553139566742789,0.7185587615640121,0.0004278505249844,0.0065414770875539,-0.0014574225701828,4.4883873911247925,0.8177971180356022,0.0002795991071409,1.9352478243820035
170048,1,1,0.0885012660060306,0.0764870792184105,0.0764870792184105,1.0,0.1007345005256248,0.0388938134276272,0.0856183359981387,0.0192285488570582,0.0077069623312207,0.0029740372304982,2.591414206985909,0.7215581544298537,0.0003301339578671,0.0065493607687457,0.0014701402740525,4.45492235287691,0.8166793337630914,0.0002341009096297,1.8635081458910008
170048,1,-1,0.0885012660060306,0.0764870792184105,0.0764870792184105,1.0,0.1007345005256248,0.0388938134276272,0.0856183359981387,0.0192285488570582,0.0076986634568176,-0.0029755041364117,2.587347590146183,0.721242512783867,0.0003137299652592,0.0065446239742645,-0.0014709231100146,4.449331123905495,0.8164912395187123,0.0002847169419888,1.861983533759312
170048,2,1,0.0885012660060306,0.0764870792184105,0.0764870792184105,1.0,0.1007345005256248,0.0280971310447898,0.0856183359981387,0.0151077567856551,0.0076886015930648,0.0021460834053032,3.582620122806869,0.7817842253554508,0.0003967262732715,0.0065343475698632,0.0011540519563842,5.662091324146696,0.849896984093342,0.0002254309926809,2.0794712013398278
170048,2,-1,0.0885012660060306,0.0764870792184105,0.0764870792184105,1.0,0.1007345005256248,0.0280971310447898,0.0856183359981387,0.0151077567856551,0.0077167752349713,-0.0021479103435544,3.5926896381521525,0.782262665499351,0.0005408585939439,0.0065579121580243,-0.0011549085555274,5.67829559027187,0.8502611951683183,0.0003624527454623,2.085605952119717
170048,3,1,0.0885012660060306,0.0764870792184105,0.0764870792184105,1.0,0.1007345005256248,0.0103303007629097,0.0856183359981387,0.005825229715097,0.0076933056023717,0.0007909739196095,9.72637075841881,0.906771822220006,0.0005348910550848,0.0065382815738208,0.0004463498339391,14.648334280992875,0.93609543469335,0.0003294807569507,4.921963522574066
170048,3,-1,0.0885012660060306,0.0764870792184105,0.0764870792184105,1.0,0.1007345005256248,0.0103303007629097,0.0856183359981387,0.005825229715097,0.0077097865095422,-0.0007908902426565,9.748238243066336,0.9069614966299152,0.0003096008228709,0.0065531255606969,-0.0004460798726364,14.690475770520806,0.9362670696143712,0.0001721549741119,4.94223752745447
170048,4,1,0.0885012660060306,0.0764870792184105,0.0764870792184105,1.0,0.1007345005256248,0.0212827343288012,0.0856183359981387,0.0096864304192278,0.0077000041599386,0.0016249187453666,4.738701046984762,0.8257445383872328,0.0004625712789905,0.0065448816179754,0.0007391444192601,8.85467230411823,0.8985252914414917,0.0002749630965718,4.115971257133468
170048,4,-1,0.0885012660060306,0.0764870792184105,0.0764870792184105,1.0,0.1007345005256248,0.0212827343288012,0.0856183359981387,0.0096864304192278,0.0077057934732194,-0.0016240067028464,4.744927135896941,0.8259333884756273,0.0004870599531634,0.0065489777742992,-0.0007385794339205,8.866991786552727,0.8986519882014238,0.0002977752955099,4.122064650655786
170048,5,1,0.0885012660060306,0.0764870792184105,0.0764870792184105,1.0,0.1007345005256248,0.0226868174120187,0.0856183359981387,0.0121890499993386,0.0076914019161214,0.0017358756051002,4.430848554768873,0.8158667121877498,0.0004343591135134,0.0065379619755822,0.0009324670181331,7.011467267404985,0.8751789195883575,0.0002395862744911,2.580618712636112
170048,5,-1,0.0885012660060306,0.0764870792184105,0.0764870792184105,1.0,0.1007345005256248,0.0226868174120187,0.0856183359981387,0.0121890499993386,0.0077144247255848,-0.0017367423008323,4.441893723601554,0.816240439304614,0.0006750952689716,0.0065554729989297,-0.0009330000646372,7.026229951518336,0.8754085036137262,0.0003450311795217,2.584336227916782
170049,0,1,0.1261096939439945,0.0689033694900817,0.0689033694900817,1.0,0.1699242430395823,0.0379305185736541,0.1263235601228529,0.0182851721160689,0.0116992701874836,0.0026072171232599,4.48726348224148,0.8177597989897303,0.0003386182255275,0.0086981716324089,0.0012563099885807,6.923587101482849,0.873794534319834,0.0002452863684995,2.436323619241369
170049,0,-1,0.1261096939439945,0.0689033694900817,0.0689033694900817,1.0,0.1699242430395823,0.0379305185736541,0.1263235601228529,0.0182851721160689,0.0117067496068432,-0.0026177585775003,4.472050901660112,0.8172531619366662,0.0003810107655581,0.0087032215501312,-0.0012611278017622,6.901141611471144,0.8734360110002122,0.0002714344148079,2.429090709811032
170049,1,1,0.1261096939439945,0.0689033694900817,0.0689033694900817,1.0,0.1699242430395823,0.0208193844985603,0.1263235601228529,0.0096502996051547,0.0117000933746229,0.0014319990742658,8.170461549085099,0.8909542344572868,0.0005132015546424,0.0086987723845478,0.0006636964304576,13.106552913861911,0.9291109595585648,0.0002923611875503,4.9360913647768125
170049,1,-1,0.1261096939439945,0.0689033694900817,0.0689033694900817,1.0,0.1699242430395823,0.0208193844985603,0.1263235601228529,0.0096502996051547,0.0117090051511326,-0.0014348809223269,8.160262617566614,0.890832824150445,0.0002340919396206,0.0087049018565253,-0.0006655603429478,13.07905729172025,0.9289725171735688,0.0001549443138756,4.918794674153636
170049,2,1,0.1261096939439945,0.0689033694900817,0.0689033694900817,1.0,0.1699242430395823,0.0142901545041551,0.1263235601228529,0.0051263976083032,0.0117096572680171,0.0009875347193171,11.857463883500325,0.9222241641850322,0.0005574824372887,0.0087041094435747,0.0003530746754326,24.652318756322583,0.961017169266481,0.0003383959474937,12.794854872822263
170049,2,-1,0.1261096939439945,0.0689033694900817,0.0689033694900817,1.0,0.1699242430395823,0.0142901545041551,0.1263235601228529,0.0051263976083032,0.0117043920735354,-0.0009883472011041,11.842389051588473,0.922132868270619,0.000822458200341,0.0087027794523247,-0.0003526180673402,24.68046948911228,0.961059901945174,0.0005163190857867,12.838080437523807
170049,3,1,0.1261096939439945,0.0689033694900817,0.0689033694900817,1.0,0.1699242430395823,0.0318585007714297,0.1263235601228529,0.0136248933570596,0.0117080365899959,0.002191705272958,5.341975827885184,0.8423204333887436,0.0002556772219558,0.0087039221793999,0.000937241427462,9.28674504173366,0.9027875196728444,0.0001849936924378,3.944769213848476
170049,3,-1,0.1261096939439945,0.0689033694900817,0.0689033694900817,1.0,0.1699242430395823,0.0318585007714297,0.1263235601228529,0.0136248933570596,0.0117055400825236,-0.0021885102943906,5.348633777287061,0.8424857953568513,0.0005801361046641,0.0087023906403917,-0.0009360530459024,9.296899014940696,0.90288338279816,0.0003918134758573,3.9482652376536342
170049,4,1,0.1261096939439945,0.0689033694900817,0.0689033694900817,1.0,0.1699242430395823,0.0219037290368037,0.1263235601228529,0.0100724889978912,0.011713170059612,0.0015041654352864,7.787155445021832,0.8861975293077891,0.0003721746400231,0.0087074778194673,0.00069176114499,12.587405179544408,0.926402430281134,0.0001857335533269,4.800249734522576
170049,4,-1,0.1261096939439945,0.0689033694900817,0.0689033694900817,1.0,0.1699242430395823,0.0219037290368037,0.1263235601228529,0.0100724889978912,0.0116928483373419,-0.0014948230924113,7.822228862194064,0.8866499593673766,0.00114589073868,0.0086950645603108,-0.000687913784899,12.63975915466466,0.9266849224637512,0.0005712194803841,4.817530292470595
170049,5,1,0.1261096939439945,0.0689033694900817,0.0689033694900817,1.0,0.1699242430395823,0.0117913552861458,0.1263235601228529,0.0048405331209192,0.0117051875786521,0.0008132252500149,14.393536819500053,0.9350376712171026,0.0001640249367594,0.0087012719752836,0.0003337341988958,26.072461270212315,0.9630620950929092,0.0001254146253422,11.678924450712264
170049,5,-1,0.1261096939439945,0.0689033694900817,0.0689033694900817,1.0,0.1699242430395823,0.0117913552861458,0.1263235601228529,0.0048405331209192,0.0117005986454723,-0.0008119615478447,14.410286640440576,0.9351082803758016,0.0004943340928121,0.0086996967762442,-0.0003328555849653,26.136550411567818,0.9631493323641565,0.0003500494524188,11.726263771127243
170050,0,1,0.0851583185663486,0.0672482305499206,0.0672482305499206,1.0,0.0918121890095696,0.02767817134456,0.0856495997763024,0.0154007485810587,0.0061727968352277,0.0018613775871241,3.3162518330100665,0.768317503545056,0.0001743137808757,0.0057585509330878,0.0010360214395159,5.5583318196319,0.8475222011477719,9.968435662062956e-05,2.242079986621833
170050,0,-1,0.0851583185663486,0.0672482305499206,0.0672482305499206,1.0,0.0918121890095696,0.02767817134456,0.0856495997763024,0.0154007485810587,0.006175903572415,-0.0018624073750018,3.3160862952476524,0.7683086176703469,0.0005265884397164,0.0057607130188792,-0.0010369156095352,5.555623780661999,0.8474592146440993,0.0002842126793668,2.2395374854143464
170050,1,1,0.0851583185663486,0.0672482305499206,0.0672482305499206,1.0,0.0918121890095696,0.0200857908675027,0.0856495997763024,0.0080753254415609,0.0061742361237033,0.0013502976974678,4.572499927443492,0.8205473283049871,0.0001841201188163,0.0057600358791859,0.0005428902605831,10.609945135115469,0.9138669486925138,0.0001157031309384,6.0374452076719765
170050,1,-1,0.0851583185663486,0.0672482305499206,0.0672482305499206,1.0,0.0918121890095696,0.0200857908675027,0.0856495997763024,0.0080753254415609,0.0061752255968725,-0.001350484963064,4.572598559600032,0.8205505045258861,0.0003769565843008,0.0057596833080601,-0.0005429869778466,10.607405965593244,0.9138481067204672,0.0002105072261317,6.03480740599321
170050,2,1,0.0851583185663486,0.0672482305499206,0.0672482305499206,1.0,0.0918121890095696,0.0379229864877435,0.0856495997763024,0.0188084279310428,0.0061761129160503,0.0025491414254882,2.4228208189213976,0.7078433102685402,0.0001792583100415,0.0057614460988468,0.001264485301527,4.556356718329974,0.8200259539310929,0.000124678076889,2.1335358994085767
170050,2,-1,0.0851583185663486,0.0672482305499206,0.0672482305499206,1.0,0.0918121890095696,0.0379229864877435,0.0856495997763024,0.0188084279310428,0.0061715186944451,-0.0025458768795845,2.424122998222016,0.7079544162054773,0.0007098090038284,0.0057574418816457,-0.0012630406988555,4.558397751440695,0.8200920400594205,0.0004178434171857,2.134274753218679
170050,3,1,0.0851583185663486,0.0672482305499206,0.0672482305499206,1.0,0.0918121890095696,0.0316297025722526,0.0856495997763024,0.019124823330588,0.006175234587872,0.00212664060924,2.9037509022626597,0.7438361142816801,0.0003030513320031,0.0057604427356307,0.0012860832815746,4.479058874455666,0.8174869036976085,0.0002253451820337,1.575307972193007
170050,3,-1,0.0851583185663486,0.0672482305499206,0.0672482305499206,1.0,0.0918121890095696,0.0316297025722526,0.0856495997763024,0.019124823330588,0.0061733985071917,-0.0021248270472764,2.9053651755335768,0.7439419990056696,0.0007280490087734,0.005759567616099,-0.0012852787823843,4.481181588798916,0.8175575861154549,0.0004451655119687,1.575816413265339
170050,4,1,0.0851583185663486,0.0672482305499206,0.0672482305499206,1.0,0.0918121890095696,0.0332745852741018,0.0856495997763024,0.0189267469329229,0.0061753684860071,0.0022375172973853,2.7599198867515757,0.7340368863912254,0.000281602461989,0.005760654625643,0.0012726137921918,4.526632243798695,0.819057980360087,0.000155138530463,1.76671235704712
170050,4,-1,0.0851583185663486,0.0672482305499206,0.0672482305499206,1.0,0.0918121890095696,0.0332745852741018,0.0856495997763024,0.0189267469329229,0.0061745706092984,-0.0022360683461936,2.7613514675463398,0.734138112689497,0.0006615717850142,0.0057591646080835,-0.0012707207407127,4.532203200562103,0.8192401898942551,0.0002834508049554,1.7708517330157636
170050,5,1,0.0851583185663486,0.0672482305499206,0.0672482305499206,1.0,0.0918121890095696,0.0176366596794129,0.0856495997763024,0.0106814635779704,0.0061741246231701,0.0011855075152508,5.208001251564137,0.8389175582482292,0.0001404733509721,0.0057600003971249,0.000718078073131,8.021412451715225,0.8891526127031392,8.226064778986023e-05,2.813411200151088
170050,5,-1,0.0851583185663486,0.0672482305499206,0.0672482305499206,1.0,0.0918121890095696,0.0176366596794129,0.0856495997763024,0.0106814635779704,0.0061732883326365,-0.001184903389986,5.20995077303623,0.8389681276795259,0.0002800897760454,0.0057582061188623,-0.0007178501724261,8.021459546904126,0.8891531913654518,0.0001941157164868,2.811508773867896
170051,0,1,0.0802654699968615,0.0406403397445929,0.0406403397445929,1.0,0.1389667259601822,0.0160880186396464,0.0806713224082216,0.009081800377536,0.0056483718856307,0.0006534107860998,8.644442371905896,0.8963133417736018,0.0003181247738219,0.0032784070755145,0.0003691286995282,8.881474346739843,0.8988005266309348,0.0003258226837211,0.2370319748339469
170051,0,-1,0.0802654699968615,0.0406403397445929,0.0406403397445929,1.0,0.1389667259601822,0.0160880186396464,0.0806713224082216,0.009081800377536,0.0056458213163044,-0.000653191659863,8.643437544012498,0.8963025378205629,0.0006460011593715,0.0032784565512586,-0.0003692395084037,8.878943007541206,0.8987745956994956,0.0006368797656715,0.2355054635287086
170051,1,1,0.0802654699968615,0.0406403397445929,0.0406403397445929,1.0,0.1389667259601822,0.0254887748009027,0.0806713224082216,0.0110731921984389,0.0056460202469336,0.0010355278700071,5.452311241888024,0.8450167757705086,0.0002731338122966,0.0032780113428289,0.0004499046469145,7.2860135259825585,0.8793147034017883,0.0002728171087327,1.8337022840945345
170051,1,-1,0.0802654699968615,0.0406403397445929,0.0406403397445929,1.0,0.1389667259601822,0.0254887748009027,0.0806713224082216,0.0110731921984389,0.0056479115610305,-0.0010361416041527,5.450907036633341,0.8449830396995011,0.0001576695657445,0.0032784011771583,-0.0004501415581659,7.283044894829906,0.879271449968335,0.000152586387742,1.8321378581965655
170051,2,1,0.0802654699968615,0.0406403397445929,0.0406403397445929,1.0,0.1389667259601822,0.0268085849655225,0.0806713224082216,0.0139671524924207,0.0056432453546256,0.0010892409380907,5.18089722601862,0.8382111911211727,0.000576500543543,0.0032767850820173,0.0005671930201414,5.77719570878059,0.8524463446282964,0.0006231597923778,0.59629848276197
170051,2,-1,0.0802654699968615,0.0406403397445929,0.0406403397445929,1.0,0.1389667259601822,0.0268085849655225,0.0806713224082216,0.0139671524924207,0.0056470555956004,-0.0010893782018779,5.183742051989605,0.8382856219433907,0.0001955092710012,0.003278251756674,-0.0005677483903319,5.774127787049682,0.8523795193365362,0.0002016757339957,0.5903857350600772
170051,3,1,0.0802654699968615,0.0406403397445929,0.0406403397445929,1.0,0.1389667259601822,0.024439622740495,0.0806713224082216,0.0141298438439913,0.0056474927052675,0.0009928746974039,5.688021580193436,0.850478951359622,0.0001238790611625,0.0032783105643892,0.0005738846699791,5.712490219511487,0.8510239914997184,0.0001575399961281,0.0244686393180506
170051,3,-1,0.0802654699968615,0.0406403397445929,0.0406403397445929,1.0,0.1389667259601822,0.024439622740495,0.0806713224082216,0.0141298438439913,0.0056473703032498,-0.0009930314159424,5.687000645276124,0.8504561232985035,0.0001225513894188,0.0032784119495717,-0.0005740104227096,5.7114153678435775,0.8510001325813773,0.0001300239983883,0.024414722567454
170051,4,1,0.0802654699968615,0.0406403397445929,0.0406403397445929,1.0,0.1389667259601822,0.0310623335607476,0.0806713224082216,0.0183195604296182,0.0056437771320014,0.0012583095567882,4.485205648761236,0.8176914296320253,0.0005891305846473,0.00327717919933,0.0007421994035979,4.41549694521276,0.8153447393440063,0.0007003073466754,-0.0697087035484758
170051,4,-1,0.0802654699968615,0.0406403397445929,0.0406403397445929,1.0,0.1389667259601822,0.0310623335607476,0.0806713224082216,0.0183195604296182,0.0056462547416877,-0.0012644585288407,4.465353835573901,0.8170292299299973,0.0002040363515143,0.0032779492194007,-0.0007456073525436,4.396347766975983,0.8146894820011976,0.0001903901716504,-0.0690060685979183
170051,5,1,0.0802654699968615,0.0406403397445929,0.0406403397445929,1.0,0.1389667259601822,0.0324029442886811,0.0806713224082216,0.0185454160709883,0.0056501391780636,0.0013141276788824,4.299535934639336,0.8113042326095566,0.0003664741222709,0.003280063651354,0.0007518922175944,4.362412024749571,0.8135167541426098,0.0002662602292324,0.0628760901102349
170051,5,-1,0.0802654699968615,0.0406403397445929,0.0406403397445929,1.0,0.1389667259601822,0.0324029442886811,0.0806713224082216,0.0185454160709883,0.0056433901361442,-0.0013093490724681,4.310073039194856,0.8116786732275106,0.0010159068219137,0.0032759890953913,-0.0007488291766578,4.374814974502528,0.8139470838077443,0.0008491740786628,0.0647419353076719
170052,0,1,0.0763948846424071,0.0453992800631622,0.0453992800631622,1.0,0.1163751675869791,0.0108124063876603,0.0775699497851037,0.0062452388771954,0.0052860940417162,0.0004915400100981,10.754148051244387,0.9149236511535916,0.0002186736842078,0.0035235320910551,0.0002840779389417,12.403399236731673,0.9253920604513872,0.0001604707470274,1.6492511854872856
170052,0,-1,0.0763948846424071,0.0453992800631622,0.0453992800631622,1.0,0.1163751675869791,0.0108124063876603,0.0775699497851037,0.0062452388771954,0.0052809704738884,-0.0004914601607535,10.745470122706363,0.914860794029283,0.0001760719625784,0.0035200286198607,-0.0002840202706471,12.393582372931968,0.92533737635265,0.0001464561919958,1.6481122502256031
170052,1,1,0.0763948846424071,0.0453992800631622,0.0453992800631622,1.0,0.1163751675869791,0.0325016917632138,0.0775699497851037,0.0139946093919226,0.0052840573269702,0.0014758748151143,3.5802882960350524,0.7816731316092801,0.000115243590624,0.003522107933883,0.0006354914607198,5.5423371541260655,0.8471494243659808,0.0001131307581382,1.9620488580910127
170052,1,-1,0.0763948846424071,0.0453992800631622,0.0453992800631622,1.0,0.1163751675869791,0.0325016917632138,0.0775699497851037,0.0139946093919226,0.0052820980436261,-0.0014748826197185,3.581368424173666,0.7817246055297619,0.0001941280005432,0.0035208915804384,-0.0006350421751342,5.544342908703031,0.8471962710465333,0.0002048713470287,1.9629744845293653
170052,2,1,0.0763948846424071,0.0453992800631622,0.0453992800631622,1.0,0.1163751675869791,0.0316375130803835,0.0775699497851037,0.0180678372521242,0.0052887113589115,0.0014373559058268,3.679472382218123,0.7863006941124443,0.0005082161683149,0.003525586158582,0.0008214552207302,4.291878692357217,0.8110311936204722,0.0003764269208315,0.6124063101390944
170052,2,-1,0.0763948846424071,0.0453992800631622,0.0453992800631622,1.0,0.1163751675869791,0.0316375130803835,0.0775699497851037,0.0180678372521242,0.0052796081656083,-0.0014381789313299,3.6710370668011527,0.7859147795877316,0.0002937070182298,0.0035189244560028,-0.0008217881362996,4.282033653885104,0.8106789798159525,0.0001743297386784,0.6109965870839509
170052,3,1,0.0763948846424071,0.0453992800631622,0.0453992800631622,1.0,0.1163751675869791,0.02082285865842,0.0775699497851037,0.0128024978142707,0.0052774569217673,0.0009460385270905,5.578479914546228,0.8479891991782453,0.0006020480942215,0.0035173360388965,0.0005820077770569,6.043451956392143,0.8580241611370019,0.0004811028553606,0.4649720418459155
170052,3,-1,0.0763948846424071,0.0453992800631622,0.0453992800631622,1.0,0.1163751675869791,0.02082285865842,0.0775699497851037,0.0128024978142707,0.005291116523294,-0.0009458224517349,5.594196366963901,0.8483514981431437,0.0008004756536149,0.0035273262510141,-0.0005819779862616,6.060927276074538,0.8583755417806906,0.0006643294922482,0.4667309091106366
170052,4,1,0.0763948846424071,0.0453992800631622,0.0453992800631622,1.0,0.1163751675869791,0.0283494775994257,0.0775699497851037,0.0169755562013076,0.0052846265899729,0.001286953117999,4.106308548508379,0.804163812174626,4.4643472205048805e-05,0.0035224877561376,0.0007706070423818,4.571055755272262,0.8205008091951632,3.814713093413417e-05,0.4647472067638833
170052,4,-1,0.0763948846424071,0.0453992800631622,0.0453992800631622,1.0,0.1163751675869791,0.0283494775994257,0.0775699497851037,0.0169755562013076,0.0052820032678621,-0.0012867957147822,4.10477219280436,0.8041048724153468,0.0001013184812288,0.003520753324504,-0.0007704628440601,4.569660109689406,0.8204558302830143,7.761739399393661e-05,0.4648879168850461
170052,5,1,0.0763948846424071,0.0453992800631622,0.0453992800631622,1.0,0.1163751675869791,0.0210836134008282,0.0775699497851037,0.0104917757680742,0.0052829102155915,0.0009574694476102,5.517575760534014,0.8465687186859696,9.142844458247284e-05,0.0035213739558979,0.0004764874617959,7.390276215491664,0.8808144125036531,7.211070225439233e-05,1.8727004549576491
170052,5,-1,0.0763948846424071,0.0453992800631622,0.0453992800631622,1.0,0.1163751675869791,0.0210836134008282,0.0775699497851037,0.0104917757680742,0.0052845322917556,-0.000957172657496,5.520981246554378,0.8466488459036146,5.435369231976464e-05,0.0035223809988219,-0.0004763345783315,7.394762335231834,0.8808781046959343,4.895776260577607e-05,1.8737810886774569
170053,0,1,0.0797267031681364,0.0889271825350224,0.0889271825350224,1.0,0.0956480361039175,0.0306470925078416,0.079539141131564,0.0136901038039177,0.0084993855690711,0.0027283642687869,3.115194575116993,0.7569981244516074,0.0007547079276553,0.0070714502958642,0.0012168919730568,5.811074813892228,0.8531802942524802,0.0005317567656919,2.695880238775235
170053,0,-1,0.0797267031681364,0.0889271825350224,0.0889271825350224,1.0,0.0956480361039175,0.0306470925078416,0.079539141131564,0.0136901038039177,0.0085150146820937,-0.0027276927982408,3.1216912284192118,0.7573811465776564,0.0009136381300038,0.0070765847515789,-0.0012160464111247,5.819337721681213,0.8533581938872704,0.0006939153209507,2.697646493262002
170053,1,1,0.0797267031681364,0.0889271825350224,0.0889271825350224,1.0,0.0956480361039175,0.0320740476232674,0.079539141131564,0.0103748173970731,0.0084973432737129,0.002856786926526,2.974440688876679,0.748392269936569,0.0011567798712208,0.0070713513981376,0.0009258086455248,7.638026964115771,0.8842328225931436,0.0008370567351175,4.663586275239092
170053,1,-1,0.0797267031681364,0.0889271825350224,0.0889271825350224,1.0,0.0956480361039175,0.0320740476232674,0.079539141131564,0.0103748173970731,0.0085173617485766,-0.0028572353056869,2.9809801564543696,0.7488055803597267,0.0013202030261823,0.0070765399315555,-0.0009263298329864,7.639330700095749,0.8842502926773116,0.0010285091535332,4.65835054364138
170053,2,1,0.0797267031681364,0.0889271825350224,0.0889271825350224,1.0,0.0956480361039175,0.0242186018224199,0.079539141131564,0.011466330101411,0.0085000653209144,0.0021546106716503,3.945058581929272,0.7977779265033785,0.0006680091799512,0.0070713049264765,0.0010212040729836,6.924477793952948,0.8738087195142266,0.0003361484137689,2.979419212023676
170053,2,-1,0.0797267031681364,0.0889271825350224,0.0889271825350224,1.0,0.0956480361039175,0.0242186018224199,0.079539141131564,0.011466330101411,0.0085136176585651,-0.0021548131824555,3.950977155643451,0.7980196699433093,0.0006969695465654,0.0070762798378272,-0.0010216310900595,6.926453106872253,0.8738401670309514,0.0004233493071365,2.975475951228802
170053,3,1,0.0797267031681364,0.0889271825350224,0.0889271825350224,1.0,0.0956480361039175,0.0336014708784537,0.079539141131564,0.0079604649757087,0.0085043491701345,0.0029879041929302,2.8462589899147512,0.7400071075239362,0.0002366939814283,0.0070720274181663,0.000708022439549,9.988422715332383,0.9089951282448684,0.0001646774524354,7.142163725417632
170053,3,-1,0.0797267031681364,0.0889271825350224,0.0889271825350224,1.0,0.0956480361039175,0.0336014708784537,0.079539141131564,0.0079604649757087,0.0085089478315975,-0.0029882398577591,2.847478193392209,0.7400894950574549,0.0004161420983395,0.0070755136523999,-0.0007080787318006,9.992552147974532,0.9090293148907864,0.0002211624417133,7.1450739545823225
170053,4,1,0.0797267031681364,0.0889271825350224,0.0889271825350224,1.0,0.0956480361039175,0.0150782935133203,0.079539141131564,0.0052878033908404,0.0085061628269521,0.0013408665582922,6.343780277270525,0.863830348642774,0.0001396446591058,0.0070733273664294,0.0004705271526289,15.032771917398762,0.9376277536316224,7.729826477039195e-05,8.688991640128236
170053,4,-1,0.0797267031681364,0.0889271825350224,0.0889271825350224,1.0,0.0956480361039175,0.0150782935133203,0.079539141131564,0.0052878033908404,0.0085065033044234,-0.0013411534842857,6.342676959861434,0.8638098876654283,0.000155802960299,0.0070738794391765,-0.00047064604389,15.030147455809432,0.9376175420246932,8.889400467147782e-05,8.687470495947998
170053,5,1,0.0797267031681364,0.0889271825350224,0.0889271825350224,1.0,0.0956480361039175,0.0333534035218908,0.079539141131564,0.0140238186833148,0.0085203315338722,0.0029682186173726,2.8705202116855046,0.7416367967848623,0.001547985903042,0.0070776164166848,0.001250842610427,5.658278953467211,0.8498110387100464,0.0010841091296643,2.7877587417817065
170053,5,-1,0.0797267031681364,0.0889271825350224,0.0889271825350224,1.0,0.0956480361039175,0.0333534035218908,0.079539141131564,0.0140238186833148,0.0084973807827407,-0.0029673112144772,2.863663488103254,0.7411782876331916,0.0009902205911192,0.0070713306121276,-0.0012493343603454,5.660078547881281,0.8498516206962571,0.000691725726069,2.796415059778027
170054,0,1,0.0960989340687602,0.0546926999113177,0.0546926999113177,1.0,0.1286766450684192,0.0349971174817116,0.0970157958801782,0.0200915245931488,0.007038620820082,0.0019145664481197,3.6763523287430666,0.786158114337637,0.0001197080763861,0.0053068201337447,0.0010988442226142,4.8294562819055225,0.8284574149558385,9.967587761292676e-05,1.1531039531624558
170054,0,-1,0.0960989340687602,0.0546926999113177,0.0546926999113177,1.0,0.1286766450684192,0.0349971174817116,0.0970157958801782,0.0200915245931488,0.0070391304367281,-0.0019151151324373,3.675565148799138,0.7861221118356488,0.0002711681946104,0.0053070414704094,-0.0010990377098536,4.82880744020281,0.8284383194574694,0.0001807701342262,1.1532422914036715
170054,1,1,0.0960989340687602,0.0546926999113177,0.0546926999113177,1.0,0.1286766450684192,0.0279831563543122,0.0970157958801782,0.0150687280835358,0.0070378075625121,0.001531128306533,4.596484522216947,0.8213164003169855,0.0001050988151382,0.0053061759560504,0.0008244496571266,6.436021787596767,0.8655194903183322,9.720965999762068e-05,1.8395372653798197
170054,1,-1,0.0960989340687602,0.0546926999113177,0.0546926999113177,1.0,0.1286766450684192,0.0279831563543122,0.0970157958801782,0.0150687280835358,0.0070377185360703,-0.0015320086972755,4.593784975621495,0.8212301680600629,0.0002815449617803,0.0053060292996929,-0.000824649017961,6.434288023292205,0.8654881278655169,0.0002350690855347,1.84050304767071
170054,2,1,0.0960989340687602,0.0546926999113177,0.0546926999113177,1.0,0.1286766450684192,0.0352136725696078,0.0970157958801782,0.0209681365356605,0.0070371248476329,0.0019261186351782,3.653526173883805,0.7851091919043821,0.0002364088511093,0.005305699377502,0.001146996954689,4.625731006352755,0.8222453226308246,0.000170590347276,0.9722048324689498
170054,2,-1,0.0960989340687602,0.0546926999113177,0.0546926999113177,1.0,0.1286766450684192,0.0352136725696078,0.0970157958801782,0.0209681365356605,0.007038974904644,-0.0019289940024549,3.6490392897449375,0.78490179633331,0.0005506636751321,0.0053069833637084,-0.0011489924437915,4.618814851550742,0.8220265258030331,0.0003641933114318,0.9697755618058048
170054,3,1,0.0960989340687602,0.0546926999113177,0.0546926999113177,1.0,0.1286766450684192,0.0363808343545206,0.0970157958801782,0.0200133346294671,0.0070384640381697,0.0019899980228708,3.536920116137666,0.7795861565992677,3.8229419994165534e-05,0.0053066411267036,0.0010947446680543,4.8473779151900604,0.8289831759629827,3.847963178356396e-05,1.3104577990523945
170054,3,-1,0.0960989340687602,0.0546926999113177,0.0546926999113177,1.0,0.1286766450684192,0.0363808343545206,0.0970157958801782,0.0200133346294671,0.0070372970499786,-0.0019904933981277,3.535453599893565,0.7795148868850809,0.0001168299682612,0.005305888136777,-0.0010952736171458,4.844349442652102,0.8288945570738818,0.0001032937698785,1.3088958427585369
170054,4,1,0.0960989340687602,0.0546926999113177,0.0546926999113177,1.0,0.1286766450684192,0.0292218379927837,0.0970157958801782,0.0189576210457897,0.007038895691489,0.0015984923713275,4.403459045374635,0.8149333618331019,0.000117878614903,0.0053069694689068,0.0010369878608008,5.117677524983983,0.8365392755802998,7.742198038829857e-05,0.7142184796093476
170054,4,-1,0.0960989340687602,0.0546926999113177,0.0546926999113177,1.0,0.1286766450684192,0.0292218379927837,0.0970157958801782,0.0189576210457897,0.007035478133253,-0.0015984640181896,4.401399126404345,0.814862783401513,0.0001937407919112,0.0053046214356728,-0.0010372709982301,5.1140169200898695,0.8364414078223877,0.0001382821573868,0.7126177936855242
170054,5,1,0.0960989340687602,0.0546926999113177,0.0546926999113177,1.0,0.1286766450684192,0.0305454476010907,0.0970157958801782,0.0200482532731905,0.0070355387733252,0.0016707415279112,4.211027651965341,0.8080992720077297,0.0002067598150521,0.0053045361325491,0.0010966089887894,4.837217446484812,0.8286854979846258,0.0001633367492297,0.6261897945194708
170054,5,-1,0.0960989340687602,0.0546926999113177,0.0546926999113177,1.0,0.1286766450684192,0.0305454476010907,0.0970157958801782,0.0200482532731905,0.0070385272679617,-0.0016713896243887,4.211182817729701,0.8081049859548664,0.000337426140028,0.0053066934127664,-0.0010972520365913,4.836348656273138,0.8286599963617388,0.0002258531755277,0.6251658385434373
170055,0,1,0.083850622295596,0.0731896498155407,0.0731896498155407,1.0,0.1238781863333765,0.0241354895893266,0.0827362869325852,0.0105395407120775,0.0090609421081463,0.0017668270487089,5.128369590425977,0.8368244628127118,0.0003099099590172,0.0060516417421605,0.0007711330018188,7.847727600659072,0.8869766289001133,0.0002792068052164,2.719358010233095
170055,0,-1,0.083850622295596,0.0731896498155407,0.0731896498155407,1.0,0.1238781863333765,0.0241354895893266,0.0827362869325852,0.0105395407120775,0.0090716599234705,-0.0017660089311613,5.1368142954406215,0.8370490042784975,0.0001687170129089,0.0060592583512881,-0.0007712187756044,7.856730856340127,0.8870915221179894,0.0001534284040031,2.719916560899505
170055,1,1,0.083850622295596,0.0731896498155407,0.0731896498155407,1.0,0.1238781863333765,0.0304271715199005,0.0827362869325852,0.016849502862331,0.0090596796049158,0.0022223535465895,4.076614910716933,0.8030183463612809,0.0004668895381153,0.0060518308674792,0.0012314188674141,4.914518550607132,0.830924530637012,0.0003121632121661,0.8379036398901984
170055,1,-1,0.083850622295596,0.0731896498155407,0.0731896498155407,1.0,0.1238781863333765,0.0304271715199005,0.0827362869325852,0.016849502862331,0.0090699780598881,-0.0022169289817007,4.091235278509427,0.8035840134473666,0.0008388543248822,0.0060559993588964,-0.001229170798313,4.926898171680266,0.831277681675354,0.0006124579183659,0.8356628931708387
170055,2,1,0.083850622295596,0.0731896498155407,0.0731896498155407,1.0,0.1238781863333765,0.0164806503014283,0.0827362869325852,0.0088843435774349,0.0090605815002842,0.0012087051510909,7.496105640071617,0.8822990152943095,0.0009293593839778,0.0060517438095196,0.000650028398957,9.30996833249208,0.903006491605946,0.0006306700311408,1.8138626924204644
170055,2,-1,0.083850622295596,0.0731896498155407,0.0731896498155407,1.0,0.1238781863333765,0.0164806503014283,0.0827362869325852,0.0088843435774349,0.0090713056167013,-0.0012173091979957,7.451932205580747,0.8816838593026448,0.0019314426858551,0.0060584887976353,-0.0006524614743825,9.285588552733966,0.9027765893149406,0.0014109694509795,1.8336563471532183
170055,3,1,0.083850622295596,0.0731896498155407,0.0731896498155407,1.0,0.1238781863333765,0.0303316203764658,0.0827362869325852,0.0144812548736443,0.0090669765448142,0.0022190594957172,4.085954685896932,0.8033800806812251,0.0003139850197479,0.0060558192299724,0.0010591892048075,5.717410262944393,0.8511331062334613,0.0002797785983811,1.6314555770474604
170055,3,-1,0.083850622295596,0.0731896498155407,0.0731896498155407,1.0,0.1238781863333765,0.0303316203764658,0.0827362869325852,0.0144812548736443,0.0090646291193738,-0.0022173236773996,4.088094675469433,0.8034627765829183,0.0003068351204471,0.0060540457062541,-0.0010582334530288,5.720898057910216,0.8512103603739322,0.0002739286340352,1.632803382440783
170055,4,1,0.083850622295596,0.0731896498155407,0.0731896498155407,1.0,0.1238781863333765,0.0312820477587097,0.0827362869325852,0.0156319794350398,0.009077511838223,0.0022820985989251,3.977703611270063,0.7991041496050727,0.0003493228565783,0.0060624327467914,0.0011408615834861,5.313907343835036,0.8416194686517834,0.0002420951529859,1.3362037325649725
170055,4,-1,0.083850622295596,0.0731896498155407,0.0731896498155407,1.0,0.1238781863333765,0.0312820477587097,0.0827362869325852,0.0156319794350398,0.0090501955548858,-0.0022796520785439,3.969989824351739,0.7987923445838372,0.0002582893988747,0.0060447205207254,-0.0011391722834917,5.306239107391369,0.8414268817007069,0.0002329136213687,1.3362492830396304
170055,5,1,0.083850622295596,0.0731896498155407,0.0731896498155407,1.0,0.1238781863333765,0.036434216311918,0.0827362869325852,0.0207171427729937,0.0090751384261449,0.0026616440352887,3.409598844105824,0.7732220015122987,0.000508728498026,0.0060610928002514,0.0015140404009207,4.003256978189823,0.8001301943195811,0.000437975638318,0.5936581340839995
170055,5,-1,0.083850622295596,0.0731896498155407,0.0731896498155407,1.0,0.1238781863333765,0.036434216311918,0.0827362869325852,0.0207171427729937,0.0090546600782056,-0.0026549739303527,3.410451596034739,0.7732658485813425,0.001239831070552,0.0060484215053911,-0.0015110485686348,4.002797547964719,0.8001118393434032,0.000995644648851,0.5923459519299801
170056,0,1,0.1145224518837139,0.0536954782775474,0.0536954782775474,1.0,0.1155953752608937,0.0280519472677541,0.1150010128618791,0.0094420311569361,0.006209361843829,0.0015085670601989,4.1160661714343485,0.804537320962829,0.0003466888529502,0.0061778394901808,0.0005081246531059,12.158117998028072,0.9240012895347296,0.0001956998672284,8.042051826593724
170056,0,-1,0.1145224518837139,0.0536954782775474,0.0536954782775474,1.0,0.1155953752608937,0.0280519472677541,0.1150010128618791,0.0094420311569361,0.0062019441089321,-0.0015086385673512,4.110954235922126,0.8043418207559868,0.0004282026984722,0.006169909180205,-0.0005081446768806,12.142032497651496,0.9239082691220936,0.0002262174457359,8.031078261729371
170056,1,1,0.1145224518837139,0.0536954782775474,0.0536954782775474,1.0,0.1155953752608937,0.017517534749099,0.1150010128618791,0.0147516603824522,0.0062074068716854,0.0009402457596661,6.601898288679947,0.8684539095334768,0.000669902438072,0.0061764111702434,0.000792614446332,7.79245344166786,0.8862661023303289,0.0002841549765029,1.1905551529879128
170056,1,-1,0.1145224518837139,0.0536954782775474,0.0536954782775474,1.0,0.1155953752608937,0.017517534749099,0.1150010128618791,0.0147516603824522,0.0062043003786034,-0.0009395206900491,6.603686799353605,0.8684848513112072,0.0004892060348461,0.006171595752941,-0.0007919491556648,7.792919165059096,0.8862721263293588,0.000217643368883,1.1892323657054904
170056,2,1,0.1145224518837139,0.0536954782775474,0.0536954782775474,1.0,0.1155953752608937,0.0324914551592677,0.1150010128618791,0.0170822670504843,0.0062039759919458,0.0017458449113665,3.5535665004093486,0.7803919191890348,0.0005902866849777,0.0061734630419518,0.0009175886870289,6.727919741397465,0.870599070194385,0.0003364980098183,3.174353240988117
170056,2,-1,0.1145224518837139,0.0536954782775474,0.0536954782775474,1.0,0.1155953752608937,0.0324914551592677,0.1150010128618791,0.0170822670504843,0.006209366579835,-0.0017484326508415,3.5513901990122343,0.7802869109712842,0.0005240055915495,0.0061761317282938,-0.0009188638795564,6.721487116533919,0.8704912687274045,0.0003977721595831,3.170096917521685
170056,3,1,0.1145224518837139,0.0536954782775474,0.0536954782775474,1.0,0.1155953752608937,0.0498853573611895,0.1150010128618791,0.0268447325571719,0.0062093940534474,0.0026783361987112,2.318377377878498,0.6986478974132475,0.0003650002622456,0.0061782799762572,0.001442138299782,4.284110599646811,0.8107533933777162,0.0002094254143698,1.9657332217683128
170056,3,-1,0.1145224518837139,0.0536954782775474,0.0536954782775474,1.0,0.1155953752608937,0.0498853573611895,0.1150010128618791,0.0268447325571719,0.0062041517579518,-0.0026765417263441,2.3179731131723127,0.6986111804131226,0.000380724305159,0.0061710687480709,-0.0014411738142976,4.281973962366414,0.8106768403015786,0.0002358072019082,1.9640008491941008
170056,4,1,0.1145224518837139,0.0536954782775474,0.0536954782775474,1.0,0.1155953752608937,0.023534261413284,0.1150010128618791,0.0159047312400625,0.0062086067431517,0.0012639530010615,4.9120550668674525,0.8308540788795701,0.0001744952764012,0.0061767026406348,0.0008543598669919,7.229626389609017,0.8784878009452979,6.460176691080721e-05,2.317571322741564
170056,4,-1,0.1145224518837139,0.0536954782775474,0.0536954782775474,1.0,0.1155953752608937,0.023534261413284,0.1150010128618791,0.0159047312400625,0.0062053835673361,-0.0012644028805411,4.907758170145484,0.830731053777143,0.0003381446187147,0.006173348734516,-0.0008548516830125,7.221543639890561,0.878368340082993,9.47683807576567e-05,2.313785469745077
170056,5,1,0.1145224518837139,0.0536954782775474,0.0536954782775474,1.0,0.1155953752608937,0.0420861426149623,0.1150010128618791,0.0210949186810708,0.0062038465964261,0.0022593405638556,2.7458660706894387,0.7330390406040473,0.0002426206095672,0.0061725453509574,0.0011327576946205,5.449131248691101,0.8449403553070877,0.0001471308257393,2.7032651780016623
170056,5,-1,0.1145224518837139,0.0536954782775474,0.0536954782775474,1.0,0.1155953752608937,0.0420861426149623,0.1150010128618791,0.0210949186810708,0.0062096637880492,-0.0022597417246548,2.7479528834186184,0.7331876810874233,0.0003267815023064,0.0061771287549475,-0.0011329982918505,5.452019477322238,0.8450097673271397,0.0001568184668655,2.7040665939036197
170057,0,1,0.134160427821509,0.0589655493596535,0.0589655493596535,1.0,0.1449864617951644,0.0204379844543659,0.1349152325375534,0.0095748243017087,0.0085328731091186,0.0012008245437418,7.1058450242218045,0.8766322330353209,0.0011176348432438,0.0079414599088362,0.0005622255469173,14.12504279174948,0.9338844845751124,0.0009037540351542,7.019197767527676
170057,0,-1,0.134160427821509,0.0589655493596535,0.0589655493596535,1.0,0.1449864617951644,0.0204379844543659,0.1349152325375534,0.0095748243017087,0.0085717422209119,-0.0011982958429062,7.153277107359035,0.877349930974698,0.001746461672624,0.0079741030376578,-0.0005609526790522,14.2152864856921,0.9342766236481737,0.0013484940325176,7.062009378333066
170057,1,1,0.134160427821509,0.0589655493596535,0.0589655493596535,1.0,0.1449864617951644,0.0216859086071741,0.1349152325375534,0.0096861185793916,0.0085382995494938,0.0012775142633234,6.683525808373159,0.8698514165319462,0.000630567766449,0.0079463902951103,0.0005708640662231,13.91993429831602,0.932975576165046,0.000372938328706,7.23640848994286
170057,1,-1,0.134160427821509,0.0589655493596535,0.0589655493596535,1.0,0.1449864617951644,0.0216859086071741,0.1349152325375534,0.0096861185793916,0.0085627080652556,-0.0012775080735029,6.702664541109008,0.8701747954019009,0.0007872263019624,0.0079660076041843,-0.0005710634083612,13.949427484822326,0.933107806234368,0.0005358512431754,7.2467629437133185
170057,2,1,0.134160427821509,0.0589655493596535,0.0589655493596535,1.0,0.1449864617951644,0.016359791850318,0.1349152325375534,0.0080537164887426,0.0085535018422467,0.0009655661161225,8.858535629425553,0.8985650569629002,0.000694132503451,0.0079574817949747,0.00047420009837,16.780852265341824,0.9437597261887618,0.0005199129322866,7.922316635916271
170057,2,-1,0.134160427821509,0.0589655493596535,0.0589655493596535,1.0,0.1449864617951644,0.016359791850318,0.1349152325375534,0.0080537164887426,0.0085482167898585,-0.0009658826650939,8.85016068594412,0.8984788135053503,0.0002792155055846,0.0079553530204905,-0.0004747173970598,16.758081902506962,0.943687611900313,0.0002629612780068,7.907921216562842
170057,3,1,0.134160427821509,0.0589655493596535,0.0589655493596535,1.0,0.1449864617951644,0.0429533603386449,0.1349152325375534,0.0208302802165988,0.0085367137921097,0.0025353707713454,3.367047490090074,0.7710123367631676,0.0013473529802512,0.0079470971942476,0.0012335833723544,6.442286246995238,0.8656326877505226,0.000887484734974,3.075238756905163
170057,3,-1,0.134160427821509,0.0589655493596535,0.0589655493596535,1.0,0.1449864617951644,0.0429533603386449,0.1349152325375534,0.0208302802165988,0.0085673726388993,-0.0025439548705946,3.3677376662320597,0.7710485206721044,0.0025692175554561,0.007964314392497,-0.0012418608985978,6.413209725407153,0.8651056644771942,0.0018430451984577,3.045472059175094
170057,4,1,0.134160427821509,0.0589655493596535,0.0589655493596535,1.0,0.1449864617951644,0.0204722169729659,0.1349152325375534,0.0108775700615692,0.0085453192829001,0.0012082951646639,7.072211768115048,0.8761182153384572,0.0002400188861866,0.0079528600946815,0.0006424606845892,12.378749837047804,0.9252546006032007,0.0002095056662171,5.306538068932756
170057,4,-1,0.134160427821509,0.0589655493596535,0.0589655493596535,1.0,0.1449864617951644,0.0204722169729659,0.1349152325375534,0.0108775700615692,0.0085543119516788,-0.0012098425053648,7.070599614197127,0.8760934691592328,0.0004446706609981,0.0079578264010957,-0.0006432878688047,12.370552573716475,0.925208775442402,0.0004215045054679,5.299952959519349
170057,5,1,0.134160427821509,0.0589655493596535,0.0589655493596535,1.0,0.1449864617951644,0.0237500547054418,0.1349152325375534,0.0144560820266032,0.0085341787137709,0.0013992283578785,6.099203654437189,0.8591391304326121,0.0009284874153715,0.0079429030658768,0.0008510170285531,9.333424360933703,0.9032266589398404,0.0006449217686888,3.234220706496516
170057,5,-1,0.134160427821509,0.0589655493596535,0.0589655493596535,1.0,0.1449864617951644,0.0237500547054418,0.1349152325375534,0.0144560820266032,0.0085692430160188,-0.0013992196274405,6.1243016092389135,0.8596353642996833,0.0012577913032616,0.007971300854001,-0.0008508762827899,9.36834298384073,0.9035525732936768,0.0009700249723072,3.2440413746018164
170058,0,1,0.0674206705664579,0.0335401684398001,0.0335401684398001,1.0,0.1026718969870367,0.0196472102357315,0.0676576674295883,0.0136226718836757,0.0034444770328023,0.0006588528882934,5.227991094823538,0.8394345809467902,9.569730816202169e-05,0.0022698260823535,0.0004567416469854,4.969606116127133,0.8324847602091435,0.0001239405235736,-0.2583849786964043
170058,0,-1,0.0674206705664579,0.0335401684398001,0.0335401684398001,1.0,0.1026718969870367,0.0196472102357315,0.0676576674295883,0.0136226718836757,0.0034430151198588,-0.0006585650547198,5.228056203678111,0.8394362595171462,0.000245149075579,0.0022687349656086,-0.0004564682873427,4.97019185891451,0.8325011953331399,0.0002558906457057,-0.2578643447636013
170058,1,1,0.0674206705664579,0.0335401684398001,0.0335401684398001,1.0,0.1026718969870367,0.0225691977262207,0.0676576674295883,0.0152709587108333,0.0034429533235931,0.0007570298831971,4.547975449856516,0.8197540690224463,6.0493596286079925e-05,0.0022687786062287,0.0005121711373565,4.429727567106181,0.8158286971784556,6.225432798212378e-05,-0.1182478827503343
170058,1,-1,0.0674206705664579,0.0335401684398001,0.0335401684398001,1.0,0.1026718969870367,0.0225691977262207,0.0676576674295883,0.0152709587108333,0.0034445545208831,-0.0007572254517199,4.548915403007831,0.8197846016073803,0.000229160169237,0.0022699601052419,-0.0005121884983834,4.431884184049462,0.8159018185740291,0.0002458217966017,-0.1170312189583686
170058,2,1,0.0674206705664579,0.0335401684398001,0.0335401684398001,1.0,0.1026718969870367,0.0247589692061913,0.0676576674295883,0.0112805645972631,0.0034421514546174,0.0008304915463028,4.144715825148228,0.8056258044201716,7.638735722957432e-05,0.0022682496235358,0.0003783517852456,5.995081064722317,0.8570424001169603,4.679556472382576e-05,1.8503652395740893
170058,2,-1,0.0674206705664579,0.0335401684398001,0.0335401684398001,1.0,0.1026718969870367,0.0247589692061913,0.0676576674295883,0.0112805645972631,0.0034457163413197,-0.0008305636089793,4.148648344405542,0.8057742667380677,0.0001805167564047,0.0022705342207433,-0.0003784011600334,6.000336311169511,0.8571497203063755,0.0001414274988863,1.8516879667639683
170058,3,1,0.0674206705664579,0.0335401684398001,0.0335401684398001,1.0,0.1026718969870367,0.034718779552104,0.0676576674295883,0.0237285795980059,0.0034423045612849,0.0011647274018078,2.9554594113086443,0.74718486627849,8.98115441191938e-05,0.002268379593122,0.0007961314626652,2.849252541188644,0.7402093031570224,0.000112948943532,-0.1062068701200007
170058,3,-1,0.0674206705664579,0.0335401684398001,0.0335401684398001,1.0,0.1026718969870367,0.034718779552104,0.0676576674295883,0.0237285795980059,0.0034446338035779,-0.0011651810379346,2.9563078109138403,0.7472390805282118,0.0001289578904907,0.0022698217171977,-0.0007964400338387,2.849959345030325,0.7402569974431449,8.216227128134796e-05,-0.1063484658835154
170058,4,1,0.0674206705664579,0.0335401684398001,0.0335401684398001,1.0,0.1026718969870367,0.0104596382232042,0.0676576674295883,0.005281450633675,0.0034433435459913,0.0003506882758107,9.818815693284757,0.9075684410983448,5.165938638754698e-05,0.0022690415891492,0.0001770533480709,12.815581370575282,0.9276179573499655,6.017842817712005e-05,2.996765677290528
170058,4,-1,0.0674206705664579,0.0335401684398001,0.0335401684398001,1.0,0.1026718969870367,0.0104596382232042,0.0676576674295883,0.005281450633675,0.0034441481042615,-0.0003505726948111,9.824347860596497,0.9076156815284674,0.0002057406400737,0.0022696491716451,-0.0001768846949553,12.83123546785542,0.927699878848563,0.0002201237448544,3.006887607258925
170058,5,1,0.0674206705664579,0.0335401684398001,0.0335401684398001,1.0,0.1026718969870367,0.0237022548129762,0.0676576674295883,0.0119252813161808,0.0034426210253506,0.0007951162069424,4.329708029200631,0.8123724612077889,0.0001975975180743,0.0022686264572479,0.0004002100910136,5.668588844164685,0.8500432365274634,0.0001955252557459,1.338880814964055
170058,5,-1,0.0674206705664579,0.0335401684398001,0.0335401684398001,1.0,0.1026718969870367,0.0237022548129762,0.0676576674295883,0.0119252813161808,0.0034452296185544,-0.0007954063436521,4.331408274582452,0.8124322977162505,0.0002668876077954,0.0022701442653288,-0.0004003110425723,5.670950895422152,0.8500963332399529,0.0002100936927037,1.3395426208397003
170059,0,1,0.0624979413542272,0.0438896988288392,0.0438896988288392,1.0,0.0920666125239154,0.0233171071237039,0.0623837450993421,0.0094611286537459,0.0040405630962039,0.0010233920461238,3.9482064683850338,0.797906573545551,3.4547940761559684e-05,0.0027378755200536,0.0004151851815284,6.5943478762131145,0.8683231244736388,4.223921480583615e-05,2.6461414078280807
170059,0,-1,0.0624979413542272,0.0438896988288392,0.0438896988288392,1.0,0.0920666125239154,0.0233171071237039,0.0623837450993421,0.0094611286537459,0.004041106747649,-0.0010230865224841,3.949916902270275,0.7979764065248549,0.0001353247078872,0.0027382008292104,-0.000414984877244,6.598314732307029,0.8683918690880055,0.0001260539068772,2.6483978300367537
170059,1,1,0.0624979413542272,0.0438896988288392,0.0438896988288392,1.0,0.0920666125239154,0.0179702997944529,0.0623837450993421,0.0077128754186889,0.0040410189958848,0.0007888016760243,5.122984799230013,0.8366809598929996,5.1887489339032415e-05,0.0027381463852091,0.0003385806081764,8.087132928103259,0.8899542894428938,4.765684766583944e-05,2.964148128873246
170059,1,-1,0.0624979413542272,0.0438896988288392,0.0438896988288392,1.0,0.0920666125239154,0.0179702997944529,0.0623837450993421,0.0077128754186889,0.0040406188015579,-0.0007883513517024,5.125403530833405,0.8367454495093578,0.0001327239398104,0.0027379190346424,-0.0003382460301637,8.094460216751624,0.8900429518446801,0.0001287846777778,2.9690566859182197
170059,2,1,0.0624979413542272,0.0438896988288392,0.0438896988288392,1.0,0.0920666125239154,0.029294274140047,0.0623837450993421,0.0149369801992597,0.0040409963418656,0.0012858822509212,3.1425866085074694,0.7586049262201691,9.40776540084169e-05,0.0027381142951048,0.0006557309028178,4.175667615075139,0.8067882108411859,8.357764823095557e-05,1.0330810065676697
170059,2,-1,0.0624979413542272,0.0438896988288392,0.0438896988288392,1.0,0.0920666125239154,0.029294274140047,0.0623837450993421,0.0149369801992597,0.0040408575369568,-0.0012857525995241,3.142795541264481,0.7586171004483663,0.0001115286798245,0.0027380196295229,-0.0006555688221302,4.17655559125227,0.8068213540119468,7.329541770648829e-05,1.033760049987789
170059,3,1,0.0624979413542272,0.0438896988288392,0.0438896988288392,1.0,0.0920666125239154,0.0316737061770832,0.0623837450993421,0.0250165083581612,0.0040412926595337,0.0013902402496787,2.9069023576785957,0.7440427457741278,5.790250692987879e-05,0.0027383619755484,0.0010980363712292,2.4938718309306624,0.713784578144176,4.360071487000303e-05,-0.4130305267479328
170059,3,-1,0.0624979413542272,0.0438896988288392,0.0438896988288392,1.0,0.0920666125239154,0.0316737061770832,0.0623837450993421,0.0250165083581612,0.004039978368895,-0.0013895617816408,2.907375852062997,0.7440737625810876,0.0001436126748696,0.0027375243047805,-0.0010975302269052,2.494258688890166,0.7138162657563237,8.012391737660264e-05,-0.4131171631728314
170059,4,1,0.0624979413542272,0.0438896988288392,0.0438896988288392,1.0,0.0920666125239154,0.021568297890252,0.0623837450993421,0.0105335136343236,0.0040410682322911,0.0009466040103175,4.269016598536659,0.8102112640378234,5.025517721269335e-05,0.002738188764568,0.0004623203420068,5.922708814144008,0.8555478748496733,4.556135772753337e-05,1.6536922156073492
170059,4,-1,0.0624979413542272,0.0438896988288392,0.0438896988288392,1.0,0.0920666125239154,0.021568297890252,0.0623837450993421,0.0105335136343236,0.004040452183396,-0.0009463098348518,4.269692688995952,0.8102356135324217,0.0001008578200909,0.002737800120561,-0.0004620481701704,5.925356482951135,0.8556031010877486,7.849800011129999e-05,1.655663793955183
170059,5,1,0.0624979413542272,0.0438896988288392,0.0438896988288392,1.0,0.0920666125239154,0.0210180206408816,0.0623837450993421,0.0111683602529971,0.0040403328588117,0.0009223907690396,4.380283275182616,0.8141361804103041,6.155955006902184e-05,0.0027376907050054,0.000490071934358,5.58630379147468,0.8481697729621277,4.368222118467588e-05,1.206020516292064
170059,5,-1,0.0624979413542272,0.0438896988288392,0.0438896988288392,1.0,0.0920666125239154,0.0210180206408816,0.0623837450993421,0.0111683602529971,0.0040407668724551,-0.0009225088511445,4.380193065288899,0.8141330640248496,0.0001008447310265,0.0027379826432278,-0.0004902939820113,5.584369263497732,0.8481251643124307,8.908609103331537e-05,1.2041761982088328
170060,0,1,0.0758408051068117,0.0445600480132443,0.0445600480132443,1.0,0.1171338156598268,0.0265968068067407,0.0759002933201025,0.0106262931832451,0.0052194837883228,0.0011850086647049,4.404595463120951,0.8149722755711049,8.08071663625733e-05,0.003382177598483,0.0004734940494098,7.143020282285668,0.8771954428045081,7.153729353532912e-05,2.7384248191647167
170060,0,-1,0.0758408051068117,0.0445600480132443,0.0445600480132443,1.0,0.1171338156598268,0.0265968068067407,0.0759002933201025,0.0106262931832451,0.0052194217378741,-0.0011850843507958,4.404261801588045,0.8149608518769114,0.0001057352458307,0.0033819549850641,-0.0004734612882957,7.143044360037366,0.8771958059190272,9.763359088880404e-05,2.738782558449321
170060,1,1,0.0758408051068117,0.0445600480132443,0.0445600480132443,1.0,0.1171338156598268,0.0186520951870391,0.0759002933201025,0.0118381209529142,0.0052194419762998,0.0008314784057371,6.277303102858777,0.8625864573914525,0.0001147409483976,0.0033820964380427,0.000527929705205,6.40633858010121,0.8649805178112266,9.197597845081222e-05,0.1290354772424322
170060,1,-1,0.0758408051068117,0.0445600480132443,0.0445600480132443,1.0,0.1171338156598268,0.0186520951870391,0.0759002933201025,0.0118381209529142,0.0052196353996026,-0.0008312884310299,6.278970336600351,0.8626179316912768,0.0001262404331923,0.0033821774455671,-0.0005278702113605,6.407214070374214,0.8649964763406007,0.0001010030058697,0.1282437337738624
170060,2,1,0.0758408051068117,0.0445600480132443,0.0445600480132443,1.0,0.1171338156598268,0.0280571417350197,0.0759002933201025,0.0099663840559968,0.0052198227444984,0.0012507167326976,4.173465188424912,0.8067059575007105,0.0001064497807913,0.0033822105064624,0.0004442520074967,7.613270057040509,0.8839000758855114,8.422494394121996e-05,3.439804868615597
170060,2,-1,0.0758408051068117,0.0445600480132443,0.0445600480132443,1.0,0.1171338156598268,0.0280571417350197,0.0759002933201025,0.0099663840559968,0.005219403167558,-0.0012505959097918,4.173532894748195,0.8067084871509893,6.808337323666826e-05,0.0033820592442295,-0.0004442401431806,7.613132888008502,0.8838982269282953,6.984767521089414e-05,3.4395999932603063
170060,3,1,0.0758408051068117,0.0445600480132443,0.0445600480132443,1.0,0.1171338156598268,0.0215379265264961,0.0759002933201025,0.0080155472033451,0.0052189467862809,0.0009599102700541,5.436911083346722,0.8446459820476387,8.962738195695046e-05,0.0033818969151585,0.0003572704323863,9.465930031098484,0.904451874125988,7.091953935732455e-05,4.029018947751762
170060,3,-1,0.0758408051068117,0.0445600480132443,0.0445600480132443,1.0,0.1171338156598268,0.0215379265264961,0.0759002933201025,0.0080155472033451,0.0052201442026693,-0.0009597514622069,5.439058348147703,0.8446977887243923,0.0001876186153177,0.0033822333793669,-0.0003571747611773,9.469407547747217,0.9044836113753946,0.0001733685137523,4.030349199599514
170060,4,1,0.0758408051068117,0.0445600480132443,0.0445600480132443,1.0,0.1171338156598268,0.0282462106571346,0.0759002933201025,0.0230200752920248,0.0052195766580169,0.0012590936596611,4.145503091022988,0.8056555438194892,0.0001322454323676,0.0033822753417871,0.0010261519756916,3.2960764310804445,0.7672294671562665,9.603791978049874e-05,-0.8494266599425435
170060,4,-1,0.0758408051068117,0.0445600480132443,0.0445600480132443,1.0,0.1171338156598268,0.0282462106571346,0.0759002933201025,0.0230200752920248,0.0052194782062594,-0.0012592725232611,4.14483609373003,0.8056303482206767,0.0002601489233405,0.0033817778160226,-0.0010264693886205,3.294572496276994,0.7671479522427648,0.0001875555758302,-0.8502635974530359
170060,5,1,0.0758408051068117,0.0445600480132443,0.0445600480132443,1.0,0.1171338156598268,0.0297722333769614,0.0759002933201025,0.0113582177200903,0.0052196612640142,0.0013272998040121,3.932541275326294,0.7972647476865059,5.765207334775619e-05,0.003382204829953,0.0005064189899038,6.678669041594812,0.8697690974069764,5.606449964552682e-05,2.7461277662685184
170060,5,-1,0.0758408051068117,0.0445600480132443,0.0445600480132443,1.0,0.1171338156598268,0.0297722333769614,0.0759002933201025,0.0113582177200903,0.0052194992706983,-0.0013266401256527,3.934374642954633,0.7973400739994857,7.346956532693733e-05,0.0033821091958257,-0.0005061557970238,6.68195290008612,0.8698247681278038,7.229641864035445e-05,2.747578257131487
170061,0,1,0.0767150035638654,0.0542468272265426,0.0542468272265426,1.0,0.1043396062162271,0.0202324264350826,0.076429757167459,0.0091737124544577,0.0056602440324003,0.001097850022957,5.15575343993647,0.8375503486685587,5.0952322035043146e-05,0.0041462132269771,0.0004977784567943,8.32943485274601,0.8928123711903447,4.165993378213959e-05,3.17368141280954
170061,0,-1,0.0767150035638654,0.0542468272265426,0.0542468272265426,1.0,0.1043396062162271,0.0202324264350826,0.076429757167459,0.0091737124544577,0.0056603419442849,-0.0010972365749542,5.158725176943348,0.837628734637529,8.190446804780271e-05,0.0041461829612302,-0.0004976469526623,8.331575103676728,0.8928369552953616,0.0001210641599695,3.17284992673338
170061,1,1,0.0767150035638654,0.0542468272265426,0.0542468272265426,1.0,0.1043396062162271,0.0309618743120946,0.076429757167459,0.0160351636370261,0.0056594530520259,0.0016796766075501,3.369370643481872,0.771134087356087,6.945113344713298e-05,0.0041457749815798,0.0008698355290072,4.76615962825353,0.8265743467974571,5.369079638524265e-05,1.396788984771658
170061,1,-1,0.0767150035638654,0.0542468272265426,0.0542468272265426,1.0,0.1043396062162271,0.0309618743120946,0.076429757167459,0.0160351636370261,0.0056605105479258,-0.0016798322385537,3.3696880069380035,0.7711507095215395,7.246260724647761e-05,0.0041462909191107,-0.0008698263237761,4.766803217802881,0.826593701530708,6.240402110410522e-05,1.3971152108648774
170061,2,1,0.0767150035638654,0.0542468272265426,0.0542468272265426,1.0,0.1043396062162271,0.020097927328581,0.076429757167459,0.0080479557210092,0.005659602438559,0.001089744276876,5.193514257104553,0.8385407769340477,8.921729557551993e-05,0.0041456547737597,0.0004364845376019,9.497827337771124,0.9047421939964656,7.629076083725757e-05,4.304313080666571
170061,2,-1,0.0767150035638654,0.0542468272265426,0.0542468272265426,1.0,0.1043396062162271,0.020097927328581,0.076429757167459,0.0080479557210092,0.0056598595197646,-0.0010912757229851,5.186461496895675,0.8383567083539123,0.0001956388383354,0.0041460642701496,-0.0004370884845218,9.485640589857615,0.904631482318089,0.0001094630616014,4.299179092961942
170061,3,1,0.0767150035638654,0.0542468272265426,0.0542468272265426,1.0,0.1043396062162271,0.0239821973730295,0.076429757167459,0.0141661061145804,0.0056599728216449,0.0013010051725594,4.350461428608977,0.8131002319439238,7.15302266046701e-05,0.0041458680853209,0.0007683647721744,5.395702972668915,0.8436450216225877,4.798008746943834e-05,1.0452415440599383
170061,3,-1,0.0767150035638654,0.0542468272265426,0.0542468272265426,1.0,0.1043396062162271,0.0239821973730295,0.076429757167459,0.0141661061145804,0.0056601987943224,-0.0013010337418136,4.350539584336727,0.81310296200267,0.0001500197471816,0.0041463786683039,-0.0007683702782618,5.396328808654933,0.8436603198624044,9.655609838628962e-05,1.045789224318206
170061,4,1,0.0767150035638654,0.0542468272265426,0.0542468272265426,1.0,0.1043396062162271,0.0282785037322162,0.076429757167459,0.0195199813096374,0.0056591094562811,0.0015339583759431,3.68921969789294,0.786744903325954,5.936140411953512e-05,0.0041455391297991,0.0010590071307869,3.914552611855093,0.796522678872588,4.7882012094564255e-05,0.2253329139621529
170061,4,-1,0.0767150035638654,0.0542468272265426,0.0542468272265426,1.0,0.1043396062162271,0.0282785037322162,0.076429757167459,0.0195199813096374,0.0056610217024791,-0.0015340606850441,3.6902201833772974,0.7867903934352336,8.862866767194027e-05,0.0041466628950557,-0.0010589642312084,3.9157723866837215,0.7965731687030733,6.017667402818013e-05,0.2255522033064241
170061,5,1,0.0767150035638654,0.0542468272265426,0.0542468272265426,1.0,0.1043396062162271,0.0181146779251277,0.076429757167459,0.0143093475443923,0.0056594330352396,0.0009828563392529,5.75814878452694,0.8520304846958177,0.0001029293283173,0.0041457466945027,0.0007762611484991,5.3406597799115305,0.8422877058995976,5.6763855981775246e-05,-0.4174890046154091
170061,5,-1,0.0767150035638654,0.0542468272265426,0.0542468272265426,1.0,0.1043396062162271,0.0181146779251277,0.076429757167459,0.0143093475443923,0.0056608480667218,-0.0009829303881596,5.759154600271383,0.852052503731776,0.0001214711023171,0.0041465273384389,-0.0007761780321753,5.342237433353315,0.8423269373768505,7.517120499135317e-05,-0.4169171669180684
170062,0,1,0.1874681292820897,0.0668633260798846,0.0668633260798846,1.0,0.1701972335803434,0.0384682048447431,0.1897234161075942,0.0188860035826869,0.011382305110096,0.0025683655767011,4.4317309083044565,0.8158966235843677,0.0001564921993941,0.0126864011302236,0.0012620848693884,10.051939800499058,0.9095181463117592,0.00010867270357,5.620208892194602
170062,0,-1,0.1874681292820897,0.0668633260798846,0.0668633260798846,1.0,0.1701972335803434,0.0384682048447431,0.1897234161075942,0.0188860035826869,0.0113733988867927,-0.0025627442704304,4.43797651526029,0.8161080693905618,0.0003529899607705,0.012681474740321,-0.0012605661485826,10.06014222622874,0.9095852494890586,0.0002252995818212,5.622165710968451
170062,1,1,0.1874681292820897,0.0668633260798846,0.0668633260798846,1.0,0.1701972335803434,0.0263086608293376,0.1897234161075942,0.0173527787552605,0.0113711645116501,0.0017609646165415,6.457349798416645,0.8659041044028374,0.0007627535519732,0.0126783175519777,0.0011657957370933,10.875247823067951,0.9157912310631972,0.0004940494107124,4.417898024651309
170062,1,-1,0.1874681292820897,0.0668633260798846,0.0668633260798846,1.0,0.1701972335803434,0.0263086608293376,0.1897234161075942,0.0173527787552605,0.0113897513125689,-0.0017619618821774,6.464243879377583,0.8660279572639866,0.0008256202523511,0.0126928513586586,-0.0011667786633426,10.87854256974924,0.9158145880163218,0.0005831025288815,4.414298690371656
170062,2,1,0.1874681292820897,0.0668633260798846,0.0668633260798846,1.0,0.1701972335803434,0.0279908147932436,0.1897234161075942,0.0164649176989081,0.0113836598957687,0.0018686881146609,6.091792314860415,0.8589919225490344,0.0007110234988808,0.0126899628735449,0.0010964526168011,11.573653689254725,0.9204686223500343,0.0003175193075912,5.48186137439431
170062,2,-1,0.1874681292820897,0.0668633260798846,0.0668633260798846,1.0,0.1701972335803434,0.0279908147932436,0.1897234161075942,0.0164649176989081,0.0113758561096072,-0.0018697948512529,6.084012961089298,0.8588370736342877,0.0004128517149164,0.0126822617350256,-0.0010975767978962,11.55478300864447,0.920349081357164,0.0002346403479214,5.470770047555172
170062,3,1,0.1874681292820897,0.0668633260798846,0.0668633260798846,1.0,0.1701972335803434,0.022041721371168,0.1897234161075942,0.011626741166696,0.0113752340918305,0.0014779955808029,7.696392492352999,0.8850097898778913,0.000342187609468,0.0126826576573458,0.0007812827944049,16.23312038631138,0.9419722036646178,0.0002520446717164,8.536727893958382
170062,3,-1,0.1874681292820897,0.0668633260798846,0.0668633260798846,1.0,0.1701972335803434,0.022041721371168,0.1897234161075942,0.011626741166696,0.0113849739331573,-0.0014795017853182,7.695140381801444,0.8849932311509361,0.0004906799432504,0.0126880611645578,-0.0007823966233879,16.216917079216916,0.9419175921334296,0.0003254627657933,8.521776697415472
170062,4,1,0.1874681292820897,0.0668633260798846,0.0668633260798846,1.0,0.1701972335803434,0.0294799447323671,0.1897234161075942,0.013167255198422,0.0113869471076377,0.0019696644256154,5.781160973181496,0.8525326262044428,0.0006866252602601,0.012691513584292,0.0008837320106245,14.361269515752747,0.9349012137978234,0.0004693630521393,8.580108542571251
170062,4,-1,0.1874681292820897,0.0668633260798846,0.0668633260798846,1.0,0.1701972335803434,0.0294799447323671,0.1897234161075942,0.013167255198422,0.0113712627494387,-0.0019630794713457,5.7925636304666925,0.8527801792662347,0.0007943794936871,0.012675553646459,-0.0008811405038747,14.385394373207282,0.9350032910601604,0.0004916890671427,8.592830742740588
170062,5,1,0.1874681292820897,0.0668633260798846,0.0668633260798846,1.0,0.1701972335803434,0.0360690588369678,0.1897234161075942,0.0287291404647586,0.0113816663330319,0.0024141019487447,4.714658525065796,0.8250114165853004,0.0002213432218276,0.0126864824055357,0.0019250299276679,6.59027801240382,0.8682525200834768,0.0001304991983597,1.875619487338024
170062,5,-1,0.1874681292820897,0.0668633260798846,0.0668633260798846,1.0,0.1701972335803434,0.0360690588369678,0.1897234161075942,0.0287291404647586,0.0113775698135563,-0.0024131868829248,4.714748739128656,0.825014178986901,0.0001691617538581,0.0126840966457972,-0.0019239854785738,6.592615582105443,0.8682930817205027,0.0001029664445402,1.877866842976787
170063,0,1,0.1591359152510211,0.0512936562241533,0.0512936562241533,1.0,0.089133999510605,0.0383185305851738,0.1595678919785101,0.0181474656477429,0.0045715731561018,0.0019669038637023,2.3242483989503246,0.6991801213423873,0.0003527602937999,0.0081849482945456,0.0009314092150136,8.787703796141345,0.8978309907177376,0.000157154808153,6.463455397191021
170063,0,-1,0.1591359152510211,0.0512936562241533,0.0512936562241533,1.0,0.089133999510605,0.0383185305851738,0.1595678919785101,0.0181474656477429,0.0045731394933711,-0.0019673814589274,2.324480325163773,0.6992011074841488,0.0001981997818474,0.008186012058725,-0.0009316019442061,8.787027667371353,0.8978239324556252,9.567346626014382e-05,6.46254734220758
170063,1,1,0.1591359152510211,0.0512936562241533,0.0512936562241533,1.0,0.089133999510605,0.0460564415679823,0.1595678919785101,0.0155602092756754,0.0045732834187931,0.0023637942511776,1.9347214405453013,0.6592521572288681,0.0002018464542861,0.0081877451415243,0.0007986143991971,10.252438660941715,0.911130375367333,7.875380857496266e-05,8.317717220396414
170063,1,-1,0.1591359152510211,0.0512936562241533,0.0512936562241533,1.0,0.089133999510605,0.0460564415679823,0.1595678919785101,0.0155602092756754,0.0045710902794539,-0.0023633992054493,1.9341168723896975,0.6591819469053569,0.0002190348709105,0.0081826387679845,-0.0007986252187652,10.245905808766922,0.9110787501687562,0.0001152384154558,8.311788936377225
170063,2,1,0.1591359152510211,0.0512936562241533,0.0512936562241533,1.0,0.089133999510605,0.0295601526165198,0.1595678919785101,0.0171868279360989,0.0045721296016102,0.0015170086744114,3.0139113102837363,0.7508664435514615,0.0001485039439374,0.0081850453233961,0.000881876431111,9.281397069513698,0.9027369536222668,6.209202117051612e-05,6.267485759229961
170063,2,-1,0.1591359152510211,0.0512936562241533,0.0512936562241533,1.0,0.089133999510605,0.0295601526165198,0.1595678919785101,0.0171868279360989,0.0045723785263038,-0.0015159521957461,3.016175931623137,0.7510069237440378,0.0001213224009133,0.0081857249604405,-0.0008813247189808,9.28797840811444,0.9027991739162992,7.142677067906184e-05,6.271802476491303
170063,3,1,0.1591359152510211,0.0512936562241533,0.0512936562241533,1.0,0.089133999510605,0.0263954540099954,0.1595678919785101,0.0179388105633921,0.0045713962979305,0.0013537987037642,3.3767178866522203,0.7715182870137178,0.0001422344268115,0.0081835915925156,0.0009199378206624,8.895809487008476,0.8989471249105159,5.225059075752057e-05,5.519091600356256
170063,3,-1,0.1591359152510211,0.0512936562241533,0.0512936562241533,1.0,0.089133999510605,0.0263954540099954,0.1595678919785101,0.0179388105633921,0.0045736017027849,-0.0013553138019741,3.374570299601178,0.7714061195699224,0.0004473313329585,0.0081877269629817,-0.0009209338470034,8.89067872748288,0.8988947040387294,0.0001247521078151,5.516108427881703
170063,4,1,0.1591359152510211,0.0512936562241533,0.0512936562241533,1.0,0.089133999510605,0.0219567522398172,0.1595678919785101,0.0143082150031702,0.0045721251964772,0.001126579799501,4.058412194589343,0.8023095071078558,0.00024589849643,0.0081856432268701,0.0007340994048146,11.150592376418102,0.9176994858340568,8.773334754145075e-05,7.092180181828759
170063,4,-1,0.1591359152510211,0.0512936562241533,0.0512936562241533,1.0,0.089133999510605,0.0219567522398172,0.1595678919785101,0.0143082150031702,0.0045715876662737,-0.0011260621014093,4.059800663345192,0.8023637557020143,0.0001811400745797,0.0081838353015905,-0.0007338477596989,11.151952422579855,0.9177086969052088,6.171805139837024e-05,7.092151759234663
170063,5,1,0.1591359152510211,0.0512936562241533,0.0512936562241533,1.0,0.089133999510605,0.0336608509379071,0.1595678919785101,0.0339692374576505,0.0045703125760991,0.0017261830837008,2.6476406930705565,0.7258501908097182,0.0001766815360341,0.0081820961435979,0.0017416453773553,4.697911670180317,0.8244971038716797,6.286316312452478e-05,2.0502709771097605
170063,5,-1,0.1591359152510211,0.0512936562241533,0.0512936562241533,1.0,0.089133999510605,0.0336608509379071,0.1595678919785101,0.0339692374576505,0.0045749497730195,-0.0017286109477251,2.646604650420309,0.7257723016711616,0.0006965080493188,0.008190422493296,-0.0017437217752276,4.697092511918783,0.8244718691318565,0.0001950674111516,2.0504878614984734
