seed,A_idx,B_idx,C_idx,generation,condition,x_projection,x_cosine,x_norm_ratio
149000,0,2,1,1,NATIVE,0.2499295762146902,0.8586612602661585,0.2910688856943754
149000,0,2,1,1,RETURN_ALIGNED,0.382188247412011,0.7891178962105507,0.4843233808880348
149000,0,2,1,2,NATIVE,-0.0210151019024501,-0.4919299822294146,0.0427197013016669
149000,0,2,1,2,RETURN_ALIGNED,0.1212209151567221,0.8572683141099163,0.1414037042558267
149000,0,2,1,3,NATIVE,-0.0018610656643269,-0.2227765009332565,0.0083539585868326
149000,0,2,1,3,RETURN_ALIGNED,0.0257774614752804,0.3518399822683279,0.0732647304806224
149000,0,2,3,1,NATIVE,0.4740974843669424,0.8773043932529294,0.5404024965713583
149000,0,2,3,1,RETURN_ALIGNED,0.6672402045261545,0.8880832554589605,0.7513261852699842
149000,0,2,3,2,NATIVE,0.003219770103305,0.1084311501483996,0.0296941432317305
149000,0,2,3,2,RETURN_ALIGNED,0.0437133087824276,0.6896200158117952,0.0633875290450556
149000,0,2,3,3,NATIVE,0.0023850543844281,0.5316390096304626,0.0044862290777303
149000,0,2,3,3,RETURN_ALIGNED,0.0091526098657861,0.5317836790426177,0.0172111522521761
149000,0,2,4,1,NATIVE,0.2260391379666169,0.7266895748904009,0.3110532279214953
149000,0,2,4,1,RETURN_ALIGNED,0.3554556269499941,0.8011748653804464,0.4436679710129805
149000,0,2,4,2,NATIVE,0.0028100217718612,0.3116679268664301,0.0090160761809564
149000,0,2,4,2,RETURN_ALIGNED,0.0404340446792268,0.7060941087699742,0.0572643847000878
149000,0,2,4,3,NATIVE,0.0004484097629174,0.4644324458378166,0.0009655005081636
149000,0,2,4,3,RETURN_ALIGNED,0.0079597339062777,0.6065318841158395,0.0131233561073146
149000,0,2,5,1,NATIVE,0.1187422153104658,0.4850108209148128,0.2448238476132405
149000,0,2,5,1,RETURN_ALIGNED,0.2840563267010716,0.7757129526576734,0.3661874224580153
149000,0,2,5,2,NATIVE,0.0511203323814822,0.5157086031775243,0.0991263904943975
149000,0,2,5,2,RETURN_ALIGNED,0.1275553205619745,0.512236615002793,0.2490164053578253
149000,0,2,5,3,NATIVE,-0.0001891646734899,-0.0289163840146621,0.0065417817550309
149000,0,2,5,3,RETURN_ALIGNED,0.0144017957368289,0.5302772793377862,0.0271589907691947
149000,0,2,6,1,NATIVE,0.3527939196332591,0.8035228962703644,0.4390589506170251
149000,0,2,6,1,RETURN_ALIGNED,0.5407059316158537,0.8790668036965845,0.6150908319391494
149000,0,2,6,2,NATIVE,-0.0169235824009061,-0.6453193185581831,0.0262251290394058
149000,0,2,6,2,RETURN_ALIGNED,0.0400123989881339,0.7855347792589035,0.050936508534693
149000,0,2,6,3,NATIVE,-0.000236810902022,-0.0600286945766245,0.0039449617159342
149000,0,2,6,3,RETURN_ALIGNED,0.0092897067257184,0.544622782584444,0.0170571394040851
149000,0,2,7,1,NATIVE,0.3465022859889473,0.8792098739355576,0.3941064542847873
149000,0,2,7,1,RETURN_ALIGNED,0.4744175062976251,0.8684617643570207,0.5462733372595212
149000,0,2,7,2,NATIVE,-0.0177422111269122,-0.7744656399597045,0.0229089713105061
149000,0,2,7,2,RETURN_ALIGNED,0.038737239976838,0.7968516750136077,0.048612861328394
149000,0,2,7,3,NATIVE,0.0005624697740721,0.1399692865578669,0.0040185228326221
149000,0,2,7,3,RETURN_ALIGNED,0.0080819320702494,0.4427959512384372,0.0182520459979454
149000,2,4,0,1,NATIVE,0.3199456445884613,0.8569982544890205,0.3733329011027008
149000,2,4,0,1,RETURN_ALIGNED,0.5252470645271651,0.7925152784487183,0.6627595439613787
149000,2,4,0,2,NATIVE,-0.0012628132563382,-0.123875186616016,0.0101942389816936
149000,2,4,0,2,RETURN_ALIGNED,0.0666739447783239,0.7390112859425169,0.0902204689511465
149000,2,4,0,3,NATIVE,0.0006060504754315,0.5052744809733578,0.0011994480154871
149000,2,4,0,3,RETURN_ALIGNED,0.0055353242030435,0.6659440560017736,0.0083119958059575
149000,2,4,1,1,NATIVE,0.3681552724264654,0.896716159401877,0.4105594268222923
149000,2,4,1,1,RETURN_ALIGNED,0.5308987330456415,0.878045866757735,0.6046366746260475
149000,2,4,1,2,NATIVE,-0.0117503658361746,-0.4830686700527493,0.0243244212770043
149000,2,4,1,2,RETURN_ALIGNED,0.0557068401712392,0.7714976215538769,0.0722061074652488
149000,2,4,1,3,NATIVE,-0.0013396054063848,-0.3575663188384443,0.0037464529944181
149000,2,4,1,3,RETURN_ALIGNED,0.0138879583087088,0.5706254018872643,0.0243381354248202
149000,2,4,3,1,NATIVE,0.3229420283729233,0.7068902253980449,0.4568489091655695
149000,2,4,3,1,RETURN_ALIGNED,0.5390112848887066,0.8172634570255366,0.659531856288352
149000,2,4,3,2,NATIVE,-0.0143109155593284,-0.2695133113750692,0.0530991047759087
149000,2,4,3,2,RETURN_ALIGNED,0.0550235194600201,0.7712442207553485,0.0713438337415214
149000,2,4,3,3,NATIVE,0.003143388485925,0.4638098042269358,0.0067773222045397
149000,2,4,3,3,RETURN_ALIGNED,0.0063590591625924,0.5659133982311838,0.0112368061636059
149000,2,4,5,1,NATIVE,0.1428409855785498,0.6688836816219214,0.2135513087000742
149000,2,4,5,1,RETURN_ALIGNED,0.301366613105382,0.8913017416096832,0.3381196277716705
149000,2,4,5,2,NATIVE,0.0100923265486488,0.3870430601475232,0.0260754618483481
149000,2,4,5,2,RETURN_ALIGNED,0.051299689808634,0.664589461990369,0.0771900439932154
149000,2,4,5,3,NATIVE,0.0011641985252631,0.2822441837702804,0.0041247919058454
149000,2,4,5,3,RETURN_ALIGNED,0.0116679016383733,0.4426914290046736,0.0263567371605182
149000,2,4,6,1,NATIVE,0.4222877286667172,0.913435831426964,0.4623069449848057
149000,2,4,6,1,RETURN_ALIGNED,0.6242163976104252,0.8653195934526464,0.7213709273815838
149000,2,4,6,2,NATIVE,-0.018616288179089,-0.5022854421180011,0.0370631649215628
149000,2,4,6,2,RETURN_ALIGNED,0.0993427311228724,0.7140288149192741,0.1391298628948006
149000,2,4,6,3,NATIVE,0.0024490774569176,0.3183263232925672,0.0076936064544727
149000,2,4,6,3,RETURN_ALIGNED,0.0299845653976863,0.4943133436208874,0.0606590248524938
149000,2,4,7,1,NATIVE,0.2781180208352385,0.8245313709357395,0.3373043532832278
149000,2,4,7,1,RETURN_ALIGNED,0.3549670218953725,0.8197912155688974,0.4329968596321433
149000,2,4,7,2,NATIVE,-0.024069935025189,-0.7818311516607831,0.0307866154653029
149000,2,4,7,2,RETURN_ALIGNED,0.035262266289207,0.8354029470852792,0.0422098897448368
149000,2,4,7,3,NATIVE,0.0020997999760283,0.4637100189812866,0.0045282609588158
149000,2,4,7,3,RETURN_ALIGNED,0.0055435507339497,0.6237796342156228,0.0088870338637518
149000,4,6,0,1,NATIVE,0.2459644004626125,0.7885361739701848,0.3119253226191992
149000,4,6,0,1,RETURN_ALIGNED,0.4520822095111957,0.8156354869796463,0.554269911900533
149000,4,6,0,2,NATIVE,-0.0103681566611757,-0.7728995495339853,0.0134146237595256
149000,4,6,0,2,RETURN_ALIGNED,0.1028647103712921,0.7890330282749304,0.1303680665889753
149000,4,6,0,3,NATIVE,0.000434500088462,0.2182019219013677,0.0019912752558996
149000,4,6,0,3,RETURN_ALIGNED,0.0207724000575179,0.4405260541557595,0.0471536243098914
149000,4,6,1,1,NATIVE,0.2997923551082079,0.865872580182687,0.3462314917569256
149000,4,6,1,1,RETURN_ALIGNED,0.5198745449208859,0.9256120239522546,0.5616549174685296
149000,4,6,1,2,NATIVE,-0.0214864734623173,-0.4867327217267027,0.044144296249006
149000,4,6,1,2,RETURN_ALIGNED,0.1185431229557745,0.8085196609119213,0.1466174895754312
149000,4,6,1,3,NATIVE,-0.0019139189394123,-0.319759375614394,0.0059854974840353
149000,4,6,1,3,RETURN_ALIGNED,0.0261386164786399,0.5534842731469373,0.0472255811860236
149000,4,6,2,1,NATIVE,0.514817867924832,0.9589087284185456,0.5368789048086224
149000,4,6,2,1,RETURN_ALIGNED,0.7616123862736631,0.8904813087596587,0.8552817209992672
149000,4,6,2,2,NATIVE,0.0012744832661039,0.0284710169373837,0.044764234059437
149000,4,6,2,2,RETURN_ALIGNED,0.1323842141701283,0.7228738524288194,0.1831359838582242
149000,4,6,2,3,NATIVE,0.0033779328347118,0.5226530312515492,0.0064630503063107
149000,4,6,2,3,RETURN_ALIGNED,0.0285733167334827,0.586976328188774,0.0486788229102669
149000,4,6,3,1,NATIVE,0.2962788646752749,0.6450031401858379,0.459344840693158
149000,4,6,3,1,RETURN_ALIGNED,0.497863542623677,0.7726642940746098,0.6443465117278747
149000,4,6,3,2,NATIVE,0.0039777061991874,0.1264685407201096,0.0314521396112811
149000,4,6,3,2,RETURN_ALIGNED,0.0453556470797643,0.7383879526467971,0.0614252262879568
149000,4,6,3,3,NATIVE,0.0027239108683384,0.5378373734498044,0.0050645622673994
149000,4,6,3,3,RETURN_ALIGNED,0.0088832538226364,0.5000016123891184,0.0177664503510014
149000,4,6,5,1,NATIVE,0.248077210265752,0.7866292030981079,0.3153674047297002
149000,4,6,5,1,RETURN_ALIGNED,0.4631144717067669,0.9078218496354932,0.5101380539503668
149000,4,6,5,2,NATIVE,0.0300098023339409,0.3996251821772327,0.0750948730751513
149000,4,6,5,2,RETURN_ALIGNED,0.092447905442437,0.4832919481528783,0.1912879074336294
149000,4,6,5,3,NATIVE,0.0007514112360523,0.1171948527519383,0.0064116402550484
149000,4,6,5,3,RETURN_ALIGNED,0.0122990585196935,0.4133074370815195,0.0297576511202989
149000,4,6,7,1,NATIVE,0.249729698474296,0.7906305469478717,0.3158614341911369
149000,4,6,7,1,RETURN_ALIGNED,0.3388221606475635,0.8194501614165124,0.413475006291846
149000,4,6,7,2,NATIVE,-0.0198545684920337,-0.8155911113868863,0.0243437774329834
149000,4,6,7,2,RETURN_ALIGNED,0.0319722308937925,0.8379531357500716,0.0381551539455248
149000,4,6,7,3,NATIVE,0.0010905703950094,0.2429502009123275,0.0044888639341364
149000,4,6,7,3,RETURN_ALIGNED,0.0053887304459624,0.401542417518042,0.0134200777061333
149000,6,0,1,1,NATIVE,0.2137728005365511,0.7948289803984049,0.2689544616621022
149000,6,0,1,1,RETURN_ALIGNED,0.2997596259989741,0.7023263465482132,0.4268095985181054
149000,6,0,1,2,NATIVE,-0.0127332379558548,-0.5624795229196777,0.0226376915726306
149000,6,0,1,2,RETURN_ALIGNED,0.0607959580266704,0.8257081721757273,0.0736288680132159
149000,6,0,1,3,NATIVE,-0.0008238439958047,-0.2408015206690891,0.0034212574458775
149000,6,0,1,3,RETURN_ALIGNED,0.0116796137137297,0.4096219939422287,0.0285131508709557
149000,6,0,2,1,NATIVE,0.3401888671990232,0.8767971850788989,0.3879903733591283
149000,6,0,2,1,RETURN_ALIGNED,0.4529842131535287,0.7817449400421218,0.579452696078982
149000,6,0,2,2,NATIVE,-0.048327815919808,-0.7766404998945232,0.0622267521794109
149000,6,0,2,2,RETURN_ALIGNED,0.1505842082366852,0.8775774946690362,0.1715907816130769
149000,6,0,2,3,NATIVE,0.0032171414681932,0.4249081394436717,0.0075713811259002
149000,6,0,2,3,RETURN_ALIGNED,0.0155200971795933,0.6217441258015992,0.0249621935039458
149000,6,0,3,1,NATIVE,0.4699085060019375,0.9281737843447568,0.5062721162003447
149000,6,0,3,1,RETURN_ALIGNED,0.6331606953946771,0.9129975234698186,0.6934966186856077
149000,6,0,3,2,NATIVE,-0.0223555129191371,-0.4666544842059623,0.0479059211377829
149000,6,0,3,2,RETURN_ALIGNED,0.0522031241271612,0.8298869177722585,0.0629039005301961
149000,6,0,3,3,NATIVE,0.0063235966552922,0.7263442957959158,0.0087060594942206
149000,6,0,3,3,RETURN_ALIGNED,0.0051075519797584,0.8487823210006277,0.0060175051365942
149000,6,0,4,1,NATIVE,0.1562508956491082,0.6688752050071658,0.2336024634780795
149000,6,0,4,1,RETURN_ALIGNED,0.2587154473216093,0.7887665491200682,0.3280000243547301
149000,6,0,4,2,NATIVE,-0.006395636692578,-0.4276447298479916,0.0149554904946904
149000,6,0,4,2,RETURN_ALIGNED,0.0577454968327419,0.8802651783716076,0.0656001148870965
149000,6,0,4,3,NATIVE,0.0006825684861038,0.5012031441594912,0.0013618599428037
149000,6,0,4,3,RETURN_ALIGNED,0.0023763528410895,0.6299655089891303,0.0037721951536951
149000,6,0,5,1,NATIVE,0.0547950405538176,0.3440518487556511,0.159263903833029
149000,6,0,5,1,RETURN_ALIGNED,0.1630225553007713,0.7404459681427026,0.2201680639974919
149000,6,0,5,2,NATIVE,0.0130527626790094,0.5821299965162061,0.022422418973416
149000,6,0,5,2,RETURN_ALIGNED,0.0412659813175852,0.7236100778597193,0.0570279250939745
149000,6,0,5,3,NATIVE,0.0003977198165541,0.1488057572211658,0.0026727448174077
149000,6,0,5,3,RETURN_ALIGNED,0.0060328671991841,0.3567825605599684,0.0169090865578814
149000,6,0,7,1,NATIVE,0.405128464658642,0.9138965010979376,0.4432979710195721
149000,6,0,7,1,RETURN_ALIGNED,0.5428226827432232,0.8843578865775787,0.613804310428995
149000,6,0,7,2,NATIVE,-0.0336633037359091,-0.7999176097020191,0.0420834637557822
149000,6,0,7,2,RETURN_ALIGNED,0.0573307887162889,0.7838853166881508,0.0731367044328942
149000,6,0,7,3,NATIVE,0.004835661929582,0.6331085849654755,0.0076379661263131
149000,6,0,7,3,RETURN_ALIGNED,0.0143285394240148,0.725159557845185,0.0197591540581981
149001,0,2,1,1,NATIVE,0.5140331972261732,0.8674457657125351,0.5925825193277205
149001,0,2,1,1,RETURN_ALIGNED,0.7677804653612934,0.8032091797936162,0.9558910489027984
149001,0,2,1,2,NATIVE,0.0258119208059402,0.8846304486582757,0.0291781962117626
149001,0,2,1,2,RETURN_ALIGNED,0.0944503695966737,0.7654931918214947,0.1233849897108268
149001,0,2,1,3,NATIVE,0.0022726964060297,0.7196523165262351,0.0031580477874071
149001,0,2,1,3,RETURN_ALIGNED,0.0194856607968612,0.7358879104972518,0.0264791152548936
149001,0,2,3,1,NATIVE,0.1559238207034429,0.5171997653832062,0.3014769749322786
149001,0,2,3,1,RETURN_ALIGNED,0.4088957769626036,0.7677791120831876,0.5325695509651591
149001,0,2,3,2,NATIVE,-0.0025563738621175,-0.2531635206028574,0.0100977180915267
149001,0,2,3,2,RETURN_ALIGNED,0.0429229552076518,0.5801324273755437,0.0739882019727906
149001,0,2,3,3,NATIVE,-0.000351790286186,-0.7011611051246851,0.0005017253290219
149001,0,2,3,3,RETURN_ALIGNED,0.0080288117429102,0.761190904186093,0.010547697954265
149001,0,2,4,1,NATIVE,0.3081009785121557,0.7655053966664593,0.4024804787187824
149001,0,2,4,1,RETURN_ALIGNED,0.5823074192722287,0.7917812900108769,0.7354397314240824
149001,0,2,4,2,NATIVE,0.0159344432737045,0.3183328257544765,0.050055922558008
149001,0,2,4,2,RETURN_ALIGNED,0.142565538201516,0.6480288654624753,0.2199987466602417
149001,0,2,4,3,NATIVE,-0.0016030393736892,-0.4739348267643681,0.0033824046748722
149001,0,2,4,3,RETURN_ALIGNED,0.0138121489446514,0.5667609187311311,0.0243703270428519
149001,0,2,5,1,NATIVE,0.3092965582635855,0.745123290932644,0.4150944709786561
149001,0,2,5,1,RETURN_ALIGNED,0.5063071894973675,0.7916059762284826,0.6395949559521933
149001,0,2,5,2,NATIVE,0.0215447890651102,0.359063336659081,0.0600027540141325
149001,0,2,5,2,RETURN_ALIGNED,0.1073011805030287,0.5353580871297896,0.2004288028564621
149001,0,2,5,3,NATIVE,0.0051494341342327,0.486353321824743,0.0105878461249238
149001,0,2,5,3,RETURN_ALIGNED,0.0339460994708546,0.5489139545063993,0.0618422963958784
149001,0,2,6,1,NATIVE,0.2300182122778319,0.6336895027238836,0.3629825194974302
149001,0,2,6,1,RETURN_ALIGNED,0.4836257160151449,0.772043174437535,0.6264231483782653
149001,0,2,6,2,NATIVE,0.0428177367538204,0.7527348219563635,0.0568828962134298
149001,0,2,6,2,RETURN_ALIGNED,0.1353744382830736,0.7039116305613836,0.1923173767919051
149001,0,2,6,3,NATIVE,-0.0010109821936472,-0.402799337886992,0.0025098904057071
149001,0,2,6,3,RETURN_ALIGNED,0.0112249806979156,0.5598210168940083,0.020051016948439
149001,0,2,7,1,NATIVE,0.0915719069439914,0.3351467760240492,0.2732292639968598
149001,0,2,7,1,RETURN_ALIGNED,0.361434792559259,0.574577365213074,0.6290446064216362
149001,0,2,7,2,NATIVE,0.0010321074093942,0.1047370838819121,0.0098542691006519
149001,0,2,7,2,RETURN_ALIGNED,0.0471326935946864,0.6141305981200058,0.0767470204854575
149001,0,2,7,3,NATIVE,0.0001524077870893,0.4813647838747634,0.0003166159889167
149001,0,2,7,3,RETURN_ALIGNED,0.0093303413889928,0.8118564168105555,0.0114926004103359
149001,2,4,0,1,NATIVE,0.2003008408232184,0.4846826038958976,0.4132618732613058
149001,2,4,0,1,RETURN_ALIGNED,0.4534874234834007,0.6747585726998024,0.6720736005900697
149001,2,4,0,2,NATIVE,0.005308377323068,0.3085610449074953,0.0172036535740994
149001,2,4,0,2,RETURN_ALIGNED,0.0248089724259822,0.369364708470725,0.067166602160446
149001,2,4,0,3,NATIVE,0.0006388949014257,0.1993312335199642,0.0032051921321908
149001,2,4,0,3,RETURN_ALIGNED,0.0045612546832589,0.6030182293071696,0.0075640411208727
149001,2,4,1,1,NATIVE,0.2096551261132113,0.5603421809125293,0.3741555307718479
149001,2,4,1,1,RETURN_ALIGNED,0.4017878513349318,0.6999346767172757,0.574036213235366
149001,2,4,1,2,NATIVE,0.0083569009116975,0.4130699756707513,0.0202311990797904
149001,2,4,1,2,RETURN_ALIGNED,0.0246820778304933,0.4591964854862756,0.0537505808746249
149001,2,4,1,3,NATIVE,-0.0005403564635657,-0.2541534724316125,0.0021261030131797
149001,2,4,1,3,RETURN_ALIGNED,0.0036389877069453,0.4796373167993582,0.0075869570182594
149001,2,4,3,1,NATIVE,0.3598642808868913,0.749686205396173,0.4800198780456972
149001,2,4,3,1,RETURN_ALIGNED,0.7477971432654098,0.8958382679207693,0.8347457013652704
149001,2,4,3,2,NATIVE,-0.0038447678364771,-0.1699185515525782,0.0226271222377343
149001,2,4,3,2,RETURN_ALIGNED,0.0980607301897393,0.6753504073676202,0.1451997794327634
149001,2,4,3,3,NATIVE,-0.0005016085486103,-0.4772169653189959,0.0010511121460281
149001,2,4,3,3,RETURN_ALIGNED,0.0118369009510839,0.6026703836920232,0.0196407543348643
149001,2,4,5,1,NATIVE,0.3458284061004126,0.7809270755882125,0.4428434061399386
149001,2,4,5,1,RETURN_ALIGNED,0.4929471745823859,0.724772983995421,0.6801401065819577
149001,2,4,5,2,NATIVE,0.0089697317790213,0.3085690610005896,0.0290687982454331
149001,2,4,5,2,RETURN_ALIGNED,0.0529885495467156,0.4865633129214973,0.1089037092183039
149001,2,4,5,3,NATIVE,0.0015107069020331,0.6443945742732768,0.0023443817845762
149001,2,4,5,3,RETURN_ALIGNED,0.0140122319951939,0.7406101966152607,0.0189198475246519
149001,2,4,6,1,NATIVE,0.2450954089623802,0.6627574046276755,0.3698116494074047
149001,2,4,6,1,RETURN_ALIGNED,0.3999667987877863,0.661543294027457,0.6045965583790692
149001,2,4,6,2,NATIVE,0.0086276444687269,0.3804740670868538,0.0226760381719685
149001,2,4,6,2,RETURN_ALIGNED,0.0419590904353966,0.5439252103618255,0.077141286404901
149001,2,4,6,3,NATIVE,0.0014505122709818,0.5688038534351979,0.0025501097823659
149001,2,4,6,3,RETURN_ALIGNED,0.0170495999383227,0.7608547579711692,0.0224084817234613
149001,2,4,7,1,NATIVE,0.2675988098818124,0.6064450312059225,0.4412581456057282
149001,2,4,7,1,RETURN_ALIGNED,0.7075259223270799,0.7210584032286705,0.981232475981127
149001,2,4,7,2,NATIVE,0.0009725884317583,0.0498514452416445,0.0195097339111106
149001,2,4,7,2,RETURN_ALIGNED,0.1027312560089418,0.7502708892251564,0.1369255524693353
149001,2,4,7,3,NATIVE,0.0002171753000069,0.3332907304420709,0.0006516091811948
149001,2,4,7,3,RETURN_ALIGNED,0.0143917566350574,0.7278959885353715,0.0197717213195825
149001,4,6,0,1,NATIVE,0.4833623288935503,0.8363478418705435,0.5779441336422955
149001,4,6,0,1,RETURN_ALIGNED,0.8006596908704603,0.8172376557296445,0.9797146341177864
149001,4,6,0,2,NATIVE,0.0282474384310472,0.6453695587615194,0.04376940010155
149001,4,6,0,2,RETURN_ALIGNED,0.2084121513025507,0.7675288661976684,0.2715365642660315
149001,4,6,0,3,NATIVE,0.0018655520774204,0.8237061458066142,0.002264827192094
149001,4,6,0,3,RETURN_ALIGNED,0.0201073740898326,0.7820666476026505,0.0257105633533592
149001,4,6,1,1,NATIVE,0.4250744003012022,0.860299043257532,0.4941007474465983
149001,4,6,1,1,RETURN_ALIGNED,0.6512157992350932,0.8251505104877658,0.7892085031252225
149001,4,6,1,2,NATIVE,0.0380553003910114,0.8426596184653236,0.0451609399061102
149001,4,6,1,2,RETURN_ALIGNED,0.1520613132688142,0.8058919481553545,0.1886869742484908
149001,4,6,1,3,NATIVE,0.0027509876594631,0.4922875609219703,0.005588172193615
149001,4,6,1,3,RETURN_ALIGNED,0.0223032029655612,0.4890112496409816,0.0456087727668652
149001,4,6,2,1,NATIVE,0.3013548110907904,0.7240628957791756,0.4161997705550299
149001,4,6,2,1,RETURN_ALIGNED,0.5513621811836867,0.7903265902813367,0.6976384041277934
149001,4,6,2,2,NATIVE,0.0105114691513998,0.2150206505046808,0.0488858587612008
149001,4,6,2,2,RETURN_ALIGNED,0.0589093300460615,0.4037752117501126,0.145896351067664
149001,4,6,2,3,NATIVE,0.0009057506857061,0.5025988695854224,0.0018021343469833
149001,4,6,2,3,RETURN_ALIGNED,0.0080525803312296,0.6544116571995077,0.0123050685948932
149001,4,6,3,1,NATIVE,0.1359835912056298,0.4149908480550414,0.3276785303650039
149001,4,6,3,1,RETURN_ALIGNED,0.4011265384809397,0.7373915813511509,0.5439803608089816
149001,4,6,3,2,NATIVE,-0.0014935634174214,-0.1725363764267687,0.0086565131849135
149001,4,6,3,2,RETURN_ALIGNED,0.0222109319982537,0.4076630979779633,0.0544835480778319
149001,4,6,3,3,NATIVE,-0.0003950975748135,-0.6182033806993322,0.0006391061374351
149001,4,6,3,3,RETURN_ALIGNED,0.007881597655456,0.7188409171390737,0.0109643141723134
149001,4,6,5,1,NATIVE,0.3459244542323306,0.7382165604213069,0.4685948172645742
149001,4,6,5,1,RETURN_ALIGNED,0.559976681733472,0.7717210499415915,0.7256205876149647
149001,4,6,5,2,NATIVE,0.0579871247231082,0.871126389552875,0.0665656848631439
149001,4,6,5,2,RETURN_ALIGNED,0.2059702460785138,0.8347348051950112,0.2467493206183807
149001,4,6,5,3,NATIVE,0.0043315229194001,0.775994835613342,0.0055818965802911
149001,4,6,5,3,RETURN_ALIGNED,0.033580246979678,0.8083928567055237,0.0415395147309458
149001,4,6,7,1,NATIVE,0.1197785576311945,0.4401996842251607,0.2721005078456707
149001,4,6,7,1,RETURN_ALIGNED,0.3350975767243587,0.5905636460909174,0.5674199198383248
149001,4,6,7,2,NATIVE,0.0009435615731116,0.1071568529712209,0.0088054244497251
149001,4,6,7,2,RETURN_ALIGNED,0.0257906271475099,0.4692492684187264,0.0549614647976013
149001,4,6,7,3,NATIVE,0.0001437525459737,0.3799351069885363,0.0003783607866577
149001,4,6,7,3,RETURN_ALIGNED,0.0090232669985217,0.7831215993030854,0.0115221786840279
149001,6,0,1,1,NATIVE,0.2177278328557636,0.6312473690330687,0.3449168163492642
149001,6,0,1,1,RETURN_ALIGNED,0.401919729927349,0.7394914071983583,0.5435083166821905
149001,6,0,1,2,NATIVE,0.0036234019664055,0.1860404226904826,0.0194764229945147
149001,6,0,1,2,RETURN_ALIGNED,0.0202455269114804,0.4674107649180056,0.043314207611401
149001,6,0,1,3,NATIVE,-0.0008099129779319,-0.4823736123918228,0.0016790159268739
149001,6,0,1,3,RETURN_ALIGNED,0.0046478833471484,0.6559069968442943,0.007086192660667
149001,6,0,2,1,NATIVE,0.1408805093780662,0.5399486704062534,0.2609146333706817
149001,6,0,2,1,RETURN_ALIGNED,0.2987791434605866,0.7061257713161051,0.4231245418272678
149001,6,0,2,2,NATIVE,-0.0003184194975834,-0.0189487935903119,0.0168042095168219
149001,6,0,2,2,RETURN_ALIGNED,0.0223149334510411,0.4336726882495251,0.0514557039344445
149001,6,0,2,3,NATIVE,-0.0006718692391616,-0.421477505237947,0.0015940808958277
149001,6,0,2,3,RETURN_ALIGNED,0.0091204615817915,0.6841145258445162,0.0133317759485772
149001,6,0,3,1,NATIVE,0.3376125104251369,0.6879054890435964,0.4907832773575452
149001,6,0,3,1,RETURN_ALIGNED,0.7824328814749396,0.8712727381988017,0.8980343894294781
149001,6,0,3,2,NATIVE,-0.0118400355949651,-0.2299793274093291,0.0514830429676994
149001,6,0,3,2,RETURN_ALIGNED,0.1098041285009108,0.5465043202142903,0.200920879193262
149001,6,0,3,3,NATIVE,0.0016405119898652,0.2895881782776505,0.0056649825914826
149001,6,0,3,3,RETURN_ALIGNED,0.0122036090466445,0.500452854408233,0.0243851322598613
149001,6,0,4,1,NATIVE,0.4097395867705858,0.7976548544600437,0.5136803023005672
149001,6,0,4,1,RETURN_ALIGNED,0.6238706446613124,0.718135748413415,0.8687363719737153
149001,6,0,4,2,NATIVE,0.0096341974630066,0.4821316060264217,0.0199825054872353
149001,6,0,4,2,RETURN_ALIGNED,0.0644963529312701,0.6423441403217452,0.1004077859244531
149001,6,0,4,3,NATIVE,0.0014776949557263,0.6764419916123386,0.002184510976575
149001,6,0,4,3,RETURN_ALIGNED,0.0169962690653947,0.7664142147863489,0.0221763489474109
149001,6,0,5,1,NATIVE,0.4005285462344343,0.7636381761881446,0.5245004227443457
149001,6,0,5,1,RETURN_ALIGNED,0.557336323507966,0.7038085287184012,0.7918862883387198
149001,6,0,5,2,NATIVE,0.0106116871986127,0.4317791965545043,0.0245766523335992
149001,6,0,5,2,RETURN_ALIGNED,0.0543206860205632,0.6008110263993898,0.0904122654773613
149001,6,0,5,3,NATIVE,0.0012001041304096,0.6821046248752359,0.0017594135659369
149001,6,0,5,3,RETURN_ALIGNED,0.0108559541866606,0.782977727671432,0.0138649591207761
149001,6,0,7,1,NATIVE,0.3245225460032392,0.6862335572507068,0.4729039298271819
149001,6,0,7,1,RETURN_ALIGNED,0.6988025891768987,0.7806066705029182,0.8952044808003666
149001,6,0,7,2,NATIVE,0.0145068691133313,0.3294404181791333,0.0440348794881342
149001,6,0,7,2,RETURN_ALIGNED,0.1062262821646627,0.6216417010227768,0.1708802385512568
149001,6,0,7,3,NATIVE,-0.0006192232403199,-0.2521845431052795,0.0024554369281624
149001,6,0,7,3,RETURN_ALIGNED,0.031636610517108,0.8025538979854387,0.0394199200765058
149002,0,2,1,1,NATIVE,0.3820413172959896,0.9272440278532864,0.41201809428784
149002,0,2,1,1,RETURN_ALIGNED,0.4619371326769252,0.9083522622468316,0.5085440438428924
149002,0,2,1,2,NATIVE,0.0147057957822009,0.2436967784305428,0.0603446458203856
149002,0,2,1,2,RETURN_ALIGNED,0.0522824052110497,0.7625915767320716,0.0685588548385859
149002,0,2,1,3,NATIVE,0.0001676950674623,0.0798123682888922,0.0021011162925509
149002,0,2,1,3,RETURN_ALIGNED,0.0020145857342933,0.6122499415113676,0.0032904629252025
149002,0,2,3,1,NATIVE,0.1596267423681534,0.8192272084568717,0.1948503915889247
149002,0,2,3,1,RETURN_ALIGNED,0.311970811665601,0.8724971106219812,0.3575608536321432
149002,0,2,3,2,NATIVE,-0.0056094894771397,-0.5524585071968339,0.0101536846728801
149002,0,2,3,2,RETURN_ALIGNED,0.0184530434087679,0.5719748881295537,0.0322619817609414
149002,0,2,3,3,NATIVE,3.366576441161963e-05,0.0884451795507469,0.0003806399010835
149002,0,2,3,3,RETURN_ALIGNED,0.0005763445332329,0.5282663061108046,0.0010910113449786
149002,0,2,4,1,NATIVE,0.2995446497539429,0.853477184947658,0.3509697213197599
149002,0,2,4,1,RETURN_ALIGNED,0.5769616022516814,0.7620807020030111,0.757087275317681
149002,0,2,4,2,NATIVE,0.0177820088762543,0.5955392097269722,0.0298586702361297
149002,0,2,4,2,RETURN_ALIGNED,0.060198668897005,0.7711136797830579,0.0780671779983626
149002,0,2,4,3,NATIVE,3.804954843807146e-05,0.0427657560229555,0.0008897199994863
149002,0,2,4,3,RETURN_ALIGNED,0.0011231403763099,0.5005597323915297,0.0022437689320551
149002,0,2,5,1,NATIVE,0.347448451518856,0.9389348808058952,0.3700453126425069
149002,0,2,5,1,RETURN_ALIGNED,0.416951353687877,0.947857697440243,0.4398881338557545
149002,0,2,5,2,NATIVE,0.0223903280741116,0.3614208870960268,0.0619508414514853
149002,0,2,5,2,RETURN_ALIGNED,0.0609631293478007,0.7810724105019454,0.0780505475898658
149002,0,2,5,3,NATIVE,-0.0011971020040732,-0.4152931636796969,0.0028825468556805
149002,0,2,5,3,RETURN_ALIGNED,0.0037250325968762,0.6114194939412485,0.0060924334805065
149002,0,2,6,1,NATIVE,0.2748472969232877,0.8339447817808331,0.3295749346093366
149002,0,2,6,1,RETURN_ALIGNED,0.4514940723857852,0.742952551007024,0.6077024323744137
149002,0,2,6,2,NATIVE,-0.0220223721834127,-0.5400322566458149,0.0407797347508096
149002,0,2,6,2,RETURN_ALIGNED,0.064405512823066,0.7041603922203271,0.09146426515037
149002,0,2,6,3,NATIVE,7.772580762924792e-05,0.1770595984836904,0.0004389810450462
149002,0,2,6,3,RETURN_ALIGNED,0.0008411481982182,0.4532785006250611,0.0018556984214492
149002,0,2,7,1,NATIVE,0.179207859298783,0.65888513302102,0.271986497065232
149002,0,2,7,1,RETURN_ALIGNED,0.253276357727466,0.657737984605698,0.3850718122646802
149002,0,2,7,2,NATIVE,0.0001996976953813,0.0350762170009354,0.0056932506539314
149002,0,2,7,2,RETURN_ALIGNED,0.0204272096335763,0.8837175534341999,0.0231150887001309
149002,0,2,7,3,NATIVE,-0.0001727921451873,-0.4609385185576479,0.0003748702661314
149002,0,2,7,3,RETURN_ALIGNED,0.0009620546275296,0.6425423362554435,0.0014972626287089
149002,2,4,0,1,NATIVE,0.1540567556459095,0.625768796848226,0.2461879793652174
149002,2,4,0,1,RETURN_ALIGNED,0.4899482189326376,0.8697021658725583,0.5633517290842245
149002,2,4,0,2,NATIVE,-0.0115025200479802,-0.3969324034317281,0.0289785362653436
149002,2,4,0,2,RETURN_ALIGNED,0.0272981952843043,0.7018775675102018,0.0388931012294827
149002,2,4,0,3,NATIVE,-4.360016518720867e-05,-0.0427184565068429,0.001020639993449
149002,2,4,0,3,RETURN_ALIGNED,0.0010863716328101,0.61939578920836,0.001753921565949
149002,2,4,1,1,NATIVE,0.1069663884788109,0.2177452897334214,0.491245475894049
149002,2,4,1,1,RETURN_ALIGNED,0.6063501379078893,0.5793767624999421,1.0465558461329332
149002,2,4,1,2,NATIVE,-0.0189200119703484,-0.5873172471590827,0.0322142965521509
149002,2,4,1,2,RETURN_ALIGNED,0.0440250458733124,0.6382701273871059,0.0689755700354601
149002,2,4,1,3,NATIVE,0.0001881813905148,0.2692035441234132,0.000699030137544
149002,2,4,1,3,RETURN_ALIGNED,0.0008988302845307,0.4593267623648747,0.0019568428363213
149002,2,4,3,1,NATIVE,0.2711681175546632,0.9668365843153752,0.2804694422549412
149002,2,4,3,1,RETURN_ALIGNED,0.4515570510703331,0.871616010218224,0.5180687892105618
149002,2,4,3,2,NATIVE,-0.0051189882938392,-0.362009967051213,0.0141404623063503
149002,2,4,3,2,RETURN_ALIGNED,0.0729242060240122,0.8984131293598052,0.0811700137056622
149002,2,4,3,3,NATIVE,-0.0007112579267492,-0.5343664580216348,0.0013310302600361
149002,2,4,3,3,RETURN_ALIGNED,0.005996543986281,0.7350387340635067,0.0081581333156773
149002,2,4,5,1,NATIVE,0.1964907163250772,0.909035337452818,0.2161530011315331
149002,2,4,5,1,RETURN_ALIGNED,0.2637893662198881,0.7602840460615512,0.3469615962433429
149002,2,4,5,2,NATIVE,0.0160135463192199,0.6717676379597883,0.0238379246248705
149002,2,4,5,2,RETURN_ALIGNED,0.0334982537046826,0.8195560422099749,0.0408736583946403
149002,2,4,5,3,NATIVE,-0.0002643836178764,-0.3431479307753779,0.0007704654293911
149002,2,4,5,3,RETURN_ALIGNED,0.0010007680525173,0.5036738771951585,0.0019869365828968
149002,2,4,6,1,NATIVE,0.1787423305176037,0.9126684024451086,0.195845862570349
149002,2,4,6,1,RETURN_ALIGNED,0.2868347381405092,0.7826154297277871,0.3665079006176122
149002,2,4,6,2,NATIVE,0.0144754783470723,0.5136330420690646,0.0281825294738315
149002,2,4,6,2,RETURN_ALIGNED,0.0379572534057201,0.665707647766412,0.0570179019766236
149002,2,4,6,3,NATIVE,-7.99675508322232e-05,-0.1444902537468275,0.0005534459848788
149002,2,4,6,3,RETURN_ALIGNED,0.0011404997939865,0.5730887340397444,0.0019900928531277
149002,2,4,7,1,NATIVE,0.2889322871970391,0.9439969960583908,0.3060733121009798
149002,2,4,7,1,RETURN_ALIGNED,0.4338597145797704,0.7998160491190877,0.5424493732747396
149002,2,4,7,2,NATIVE,-0.003129052371614,-0.3159122871790234,0.009904813767915
149002,2,4,7,2,RETURN_ALIGNED,0.0504080378175751,0.9321670242433148,0.0540761864625964
149002,2,4,7,3,NATIVE,-0.0004311916450519,-0.6367404301986673,0.0006771859050589
149002,2,4,7,3,RETURN_ALIGNED,0.0040581246753578,0.8568759936121173,0.0047359532824895
149002,4,6,0,1,NATIVE,0.2351177591047272,0.93282644759565,0.2520487703909859
149002,4,6,0,1,RETURN_ALIGNED,0.3778413175745125,0.7621481137021789,0.4957583844682044
149002,4,6,0,2,NATIVE,0.0120683489129306,0.5542603736186718,0.0217737898777676
149002,4,6,0,2,RETURN_ALIGNED,0.0502027059686873,0.8842231878107895,0.056776056837751
149002,4,6,0,3,NATIVE,-0.0003279602830549,-0.4601233690596232,0.0007127659776241
149002,4,6,0,3,RETURN_ALIGNED,0.0009989728014323,0.5025090147032439,0.0019879699112177
149002,4,6,1,1,NATIVE,0.37949165359604,0.9391905652175144,0.4040624636258412
149002,4,6,1,1,RETURN_ALIGNED,0.4571114423833915,0.946419594802636,0.4829902560065052
149002,4,6,1,2,NATIVE,0.0258286564868157,0.3748670206384414,0.0689008503396913
149002,4,6,1,2,RETURN_ALIGNED,0.0640879344861041,0.7209054310832584,0.0888992255042706
149002,4,6,1,3,NATIVE,-0.0007620076865203,-0.2582519257019537,0.0029506369942166
149002,4,6,1,3,RETURN_ALIGNED,0.0055364915755615,0.8607608955261026,0.0064320900286691
149002,4,6,2,1,NATIVE,0.2980671278238497,0.9118614693551642,0.3268776429763449
149002,4,6,2,1,RETURN_ALIGNED,0.4161168000289611,0.752948621540947,0.5526496604473577
149002,4,6,2,2,NATIVE,-0.0153867871008531,-0.4547079057201839,0.0338388378714614
149002,4,6,2,2,RETURN_ALIGNED,0.0395666708722313,0.689634256493712,0.0573734127897459
149002,4,6,2,3,NATIVE,-5.797719004190765e-05,-0.1534193564409079,0.0003779000991511
149002,4,6,2,3,RETURN_ALIGNED,0.0004456252395409,0.5588108537953981,0.0007974527273419
149002,4,6,3,1,NATIVE,0.1483999852482669,0.7774206145839828,0.1908876385116815
149002,4,6,3,1,RETURN_ALIGNED,0.3058463229920135,0.8607321605753742,0.3553327469343498
149002,4,6,3,2,NATIVE,-0.0057066830090919,-0.5664733828375135,0.0100740532243207
149002,4,6,3,2,RETURN_ALIGNED,0.0188115407156281,0.4995498688618261,0.0376569825917369
149002,4,6,3,3,NATIVE,5.8739014444107485e-05,0.1792506069098882,0.0003276921369078
149002,4,6,3,3,RETURN_ALIGNED,0.0005387947728404,0.4601021268680353,0.0011710329974937
149002,4,6,5,1,NATIVE,0.3495878349266784,0.9236720298334952,0.3784761513127298
149002,4,6,5,1,RETURN_ALIGNED,0.4214572416887138,0.924429607661384,0.4559105833432164
149002,4,6,5,2,NATIVE,0.0133177645401971,0.2485035205750102,0.0535918545910309
149002,4,6,5,2,RETURN_ALIGNED,0.0487393722304424,0.7850062371235197,0.0620878789555446
149002,4,6,5,3,NATIVE,-0.0005489628627737,-0.1465242563306602,0.0037465664457778
149002,4,6,5,3,RETURN_ALIGNED,0.003926393441906,0.5832687830597816,0.0067317050970454
149002,4,6,7,1,NATIVE,0.162481675536058,0.6393784770881398,0.2541244057447835
149002,4,6,7,1,RETURN_ALIGNED,0.2308286552087608,0.6581136684029291,0.3507428371285687
149002,4,6,7,2,NATIVE,0.0003415391822615,0.0609487144723025,0.0056037142901722
149002,4,6,7,2,RETURN_ALIGNED,0.0202316362219948,0.8898964696298197,0.0227348201868163
149002,4,6,7,3,NATIVE,-0.0001485979734807,-0.466423163355172,0.0003185904670038
149002,4,6,7,3,RETURN_ALIGNED,0.0007780253804554,0.6123438353856908,0.0012705694667522
149002,6,0,1,1,NATIVE,0.0436952802933884,0.1073256362950831,0.407128080501101
149002,6,0,1,1,RETURN_ALIGNED,0.6236009455498221,0.6779881836380934,0.9197814366078672
149002,6,0,1,2,NATIVE,-0.0159538801926012,-0.6004209858294138,0.0265711568532746
149002,6,0,1,2,RETURN_ALIGNED,0.0387991915967775,0.6460348125241374,0.0600574316499274
149002,6,0,1,3,NATIVE,0.0001955976848674,0.267115292132167,0.0007322594047634
149002,6,0,1,3,RETURN_ALIGNED,0.0011924069551926,0.477434852215014,0.0024975280911644
149002,6,0,2,1,NATIVE,0.1057687626104037,0.2403590211626742,0.4400449049041079
149002,6,0,2,1,RETURN_ALIGNED,0.2218346958048702,0.6397704047890437,0.3467411029710339
149002,6,0,2,2,NATIVE,-0.0111600067431848,-0.7165614940311404,0.0155743880128217
149002,6,0,2,2,RETURN_ALIGNED,0.0252417267266941,0.8214220175485976,0.0307293038016133
149002,6,0,2,3,NATIVE,6.582171487150588e-05,0.1619603122764105,0.0004064064455848
149002,6,0,2,3,RETURN_ALIGNED,0.0012774078933083,0.6425228870287336,0.0019881126711036
149002,6,0,3,1,NATIVE,0.3071499967103928,0.9693673098727112,0.3168561530619921
149002,6,0,3,1,RETURN_ALIGNED,0.4908519347479694,0.8307276345102934,0.5908698764274057
149002,6,0,3,2,NATIVE,-0.0019749120058914,-0.165367652990497,0.011942553275091
149002,6,0,3,2,RETURN_ALIGNED,0.062187793883234,0.9148040298183668,0.067979361541712
149002,6,0,3,3,NATIVE,-0.0003421771076428,-0.3325800488838884,0.0010288563862982
149002,6,0,3,3,RETURN_ALIGNED,0.004180125009169,0.703125221292471,0.0059450648074572
149002,6,0,4,1,NATIVE,0.1842823195388837,0.7594929327053213,0.2426386232225097
149002,6,0,4,1,RETURN_ALIGNED,0.236861780074214,0.816168628608899,0.2902118162491605
149002,6,0,4,2,NATIVE,0.0106267891149302,0.8097338953350375,0.0131238042226893
149002,6,0,4,2,RETURN_ALIGNED,0.0222556161794665,0.8729149078297254,0.0254957453238101
149002,6,0,4,3,NATIVE,-0.0001502554815179,-0.2043804082222131,0.0007351755620592
149002,6,0,4,3,RETURN_ALIGNED,0.0011565524175665,0.7053087018025349,0.0016397818636149
149002,6,0,5,1,NATIVE,0.1865046551582521,0.8961048363145371,0.2081281649201573
149002,6,0,5,1,RETURN_ALIGNED,0.2688582181010663,0.7315329386068593,0.36752715279378
149002,6,0,5,2,NATIVE,0.0140272583791906,0.6536822248545103,0.0214588340416231
149002,6,0,5,2,RETURN_ALIGNED,0.0314935566522803,0.8053678138181494,0.0391045632962135
149002,6,0,5,3,NATIVE,-0.0002790756025777,-0.3371122259920566,0.0008278418313328
149002,6,0,5,3,RETURN_ALIGNED,0.0013012568152624,0.5729092747924122,0.0022713139277643
149002,6,0,7,1,NATIVE,0.2664085731308354,0.959837289314867,0.2775559733889268
149002,6,0,7,1,RETURN_ALIGNED,0.4174492914531007,0.8491040329579322,0.4916350355784307
149002,6,0,7,2,NATIVE,-0.0052524770711226,-0.4465118905927864,0.0117633531862693
149002,6,0,7,2,RETURN_ALIGNED,0.0629860891319285,0.9449664715779228,0.0666543110533125
149002,6,0,7,3,NATIVE,-0.0004274593954401,-0.6613947623107126,0.0006462999395047
149002,6,0,7,3,RETURN_ALIGNED,0.0036627357330528,0.7261463282838767,0.0050440738867136
149003,0,2,1,1,NATIVE,0.4404052401289342,0.9064978499124716,0.4858315330490398
149003,0,2,1,1,RETURN_ALIGNED,0.5375598965805136,0.7727181412638029,0.69567396942585
149003,0,2,1,2,NATIVE,-0.0145003483126883,-0.4746974633663606,0.0305465047336424
149003,0,2,1,2,RETURN_ALIGNED,0.0592112812192747,0.8416703799947872,0.0703497267161476
149003,0,2,1,3,NATIVE,0.0010499325149211,0.6423158397170877,0.0016346047345554
149003,0,2,1,3,RETURN_ALIGNED,0.0041498074071152,0.8632602673098995,0.0048071335624496
149003,0,2,3,1,NATIVE,0.0543119759464032,0.4010928880429146,0.1354099700230457
149003,0,2,3,1,RETURN_ALIGNED,0.2605323412554821,0.8534994956541464,0.305251898310386
149003,0,2,3,2,NATIVE,0.0019299656380792,0.4588995033571317,0.0042056389773383
149003,0,2,3,2,RETURN_ALIGNED,0.0139589710056631,0.8150838090226197,0.0171258106847472
149003,0,2,3,3,NATIVE,-4.654904546190375e-05,-0.2829323336475515,0.0001645235976074
149003,0,2,3,3,RETURN_ALIGNED,0.0006025099977954,0.6813663778272363,0.0008842672859712
149003,0,2,4,1,NATIVE,0.1805065153575269,0.9389002275237276,0.1922531383696143
149003,0,2,4,1,RETURN_ALIGNED,0.2575844454491426,0.8878608034552544,0.2901180505396664
149003,0,2,4,2,NATIVE,-0.0005884460028882,-0.1325260238516426,0.0044402298186464
149003,0,2,4,2,RETURN_ALIGNED,0.0147453553293996,0.809340272276875,0.0182189813534214
149003,0,2,4,3,NATIVE,0.0001050660906831,0.6448773891694255,0.0001629241345391
149003,0,2,4,3,RETURN_ALIGNED,0.0006643181493723,0.7363629211559881,0.0009021613257452
149003,0,2,5,1,NATIVE,0.4307158831766279,0.857217358449322,0.5024581909488246
149003,0,2,5,1,RETURN_ALIGNED,0.5018676131556435,0.7397225475979107,0.6784538537931604
149003,0,2,5,2,NATIVE,-0.0177461456652702,-0.6472084675572773,0.027419520222593
149003,0,2,5,2,RETURN_ALIGNED,0.0386620910014647,0.7680873523949606,0.0503355391544039
149003,0,2,5,3,NATIVE,-0.0001917741479306,-0.095826566625436,0.0020012628466731
149003,0,2,5,3,RETURN_ALIGNED,0.0019363935741008,0.7278874268084218,0.0026602926491139
149003,0,2,6,1,NATIVE,0.1041885137136704,0.2301843709977402,0.4526307032140736
149003,0,2,6,1,RETURN_ALIGNED,0.667263360075876,0.7966567792697542,0.8375794663888075
149003,0,2,6,2,NATIVE,-0.0058748443480245,-0.3339819662523176,0.0175903040926547
149003,0,2,6,2,RETURN_ALIGNED,0.0160227734489801,0.5041190096080976,0.0317837120666469
149003,0,2,6,3,NATIVE,0.0002821601667586,0.5013158676432659,0.0005628390896793
149003,0,2,6,3,RETURN_ALIGNED,0.000780899320459,0.5890639675418111,0.0013256613259086
149003,0,2,7,1,NATIVE,0.0841648609058113,0.5120422265365184,0.1643709376764471
149003,0,2,7,1,RETURN_ALIGNED,0.313660806986538,0.8718654078572823,0.3597582885611979
149003,0,2,7,2,NATIVE,-0.0010350488471697,-0.157383609558811,0.0065765987324038
149003,0,2,7,2,RETURN_ALIGNED,0.0099343452511893,0.5421767316365114,0.0183230756160507
149003,0,2,7,3,NATIVE,5.30433369223879e-05,0.2446717966674801,0.000216793834014
149003,0,2,7,3,RETURN_ALIGNED,0.0003687032936365,0.5027794631489625,0.0007333300593252
149003,2,4,0,1,NATIVE,0.1878986625995423,0.9402458241465071,0.1998399331046794
149003,2,4,0,1,RETURN_ALIGNED,0.2630550818336608,0.8961860962865318,0.2935272963099263
149003,2,4,0,2,NATIVE,-0.001000202225932,-0.1545612247515115,0.0064712364143219
149003,2,4,0,2,RETURN_ALIGNED,0.0214367782304428,0.8459605513124342,0.0253401629624067
149003,2,4,0,3,NATIVE,8.689899090767245e-05,0.3129242942401751,0.0002776997257888
149003,2,4,0,3,RETURN_ALIGNED,0.0008466186532224,0.5953375391840524,0.001422081755493
149003,2,4,1,1,NATIVE,0.3078385123197169,0.8050398369256144,0.3823891665971949
149003,2,4,1,1,RETURN_ALIGNED,0.4048925136481386,0.7634575011885921,0.530340605754269
149003,2,4,1,2,NATIVE,-0.0033303807543053,-0.3415809643698131,0.0097499014922573
149003,2,4,1,2,RETURN_ALIGNED,0.0165062657914324,0.764640524189175,0.0215869618063757
149003,2,4,1,3,NATIVE,0.0001924655335349,0.517931601048697,0.000371604152074
149003,2,4,1,3,RETURN_ALIGNED,0.0007219648827153,0.6898553321146967,0.001046545339261
149003,2,4,3,1,NATIVE,0.0856097813091363,0.5152016493208083,0.1661675218274279
149003,2,4,3,1,RETURN_ALIGNED,0.3414850486039819,0.91693108903998,0.3724217148765071
149003,2,4,3,2,NATIVE,0.0058086149477226,0.5438414063822259,0.0106807147800469
149003,2,4,3,2,RETURN_ALIGNED,0.0382513718754857,0.92244170933211,0.0414675219990176
149003,2,4,3,3,NATIVE,-4.5667104952040265e-05,-0.0632806996291903,0.0007216592895794
149003,2,4,3,3,RETURN_ALIGNED,0.0031450763553197,0.8883864820835574,0.0035402118512135
149003,2,4,5,1,NATIVE,0.2530610704638293,0.6217355169001952,0.4070236677572739
149003,2,4,5,1,RETURN_ALIGNED,0.2914587277210575,0.5366798911874054,0.5430774145014153
149003,2,4,5,2,NATIVE,-0.000746310742748,-0.0673583937639838,0.0110796992182934
149003,2,4,5,2,RETURN_ALIGNED,0.010470668902543,0.549828464455309,0.019043519168817
149003,2,4,5,3,NATIVE,-0.00015786088873,-0.3939443016501456,0.0004007188021106
149003,2,4,5,3,RETURN_ALIGNED,0.0003445358724075,0.5526846354541403,0.0006233860147386
149003,2,4,6,1,NATIVE,0.0158609697158076,0.0397093124074294,0.3994269543893663
149003,2,4,6,1,RETURN_ALIGNED,0.5077880344390497,0.6905298461442891,0.7353600098160611
149003,2,4,6,2,NATIVE,0.0004490822456422,0.0268545523466545,0.0167227604404171
149003,2,4,6,2,RETURN_ALIGNED,0.0196681693370926,0.609570494902407,0.0322656189911511
149003,2,4,6,3,NATIVE,2.0053414657030755e-06,0.0034937030653523,0.0005739873786671
149003,2,4,6,3,RETURN_ALIGNED,0.0004591077668177,0.5346658546791236,0.0008586816655462
149003,2,4,7,1,NATIVE,0.0811070070082184,0.5034509072485318,0.1611021170890598
149003,2,4,7,1,RETURN_ALIGNED,0.3347393949191389,0.9227415273617462,0.3627661538937181
149003,2,4,7,2,NATIVE,0.0042474021869368,0.3118791825070292,0.0136187422077676
149003,2,4,7,2,RETURN_ALIGNED,0.0325293120178256,0.7393747947032324,0.0439957004890224
149003,2,4,7,3,NATIVE,-0.0001455775935392,-0.2104858904673289,0.0006916263733202
149003,2,4,7,3,RETURN_ALIGNED,0.0013815078873585,0.6741584008293839,0.0020492333613624
149003,4,6,0,1,NATIVE,0.1838549864615744,0.9352113616633037,0.1965919085225941
149003,4,6,0,1,RETURN_ALIGNED,0.2591741639586392,0.8659340256562464,0.2993001271223687
149003,4,6,0,2,NATIVE,-0.0004066349812689,-0.078560454411955,0.0051760772550672
149003,4,6,0,2,RETURN_ALIGNED,0.0083883340540457,0.611743351498195,0.013712178535651
149003,4,6,0,3,NATIVE,-8.427417110263599e-05,-0.4870335603660561,0.000173035654537
149003,4,6,0,3,RETURN_ALIGNED,0.0001427086415134,0.4989538407407602,0.0002860157185951
149003,4,6,1,1,NATIVE,0.442557667536916,0.8709588283898726,0.508126966638304
149003,4,6,1,1,RETURN_ALIGNED,0.5243524298182172,0.7406861495077469,0.7079279532451469
149003,4,6,1,2,NATIVE,-0.0197597219014716,-0.6512592768566666,0.0303407914518239
149003,4,6,1,2,RETURN_ALIGNED,0.0540180734732584,0.8506266004159173,0.0635038610892343
149003,4,6,1,3,NATIVE,0.0008564031811669,0.4954881478892441,0.0017284029553468
149003,4,6,1,3,RETURN_ALIGNED,0.0036523216229696,0.7817720053053151,0.0046718500982546
149003,4,6,2,1,NATIVE,0.0332309793167272,0.1117678653344531,0.2973214100248013
149003,4,6,2,1,RETURN_ALIGNED,0.4310284993063621,0.7500803204167337,0.5746431249746426
149003,4,6,2,2,NATIVE,-0.0007589576227226,-0.0509432047336414,0.0148981130391641
149003,4,6,2,2,RETURN_ALIGNED,0.0183188073851857,0.6080048671152496,0.0301293762200031
149003,4,6,2,3,NATIVE,-0.0003143059517646,-0.5466277981611485,0.0005749907937169
149003,4,6,2,3,RETURN_ALIGNED,0.000761424468081,0.6824448671451913,0.0011157303753728
149003,4,6,3,1,NATIVE,0.050338368102584,0.3916170119911776,0.1285397890316094
149003,4,6,3,1,RETURN_ALIGNED,0.2510146791737772,0.8579783467746116,0.2925652845637948
149003,4,6,3,2,NATIVE,0.0016079094191307,0.3980092306029282,0.0040398797199566
149003,4,6,3,2,RETURN_ALIGNED,0.013295970437641,0.7999235596545503,0.016621551243295
149003,4,6,3,3,NATIVE,-4.96691171739678e-05,-0.312153768473955,0.0001591174675369
149003,4,6,3,3,RETURN_ALIGNED,0.0006014432981131,0.713007364813705,0.0008435302742643
149003,4,6,5,1,NATIVE,0.425538716349484,0.9181915955243674,0.4634530727829401
149003,4,6,5,1,RETURN_ALIGNED,0.519118927457436,0.7897020568077475,0.6573604854921559
149003,4,6,5,2,NATIVE,-0.0193694065385141,-0.6036871011683442,0.0320851754160924
149003,4,6,5,2,RETURN_ALIGNED,0.0564252659505816,0.8104833871228977,0.0696192751704244
149003,4,6,5,3,NATIVE,0.0003272068604217,0.1320936446916513,0.0024770825295186
149003,4,6,5,3,RETURN_ALIGNED,0.0031953798829733,0.5155495127010197,0.0061980077582649
149003,4,6,7,1,NATIVE,0.0920701328087568,0.5507699981051236,0.1671662093531569
149003,4,6,7,1,RETURN_ALIGNED,0.313287468057488,0.8584047100295893,0.3649647589265835
149003,4,6,7,2,NATIVE,-0.0004960311276524,-0.0838990795413659,0.005912235632896
149003,4,6,7,2,RETURN_ALIGNED,0.0092097800852271,0.555620986075453,0.0165756519568182
149003,4,6,7,3,NATIVE,5.699343878154214e-05,0.2830890562879014,0.000201326887999
149003,4,6,7,3,RETURN_ALIGNED,0.0003423325022802,0.5505476910646147,0.0006218035380662
149003,6,0,1,1,NATIVE,0.3095822415984541,0.805920123094741,0.3841351428345905
149003,6,0,1,1,RETURN_ALIGNED,0.4021660885401896,0.7626477462795633,0.5273287576105026
149003,6,0,1,2,NATIVE,-0.0030681001930493,-0.3115157518688788,0.0098489407825436
149003,6,0,1,2,RETURN_ALIGNED,0.0163172947303176,0.7558885574334421,0.021586905331085
149003,6,0,1,3,NATIVE,0.0001763516189461,0.4694264285251031,0.0003756746704999
149003,6,0,1,3,RETURN_ALIGNED,0.000685704332591,0.6672474198425281,0.0010276612723816
149003,6,0,2,1,NATIVE,0.0963296447436678,0.3057561242766887,0.315053852057689
149003,6,0,2,1,RETURN_ALIGNED,0.4501856055220551,0.7800014352744186,0.5771599706910282
149003,6,0,2,2,NATIVE,-0.0063466436733951,-0.3633434572849447,0.0174673399119326
149003,6,0,2,2,RETURN_ALIGNED,0.0166975105978746,0.6293037338272782,0.0265333092749074
149003,6,0,2,3,NATIVE,8.291935893348816e-06,0.0152277493725671,0.0005445279985134
149003,6,0,2,3,RETURN_ALIGNED,0.0004460235336831,0.5207352668031425,0.0008565264577307
149003,6,0,3,1,NATIVE,0.0799527720248154,0.5094118038065942,0.1569511570546297
149003,6,0,3,1,RETURN_ALIGNED,0.3239871610828117,0.9203744462556692,0.3520166845143934
149003,6,0,3,2,NATIVE,0.0054211933270381,0.5351540101638765,0.0101301554758994
149003,6,0,3,2,RETURN_ALIGNED,0.0348712170996306,0.8778162452843051,0.0397249621274635
149003,6,0,3,3,NATIVE,-0.0001463968472723,-0.2242120353718001,0.0006529392875467
149003,6,0,3,3,RETURN_ALIGNED,0.0027184914005021,0.8326217028891822,0.0032649778269153
149003,6,0,4,1,NATIVE,0.181222765726653,0.9173350788248542,0.1975535111539184
149003,6,0,4,1,RETURN_ALIGNED,0.257234955700133,0.8707616622416261,0.2954137358755578
149003,6,0,4,2,NATIVE,-0.0002824535124854,-0.0512458158002985,0.0055117380424894
149003,6,0,4,2,RETURN_ALIGNED,0.0096500433674186,0.6985504072651721,0.0138143837105773
149003,6,0,4,3,NATIVE,1.8366145051553905e-05,0.1068922907672887,0.0001718191732061
149003,6,0,4,3,RETURN_ALIGNED,0.0001664356583853,0.6050290931747488,0.0002750870331595
149003,6,0,5,1,NATIVE,0.2511374849020151,0.620859578728038,0.4044996541993854
149003,6,0,5,1,RETURN_ALIGNED,0.2983047589102294,0.5378859971569013,0.5545873298187304
149003,6,0,5,2,NATIVE,-0.0009393965248083,-0.0875160718442441,0.0107339886833708
149003,6,0,5,2,RETURN_ALIGNED,0.0103340942945346,0.5596190119780956,0.0184663030976817
149003,6,0,5,3,NATIVE,-0.0001314829694924,-0.3412456060598161,0.0003853030400906
149003,6,0,5,3,RETURN_ALIGNED,0.0002999603563285,0.5373139014300503,0.0005582590650189
149003,6,0,7,1,NATIVE,0.0839207508518149,0.4918935751382232,0.1706075360471204
149003,6,0,7,1,RETURN_ALIGNED,0.3527720693174236,0.921180220317742,0.3829566262241676
149003,6,0,7,2,NATIVE,0.0045515856692646,0.3018089785473305,0.0150810147886746
149003,6,0,7,2,RETURN_ALIGNED,0.0380862181776735,0.7802931205882269,0.0488101422038277
149003,6,0,7,3,NATIVE,-7.592557256836348e-05,-0.0762258531284118,0.000996060642523
149003,6,0,7,3,RETURN_ALIGNED,0.0021536531145362,0.7180326902778997,0.002999380307675
149004,0,2,1,1,NATIVE,0.2315495422796979,0.7925603960588721,0.2921538136786868
149004,0,2,1,1,RETURN_ALIGNED,0.2820559847699613,0.7883558489093462,0.3577775000462071
149004,0,2,1,2,NATIVE,0.0017887815359001,0.3704002769415568,0.0048293201880416
149004,0,2,1,2,RETURN_ALIGNED,0.0034146573101186,0.543627886230387,0.0062812401560362
149004,0,2,1,3,NATIVE,3.1296604075672506e-05,0.481160175923697,6.50440434326436e-05
149004,0,2,1,3,RETURN_ALIGNED,5.036881766591637e-05,0.7361979191449898,6.841749384634211e-05
149004,0,2,3,1,NATIVE,0.005884592256858,0.0436536175546074,0.1348019382234324
149004,0,2,3,1,RETURN_ALIGNED,0.1022053371011613,0.7332730056993146,0.1393823805134435
149004,0,2,3,2,NATIVE,-3.846348617909541e-05,-0.0364316818390857,0.0010557702590221
149004,0,2,3,2,RETURN_ALIGNED,0.0006163780844548,0.6336959724004521,0.0009726716141089
149004,0,2,3,3,NATIVE,3.044003763915441e-07,0.0415420654031003,7.3275213573797825e-06
149004,0,2,3,3,RETURN_ALIGNED,1.1962872840342424e-05,0.6643501323704253,1.800687947327856e-05
149004,0,2,4,1,NATIVE,0.1168414186651042,0.6775615562765036,0.1724439906344546
149004,0,2,4,1,RETURN_ALIGNED,0.1988085137077515,0.8685226203949126,0.2289042438722019
149004,0,2,4,2,NATIVE,0.0002756416614567,0.1735371379067497,0.0015883727525267
149004,0,2,4,2,RETURN_ALIGNED,0.0013616321555575,0.5736414085983901,0.0023736643397232
149004,0,2,4,3,NATIVE,2.0696277634489424e-06,0.1596611809489312,1.2962623193441642e-05
149004,0,2,4,3,RETURN_ALIGNED,3.320417382497295e-05,0.670920073262996,4.949050564461914e-05
149004,0,2,5,1,NATIVE,0.216002401432235,0.7329206834300417,0.294714566412519
149004,0,2,5,1,RETURN_ALIGNED,0.2726613168406332,0.7420575075227913,0.367439604176377
149004,0,2,5,2,NATIVE,0.0008970380461801,0.2770574638970947,0.0032377328272908
149004,0,2,5,2,RETURN_ALIGNED,0.0043991789484977,0.7709090758487186,0.0057064822370812
149004,0,2,5,3,NATIVE,-1.4147199110172592e-05,-0.1890248721398635,7.484305425568305e-05
149004,0,2,5,3,RETURN_ALIGNED,4.691334170055325e-05,0.529076916503389,8.867017112360268e-05
149004,0,2,6,1,NATIVE,0.1604048326511011,0.6745652468773811,0.237789944550582
149004,0,2,6,1,RETURN_ALIGNED,0.2050675378128203,0.7531709234982015,0.2722722444726785
149004,0,2,6,2,NATIVE,0.0005547899115908,0.3761388458995132,0.0014749604235755
149004,0,2,6,2,RETURN_ALIGNED,0.0012090057321326,0.5713703949290636,0.002115975455993
149004,0,2,6,3,NATIVE,2.527375255422895e-06,0.120229101012339,2.1021326887496347e-05
149004,0,2,6,3,RETURN_ALIGNED,2.3676001848387994e-05,0.6728526784030909,3.5187497184975475e-05
149004,0,2,7,1,NATIVE,0.0217770618412692,0.1274957830694263,0.1708061342649681
149004,0,2,7,1,RETURN_ALIGNED,0.074730046544759,0.6121715385836934,0.1220737029316458
149004,0,2,7,2,NATIVE,7.888408621017398e-05,0.0640549844607115,0.0012315058205
149004,0,2,7,2,RETURN_ALIGNED,0.001008753925895,0.6327607705681073,0.001594210596911
149004,0,2,7,3,NATIVE,-6.507334321074952e-07,-0.0515062701876678,1.263406228547706e-05
149004,0,2,7,3,RETURN_ALIGNED,1.5606389710175215e-05,0.6213051372165297,2.5118719768069665e-05
149004,2,4,0,1,NATIVE,0.1784292648409697,0.7678558342568313,0.2323733920875318
149004,2,4,0,1,RETURN_ALIGNED,0.2364744744804288,0.8135463300138845,0.290671183380415
149004,2,4,0,2,NATIVE,0.0006925149496553,0.3125076866374304,0.0022159933311143
149004,2,4,0,2,RETURN_ALIGNED,0.0015622188096537,0.6655968573968911,0.0023470946294052
149004,2,4,0,3,NATIVE,-1.8589807214392983e-06,-0.0865559434909363,2.1477215925647508e-05
149004,2,4,0,3,RETURN_ALIGNED,2.559396551293881e-05,0.5252493140411479,4.872727031878944e-05
149004,2,4,1,1,NATIVE,0.1394244529457748,0.7114620894990048,0.1959689138795705
149004,2,4,1,1,RETURN_ALIGNED,0.1877135375210651,0.7873685681913685,0.2384061862566858
149004,2,4,1,2,NATIVE,0.0008898346872636,0.5208913887474755,0.0017082921821529
149004,2,4,1,2,RETURN_ALIGNED,0.0011488408323738,0.6365188471465699,0.0018048810924967
149004,2,4,1,3,NATIVE,2.767557120691669e-06,0.1484548052992706,1.8642421857070525e-05
149004,2,4,1,3,RETURN_ALIGNED,1.7331536438987378e-05,0.6697193379265015,2.5878805338552697e-05
149004,2,4,3,1,NATIVE,0.0421841299970557,0.1798033614789525,0.2346125770384497
149004,2,4,3,1,RETURN_ALIGNED,0.1320949270575573,0.6780041886429734,0.1948290722521141
149004,2,4,3,2,NATIVE,-0.0004657338258144,-0.1691846056045902,0.0027528144415531
149004,2,4,3,2,RETURN_ALIGNED,0.0012984167546076,0.5026703161690662,0.0025830384492489
149004,2,4,3,3,NATIVE,9.935722089603455e-06,0.2210590645231503,4.494600374647282e-05
149004,2,4,3,3,RETURN_ALIGNED,3.869250915976625e-05,0.5395723895498571,7.170957701536679e-05
149004,2,4,5,1,NATIVE,0.0811183204198411,0.333334353164439,0.243354216718508
149004,2,4,5,1,RETURN_ALIGNED,0.1519379232195692,0.5756265954426888,0.2639522294873943
149004,2,4,5,2,NATIVE,-0.00037640567778,-0.2866094675612061,0.0013133051078996
149004,2,4,5,2,RETURN_ALIGNED,0.0027395287182896,0.6900087020612392,0.0039702814036447
149004,2,4,5,3,NATIVE,-1.09027044721628e-06,-0.0758151364816016,1.4380643369584709e-05
149004,2,4,5,3,RETURN_ALIGNED,3.0228398036462025e-05,0.6326272371978068,4.778232140008278e-05
149004,2,4,6,1,NATIVE,0.2353346626074095,0.6175910984092327,0.3810525495149728
149004,2,4,6,1,RETURN_ALIGNED,0.3189673890863905,0.6944012874764535,0.4593415865410504
149004,2,4,6,2,NATIVE,-0.0001960568379167,-0.0964903234131206,0.0020318808239866
149004,2,4,6,2,RETURN_ALIGNED,0.003508248750093,0.4940628936266339,0.0071008140764572
149004,2,4,6,3,NATIVE,6.197131460547992e-06,0.1973534663579666,3.1401178084980586e-05
149004,2,4,6,3,RETURN_ALIGNED,6.931198614312318e-05,0.453435814837606,0.0001528595307307
149004,2,4,7,1,NATIVE,-0.0161764575659683,-0.0764766400991747,0.2115215514814795
149004,2,4,7,1,RETURN_ALIGNED,0.1566020384971465,0.7342279374852368,0.2132880410851095
149004,2,4,7,2,NATIVE,-0.0006280982937116,-0.2011778114718281,0.0031221052103646
149004,2,4,7,2,RETURN_ALIGNED,0.0015653369389519,0.5743723993555473,0.0027252997181533
149004,2,4,7,3,NATIVE,-2.195141816556365e-05,-0.3632416057548737,6.043199966002035e-05
149004,2,4,7,3,RETURN_ALIGNED,2.6347772391107237e-05,0.4440914400251419,5.932960669106193e-05
149004,4,6,0,1,NATIVE,0.0745703997279489,0.4302995106080223,0.1732988253284007
149004,4,6,0,1,RETURN_ALIGNED,0.1013344195163018,0.5441962230875741,0.1862093399713918
149004,4,6,0,2,NATIVE,6.654907218928027e-05,0.0420705028537786,0.0015818463689184
149004,4,6,0,2,RETURN_ALIGNED,0.0016284336025336,0.7030512409624924,0.0023162374340068
149004,4,6,0,3,NATIVE,-1.988520673952961e-06,-0.1925721993063256,1.032610447955346e-05
149004,4,6,0,3,RETURN_ALIGNED,1.1133337625255034e-05,0.5375564002741764,2.071101293263209e-05
149004,4,6,1,1,NATIVE,0.2939911406805615,0.8262165668111008,0.3558281841463711
149004,4,6,1,1,RETURN_ALIGNED,0.341547767097128,0.7992822005765622,0.4273181197458217
149004,4,6,1,2,NATIVE,0.0014716205012806,0.5639606615484193,0.0026094382131878
149004,4,6,1,2,RETURN_ALIGNED,0.0018437232256673,0.6955131715873273,0.0026508818245493
149004,4,6,1,3,NATIVE,-6.599148153161316e-06,-0.1551796123604651,4.25258703486674e-05
149004,4,6,1,3,RETURN_ALIGNED,3.184919703425188e-05,0.4845187214762537,6.573367628868639e-05
149004,4,6,2,1,NATIVE,-0.0142093496373355,-0.0533955257788328,0.2661149867903642
149004,4,6,2,1,RETURN_ALIGNED,0.1660956185154148,0.457922938724399,0.3627152179312492
149004,4,6,2,2,NATIVE,8.500365963384109e-05,0.0551636246564963,0.0015409368065501
149004,4,6,2,2,RETURN_ALIGNED,0.0025124516907371,0.6598535967962872,0.003807589596725
149004,4,6,2,3,NATIVE,-5.529556492341517e-06,-0.2706140184884568,2.0433370315658345e-05
149004,4,6,2,3,RETURN_ALIGNED,2.366730947214809e-05,0.5865809055317811,4.034790284228525e-05
149004,4,6,3,1,NATIVE,-0.0191010367379448,-0.1878920687511365,0.1016596222758644
149004,4,6,3,1,RETURN_ALIGNED,0.0578597833473146,0.5749373133248653,0.1006366816105324
149004,4,6,3,2,NATIVE,-8.614748443037803e-05,-0.063773953450401,0.0013508255290599
149004,4,6,3,2,RETURN_ALIGNED,0.0005145615987582,0.6082481316415438,0.0008459731675196
149004,4,6,3,3,NATIVE,-1.570980622643095e-06,-0.1615043838791268,9.727170023947516e-06
149004,4,6,3,3,RETURN_ALIGNED,6.5268103738535045e-06,0.6676144424262581,9.776316796216415e-06
149004,4,6,5,1,NATIVE,0.2625416047511226,0.8537673563760666,0.307509537334622
149004,4,6,5,1,RETURN_ALIGNED,0.3504916775701571,0.8725406463221742,0.401690945914151
149004,4,6,5,2,NATIVE,-0.0007644796545749,-0.2627759708412335,0.0029092449049828
149004,4,6,5,2,RETURN_ALIGNED,0.0049736560868199,0.6178280430465755,0.0080502271501016
149004,4,6,5,3,NATIVE,1.372717318239005e-05,0.360093028972585,3.81211849488727e-05
149004,4,6,5,3,RETURN_ALIGNED,8.545343489267145e-05,0.5829440945155397,0.0001465894162589
149004,4,6,7,1,NATIVE,0.0261095303181743,0.2445601791021503,0.1067611677990361
149004,4,6,7,1,RETURN_ALIGNED,0.0430894569910942,0.5504945042020623,0.0782740911343873
149004,4,6,7,2,NATIVE,-0.0001077636083904,-0.0787102053615441,0.0013691186279044
149004,4,6,7,2,RETURN_ALIGNED,0.0008695263413474,0.6616833239013927,0.0013141125214111
149004,4,6,7,3,NATIVE,1.7852879904991046e-06,0.1657048989010239,1.077389975656239e-05
149004,4,6,7,3,RETURN_ALIGNED,5.962278142674215e-06,0.6173171535588061,9.658370955151989e-06
149004,6,0,1,1,NATIVE,0.2036375974172463,0.7701989502067897,0.264396098387627
149004,6,0,1,1,RETURN_ALIGNED,0.2468805010378274,0.7646661544511208,0.3228605053335209
149004,6,0,1,2,NATIVE,0.0011878206915484,0.5637689472122993,0.0021069281967696
149004,6,0,1,2,RETURN_ALIGNED,0.0022740515931592,0.6236169208389039,0.0036465521010479
149004,6,0,1,3,NATIVE,3.691051662820367e-06,0.1275856410187247,2.892999246345768e-05
149004,6,0,1,3,RETURN_ALIGNED,4.574227993982663e-05,0.6852926925856213,6.674852989852072e-05
149004,6,0,2,1,NATIVE,0.2161085724557064,0.4639570362157524,0.465794363671365
149004,6,0,2,1,RETURN_ALIGNED,0.3108675297060882,0.6162094937328875,0.504483512290596
149004,6,0,2,2,NATIVE,0.0008000035835008,0.2920261390373673,0.0027394930667717
149004,6,0,2,2,RETURN_ALIGNED,0.0028444760371798,0.4848582929241448,0.0058666131490542
149004,6,0,2,3,NATIVE,-1.3530998246281917e-05,-0.2169909991080756,6.235741581672052e-05
149004,6,0,2,3,RETURN_ALIGNED,3.843143102061939e-05,0.3229613426027097,0.0001189969990979
149004,6,0,3,1,NATIVE,0.0247390570604598,0.1356366939839407,0.182392067615833
149004,6,0,3,1,RETURN_ALIGNED,0.1449521951972762,0.7889560746518932,0.1837265721800097
149004,6,0,3,2,NATIVE,-0.0001498182974527,-0.0660698756734302,0.0022675734722976
149004,6,0,3,2,RETURN_ALIGNED,0.0011593448084628,0.5879137572224638,0.001971964074164
149004,6,0,3,3,NATIVE,-1.7658640516494416e-06,-0.1011279298726209,1.746168451024997e-05
149004,6,0,3,3,RETURN_ALIGNED,2.1407961116902136e-05,0.6581556618533185,3.252719996892863e-05
149004,6,0,4,1,NATIVE,0.136109004829927,0.6836863408569941,0.1990810649500115
149004,6,0,4,1,RETURN_ALIGNED,0.2282768193340984,0.8876303063359657,0.2571755580045338
149004,6,0,4,2,NATIVE,-0.000480856494451,-0.1692080479950109,0.0028418062850758
149004,6,0,4,2,RETURN_ALIGNED,0.001749299053366,0.5181024617589867,0.0033763573461829
149004,6,0,4,3,NATIVE,4.203720679325918e-06,0.1601146679869672,2.6254437134608065e-05
149004,6,0,4,3,RETURN_ALIGNED,1.7240760105353585e-05,0.5297208242326108,3.254687879677745e-05
149004,6,0,5,1,NATIVE,0.1937991816878382,0.653608003577681,0.296506745062307
149004,6,0,5,1,RETURN_ALIGNED,0.2551881375359257,0.6907030163194392,0.3694614494307845
149004,6,0,5,2,NATIVE,-0.0004873140062765,-0.2742763139549476,0.0017767265395804
149004,6,0,5,2,RETURN_ALIGNED,0.0022681088718361,0.7170296540225082,0.0031632009343901
149004,6,0,5,3,NATIVE,-6.130255145078567e-07,-0.0256375760465959,2.3911211690237133e-05
149004,6,0,5,3,RETURN_ALIGNED,2.877911465035722e-05,0.6377936839088537,4.512292174789522e-05
149004,6,0,7,1,NATIVE,0.0053713426771167,0.0282855410382421,0.1898971163332633
149004,6,0,7,1,RETURN_ALIGNED,0.1038412336601874,0.5903512184698491,0.1758973817801805
149004,6,0,7,2,NATIVE,-0.0003785592348687,-0.164060588878092,0.0023074355475326
149004,6,0,7,2,RETURN_ALIGNED,0.0022843708394673,0.6156000496136114,0.0037108035328589
149004,6,0,7,3,NATIVE,1.586669447600503e-06,0.0782710702686722,2.0271466949216943e-05
149004,6,0,7,3,RETURN_ALIGNED,2.5860971242442933e-05,0.5655803061923791,4.5724666712641006e-05
149005,0,2,1,1,NATIVE,0.1443443845808662,0.9488049280296866,0.1521328360725008
149005,0,2,1,1,RETURN_ALIGNED,0.1822918515341564,0.9359669224811896,0.1947631344180151
149005,0,2,1,2,NATIVE,0.004972601319841,0.7352973611449747,0.006762707963274
149005,0,2,1,2,RETURN_ALIGNED,0.0178321108780362,0.9008668341771232,0.0197943915806604
149005,0,2,1,3,NATIVE,0.0002463443226208,0.5713919505897961,0.0004311301926188
149005,0,2,1,3,RETURN_ALIGNED,0.0028065319107842,0.9167783852062612,0.0030612980788252
149005,0,2,3,1,NATIVE,0.0181528652863758,0.159802756932202,0.1135954450026944
149005,0,2,3,1,RETURN_ALIGNED,0.1297854649335896,0.668788275021116,0.1940606164626209
149005,0,2,3,2,NATIVE,-0.0003982622084564,-0.1824309301617872,0.0021830848973484
149005,0,2,3,2,RETURN_ALIGNED,0.0073196270841537,0.6223589940619423,0.0117611011553697
149005,0,2,3,3,NATIVE,1.0699460690219688e-05,0.1144914447569168,9.345205394095702e-05
149005,0,2,3,3,RETURN_ALIGNED,0.000342480316693,0.656409480271035,0.0005217479742106
149005,0,2,4,1,NATIVE,0.0338395594783511,0.3509013425994687,0.0964361071623384
149005,0,2,4,1,RETURN_ALIGNED,0.1413015721571454,0.7897152333823153,0.1789272464099685
149005,0,2,4,2,NATIVE,0.0005846755483359,0.2048048764605949,0.0028547931007427
149005,0,2,4,2,RETURN_ALIGNED,0.0077669626617844,0.6627564423632399,0.0117191809317344
149005,0,2,4,3,NATIVE,3.7541239536436034e-05,0.2013646423824759,0.0001864341177095
149005,0,2,4,3,RETURN_ALIGNED,0.0004638360502683,0.6902690151109252,0.0006719641759741
149005,0,2,5,1,NATIVE,0.1812433744630305,0.944786240234152,0.1918353239542169
149005,0,2,5,1,RETURN_ALIGNED,0.2208785943872217,0.9106099982945178,0.2425611346248128
149005,0,2,5,2,NATIVE,0.0067919610442791,0.5873437124039964,0.0115638609901731
149005,0,2,5,2,RETURN_ALIGNED,0.024134178622875,0.7488427354823953,0.0322286342359917
149005,0,2,5,3,NATIVE,0.0001626373622664,0.3676744864924871,0.0004423406236465
149005,0,2,5,3,RETURN_ALIGNED,0.0026830301256834,0.8812293360583514,0.0030446445827827
149005,0,2,6,1,NATIVE,0.0621751216571741,0.5226026731215915,0.1189720697098079
149005,0,2,6,1,RETURN_ALIGNED,0.1452757407155316,0.8061351717079193,0.1802126315959066
149005,0,2,6,2,NATIVE,0.0005902899967825,0.2180351039022428,0.002707316327497
149005,0,2,6,2,RETURN_ALIGNED,0.0120086942645691,0.7875199419640442,0.0152487494279148
149005,0,2,6,3,NATIVE,-3.858623306082556e-05,-0.1648190596614659,0.000234112686893
149005,0,2,6,3,RETURN_ALIGNED,0.000707795402321,0.5540697895957251,0.0012774481032904
149005,0,2,7,1,NATIVE,0.0369347160046552,0.313409386158343,0.1178481488936194
149005,0,2,7,1,RETURN_ALIGNED,0.1247311042557427,0.6891711919149702,0.1809871128088496
149005,0,2,7,2,NATIVE,0.0002994999033201,0.1282122402270829,0.0023359696607974
149005,0,2,7,2,RETURN_ALIGNED,0.0091804610144005,0.7503243124706102,0.0122353239283056
149005,0,2,7,3,NATIVE,-1.102152512330578e-05,-0.0835057966647618,0.0001319851500498
149005,0,2,7,3,RETURN_ALIGNED,0.0004642729217067,0.6009445134568098,0.0007725720281374
149005,2,4,0,1,NATIVE,0.0302579155542598,0.2790372618489797,0.1084368279481358
149005,2,4,0,1,RETURN_ALIGNED,0.1319061283070911,0.6885016620838779,0.1915843280723543
149005,2,4,0,2,NATIVE,0.0019072863952731,0.5531589308258636,0.0034479898794325
149005,2,4,0,2,RETURN_ALIGNED,0.0093553447031358,0.7092416781267668,0.0131906302062772
149005,2,4,0,3,NATIVE,7.781361609960847e-05,0.6131140485853201,0.0001269154020375
149005,2,4,0,3,RETURN_ALIGNED,0.0008680827692169,0.7635095802583652,0.0011369638201046
149005,2,4,1,1,NATIVE,0.0272781702161637,0.5273245448103832,0.0517293770688441
149005,2,4,1,1,RETURN_ALIGNED,0.0542888190308742,0.7782127789952183,0.0697608938020176
149005,2,4,1,2,NATIVE,0.0012047389553419,0.5625301779046646,0.0021416432444673
149005,2,4,1,2,RETURN_ALIGNED,0.0040357165194391,0.7509219557260404,0.0053743488103314
149005,2,4,1,3,NATIVE,5.833512919942034e-05,0.4592864227874058,0.0001270125268883
149005,2,4,1,3,RETURN_ALIGNED,0.0003176108125477,0.6969738969117871,0.000455699723964
149005,2,4,3,1,NATIVE,0.2990366875349751,0.8418472527151142,0.3552148998174628
149005,2,4,3,1,RETURN_ALIGNED,0.4556623439657967,0.9041243013033782,0.5039819672016048
149005,2,4,3,2,NATIVE,-0.0010508377390223,-0.1209812004468705,0.0086859589344121
149005,2,4,3,2,RETURN_ALIGNED,0.0100731003790548,0.7202934343839845,0.0139847177519365
149005,2,4,3,3,NATIVE,8.499911376986854e-05,0.2531219401093623,0.000335803025219
149005,2,4,3,3,RETURN_ALIGNED,0.0003918863497668,0.8329727674118721,0.0004704671789386
149005,2,4,5,1,NATIVE,0.0022868025880516,0.0334873561806722,0.0682885377905793
149005,2,4,5,1,RETURN_ALIGNED,0.0493708354784265,0.5950435320937961,0.0829701237230215
149005,2,4,5,2,NATIVE,-0.000620023551587,-0.2216643933579568,0.0027971274149233
149005,2,4,5,2,RETURN_ALIGNED,0.0030102643034067,0.6359180112126328,0.0047337302141025
149005,2,4,5,3,NATIVE,-3.9581339145467954e-05,-0.2167709049040315,0.0001825952569635
149005,2,4,5,3,RETURN_ALIGNED,0.0001383310376166,0.5679016137153737,0.0002435827511538
149005,2,4,6,1,NATIVE,0.0825226922680742,0.5060417329045835,0.1630748748613517
149005,2,4,6,1,RETURN_ALIGNED,0.1449869454852236,0.7515031643804763,0.192929254801866
149005,2,4,6,2,NATIVE,-0.0018217670040616,-0.4303245455579869,0.0042334722078125
149005,2,4,6,2,RETURN_ALIGNED,0.0031984454446893,0.5111183536476734,0.0062577393704254
149005,2,4,6,3,NATIVE,-6.715415264367504e-05,-0.445427693941908,0.000150763307676
149005,2,4,6,3,RETURN_ALIGNED,0.000153598466859,0.6331922564259045,0.0002425779296134
149005,2,4,7,1,NATIVE,0.2838887952718096,0.7729999376293945,0.3672559096735022
149005,2,4,7,1,RETURN_ALIGNED,0.4798033382713721,0.913622369417246,0.5251659266806956
149005,2,4,7,2,NATIVE,0.001071592611734,0.1377054813083768,0.0077817716583126
149005,2,4,7,2,RETURN_ALIGNED,0.0142361258515072,0.6769686945849686,0.0210292233081436
149005,2,4,7,3,NATIVE,6.791821401957815e-05,0.1629290526845291,0.000416857597856
149005,2,4,7,3,RETURN_ALIGNED,0.0020297682885218,0.7880493013103878,0.0025756869306908
149005,4,6,0,1,NATIVE,0.0794151238827635,0.4021945567687423,0.1974544969497167
149005,4,6,0,1,RETURN_ALIGNED,0.1680491899129927,0.6571080535511157,0.2557405726572831
149005,4,6,0,2,NATIVE,0.0009866450690556,0.2044005257927441,0.0048270182534491
149005,4,6,0,2,RETURN_ALIGNED,0.0066895514605528,0.821436267515606,0.0081437254780907
149005,4,6,0,3,NATIVE,0.0001998536188152,0.5700228099301783,0.0003506063522381
149005,4,6,0,3,RETURN_ALIGNED,0.0008475030463498,0.7045032432065427,0.0012029796223322
149005,4,6,1,1,NATIVE,0.0894580435692567,0.8231063260480908,0.1086834601292585
149005,4,6,1,1,RETURN_ALIGNED,0.1298683003202715,0.8933837504042521,0.1453667589783617
149005,4,6,1,2,NATIVE,0.0038042928869162,0.6832938504360998,0.0055675795769561
149005,4,6,1,2,RETURN_ALIGNED,0.0123237262206405,0.822093594374875,0.0149906608015971
149005,4,6,1,3,NATIVE,0.0001456165693297,0.3989568921087401,0.0003649932404531
149005,4,6,1,3,RETURN_ALIGNED,0.0017677358256173,0.8570382392130843,0.00206261021237
149005,4,6,2,1,NATIVE,0.1580905424775832,0.576880355731867,0.2740438999294908
149005,4,6,2,1,RETURN_ALIGNED,0.2860173594296608,0.7498246550361742,0.381445658673011
149005,4,6,2,2,NATIVE,-0.0004083296223645,-0.0977821953556193,0.0041759097436542
149005,4,6,2,2,RETURN_ALIGNED,0.0058715370985965,0.5613745214983299,0.010459215503392
149005,4,6,2,3,NATIVE,7.331164345071214e-05,0.2965921791415606,0.000247179960547
149005,4,6,2,3,RETURN_ALIGNED,0.00066030475157,0.7087399180500296,0.0009316601675856
149005,4,6,3,1,NATIVE,0.0343769509460054,0.2269459692159571,0.151476367105164
149005,4,6,3,1,RETURN_ALIGNED,0.1707085822046383,0.6745641074558292,0.2530650242397974
149005,4,6,3,2,NATIVE,-0.0004356784248317,-0.1387249329903638,0.0031405920725501
149005,4,6,3,2,RETURN_ALIGNED,0.0087067105712246,0.5991928342731514,0.0145307321335259
149005,4,6,3,3,NATIVE,1.1757726065416096e-05,0.1158272601205698,0.0001015108708475
149005,4,6,3,3,RETURN_ALIGNED,0.00041164897677,0.6485852771644217,0.0006346875131713
149005,4,6,5,1,NATIVE,0.1374829503575711,0.7172559763251398,0.1916790586560063
149005,4,6,5,1,RETURN_ALIGNED,0.1573176463912396,0.7767509205153666,0.2025329384697417
149005,4,6,5,2,NATIVE,0.0022376331321234,0.321131263245242,0.0069679703850363
149005,4,6,5,2,RETURN_ALIGNED,0.0114000832503401,0.8008597001834636,0.0142348069798345
149005,4,6,5,3,NATIVE,0.0002058564599315,0.4808167978978623,0.0004281390751168
149005,4,6,5,3,RETURN_ALIGNED,0.001684879905957,0.855624651951807,0.0019691811131546
149005,4,6,7,1,NATIVE,0.0591424925093415,0.4019022615018933,0.1471564063568864
149005,4,6,7,1,RETURN_ALIGNED,0.1483410251813947,0.6980540977338315,0.2125064886273743
149005,4,6,7,2,NATIVE,0.0003136107306029,0.0968807251884687,0.0032370807504103
149005,4,6,7,2,RETURN_ALIGNED,0.0107500467693889,0.7586047456499524,0.014170814025299
149005,4,6,7,3,NATIVE,-9.178175946706626e-06,-0.0713270696753313,0.000128677316651
149005,4,6,7,3,RETURN_ALIGNED,0.0003354541831825,0.6191045992815639,0.0005418376530077
149005,6,0,1,1,NATIVE,0.031428627940828,0.5566895332810993,0.0564562939697741
149005,6,0,1,1,RETURN_ALIGNED,0.0598266355730688,0.7847344027264597,0.0762380690399063
149005,6,0,1,2,NATIVE,0.0010982973929494,0.5059065408597392,0.0021709491857146
149005,6,0,1,2,RETURN_ALIGNED,0.0040874151358702,0.7494146380697366,0.0054541437119045
149005,6,0,1,3,NATIVE,4.4376311461897895e-05,0.3749215192585455,0.0001183616013675
149005,6,0,1,3,RETURN_ALIGNED,0.0002276132029146,0.6539516474200708,0.0003480581534065
149005,6,0,2,1,NATIVE,0.0887047082632026,0.5511266724761316,0.1609515791798372
149005,6,0,2,1,RETURN_ALIGNED,0.1663552371469229,0.7421206453311523,0.2241619852424943
149005,6,0,2,2,NATIVE,0.0016950598106207,0.3938315012228873,0.0043040229266901
149005,6,0,2,2,RETURN_ALIGNED,0.0147442403316109,0.7498503785748706,0.019662909765328
149005,6,0,2,3,NATIVE,4.511413874341775e-05,0.4002327579964394,0.0001127197555572
149005,6,0,2,3,RETURN_ALIGNED,0.0006038521207919,0.7097676977631943,0.0008507743061917
149005,6,0,3,1,NATIVE,0.2704187605312786,0.8165058969829607,0.3311902112775159
149005,6,0,3,1,RETURN_ALIGNED,0.4276744874517383,0.8961090704310746,0.477257179470206
149005,6,0,3,2,NATIVE,-0.0016639787568779,-0.1937225367790536,0.0085894949775641
149005,6,0,3,2,RETURN_ALIGNED,0.0103980791560128,0.7440262907706283,0.013975418993032
149005,6,0,3,3,NATIVE,7.870441090255963e-05,0.2258838108369593,0.0003484287345284
149005,6,0,3,3,RETURN_ALIGNED,0.0009751446604762,0.8558270824605639,0.0011394178548545
149005,6,0,4,1,NATIVE,0.057356110118222,0.4178674216491381,0.1372591093409951
149005,6,0,4,1,RETURN_ALIGNED,0.1110070371101868,0.7065073792059365,0.1571208459774038
149005,6,0,4,2,NATIVE,0.0006700180847488,0.098625205711514,0.0067935785773335
149005,6,0,4,2,RETURN_ALIGNED,0.0074420032421212,0.6056152560583158,0.0122883351557247
149005,6,0,4,3,NATIVE,-3.803860833572101e-05,-0.2240896265377954,0.0001697472964006
149005,6,0,4,3,RETURN_ALIGNED,0.0002663792619803,0.5949501428286533,0.0004477337554753
149005,6,0,5,1,NATIVE,0.0063476259786361,0.0802940295761287,0.0790547692293127
149005,6,0,5,1,RETURN_ALIGNED,0.0540701229957768,0.5783715760319991,0.0934868261796451
149005,6,0,5,2,NATIVE,-0.0003701375200209,-0.1331097769826002,0.0027806937131427
149005,6,0,5,2,RETURN_ALIGNED,0.0029667491914193,0.6596120065672855,0.0044977186010014
149005,6,0,5,3,NATIVE,-1.9418106270624763e-05,-0.1176423856492706,0.0001650604595988
149005,6,0,5,3,RETURN_ALIGNED,0.0001278116189254,0.5154098802679442,0.0002479805368506
149005,6,0,7,1,NATIVE,0.2867324639373859,0.7668503168169221,0.3739092983978986
149005,6,0,7,1,RETURN_ALIGNED,0.472704560621368,0.9102179344540472,0.5193311873213582
149005,6,0,7,2,NATIVE,0.0023544305374095,0.2269248544417908,0.0103753753326454
149005,6,0,7,2,RETURN_ALIGNED,0.0156988003711755,0.6804256581889195,0.0230720287829256
149005,6,0,7,3,NATIVE,0.0001058920428909,0.2420930939686316,0.0004374021594399
149005,6,0,7,3,RETURN_ALIGNED,0.0020037809104415,0.8845678686864978,0.0022652653102649
149006,0,2,1,1,NATIVE,0.4466533708055238,0.9543015207542463,0.4680421869728866
149006,0,2,1,1,RETURN_ALIGNED,0.595675077957776,0.9021550238044902,0.6602801760673541
149006,0,2,1,2,NATIVE,-0.0179740957712039,-0.601537927126935,0.0298802369054936
149006,0,2,1,2,RETURN_ALIGNED,0.0649223581443457,0.8748972382665543,0.0742056955986872
149006,0,2,1,3,NATIVE,0.0005300217047184,0.2892048506653543,0.0018326860714031
149006,0,2,1,3,RETURN_ALIGNED,0.0052811395747715,0.842663050927985,0.0062672020090348
149006,0,2,3,1,NATIVE,0.0510836345797252,0.3979111362415411,0.1283795046858586
149006,0,2,3,1,RETURN_ALIGNED,0.1698922862587502,0.6244165106011225,0.2720816688449356
149006,0,2,3,2,NATIVE,-0.0008462842373991,-0.3209214651312814,0.002637044664581
149006,0,2,3,2,RETURN_ALIGNED,0.0029571485040176,0.5853935880648587,0.0050515560201936
149006,0,2,3,3,NATIVE,3.623296226664611e-05,0.2910879029733405,0.000124474297216
149006,0,2,3,3,RETURN_ALIGNED,0.0001875691108632,0.4034423926237092,0.0004649216694428
149006,0,2,4,1,NATIVE,0.198505109792737,0.6684444038382357,0.2969657740461821
149006,0,2,4,1,RETURN_ALIGNED,0.3323198039923036,0.7695835580109259,0.4318177026171763
149006,0,2,4,2,NATIVE,-0.0019705557076864,-0.3074141301797315,0.0064101012744734
149006,0,2,4,2,RETURN_ALIGNED,0.0090610480721516,0.564082783102043,0.0160633303187656
149006,0,2,4,3,NATIVE,5.153271129763672e-05,0.1110417755248416,0.0004640839985854
149006,0,2,4,3,RETURN_ALIGNED,0.0007643759048175,0.6457401637525898,0.0011837205537635
149006,0,2,5,1,NATIVE,0.4883099435336077,0.9601596957577366,0.508571590424935
149006,0,2,5,1,RETURN_ALIGNED,0.6571977032113381,0.9258971021483609,0.7097956151783334
149006,0,2,5,2,NATIVE,-0.010182309528954,-0.3953146257593921,0.0257574824328469
149006,0,2,5,2,RETURN_ALIGNED,0.0657898091627771,0.9106288470425418,0.0722465682646944
149006,0,2,5,3,NATIVE,0.0004912726846419,0.3835540574285112,0.0012808433988476
149006,0,2,5,3,RETURN_ALIGNED,0.0032563397799415,0.8321390302896411,0.0039132160094687
149006,0,2,6,1,NATIVE,0.0863176906833703,0.3927739229238641,0.2197643113390305
149006,0,2,6,1,RETURN_ALIGNED,0.191478528851729,0.7623176085229779,0.2511794647149511
149006,0,2,6,2,NATIVE,-0.0010691492257021,-0.3302412357646376,0.0032374794843302
149006,0,2,6,2,RETURN_ALIGNED,0.0040938486928658,0.5351779339482269,0.0076495095053872
149006,0,2,6,3,NATIVE,3.115303891449814e-05,0.1122494935859544,0.000277533891528
149006,0,2,6,3,RETURN_ALIGNED,0.0003250455466143,0.5220513106595567,0.0006226314144565
149006,0,2,7,1,NATIVE,0.0303681027986735,0.1910685371915025,0.1589382702407432
149006,0,2,7,1,RETURN_ALIGNED,0.2126424381653278,0.6887135031364343,0.3087531131549799
149006,0,2,7,2,NATIVE,0.0011449484535135,0.3625413253772134,0.003158118463578
149006,0,2,7,2,RETURN_ALIGNED,0.0044619996688408,0.6125436420331686,0.0072843783897266
149006,0,2,7,3,NATIVE,-4.859259504217141e-05,-0.2997708488813642,0.0001620991336905
149006,0,2,7,3,RETURN_ALIGNED,0.0002494421685671,0.3268274394786555,0.0007632228457326
149006,2,4,0,1,NATIVE,0.2363009728710842,0.5473710668405257,0.4317016137424666
149006,2,4,0,1,RETURN_ALIGNED,0.5356992951279813,0.7194992740504399,0.7445445943429325
149006,2,4,0,2,NATIVE,-0.0102473630228814,-0.6359607395502094,0.0161132006824911
149006,2,4,0,2,RETURN_ALIGNED,0.0168523770987405,0.6880201905898493,0.0244940153339768
149006,2,4,0,3,NATIVE,0.000161793459686,0.3239077066038129,0.0004995048160773
149006,2,4,0,3,RETURN_ALIGNED,0.0006177426783406,0.4533215143859968,0.0013627031992862
149006,2,4,1,1,NATIVE,0.1533699066400933,0.4898594135223892,0.3130896383866993
149006,2,4,1,1,RETURN_ALIGNED,0.2952053241961817,0.6311240733837108,0.4677453081664551
149006,2,4,1,2,NATIVE,-0.0035274098513889,-0.5214049885378673,0.0067652015782076
149006,2,4,1,2,RETURN_ALIGNED,0.0056794729897135,0.6524825772249309,0.0087044055855252
149006,2,4,1,3,NATIVE,9.86425757393301e-05,0.2549601375318403,0.0003868941104671
149006,2,4,1,3,RETURN_ALIGNED,0.0003471916911221,0.4116736076502009,0.0008433664059816
149006,2,4,3,1,NATIVE,0.2079830287616129,0.6052323225989942,0.3436416413917417
149006,2,4,3,1,RETURN_ALIGNED,0.5699292135940481,0.8314335968002317,0.6854777288134245
149006,2,4,3,2,NATIVE,-0.0019532801814591,-0.1491352616738123,0.0130973732120923
149006,2,4,3,2,RETURN_ALIGNED,0.0281554376170033,0.7127411655807979,0.0395030327636122
149006,2,4,3,3,NATIVE,0.0001695182735888,0.2843028417820276,0.0005962595045939
149006,2,4,3,3,RETURN_ALIGNED,0.0013746427280579,0.6235723489760606,0.0022044638861076
149006,2,4,5,1,NATIVE,0.2021345722733823,0.6763237682994623,0.2988724953162179
149006,2,4,5,1,RETURN_ALIGNED,0.3280464972657154,0.7998448693145647,0.4101376527510676
149006,2,4,5,2,NATIVE,0.0025473977255779,0.3121690572049197,0.0081603146331998
149006,2,4,5,2,RETURN_ALIGNED,0.0101131262047647,0.5711118121109302,0.0177077867945312
149006,2,4,5,3,NATIVE,-2.9749368174679396e-05,-0.0738532193737463,0.000402817485713
149006,2,4,5,3,RETURN_ALIGNED,0.0006579818272366,0.4636017047694464,0.0014192825872935
149006,2,4,6,1,NATIVE,0.1925645959350817,0.7696010498153029,0.2502135307392613
149006,2,4,6,1,RETURN_ALIGNED,0.2541986742775934,0.7831145600420284,0.3245996017029868
149006,2,4,6,2,NATIVE,0.0021906997310082,0.2810648069437283,0.0077942868575493
149006,2,4,6,2,RETURN_ALIGNED,0.0162012355635976,0.7117947260437858,0.0227611064967118
149006,2,4,6,3,NATIVE,-2.2996970230349416e-05,-0.091835117260876,0.000250415863202
149006,2,4,6,3,RETURN_ALIGNED,0.0002695905961738,0.5227281381133179,0.0005157376772428
149006,2,4,7,1,NATIVE,0.2591032454405344,0.7128321972878772,0.3634842062772551
149006,2,4,7,1,RETURN_ALIGNED,0.6088930404813734,0.8460454047895613,0.7196931004342011
149006,2,4,7,2,NATIVE,0.0051779000427248,0.3374630895479578,0.0153436040928381
149006,2,4,7,2,RETURN_ALIGNED,0.0203728733556466,0.5206466749484712,0.0391299403890856
149006,2,4,7,3,NATIVE,-0.0001851266555986,-0.3186349478623524,0.000580999211653
149006,2,4,7,3,RETURN_ALIGNED,0.0006301761859999,0.5489067045929085,0.0011480569960912
149006,4,6,0,1,NATIVE,0.2444722536970709,0.6635910550071792,0.368408000457956
149006,4,6,0,1,RETURN_ALIGNED,0.5058945446938978,0.8726583896778841,0.5797165886190017
149006,4,6,0,2,NATIVE,0.0016536789636573,0.1383898023051376,0.0119494278918832
149006,4,6,0,2,RETURN_ALIGNED,0.0129009535635596,0.5013093176741502,0.0257345178088265
149006,4,6,0,3,NATIVE,5.663683577070212e-05,0.0820949292435133,0.000689894444777
149006,4,6,0,3,RETURN_ALIGNED,0.0013689823296995,0.5832386545858205,0.0023472078161039
149006,4,6,1,1,NATIVE,0.3691445907248646,0.9053004535381892,0.4077592022427559
149006,4,6,1,1,RETURN_ALIGNED,0.5026607132181878,0.8741937587245503,0.5749992014945042
149006,4,6,1,2,NATIVE,-0.0060091762411877,-0.4358459914831029,0.0137873844395653
149006,4,6,1,2,RETURN_ALIGNED,0.022487281714453,0.6503982276236696,0.0345746355988239
149006,4,6,1,3,NATIVE,0.0002938108835098,0.2598021672285611,0.0011309023535303
149006,4,6,1,3,RETURN_ALIGNED,0.0018615948305298,0.5790950843696655,0.003214661768409
149006,4,6,2,1,NATIVE,0.1647375927443863,0.6502610307338894,0.2533407123571747
149006,4,6,2,1,RETURN_ALIGNED,0.253791868903032,0.7586062722094967,0.3345501852544468
149006,4,6,2,2,NATIVE,0.0013839240109426,0.2541175440248363,0.0054459994731376
149006,4,6,2,2,RETURN_ALIGNED,0.0055834119446423,0.464182143345213,0.0120284936087382
149006,4,6,2,3,NATIVE,7.452235305988377e-05,0.2228415704637502,0.0003344185402397
149006,4,6,2,3,RETURN_ALIGNED,0.0006423671361697,0.6194998826666722,0.0010369124404071
149006,4,6,3,1,NATIVE,0.0552535995866764,0.3392867754075293,0.1628522052480516
149006,4,6,3,1,RETURN_ALIGNED,0.2053965440868002,0.5917340048915012,0.3471095836792038
149006,4,6,3,2,NATIVE,-0.0013893940897122,-0.3669394899823569,0.0037864392565778
149006,4,6,3,2,RETURN_ALIGNED,0.0041245193098703,0.6464679424313946,0.0063800832787814
149006,4,6,3,3,NATIVE,4.303493727894298e-05,0.2872784874334509,0.000149802157173
149006,4,6,3,3,RETURN_ALIGNED,0.0002542831659387,0.4556071296951843,0.0005581193733028
149006,4,6,5,1,NATIVE,0.4525467447116731,0.8851784769866824,0.51124915085156
149006,4,6,5,1,RETURN_ALIGNED,0.6428311767093119,0.9017683484485842,0.7128562205749945
149006,4,6,5,2,NATIVE,-0.0016133109762075,-0.0826898465370703,0.0195103878373338
149006,4,6,5,2,RETURN_ALIGNED,0.0276711860655794,0.5630020544350358,0.0491493518490845
149006,4,6,5,3,NATIVE,0.0002785393199377,0.2569431453131607,0.0010840503980359
149006,4,6,5,3,RETURN_ALIGNED,0.0029605703494667,0.6793352908660868,0.0043580399644592
149006,4,6,7,1,NATIVE,0.055496616682726,0.325924680457131,0.1702743609499995
149006,4,6,7,1,RETURN_ALIGNED,0.2406493820448616,0.7232825588438884,0.3327183534321918
149006,4,6,7,2,NATIVE,0.0017171057347944,0.4180449666358479,0.0041074665927692
149006,4,6,7,2,RETURN_ALIGNED,0.0064890897580435,0.6685279207900394,0.0097065351440754
149006,4,6,7,3,NATIVE,-5.424361624760769e-05,-0.3092245758586311,0.000175418192172
149006,4,6,7,3,RETURN_ALIGNED,0.0003126752950978,0.3595721092613028,0.0008695760512028
149006,6,0,1,1,NATIVE,0.1534974035039399,0.5119099081003514,0.299852378465393
149006,6,0,1,1,RETURN_ALIGNED,0.2920599474433066,0.6591026695522371,0.443117530750811
149006,6,0,1,2,NATIVE,-0.0028184085034156,-0.4898893352981401,0.0057531534171208
149006,6,0,1,2,RETURN_ALIGNED,0.0049469400388355,0.6019286924615613,0.0082184818579813
149006,6,0,1,3,NATIVE,0.0001027869143797,0.2706173022703787,0.0003798238818485
149006,6,0,1,3,RETURN_ALIGNED,0.0003216435463756,0.3971074003040992,0.0008099661349292
149006,6,0,2,1,NATIVE,0.1515071676655671,0.4002877819721113,0.3784956086317567
149006,6,0,2,1,RETURN_ALIGNED,0.3809006446701913,0.6105854988906801,0.6238285143719382
149006,6,0,2,2,NATIVE,-0.0041545943786167,-0.5427349710613393,0.0076549229363421
149006,6,0,2,2,RETURN_ALIGNED,0.0060855301021598,0.7190136481313275,0.0084637198717985
149006,6,0,2,3,NATIVE,0.0001233021401947,0.4481913371839555,0.0002751104929552
149006,6,0,2,3,RETURN_ALIGNED,0.0002181623938033,0.4898714106237088,0.0004453462450418
149006,6,0,3,1,NATIVE,0.2751567604925938,0.6364065643708082,0.4323600287878186
149006,6,0,3,1,RETURN_ALIGNED,0.6979031685463347,0.8052773743045848,0.8666618370457277
149006,6,0,3,2,NATIVE,-0.001518600746003,-0.0656849963642937,0.0231194462931884
149006,6,0,3,2,RETURN_ALIGNED,0.0517693520789414,0.8171647784939807,0.063352402646238
149006,6,0,3,3,NATIVE,0.0001976593028074,0.277181969033932,0.0007131030238119
149006,6,0,3,3,RETURN_ALIGNED,0.0018066909489315,0.7471868573133654,0.0024179907936065
149006,6,0,4,1,NATIVE,0.3386187829146331,0.8726975694783383,0.3880138947985435
149006,6,0,4,1,RETURN_ALIGNED,0.499604157013715,0.8830869313336038,0.5657474245022988
149006,6,0,4,2,NATIVE,0.0048452811219002,0.3137844955493258,0.0154414293583209
149006,6,0,4,2,RETURN_ALIGNED,0.0365042411930453,0.7416019703311834,0.049223495423597
149006,6,0,4,3,NATIVE,-0.0001068188674333,-0.2051007278535447,0.0005208117414653
149006,6,0,4,3,RETURN_ALIGNED,0.0006463960195682,0.5624762097032404,0.0011491970823167
149006,6,0,5,1,NATIVE,0.1954722556421141,0.6472290990681111,0.3020140100676969
149006,6,0,5,1,RETURN_ALIGNED,0.3283505316402244,0.7919311409887001,0.4146200529887429
149006,6,0,5,2,NATIVE,0.002194501405107,0.3128461596587631,0.0070146343093181
149006,6,0,5,2,RETURN_ALIGNED,0.007195973418786,0.5371984252971432,0.013395373254791
149006,6,0,5,3,NATIVE,-3.7747012802619096e-05,-0.0909470527469944,0.0004150438262443
149006,6,0,5,3,RETURN_ALIGNED,0.0006309215423623,0.4118411746471716,0.0015319535320865
149006,6,0,7,1,NATIVE,0.225520212848102,0.718442464565989,0.3139015634104314
149006,6,0,7,1,RETURN_ALIGNED,0.5686743439236337,0.909956102207666,0.624947008480601
149006,6,0,7,2,NATIVE,0.0071770878222394,0.2670613953610908,0.0268742991126056
149006,6,0,7,2,RETURN_ALIGNED,0.0602971155261917,0.8086143276765078,0.0745684480932298
149006,6,0,7,3,NATIVE,-0.0003707882657153,-0.4355567382784723,0.0008512972632416
149006,6,0,7,3,RETURN_ALIGNED,0.0016588763383614,0.4604091773324426,0.003603047926177
149007,0,2,1,1,NATIVE,0.280207399220755,0.7300939984396729,0.383796332827445
149007,0,2,1,1,RETURN_ALIGNED,0.4312884937279863,0.7470614698227617,0.5773132615581211
149007,0,2,1,2,NATIVE,-0.0006933993478861,-0.0658911705501119,0.010523403090967
149007,0,2,1,2,RETURN_ALIGNED,0.0194203420123532,0.6417728746869901,0.0302604593896732
149007,0,2,1,3,NATIVE,3.630075368350929e-06,0.0082732755827441,0.0004387712359347
149007,0,2,1,3,RETURN_ALIGNED,0.0008243186353063,0.588964224080989,0.0013996073114241
149007,0,2,3,1,NATIVE,-0.0127781155218219,-0.0661033187757763,0.1933052040119269
149007,0,2,3,1,RETURN_ALIGNED,0.3369921128380555,0.7556970715922307,0.4459354488803053
149007,0,2,3,2,NATIVE,-0.0016884009382124,-0.304589342114868,0.0055432042580178
149007,0,2,3,2,RETURN_ALIGNED,0.0120272360822657,0.569323528922964,0.0211254857232377
149007,0,2,3,3,NATIVE,-4.898888575825984e-07,-0.003364330666406,0.0001456125766034
149007,0,2,3,3,RETURN_ALIGNED,0.0005051468838764,0.5295648888916233,0.0009538904379092
149007,0,2,4,1,NATIVE,0.064193190434014,0.4371154705246858,0.1468563680826075
149007,0,2,4,1,RETURN_ALIGNED,0.2740570856482635,0.888777806453739,0.3083527555010599
149007,0,2,4,2,NATIVE,-0.0002649891947005,-0.052040660181254,0.0050919645093584
149007,0,2,4,2,RETURN_ALIGNED,0.0085380939751269,0.5244362126528851,0.0162805194778539
149007,0,2,4,3,NATIVE,1.3241999930850535e-05,0.0577648495052969,0.000229239754301
149007,0,2,4,3,RETURN_ALIGNED,0.0005116575931329,0.4207982870463059,0.0012159212827525
149007,0,2,5,1,NATIVE,0.2926096905945227,0.672317299323493,0.4352255860271671
149007,0,2,5,1,RETURN_ALIGNED,0.4190426548382687,0.6630240712634432,0.6320172569897535
149007,0,2,5,2,NATIVE,0.0015439458728115,0.0925235385447183,0.0166870603631475
149007,0,2,5,2,RETURN_ALIGNED,0.013671512281001,0.6031301034361778,0.0226676005764562
149007,0,2,5,3,NATIVE,-0.0001222291396105,-0.1961494472138133,0.0006231429193189
149007,0,2,5,3,RETURN_ALIGNED,0.0004266629058139,0.4533145416535118,0.0009412071874331
149007,0,2,6,1,NATIVE,0.1591320970451148,0.7779196793994501,0.2045610893503649
149007,0,2,6,1,RETURN_ALIGNED,0.3133769021567187,0.7942696778828288,0.3945472311016342
149007,0,2,6,2,NATIVE,0.0027905987387081,0.3218031650217933,0.0086717566572833
149007,0,2,6,2,RETURN_ALIGNED,0.0095659419734142,0.4390731131057139,0.0217866721686106
149007,0,2,6,3,NATIVE,2.9799404166990217e-05,0.1642829524816142,0.0001813907265629
149007,0,2,6,3,RETURN_ALIGNED,0.0006333466029992,0.4611713838904649,0.0013733432406487
149007,0,2,7,1,NATIVE,0.1180146692319376,0.6959533824741759,0.1695726642096837
149007,0,2,7,1,RETURN_ALIGNED,0.2134663875429595,0.6417148484887608,0.3326499114764671
149007,0,2,7,2,NATIVE,0.0017458483380382,0.2527137095951042,0.0069084037457946
149007,0,2,7,2,RETURN_ALIGNED,0.0092441676174455,0.471558460796614,0.0196034392039593
149007,0,2,7,3,NATIVE,1.4928827787258648e-05,0.1097983347687757,0.0001359658850842
149007,0,2,7,3,RETURN_ALIGNED,0.0004231810426411,0.5230228134767418,0.0008091062791974
149007,2,4,0,1,NATIVE,0.0475013543948843,0.201333682573347,0.2359334701859143
149007,2,4,0,1,RETURN_ALIGNED,0.2279841352712165,0.6478931600390471,0.3518853868705008
149007,2,4,0,2,NATIVE,-0.0021768329996951,-0.3783116073197972,0.0057540740422027
149007,2,4,0,2,RETURN_ALIGNED,0.0134100824385267,0.5832061081742101,0.0229937276896455
149007,2,4,0,3,NATIVE,1.74394358421112e-05,0.0701543839449215,0.0002485865433316
149007,2,4,0,3,RETURN_ALIGNED,0.00065327733217,0.6294904225528631,0.0010377875634434
149007,2,4,1,1,NATIVE,0.0816344629548612,0.6591784484616122,0.1238427365842081
149007,2,4,1,1,RETURN_ALIGNED,0.1381520838764659,0.7314097280949435,0.1888846682915436
149007,2,4,1,2,NATIVE,0.0006156949796726,0.144003031336158,0.0042755695761482
149007,2,4,1,2,RETURN_ALIGNED,0.0061342874485851,0.5826110249528469,0.0105289587491184
149007,2,4,1,3,NATIVE,3.201944466681776e-05,0.2494396985063718,0.0001283654719672
149007,2,4,1,3,RETURN_ALIGNED,0.0002164745505944,0.5677753795312209,0.0003812679420523
149007,2,4,3,1,NATIVE,0.2042189251020433,0.5471922136048675,0.3732124106016266
149007,2,4,3,1,RETURN_ALIGNED,0.4926879242207049,0.6996525250387802,0.7041894463159558
149007,2,4,3,2,NATIVE,-0.0014221365959267,-0.092119801134482,0.0154379034506202
149007,2,4,3,2,RETURN_ALIGNED,0.0235121329548541,0.7635735695502911,0.0307922299716365
149007,2,4,3,3,NATIVE,0.000252631880654,0.5236594013661227,0.0004824354893504
149007,2,4,3,3,RETURN_ALIGNED,0.0008668868567772,0.736831880584547,0.0011765056291248
149007,2,4,5,1,NATIVE,-0.0669992097769474,-0.3028025469790225,0.2212636929422972
149007,2,4,5,1,RETURN_ALIGNED,0.152681083110014,0.4867891874854919,0.3136492901550191
149007,2,4,5,2,NATIVE,-0.0010745195363864,-0.1792485054676671,0.0059945801698931
149007,2,4,5,2,RETURN_ALIGNED,0.0066780840927524,0.5601100483903475,0.011922807155237
149007,2,4,5,3,NATIVE,-5.402534723712679e-05,-0.3346184935510695,0.0001614535604634
149007,2,4,5,3,RETURN_ALIGNED,0.0002463159724498,0.5986840755621627,0.0004114289696409
149007,2,4,6,1,NATIVE,0.1324971766258788,0.2805359001290878,0.4723002530685951
149007,2,4,6,1,RETURN_ALIGNED,0.2724152525252535,0.5762553260291984,0.4727335960644587
149007,2,4,6,2,NATIVE,-0.0018870385121555,-0.1689759530676396,0.0111674973735368
149007,2,4,6,2,RETURN_ALIGNED,0.0047278509105972,0.5663669026110489,0.0083476821977526
149007,2,4,6,3,NATIVE,-0.0001085392843449,-0.4419575798876389,0.0002455875609072
149007,2,4,6,3,RETURN_ALIGNED,0.0002606554710217,0.6011350592087897,0.0004336055045426
149007,2,4,7,1,NATIVE,0.3315755169028379,0.8018224496671472,0.4135273551398676
149007,2,4,7,1,RETURN_ALIGNED,0.4114470024755375,0.843449030423719,0.4878148976810647
149007,2,4,7,2,NATIVE,-0.003431124687898,-0.2570023519794656,0.0133505575387231
149007,2,4,7,2,RETURN_ALIGNED,0.0094722761796484,0.5109950497630383,0.018536923564382
149007,2,4,7,3,NATIVE,-0.0001882609511073,-0.3807595924635443,0.0004944352132145
149007,2,4,7,3,RETURN_ALIGNED,0.0008424605588187,0.6774628439362993,0.0012435524175148
149007,4,6,0,1,NATIVE,0.0049530228110278,0.0338166848379441,0.1464668353731293
149007,4,6,0,1,RETURN_ALIGNED,0.1674596621557006,0.6130012147502837,0.2731799841927882
149007,4,6,0,2,NATIVE,-0.0001480345489923,-0.0302391306547368,0.0048954631226798
149007,4,6,0,2,RETURN_ALIGNED,0.0058872116544287,0.3380360652064859,0.0174159276487845
149007,4,6,0,3,NATIVE,-2.9192872754450145e-05,-0.1627075208940391,0.0001794193196592
149007,4,6,0,3,RETURN_ALIGNED,0.0003560677101143,0.3874214308257415,0.0009190707628931
149007,4,6,1,1,NATIVE,0.2624131067880452,0.6780132538185876,0.3870324146465387
149007,4,6,1,1,RETURN_ALIGNED,0.4356120681080693,0.7567883566644114,0.5756061972568288
149007,4,6,1,2,NATIVE,0.0006630963192813,0.0642978380080272,0.010312886712425
149007,4,6,1,2,RETURN_ALIGNED,0.0207235347851544,0.7075321578108502,0.0292898839378936
149007,4,6,1,3,NATIVE,9.455963462582922e-06,0.0228832944075593,0.0004132256157799
149007,4,6,1,3,RETURN_ALIGNED,0.0009889730502449,0.7241301827953363,0.0013657393000308
149007,4,6,2,1,NATIVE,-0.0422732044719004,-0.1904578697760255,0.2219556719897735
149007,4,6,2,1,RETURN_ALIGNED,0.3782152620856591,0.79248251165168,0.4772537646254481
149007,4,6,2,2,NATIVE,-0.0018663954457087,-0.2943393765905141,0.0063409641865067
149007,4,6,2,2,RETURN_ALIGNED,0.0094470611555035,0.5463809879620045,0.0172902450186143
149007,4,6,2,3,NATIVE,-9.153914579769894e-06,-0.0591839010895484,0.0001546689959367
149007,4,6,2,3,RETURN_ALIGNED,0.0004909844107706,0.3348758849484673,0.0014661683110395
149007,4,6,3,1,NATIVE,-0.011927544087531,-0.0637178051924935,0.1871932664895311
149007,4,6,3,1,RETURN_ALIGNED,0.3218661172151803,0.7360037595245846,0.4373158602111603
149007,4,6,3,2,NATIVE,-0.0017001562115568,-0.3227009516024784,0.0052685193615349
149007,4,6,3,2,RETURN_ALIGNED,0.0107051535171775,0.5767743787785599,0.0185603832468314
149007,4,6,3,3,NATIVE,1.928479917270287e-05,0.1210501445652583,0.0001593124833697
149007,4,6,3,3,RETURN_ALIGNED,0.0004598123641097,0.455387513496425,0.0010097166706823
149007,4,6,5,1,NATIVE,0.3441435725892358,0.733380744669293,0.4692563516160214
149007,4,6,5,1,RETURN_ALIGNED,0.4985292653833001,0.7445034066897573,0.6696131419998416
149007,4,6,5,2,NATIVE,-0.0014771229549364,-0.0837439339040204,0.0176385665919053
149007,4,6,5,2,RETURN_ALIGNED,0.0144494358603834,0.5629772895185122,0.025666107902966
149007,4,6,5,3,NATIVE,-0.0001110934719605,-0.1973132379447577,0.0005630310098271
149007,4,6,5,3,RETURN_ALIGNED,0.0008579148795706,0.6145586404347654,0.0013959853820943
149007,4,6,7,1,NATIVE,0.1059658827152327,0.6767984877098788,0.1565693254926627
149007,4,6,7,1,RETURN_ALIGNED,0.1889137342474018,0.6123976587401199,0.3084821301179035
149007,4,6,7,2,NATIVE,0.0019130845629228,0.2817174115832385,0.0067907927738975
149007,4,6,7,2,RETURN_ALIGNED,0.0078780713819397,0.4406839244344999,0.017876920271037
149007,4,6,7,3,NATIVE,-3.326233533152775e-07,-0.0023597713938766,0.0001409557526263
149007,4,6,7,3,RETURN_ALIGNED,0.000405573083213,0.4775541228446788,0.0008492714515856
149007,6,0,1,1,NATIVE,0.0735802599257921,0.6192643347820584,0.1188188238737367
149007,6,0,1,1,RETURN_ALIGNED,0.1335935928080314,0.7329412864515578,0.1822705246347465
149007,6,0,1,2,NATIVE,0.0009001385259434,0.2080737202485427,0.004326055807725
149007,6,0,1,2,RETURN_ALIGNED,0.0065013189872526,0.5943344254494242,0.0109388228391096
149007,6,0,1,3,NATIVE,2.5946665169442515e-05,0.2047747838019446,0.000126708301946
149007,6,0,1,3,RETURN_ALIGNED,0.0002203041264742,0.5229762948491019,0.0004212506925476
149007,6,0,2,1,NATIVE,0.1721825123820318,0.621624324131027,0.2769880548394032
149007,6,0,2,1,RETURN_ALIGNED,0.272229367653016,0.7759185008689367,0.3508478884676879
149007,6,0,2,2,NATIVE,0.0010486620259791,0.093802568652806,0.01117945959233
149007,6,0,2,2,RETURN_ALIGNED,0.0117333192911608,0.4525938500788687,0.0259246105283826
149007,6,0,2,3,NATIVE,4.358420610554007e-05,0.1835061562054908,0.0002375081405857
149007,6,0,2,3,RETURN_ALIGNED,0.0006022999302647,0.7562953530768687,0.0007963818991599
149007,6,0,3,1,NATIVE,0.2800083564647181,0.6793012735822344,0.4122005468765507
149007,6,0,3,1,RETURN_ALIGNED,0.5702081611547931,0.7026692205221451,0.8114887410765014
149007,6,0,3,2,NATIVE,-0.0022578198540653,-0.1620497725824374,0.0139328788797697
149007,6,0,3,2,RETURN_ALIGNED,0.0235226654489219,0.7957728506774856,0.0295595224542095
149007,6,0,3,3,NATIVE,0.0001022074253737,0.190422119937526,0.0005367413454602
149007,6,0,3,3,RETURN_ALIGNED,0.0006442606671639,0.7680378772035591,0.0008388397033759
149007,6,0,4,1,NATIVE,0.1859387617566078,0.7332344005478658,0.2535870679519177
149007,6,0,4,1,RETURN_ALIGNED,0.2985606143748093,0.676521315085906,0.4413173801283135
149007,6,0,4,2,NATIVE,-0.0012136794267499,-0.1427409039564138,0.008502674377063
149007,6,0,4,2,RETURN_ALIGNED,0.0101414042701458,0.4768106320513136,0.0212692494421044
149007,6,0,4,3,NATIVE,-5.885316056655412e-05,-0.2105422908364409,0.0002795313007971
149007,6,0,4,3,RETURN_ALIGNED,0.0004501874169124,0.7187793581190358,0.0006263221270372
149007,6,0,5,1,NATIVE,-0.067463234956254,-0.3302511333726978,0.204278587229206
149007,6,0,5,1,RETURN_ALIGNED,0.1570588658980324,0.5278870335272113,0.2975236289638586
149007,6,0,5,2,NATIVE,-0.0015649981273988,-0.2617312019845123,0.0059794098506114
149007,6,0,5,2,RETURN_ALIGNED,0.0068599022260168,0.5544862165726573,0.0123716370594995
149007,6,0,5,3,NATIVE,-4.2445264933563095e-05,-0.2656588829660761,0.0001597735577871
149007,6,0,5,3,RETURN_ALIGNED,0.0002475061758661,0.5252228822993619,0.0004712402755473
149007,6,0,7,1,NATIVE,0.2481386625040238,0.6540294131923696,0.3793998519006691
149007,6,0,7,1,RETURN_ALIGNED,0.3671747727243728,0.8640762112465827,0.4249333194747539
149007,6,0,7,2,NATIVE,-0.0042899835088616,-0.2531108158565377,0.016949032754782
149007,6,0,7,2,RETURN_ALIGNED,0.0095119107599782,0.5618731619170876,0.0169289288116459
149007,6,0,7,3,NATIVE,1.5938442565309367e-05,0.0314587191484823,0.0005066462629453
149007,6,0,7,3,RETURN_ALIGNED,0.0004808963985738,0.6468813687460728,0.0007434074010083
149008,0,2,1,1,NATIVE,0.1641605262324047,0.7364949648270441,0.2228942953750429
149008,0,2,1,1,RETURN_ALIGNED,0.4836353954593665,0.8744684124128913,0.5530621673627714
149008,0,2,1,2,NATIVE,0.0081370935376467,0.2729930490312404,0.0298069623620852
149008,0,2,1,2,RETURN_ALIGNED,0.1766082059256878,0.7799503026331814,0.2264352040499245
149008,0,2,1,3,NATIVE,-0.0018338026542849,-0.531157868833376,0.0034524625565785
149008,0,2,1,3,RETURN_ALIGNED,0.0273732028675587,0.5940376755569815,0.0460799104052633
149008,0,2,3,1,NATIVE,0.0136817527215509,0.1071881364224965,0.1276424162055615
149008,0,2,3,1,RETURN_ALIGNED,0.1323347240967024,0.5932359122507312,0.2230726787840021
149008,0,2,3,2,NATIVE,-0.0007584554823762,-0.1257828732045038,0.0060298788145265
149008,0,2,3,2,RETURN_ALIGNED,0.0194607985222997,0.6183700802726158,0.0314711192263243
149008,0,2,3,3,NATIVE,-2.1316725361340637e-05,-0.1100930657286062,0.0001936245958245
149008,0,2,3,3,RETURN_ALIGNED,0.0035071362983373,0.7562649120064538,0.0046374441582747
149008,0,2,4,1,NATIVE,0.2156410052186813,0.5983531147022303,0.3603908794323923
149008,0,2,4,1,RETURN_ALIGNED,0.7611128129910101,0.8407049363657727,0.9053269227621767
149008,0,2,4,2,NATIVE,0.0031509462008105,0.1870397131837679,0.0168464020135146
149008,0,2,4,2,RETURN_ALIGNED,0.14450056762928,0.6595727087152066,0.219082090146946
149008,0,2,4,3,NATIVE,0.0006430388776826,0.5471030127094088,0.0011753524704718
149008,0,2,4,3,RETURN_ALIGNED,0.0287961674598348,0.692196438934627,0.0416011493847663
149008,0,2,5,1,NATIVE,0.1683545701711641,0.7236897919523857,0.2326336118642263
149008,0,2,5,1,RETURN_ALIGNED,0.4626459231967946,0.8390357063167319,0.5514019483482384
149008,0,2,5,2,NATIVE,0.0048384761017335,0.1835777928937264,0.0263565435962473
149008,0,2,5,2,RETURN_ALIGNED,0.1634037560632427,0.8432010000388889,0.1937898034461548
149008,0,2,5,3,NATIVE,-0.002490791548844,-0.8631269170950104,0.0028857767022438
149008,0,2,5,3,RETURN_ALIGNED,0.0210668624880929,0.8759730606439777,0.024049669372476
149008,0,2,6,1,NATIVE,0.1613007043180036,0.7738231009768444,0.2084464835882617
149008,0,2,6,1,RETURN_ALIGNED,0.4062754285468393,0.8679456424351246,0.4680885630198821
149008,0,2,6,2,NATIVE,0.0051954976926991,0.3220739562121252,0.0161313809839666
149008,0,2,6,2,RETURN_ALIGNED,0.0821506109754092,0.5299873026219379,0.1550048662844484
149008,0,2,6,3,NATIVE,0.0006802430644719,0.4575404013944826,0.0014867387935531
149008,0,2,6,3,RETURN_ALIGNED,0.023079772658286,0.6572285908845714,0.0351168116820394
149008,0,2,7,1,NATIVE,0.0885087862044999,0.638850454089983,0.1385438260829388
149008,0,2,7,1,RETURN_ALIGNED,0.2313765161362662,0.7863644862924604,0.2942357140606695
149008,0,2,7,2,NATIVE,0.0031606133348029,0.5742911106782813,0.0055035038432483
149008,0,2,7,2,RETURN_ALIGNED,0.0269869558928526,0.6169883171410158,0.0437398166919283
149008,0,2,7,3,NATIVE,0.000125708620157,0.5295696232205261,0.0002373788348282
149008,0,2,7,3,RETURN_ALIGNED,0.0055049469630527,0.7333320956840328,0.007506758527823
149008,2,4,0,1,NATIVE,0.1569710533789286,0.5972375676099623,0.2628284988954563
149008,2,4,0,1,RETURN_ALIGNED,0.6310547547098803,0.886287112071258,0.7120206828181006
149008,2,4,0,2,NATIVE,0.0020260819851264,0.1505370281033841,0.0134590273943506
149008,2,4,0,2,RETURN_ALIGNED,0.0986350402542297,0.8585784544058868,0.1148818022953825
149008,2,4,0,3,NATIVE,0.0004111644507051,0.3379384894272037,0.0012166842886588
149008,2,4,0,3,RETURN_ALIGNED,0.0124112890164972,0.7812007990378051,0.0158874504885146
149008,2,4,1,1,NATIVE,0.1557110879705971,0.6985906851199453,0.2228931637470216
149008,2,4,1,1,RETURN_ALIGNED,0.5080650913043468,0.905332498138968,0.5611917084040735
149008,2,4,1,2,NATIVE,0.0055191933485129,0.388530437517067,0.0142053049531022
149008,2,4,1,2,RETURN_ALIGNED,0.0798908566296796,0.6252497988777125,0.1277743020038535
149008,2,4,1,3,NATIVE,0.0004345794019214,0.4909280398406064,0.0008852201679771
149008,2,4,1,3,RETURN_ALIGNED,0.0165929307266224,0.7017771901011121,0.0236441579473267
149008,2,4,3,1,NATIVE,0.1040963008565426,0.5218569549710604,0.1994728629461123
149008,2,4,3,1,RETURN_ALIGNED,0.3531714031397672,0.819509436612691,0.4309546508694279
149008,2,4,3,2,NATIVE,0.0116125786504309,0.5451443063938237,0.0213018434086351
149008,2,4,3,2,RETURN_ALIGNED,0.1013036212728472,0.6866910654595075,0.1475243036757506
149008,2,4,3,3,NATIVE,-3.0851303666839605e-05,-0.0273128718407229,0.0011295518021254
149008,2,4,3,3,RETURN_ALIGNED,0.0210081451728569,0.7831694234574184,0.0268245216705397
149008,2,4,5,1,NATIVE,0.1436521267595019,0.6814088875619395,0.2108163385914681
149008,2,4,5,1,RETURN_ALIGNED,0.3864452460762919,0.7659748695437651,0.5045142620755454
149008,2,4,5,2,NATIVE,-0.0018407747466324,-0.1103543400543282,0.0166805831625538
149008,2,4,5,2,RETURN_ALIGNED,0.1222229245841649,0.5987594159738684,0.2041269353323457
149008,2,4,5,3,NATIVE,-0.0005615177594544,-0.7003231734987063,0.000801798056492
149008,2,4,5,3,RETURN_ALIGNED,0.0195377361557779,0.7341678598518224,0.0266120831817587
149008,2,4,6,1,NATIVE,0.1421673078266095,0.7358945647855177,0.1931897783047642
149008,2,4,6,1,RETURN_ALIGNED,0.359241952726625,0.8078995693825493,0.4446616464979298
149008,2,4,6,2,NATIVE,-0.0026335120449939,-0.123055625470988,0.0214009886577171
149008,2,4,6,2,RETURN_ALIGNED,0.088663073594625,0.6903306668433864,0.1284356582330909
149008,2,4,6,3,NATIVE,-0.0007490774149954,-0.629106503004436,0.0011907004796912
149008,2,4,6,3,RETURN_ALIGNED,0.0116043754149489,0.7749776751789428,0.0149738189711832
149008,2,4,7,1,NATIVE,0.0996099400819193,0.7091005958832687,0.1404736375348252
149008,2,4,7,1,RETURN_ALIGNED,0.2560765488606065,0.8490970360616024,0.30158690701394
149008,2,4,7,2,NATIVE,0.0128836263630208,0.7951693574172102,0.0162023677625985
149008,2,4,7,2,RETURN_ALIGNED,0.0702635976196058,0.9020822658295788,0.0778904544302864
149008,2,4,7,3,NATIVE,-0.0003076335748222,-0.1627830208204007,0.0018898382174242
149008,2,4,7,3,RETURN_ALIGNED,0.0063245400099332,0.7860458785769475,0.0080460189129529
149008,4,6,0,1,NATIVE,0.141109179808372,0.5905607273716041,0.2389410153234848
149008,4,6,0,1,RETURN_ALIGNED,0.5218917491460319,0.7999643996762554,0.6523937182169882
149008,4,6,0,2,NATIVE,-0.0024387835415205,-0.1515385607288897,0.0160934849173872
149008,4,6,0,2,RETURN_ALIGNED,0.1520752907927398,0.6857205481833702,0.2217744403248832
149008,4,6,0,3,NATIVE,-0.0006098634317651,-0.6854068366381517,0.0008897831172107
149008,4,6,0,3,RETURN_ALIGNED,0.021936107881086,0.6986828914368467,0.0313963718731847
149008,4,6,1,1,NATIVE,0.1566126319729716,0.7266796415047555,0.2155181224681842
149008,4,6,1,1,RETURN_ALIGNED,0.4731576129756118,0.8778589384492793,0.5389904826980794
149008,4,6,1,2,NATIVE,0.0088944428271618,0.2957519030064593,0.0300740003248515
149008,4,6,1,2,RETURN_ALIGNED,0.1594026831571399,0.7971381398499323,0.1999687070386454
149008,4,6,1,3,NATIVE,-0.0021218551469163,-0.4957798155050207,0.0042798336677009
149008,4,6,1,3,RETURN_ALIGNED,0.0201401371736716,0.7633259223627283,0.0263847153391567
149008,4,6,2,1,NATIVE,0.123637436880912,0.7563270730862492,0.1634708597384819
149008,4,6,2,1,RETURN_ALIGNED,0.3237540572229916,0.8538100487654656,0.3791874523977547
149008,4,6,2,2,NATIVE,0.005451337621249,0.3761962739385517,0.0144906741476986
149008,4,6,2,2,RETURN_ALIGNED,0.088316900097568,0.7308468157940555,0.1208418757377566
149008,4,6,2,3,NATIVE,-0.0010374386471736,-0.7737661457823701,0.001340765104105
149008,4,6,2,3,RETURN_ALIGNED,0.0192550929792945,0.9100095958191424,0.0211592197132436
149008,4,6,3,1,NATIVE,0.0171442062570608,0.1551326465491666,0.1105132068485047
149008,4,6,3,1,RETURN_ALIGNED,0.1223453670713847,0.6063554431418342,0.2017716975333669
149008,4,6,3,2,NATIVE,-0.0012420288819613,-0.2182421306524977,0.0056910591837973
149008,4,6,3,2,RETURN_ALIGNED,0.0197362088155417,0.6305817371509229,0.0312984148647518
149008,4,6,3,3,NATIVE,-3.7439426557453617e-05,-0.2187470597977462,0.0001711539646705
149008,4,6,3,3,RETURN_ALIGNED,0.0034825633033956,0.7577261958063225,0.0045960708797255
149008,4,6,5,1,NATIVE,0.1790724917173925,0.7479320445407289,0.2394234784088467
149008,4,6,5,1,RETURN_ALIGNED,0.4684380045709717,0.8315763626502106,0.5633132753774585
149008,4,6,5,2,NATIVE,0.0048464819433166,0.191308776827265,0.0253332963791178
149008,4,6,5,2,RETURN_ALIGNED,0.156854181248279,0.8131633942097233,0.1928938050643914
149008,4,6,5,3,NATIVE,-0.0022982215756298,-0.8888539937795487,0.0025856007751428
149008,4,6,5,3,RETURN_ALIGNED,0.0216817684268392,0.9339062162574928,0.0232162159851464
149008,4,6,7,1,NATIVE,0.0945668062384783,0.6415502318254154,0.1474035882885606
149008,4,6,7,1,RETURN_ALIGNED,0.2390901496905848,0.7712958239349953,0.3099850177727412
149008,4,6,7,2,NATIVE,0.0038473376556896,0.6357583591297354,0.006051572268606
149008,4,6,7,2,RETURN_ALIGNED,0.0268186453955676,0.6564353180736591,0.040854970256967
149008,4,6,7,3,NATIVE,0.0001263776749952,0.5177288282269868,0.0002441001313235
149008,4,6,7,3,RETURN_ALIGNED,0.0052230882069855,0.7451487606754722,0.0070094570139264
149008,6,0,1,1,NATIVE,0.1523335570704974,0.6929932876736855,0.2198196718208555
149008,6,0,1,1,RETURN_ALIGNED,0.4986642384535488,0.9023810355238182,0.5526093953914614
149008,6,0,1,2,NATIVE,0.0055043432891415,0.3796336575299899,0.0144990919006848
149008,6,0,1,2,RETURN_ALIGNED,0.0860056888612331,0.623862082270332,0.1378600997005843
149008,6,0,1,3,NATIVE,0.0005155838108993,0.5192487526192172,0.0009929418381103
149008,6,0,1,3,RETURN_ALIGNED,0.0197938464727917,0.7125806495307943,0.0277776929331093
149008,6,0,2,1,NATIVE,0.1326403399176032,0.7551362065828795,0.1756508809421411
149008,6,0,2,1,RETURN_ALIGNED,0.3714275884246456,0.894550327884989,0.415211505542466
149008,6,0,2,2,NATIVE,0.0071958191391455,0.5693824218030629,0.0126379369358239
149008,6,0,2,2,RETURN_ALIGNED,0.0676481493347337,0.8957683458231496,0.0755196917262382
149008,6,0,2,3,NATIVE,0.0004275018516074,0.3698414223086529,0.0011559058173797
149008,6,0,2,3,RETURN_ALIGNED,0.0070228826215854,0.7907234717242032,0.0088815911916202
149008,6,0,3,1,NATIVE,0.0950515297878503,0.5039117945577337,0.1886273169516671
149008,6,0,3,1,RETURN_ALIGNED,0.3321092675963111,0.8151529984586158,0.4074195497337913
149008,6,0,3,2,NATIVE,0.0181348243498787,0.6437909247346972,0.0281688101708652
149008,6,0,3,2,RETURN_ALIGNED,0.0889381269139111,0.6165951018951481,0.1442407288664032
149008,6,0,3,3,NATIVE,-0.0001783612809154,-0.1071477521962746,0.0016646292308138
149008,6,0,3,3,RETURN_ALIGNED,0.0158896351846053,0.6859836243236616,0.0231632864363961
149008,6,0,4,1,NATIVE,0.2016389348130884,0.6047799154482308,0.3334087817112957
149008,6,0,4,1,RETURN_ALIGNED,0.5924634110602958,0.7106373918246616,0.8337070605573514
149008,6,0,4,2,NATIVE,-0.0020723899170699,-0.0837456945052513,0.0247462264094248
149008,6,0,4,2,RETURN_ALIGNED,0.1158039925513822,0.5883005966258862,0.196844934741513
149008,6,0,4,3,NATIVE,-0.0007761294598803,-0.589399162371564,0.0013168146636222
149008,6,0,4,3,RETURN_ALIGNED,0.0162422438841603,0.7523849139591691,0.0215876788365043
149008,6,0,5,1,NATIVE,0.1485825850013749,0.6870419358604882,0.2162642151024927
149008,6,0,5,1,RETURN_ALIGNED,0.3946341677941351,0.763606694280867,0.5168029179809347
149008,6,0,5,2,NATIVE,-0.0020406581480934,-0.127215186859423,0.016040994777928
149008,6,0,5,2,RETURN_ALIGNED,0.123967121883127,0.624851811331005,0.1983944347044921
149008,6,0,5,3,NATIVE,-0.000591106265969,-0.7369328223012904,0.0008021168932246
149008,6,0,5,3,RETURN_ALIGNED,0.0196165513804791,0.7479434679691912,0.0262273182673987
149008,6,0,7,1,NATIVE,0.1062492655142419,0.6909564337476113,0.1537712948671362
149008,6,0,7,1,RETURN_ALIGNED,0.2808365499792,0.8436554576462099,0.3328806178325915
149008,6,0,7,2,NATIVE,0.0112564150167033,0.7418056119796517,0.0151743459937332
149008,6,0,7,2,RETURN_ALIGNED,0.0719980607403713,0.8033291012300939,0.0896246141583712
149008,6,0,7,3,NATIVE,-0.0002536570624214,-0.1914456196912502,0.0013249562058405
149008,6,0,7,3,RETURN_ALIGNED,0.0142372137925271,0.7096252668533161,0.0200630029053629
149009,0,2,1,1,NATIVE,0.2065246769608064,0.8927702194184364,0.2313301591702928
149009,0,2,1,1,RETURN_ALIGNED,0.3298962051427754,0.7442221117196104,0.4432765433162988
149009,0,2,1,2,NATIVE,0.0019595277638978,0.325111659281104,0.0060272454332959
149009,0,2,1,2,RETURN_ALIGNED,0.0138229690652414,0.6142780973679668,0.022502786806377
149009,0,2,1,3,NATIVE,-3.859853944699289e-05,-0.1231068915079983,0.000313536787438
149009,0,2,1,3,RETURN_ALIGNED,0.0007563455379993,0.6525710541509372,0.0011590240361978
149009,0,2,3,1,NATIVE,0.1201941039976633,0.9144087072617422,0.1314446188482793
149009,0,2,3,1,RETURN_ALIGNED,0.1298019304850237,0.8984122850437342,0.1444792470514939
149009,0,2,3,2,NATIVE,0.001246362450766,0.1390789191644943,0.0089615482936767
149009,0,2,3,2,RETURN_ALIGNED,0.0091700323599586,0.5168617338395654,0.0177417513416728
149009,0,2,3,3,NATIVE,-0.0001208314350195,-0.3545657609597779,0.0003407870929544
149009,0,2,3,3,RETURN_ALIGNED,0.0003570117784027,0.4055394722411394,0.0008803379270019
149009,0,2,4,1,NATIVE,0.1543400259871322,0.9413123351342196,0.1639626086117374
149009,0,2,4,1,RETURN_ALIGNED,0.279290671722929,0.8720650276572839,0.3202635845552982
149009,0,2,4,2,NATIVE,0.0007606114234162,0.0722466012505707,0.0105279890017817
149009,0,2,4,2,RETURN_ALIGNED,0.0199085283173198,0.4814311973500551,0.0413528006217331
149009,0,2,4,3,NATIVE,-8.874905442737248e-05,-0.150276772454583,0.0005905706707764
149009,0,2,4,3,RETURN_ALIGNED,0.0012837050550375,0.3703965314912314,0.0034657588438594
149009,0,2,5,1,NATIVE,0.2400762506241715,0.8736026292734786,0.2748117308478425
149009,0,2,5,1,RETURN_ALIGNED,0.3830963736736424,0.7141554238630925,0.5364327720164754
149009,0,2,5,2,NATIVE,0.0011421524722565,0.2017515752841066,0.0056611824245078
149009,0,2,5,2,RETURN_ALIGNED,0.0153353139607132,0.6497276907292634,0.0236026787515445
149009,0,2,5,3,NATIVE,9.81965824223217e-05,0.3321219310399531,0.0002956642506105
149009,0,2,5,3,RETURN_ALIGNED,0.0010001070651414,0.5066598192315632,0.0019739221985079
149009,0,2,6,1,NATIVE,0.1781599459584523,0.9099646971960608,0.1957877558405598
149009,0,2,6,1,RETURN_ALIGNED,0.2466679405827408,0.7561713830610692,0.3262063946191517
149009,0,2,6,2,NATIVE,-0.0007859267587352,-0.1655139297037758,0.0047484025064884
149009,0,2,6,2,RETURN_ALIGNED,0.0124606341089593,0.5039832394768692,0.0247243025813343
149009,0,2,6,3,NATIVE,-2.638900031550101e-06,-0.0096970970104765,0.0002721329920264
149009,0,2,6,3,RETURN_ALIGNED,0.0004842711520529,0.3674188359560342,0.0013180357247759
149009,0,2,7,1,NATIVE,0.1440275588463954,0.8205574735706183,0.1755240351654127
149009,0,2,7,1,RETURN_ALIGNED,0.1664841522386921,0.83622858426974,0.1990892865542693
149009,0,2,7,2,NATIVE,-0.0027606029788005,-0.2946510424470035,0.0093690589240257
149009,0,2,7,2,RETURN_ALIGNED,0.0097864368270788,0.5058612083804778,0.0193460907157896
149009,0,2,7,3,NATIVE,0.0001045526089587,0.2675718061937209,0.0003907459846717
149009,0,2,7,3,RETURN_ALIGNED,0.0002768138830625,0.3777334626088809,0.0007328285957027
149009,2,4,0,1,NATIVE,0.1249175291723853,0.7920395618655587,0.157716274775545
149009,2,4,0,1,RETURN_ALIGNED,0.2619798079296186,0.884359867677114,0.2962366537704301
149009,2,4,0,2,NATIVE,0.0013101996663596,0.1058446328065334,0.0123785177534239
149009,2,4,0,2,RETURN_ALIGNED,0.0286079423384218,0.6277167879530264,0.0455746012965035
149009,2,4,0,3,NATIVE,-0.0001300311467355,-0.3296567357934052,0.0003944440762403
149009,2,4,0,3,RETURN_ALIGNED,0.0006507134722357,0.4787973676367427,0.0013590581654389
149009,2,4,1,1,NATIVE,0.1344474420167744,0.7777523915521267,0.1728666391476238
149009,2,4,1,1,RETURN_ALIGNED,0.2443707514153712,0.6891573213116272,0.3545935650080355
149009,2,4,1,2,NATIVE,0.0010244262577838,0.2721348267144161,0.0037644070408084
149009,2,4,1,2,RETURN_ALIGNED,0.0058479164861131,0.4415315796805491,0.0132446165917786
149009,2,4,1,3,NATIVE,-5.862772942199705e-05,-0.3737554633960658,0.0001568611968567
149009,2,4,1,3,RETURN_ALIGNED,0.000286743293829,0.3849068298599743,0.000744968058448
149009,2,4,3,1,NATIVE,0.148085583730091,0.970738079946203,0.1525494742496935
149009,2,4,3,1,RETURN_ALIGNED,0.1629043817284159,0.959531345946486,0.169774945254748
149009,2,4,3,2,NATIVE,-0.0012559805882275,-0.0736861352231583,0.0170450056084573
149009,2,4,3,2,RETURN_ALIGNED,0.0323960072614851,0.902036039231808,0.0359143158937135
149009,2,4,3,3,NATIVE,-0.0005209055216969,-0.4222981528338222,0.0012335017732253
149009,2,4,3,3,RETURN_ALIGNED,0.0023016504625633,0.5653499983898006,0.0040711956616627
149009,2,4,5,1,NATIVE,0.1765953328709793,0.6982901678349955,0.2528967770207903
149009,2,4,5,1,RETURN_ALIGNED,0.2260083129125063,0.6299004802552096,0.358800032698465
149009,2,4,5,2,NATIVE,0.0003465547288748,0.1131155822615998,0.0030637222734529
149009,2,4,5,2,RETURN_ALIGNED,0.0028725499360854,0.3883361952567783,0.0073970697840807
149009,2,4,5,3,NATIVE,4.407668566712361e-05,0.4455802516906519,9.891974653897698e-05
149009,2,4,5,3,RETURN_ALIGNED,0.0002079027574152,0.4060670810054383,0.0005119911636345
149009,2,4,6,1,NATIVE,0.1507371085178297,0.8529771724241787,0.1767188072445325
149009,2,4,6,1,RETURN_ALIGNED,0.2505684395512567,0.7855820758450676,0.3189589570021042
149009,2,4,6,2,NATIVE,0.0003669846685158,0.0572204053210391,0.0064135279437173
149009,2,4,6,2,RETURN_ALIGNED,0.0227089043404691,0.6318063255670016,0.0359428252315713
149009,2,4,6,3,NATIVE,-3.5882288322101416e-05,-0.2011566461160885,0.0001783798296074
149009,2,4,6,3,RETURN_ALIGNED,0.0005484634082573,0.417774672929196,0.0013128211058848
149009,2,4,7,1,NATIVE,0.1672207472850813,0.9600872790522388,0.1741724434157711
149009,2,4,7,1,RETURN_ALIGNED,0.1889328973153584,0.9572472821035328,0.1973710459642495
149009,2,4,7,2,NATIVE,-0.0039164525230667,-0.2292581945518428,0.0170831517299303
149009,2,4,7,2,RETURN_ALIGNED,0.031543427463197,0.8865662869376192,0.0355793220734411
149009,2,4,7,3,NATIVE,7.577887525187895e-05,0.0615473219412954,0.0012312294458866
149009,2,4,7,3,RETURN_ALIGNED,0.0019534700735823,0.4407467990312929,0.0044321820980148
149009,4,6,0,1,NATIVE,0.1464091838889193,0.7537023832612031,0.1942533115727686
149009,4,6,0,1,RETURN_ALIGNED,0.3415970950829902,0.9076759394070204,0.3763425692500097
149009,4,6,0,2,NATIVE,-0.0013031448329127,-0.1862805601577233,0.0069956029323179
149009,4,6,0,2,RETURN_ALIGNED,0.0115426475286906,0.4061467864654806,0.0284198913133274
149009,4,6,0,3,NATIVE,2.9763880807607863e-05,0.0544945878848105,0.0005461804909921
149009,4,6,0,3,RETURN_ALIGNED,0.0012589087199817,0.3576661555443327,0.0035197870981174
149009,4,6,1,1,NATIVE,0.2226939452028947,0.9186365940321666,0.2424178904360273
149009,4,6,1,1,RETURN_ALIGNED,0.3396339539457527,0.7529604832325714,0.4510647789741679
149009,4,6,1,2,NATIVE,0.0034154607420595,0.3802523775208695,0.0089820891160759
149009,4,6,1,2,RETURN_ALIGNED,0.0272288832205898,0.8881060255987424,0.0306594960899357
149009,4,6,1,3,NATIVE,-1.7738460752198935e-05,-0.0393381138292717,0.0004509230078108
149009,4,6,1,3,RETURN_ALIGNED,0.0006608458974459,0.5239394482342667,0.0012613020412454
149009,4,6,2,1,NATIVE,0.1445321560568044,0.753719861309311,0.1917584549324578
149009,4,6,2,1,RETURN_ALIGNED,0.2491904501132492,0.7628094524247316,0.3266745703280934
149009,4,6,2,2,NATIVE,0.0010788763722439,0.2584302960102567,0.0041747286940932
149009,4,6,2,2,RETURN_ALIGNED,0.0056199464568459,0.3018710661911328,0.0186170424601424
149009,4,6,2,3,NATIVE,-1.9607323131392754e-05,-0.0735908461162359,0.0002664369839501
149009,4,6,2,3,RETURN_ALIGNED,0.0006468590825576,0.4058034137672886,0.0015940208001208
149009,4,6,3,1,NATIVE,0.1148155746522769,0.9011440940752192,0.1274108940036053
149009,4,6,3,1,RETURN_ALIGNED,0.1239592195018763,0.8823114784622073,0.140493717386342
149009,4,6,3,2,NATIVE,0.001478187004221,0.2019056569271666,0.0073211767648369
149009,4,6,3,2,RETURN_ALIGNED,0.005259669577397,0.380648965410246,0.0138176379164975
149009,4,6,3,3,NATIVE,-0.0001159074232535,-0.3509280976529836,0.000330288238411
149009,4,6,3,3,RETURN_ALIGNED,0.0003047523824821,0.3957551198406297,0.0007700529118236
149009,4,6,5,1,NATIVE,0.2485323062987849,0.8843212121347582,0.2810430224765486
149009,4,6,5,1,RETURN_ALIGNED,0.4152318810701217,0.7285009949337644,0.5699812134199171
149009,4,6,5,2,NATIVE,0.0027603711067286,0.3566654277254855,0.00773938512602
149009,4,6,5,2,RETURN_ALIGNED,0.0300132442997479,0.92053999985978,0.0326039545302223
149009,4,6,5,3,NATIVE,7.684430266735712e-05,0.2566112295543402,0.0002994580649767
149009,4,6,5,3,RETURN_ALIGNED,0.0007969002108921,0.7115164332255945,0.0011200025361792
149009,4,6,7,1,NATIVE,0.1308555081751934,0.7682911412888077,0.1703202095439338
149009,4,6,7,1,RETURN_ALIGNED,0.1506928883431481,0.7878793137182841,0.191263922937434
149009,4,6,7,2,NATIVE,-0.002085988554555,-0.3149718484965909,0.0066227777639813
149009,4,6,7,2,RETURN_ALIGNED,0.00578428982943,0.4312297080960264,0.0134134771347238
149009,4,6,7,3,NATIVE,8.505393898770813e-05,0.2703128688657327,0.0003146499805594
149009,4,6,7,3,RETURN_ALIGNED,0.000222647830039,0.361298393847937,0.0006162436195618
149009,6,0,1,1,NATIVE,0.1237994935812746,0.7676713808472277,0.1612662614106163
149009,6,0,1,1,RETURN_ALIGNED,0.2196703591178849,0.674418190748146,0.3257183185911931
149009,6,0,1,2,NATIVE,0.0011735577558686,0.3277244163901602,0.0035809286617507
149009,6,0,1,2,RETURN_ALIGNED,0.0065231088478895,0.4853455171408515,0.013440134125945
149009,6,0,1,3,NATIVE,-4.4929902180374464e-05,-0.3613277738796474,0.0001243466607299
149009,6,0,1,3,RETURN_ALIGNED,0.0002292811924745,0.4176635321458933,0.0005489614839397
149009,6,0,2,1,NATIVE,0.1331271896022947,0.6953587367704049,0.1914510921662635
149009,6,0,2,1,RETURN_ALIGNED,0.1745579761154794,0.5982732818430843,0.2917696333981946
149009,6,0,2,2,NATIVE,0.0003772998040971,0.0744201690579388,0.0050698595398137
149009,6,0,2,2,RETURN_ALIGNED,0.0126102336365797,0.5696315114237435,0.0221375281798026
149009,6,0,2,3,NATIVE,5.215024398437642e-05,0.345734622467603,0.0001508389397002
149009,6,0,2,3,RETURN_ALIGNED,0.0003267973614499,0.3590420119818811,0.0009101925413353
149009,6,0,3,1,NATIVE,0.1509677350953552,0.9652596782785312,0.156401161772807
149009,6,0,3,1,RETURN_ALIGNED,0.1671527035623485,0.9552008202591996,0.174992211079601
149009,6,0,3,2,NATIVE,-0.0016491401702404,-0.1038796192968209,0.0158754930110573
149009,6,0,3,2,RETURN_ALIGNED,0.0288447960757472,0.8593182140899963,0.0335670716644366
149009,6,0,3,3,NATIVE,-0.0001102062937414,-0.0845359775429477,0.0013036614307853
149009,6,0,3,3,RETURN_ALIGNED,0.0033934526743855,0.720064727611307,0.0047127050411889
149009,6,0,4,1,NATIVE,0.1593997502431194,0.8455592338137847,0.1885139962626019
149009,6,0,4,1,RETURN_ALIGNED,0.3000844852960328,0.7756231627427757,0.3868946928232111
149009,6,0,4,2,NATIVE,-0.0023891851321914,-0.2081649645552979,0.0114773642969208
149009,6,0,4,2,RETURN_ALIGNED,0.0260418436206737,0.5010245625971745,0.0519771794926951
149009,6,0,4,3,NATIVE,9.466503898371784e-05,0.3063322252071926,0.0003090273602261
149009,6,0,4,3,RETURN_ALIGNED,0.0005633144997896,0.3514099328972157,0.0016030124563031
149009,6,0,5,1,NATIVE,0.147045392230069,0.5906218874815163,0.2489670554826885
149009,6,0,5,1,RETURN_ALIGNED,0.1892448001478162,0.513802139988001,0.3683223276417477
149009,6,0,5,2,NATIVE,5.5530512312085656e-05,0.0182140487919626,0.0030487736660112
149009,6,0,5,2,RETURN_ALIGNED,0.0027944788335729,0.3463080943726639,0.0080693431049164
149009,6,0,5,3,NATIVE,3.642509131228912e-05,0.4162417762977617,8.750945560243786e-05
149009,6,0,5,3,RETURN_ALIGNED,0.0002007161734132,0.3831601461801257,0.0005238440776013
149009,6,0,7,1,NATIVE,0.165479808021913,0.972773592214156,0.1701113284182673
149009,6,0,7,1,RETURN_ALIGNED,0.1846865027212119,0.9635442614863484,0.1916741244830511
149009,6,0,7,2,NATIVE,-0.0034151269374661,-0.196462418307642,0.0173831054646136
149009,6,0,7,2,RETURN_ALIGNED,0.032270158417289,0.8871521717522504,0.0363749979360396
149009,6,0,7,3,NATIVE,-0.0007971599115379,-0.4187517075877101,0.0019036576911046
149009,6,0,7,3,RETURN_ALIGNED,0.0031519001489597,0.5344010665500154,0.0058980049681477
149010,0,2,1,1,NATIVE,0.1768711841026949,0.8032864018974908,0.2201844618366769
149010,0,2,1,1,RETURN_ALIGNED,0.2205171068665902,0.8899613728073715,0.247782784291844
149010,0,2,1,2,NATIVE,0.0097610438753609,0.6672785280908055,0.0146281402187857
149010,0,2,1,2,RETURN_ALIGNED,0.0166988454060232,0.862820289304672,0.0193537931492046
149010,0,2,1,3,NATIVE,0.0001890075909378,0.3290433440039424,0.000574415479401
149010,0,2,1,3,RETURN_ALIGNED,0.0003256348752192,0.4508558165404208,0.0007222594502451
149010,0,2,3,1,NATIVE,0.0232301452839728,0.2019332861728442,0.1150387126571505
149010,0,2,3,1,RETURN_ALIGNED,0.1723632529300678,0.8195451119585125,0.2103157598220374
149010,0,2,3,2,NATIVE,0.0018430339896953,0.5628554777346922,0.0032744355567927
149010,0,2,3,2,RETURN_ALIGNED,0.0067763621359116,0.5453742264362132,0.0124251602062852
149010,0,2,3,3,NATIVE,1.5490410261921616e-05,0.1190190631681208,0.0001301506651763
149010,0,2,3,3,RETURN_ALIGNED,0.0002528104984222,0.3299334845306354,0.0007662468655497
149010,0,2,4,1,NATIVE,0.2642513933500728,0.879570236399968,0.3004323957473393
149010,0,2,4,1,RETURN_ALIGNED,0.32238359062363,0.7896603716330267,0.4082560075246627
149010,0,2,4,2,NATIVE,0.0062218702877095,0.6444493464773238,0.0096545528688855
149010,0,2,4,2,RETURN_ALIGNED,0.0196139884834752,0.7434442987612888,0.0263825931750622
149010,0,2,4,3,NATIVE,3.3729379470366054e-05,0.2340187226873085,0.0001441311149692
149010,0,2,4,3,RETURN_ALIGNED,0.000294153879933,0.5318104720263356,0.0005531178780821
149010,0,2,5,1,NATIVE,0.2650596716457033,0.8168701915795631,0.3244819977247523
149010,0,2,5,1,RETURN_ALIGNED,0.3210253646689835,0.9333683418936286,0.3439428468481151
149010,0,2,5,2,NATIVE,0.0178528207467967,0.7414149275072577,0.0240793920965335
149010,0,2,5,2,RETURN_ALIGNED,0.0181882368068264,0.8150213215377698,0.0223162711513714
149010,0,2,5,3,NATIVE,0.0003420191479038,0.3964617801460988,0.0008626787361424
149010,0,2,5,3,RETURN_ALIGNED,0.0005973345776748,0.6600716598721986,0.0009049541333037
149010,0,2,6,1,NATIVE,0.3100639412856698,0.8288941413177657,0.3740694086611356
149010,0,2,6,1,RETURN_ALIGNED,0.3860159672118588,0.8144590985873168,0.4739537785030497
149010,0,2,6,2,NATIVE,0.0111245022327879,0.4566850819739735,0.0243592415675833
149010,0,2,6,2,RETURN_ALIGNED,0.0214736389140745,0.7193134937666599,0.029852962719461
149010,0,2,6,3,NATIVE,0.0001570087155942,0.4093226553305262,0.0003835817867704
149010,0,2,6,3,RETURN_ALIGNED,0.000226684639366,0.5647647363152846,0.0004013788833759
149010,0,2,7,1,NATIVE,0.0724669754619219,0.556818539932322,0.1301446885563044
149010,0,2,7,1,RETURN_ALIGNED,0.1819874895451062,0.8006924154554652,0.2272876400877545
149010,0,2,7,2,NATIVE,-0.0024334352685783,-0.4514359628396007,0.0053904329048244
149010,0,2,7,2,RETURN_ALIGNED,0.0084777929009614,0.4745948240001349,0.0178632224208364
149010,0,2,7,3,NATIVE,-4.11213444556329e-05,-0.1882883840652863,0.0002183955458862
149010,0,2,7,3,RETURN_ALIGNED,0.0004013096063448,0.3457151627091158,0.0011608099660376
149010,2,4,0,1,NATIVE,0.0866733949374886,0.8262129410589149,0.1049044267284679
149010,2,4,0,1,RETURN_ALIGNED,0.136043610378665,0.8355248770056511,0.1628241290267243
149010,2,4,0,2,NATIVE,-0.0002259939576323,-0.0993283905179572,0.0022752201706307
149010,2,4,0,2,RETURN_ALIGNED,0.0059175915849671,0.6026486836153255,0.0098193055851528
149010,2,4,0,3,NATIVE,-4.9193383796705776e-05,-0.3196769685146055,0.000153884666511
149010,2,4,0,3,RETURN_ALIGNED,0.0006675350350718,0.5904045386338898,0.0011306400801416
149010,2,4,1,1,NATIVE,0.0970524232552023,0.786738821956186,0.1233604095115611
149010,2,4,1,1,RETURN_ALIGNED,0.1377488513460637,0.8253079098462964,0.1669060113233055
149010,2,4,1,2,NATIVE,-0.0016967001860106,-0.3556041114393047,0.004771317685556
149010,2,4,1,2,RETURN_ALIGNED,0.0065005984342638,0.489189972321042,0.0132884948629685
149010,2,4,1,3,NATIVE,-4.011503274575905e-05,-0.1652215993193611,0.0002427953298957
149010,2,4,1,3,RETURN_ALIGNED,0.0003093728179308,0.3389741988713938,0.0009126736456432
149010,2,4,3,1,NATIVE,0.2636897647127307,0.7562322872278459,0.3486888475482819
149010,2,4,3,1,RETURN_ALIGNED,0.4711073731065635,0.8117589914049477,0.5803537479651143
149010,2,4,3,2,NATIVE,0.0120103371060219,0.3597367128473216,0.03338646480712
149010,2,4,3,2,RETURN_ALIGNED,0.0549720145035872,0.7517744844863558,0.0731230117974828
149010,2,4,3,3,NATIVE,1.1466594953724526e-05,0.0149617587061442,0.0007663935189735
149010,2,4,3,3,RETURN_ALIGNED,0.0003834094309062,0.407754717362835,0.0009402942829302
149010,2,4,5,1,NATIVE,-0.019802807883043,-0.0974004926518753,0.2033132209485887
149010,2,4,5,1,RETURN_ALIGNED,0.1984285205322899,0.740253055875534,0.2680549833023269
149010,2,4,5,2,NATIVE,0.0034807164485446,0.6401144079494362,0.0054376474037418
149010,2,4,5,2,RETURN_ALIGNED,0.0101097193966308,0.6493568564065889,0.0155688190504603
149010,2,4,5,3,NATIVE,0.0001054564459101,0.3722503697103405,0.0002832944019262
149010,2,4,5,3,RETURN_ALIGNED,0.0005250617900934,0.4641561621361255,0.0011312179668302
149010,2,4,6,1,NATIVE,-0.0470881649467709,-0.2425899056268254,0.1941060359666173
149010,2,4,6,1,RETURN_ALIGNED,0.2152787263785029,0.7404456762787668,0.2907420939512199
149010,2,4,6,2,NATIVE,0.0035407688213319,0.6614981105697012,0.0053526514508465
149010,2,4,6,2,RETURN_ALIGNED,0.0097238483958735,0.6809660490539654,0.0142794907460104
149010,2,4,6,3,NATIVE,0.0002212976921457,0.6946613494618114,0.0003185691735711
149010,2,4,6,3,RETURN_ALIGNED,0.0009609654331138,0.7378739750813579,0.001302343578202
149010,2,4,7,1,NATIVE,0.3482869007032775,0.8702264724695454,0.400225586925942
149010,2,4,7,1,RETURN_ALIGNED,0.4969525166033955,0.7796635873016373,0.6373935177900832
149010,2,4,7,2,NATIVE,0.0163425074156906,0.7235736818114767,0.0225858234262782
149010,2,4,7,2,RETURN_ALIGNED,0.0554923269086705,0.8404097475559218,0.0660300848096936
149010,2,4,7,3,NATIVE,2.908330675719069e-05,0.0397643759029751,0.0007313909998736
149010,2,4,7,3,RETURN_ALIGNED,0.0011840011927417,0.4253431421713125,0.0027836376662012
149010,4,6,0,1,NATIVE,0.1437491325604303,0.7533838947841994,0.1908046263736184
149010,4,6,0,1,RETURN_ALIGNED,0.1760468012445624,0.7956307319826992,0.2212669699241287
149010,4,6,0,2,NATIVE,0.0004047333224789,0.1024299383068332,0.0039513186194311
149010,4,6,0,2,RETURN_ALIGNED,0.0070564396803434,0.7274582117656069,0.0097001306271502
149010,4,6,0,3,NATIVE,9.810589507007389e-06,0.1020458954695474,9.613899151844932e-05
149010,4,6,0,3,RETURN_ALIGNED,0.0001850310859076,0.4989923264840039,0.0003708094813294
149010,4,6,1,1,NATIVE,0.2202224331833355,0.8781623103900564,0.2507764573559432
149010,4,6,1,1,RETURN_ALIGNED,0.2569701354229894,0.9151402351473986,0.2807986421680962
149010,4,6,1,2,NATIVE,-0.0025963587204829,-0.2706848686131642,0.0095918132904919
149010,4,6,1,2,RETURN_ALIGNED,0.0072022088871685,0.5716385033253804,0.0125992368339144
149010,4,6,1,3,NATIVE,9.159644565129452e-05,0.10871604885859,0.0008425291964516
149010,4,6,1,3,RETURN_ALIGNED,0.0006326506429924,0.3544536136544709,0.0017848615938221
149010,4,6,2,1,NATIVE,0.2157247586663238,0.7345881742027272,0.2936676170974825
149010,4,6,2,1,RETURN_ALIGNED,0.3283241774690019,0.9155834009407948,0.3585955983162079
149010,4,6,2,2,NATIVE,-0.0063932640705185,-0.5510160423387163,0.0116026822795607
149010,4,6,2,2,RETURN_ALIGNED,0.0089722129826635,0.6383054650687167,0.0140562998020487
149010,4,6,2,3,NATIVE,-0.0001457240042675,-0.4845198208817504,0.0003007596342944
149010,4,6,2,3,RETURN_ALIGNED,0.000415195928376,0.6436734052150853,0.0006450412970903
149010,4,6,3,1,NATIVE,0.0223302632737317,0.200918496172056,0.111140903894641
149010,4,6,3,1,RETURN_ALIGNED,0.1618386350036727,0.8059260755602281,0.2008107690163876
149010,4,6,3,2,NATIVE,0.002935111800586,0.5162109715585077,0.0056858764384235
149010,4,6,3,2,RETURN_ALIGNED,0.0094125479392829,0.4953312761060756,0.0190025310195215
149010,4,6,3,3,NATIVE,6.567657222205653e-06,0.0452941801064254,0.0001450000242675
149010,4,6,3,3,RETURN_ALIGNED,0.0002465989536358,0.3669445098278347,0.0006720333646361
149010,4,6,5,1,NATIVE,0.2304962258927373,0.7661885728874618,0.3008348519528773
149010,4,6,5,1,RETURN_ALIGNED,0.289317760969718,0.9146091267915216,0.3163294050918527
149010,4,6,5,2,NATIVE,0.0091904634591377,0.8166191119273193,0.0112542840653621
149010,4,6,5,2,RETURN_ALIGNED,0.0097608428751215,0.7963319684785957,0.0122572535841725
149010,4,6,5,3,NATIVE,0.0006361913357708,0.6637864039435046,0.0009584277877772
149010,4,6,5,3,RETURN_ALIGNED,0.0009861745367339,0.6289964916086509,0.0015678537938845
149010,4,6,7,1,NATIVE,0.0453759272254694,0.4250801865931922,0.1067467472175136
149010,4,6,7,1,RETURN_ALIGNED,0.151723078854708,0.7885719402514915,0.1924023302252746
149010,4,6,7,2,NATIVE,-0.0022148027559828,-0.3101481130289792,0.0071411131096572
149010,4,6,7,2,RETURN_ALIGNED,0.0090256341774401,0.3895580276911765,0.0231689081876046
149010,4,6,7,3,NATIVE,-2.219562591705578e-05,-0.126051618182245,0.0001760836252574
149010,4,6,7,3,RETURN_ALIGNED,0.000352044214399,0.3926056566827955,0.0008966865564741
149010,6,0,1,1,NATIVE,0.1015021727471765,0.7255410810853893,0.1398985879549014
149010,6,0,1,1,RETURN_ALIGNED,0.1633883424316733,0.8345029391086262,0.1957912126782126
149010,6,0,1,2,NATIVE,-0.0010632276084722,-0.1313738130546903,0.008093147208643
149010,6,0,1,2,RETURN_ALIGNED,0.0078039291996018,0.347554468340277,0.022453830723894
149010,6,0,1,3,NATIVE,1.1146565034871473e-06,0.0059703167976597,0.0001866997247083
149010,6,0,1,3,RETURN_ALIGNED,0.0003385356453113,0.4028452526268537,0.0008403615111269
149010,6,0,2,1,NATIVE,0.0903296919530739,0.6037760494239465,0.1496079416187436
149010,6,0,2,1,RETURN_ALIGNED,0.1789670951683221,0.826133048392637,0.2166322912713054
149010,6,0,2,2,NATIVE,-0.0036272648424808,-0.3811338105952828,0.0095170376951073
149010,6,0,2,2,RETURN_ALIGNED,0.0110137967108673,0.432267168590851,0.0254791423243784
149010,6,0,2,3,NATIVE,-0.0001080387767378,-0.3536545010651355,0.0003054924405153
149010,6,0,2,3,RETURN_ALIGNED,0.0007591898447069,0.5134160491908129,0.0014787029851261
149010,6,0,3,1,NATIVE,0.131389749366999,0.4932759223268705,0.2663615705120675
149010,6,0,3,1,RETURN_ALIGNED,0.3501359876656766,0.7835297076464615,0.446870085777766
149010,6,0,3,2,NATIVE,0.0043009249546181,0.6574327986353288,0.0065419993697872
149010,6,0,3,2,RETURN_ALIGNED,0.0113613530454826,0.6566704567734439,0.0173014530013142
149010,6,0,3,3,NATIVE,0.0004093549995365,0.7933550494107219,0.000515979570578
149010,6,0,3,3,RETURN_ALIGNED,0.001795067742077,0.7782760527578753,0.0023064666244429
149010,6,0,4,1,NATIVE,0.012188218729226,0.0697718889655575,0.1746866669358669
149010,6,0,4,1,RETURN_ALIGNED,0.198881609249415,0.7674690376407082,0.2591395867391171
149010,6,0,4,2,NATIVE,0.0019217186977603,0.5054623485593471,0.0038019027591576
149010,6,0,4,2,RETURN_ALIGNED,0.0129599217216401,0.6854078699588738,0.0189083351526943
149010,6,0,4,3,NATIVE,7.068042784918518e-05,0.4878216248067443,0.0001448899026692
149010,6,0,4,3,RETURN_ALIGNED,0.0006904540006565,0.6101257830046107,0.0011316584542907
149010,6,0,5,1,NATIVE,0.0315385324014828,0.1557239373958711,0.2025284803921387
149010,6,0,5,1,RETURN_ALIGNED,0.2040922375447169,0.8079761078804341,0.2525968720535956
149010,6,0,5,2,NATIVE,0.0063273526654178,0.6591727055140254,0.009598930010757
149010,6,0,5,2,RETURN_ALIGNED,0.0155621006336042,0.6502925090617392,0.0239309240327485
149010,6,0,5,3,NATIVE,5.474869771891694e-05,0.2081398106861088,0.000263038087293
149010,6,0,5,3,RETURN_ALIGNED,0.0003797128538255,0.4706510909925984,0.0008067820536967
149010,6,0,7,1,NATIVE,0.1901102223049162,0.7430248246347855,0.255859852863084
149010,6,0,7,1,RETURN_ALIGNED,0.3132847933845524,0.7707014280050475,0.4064930750099737
149010,6,0,7,2,NATIVE,-0.0049613002873933,-0.4340910866275155,0.0114291687618988
149010,6,0,7,2,RETURN_ALIGNED,0.0154307716655001,0.525204777004177,0.029380486128044
149010,6,0,7,3,NATIVE,-0.0004911298611097,-0.6665623678814423,0.0007368100621955
149010,6,0,7,3,RETURN_ALIGNED,0.0022894166342875,0.645380031992719,0.0035473930389387
149011,0,2,1,1,NATIVE,0.2546113420848098,0.938562683912833,0.2712779300186422
149011,0,2,1,1,RETURN_ALIGNED,0.3133083098979113,0.9778981617875414,0.3203895069451925
149011,0,2,1,2,NATIVE,0.0006817084130832,0.0540851309909511,0.0126043591002743
149011,0,2,1,2,RETURN_ALIGNED,0.0253090596099786,0.9245148962877404,0.02737550223379
149011,0,2,1,3,NATIVE,-0.0003361066995126,-0.7138939556796119,0.0004708075921009
149011,0,2,1,3,RETURN_ALIGNED,0.0017091677068363,0.8890860381587571,0.0019223872909754
149011,0,2,3,1,NATIVE,0.1370531573754417,0.6289488913652418,0.2179082581381289
149011,0,2,3,1,RETURN_ALIGNED,0.2941003802385319,0.7642686102962143,0.3848128475725485
149011,0,2,3,2,NATIVE,-0.000120342009131,-0.0352560075953869,0.0034133759698251
149011,0,2,3,2,RETURN_ALIGNED,0.0037122194201126,0.3355523006408891,0.0110630128683364
149011,0,2,3,3,NATIVE,-4.168533238705733e-05,-0.4888365914978296,8.527457422656793e-05
149011,0,2,3,3,RETURN_ALIGNED,0.0002639884256785,0.6534206289745493,0.0004040099343838
149011,0,2,4,1,NATIVE,0.1998694181530214,0.9317819599821776,0.2145023479062902
149011,0,2,4,1,RETURN_ALIGNED,0.2500437909354058,0.971380351103584,0.2574107975842964
149011,0,2,4,2,NATIVE,0.0014898424485334,0.2504166607381775,0.0059494541778184
149011,0,2,4,2,RETURN_ALIGNED,0.0052189106976018,0.3962062771322195,0.0131722059912959
149011,0,2,4,3,NATIVE,-8.113747452741302e-05,-0.2859144464329331,0.0002837823517621
149011,0,2,4,3,RETURN_ALIGNED,0.0003551764415961,0.4645721809622113,0.0007645236958067
149011,0,2,5,1,NATIVE,0.2514548032497187,0.960820329521598,0.261708454248398
149011,0,2,5,1,RETURN_ALIGNED,0.3011951121331737,0.9863179485904304,0.305373244564229
149011,0,2,5,2,NATIVE,0.0003199872193509,0.0334584513436414,0.009563718775673
149011,0,2,5,2,RETURN_ALIGNED,0.0195180202762375,0.9431182834624569,0.0206951987016121
149011,0,2,5,3,NATIVE,-0.0002722390043253,-0.6358411413376817,0.000428155686799
149011,0,2,5,3,RETURN_ALIGNED,0.0016361636244224,0.891232829205293,0.001835843076626
149011,0,2,6,1,NATIVE,0.2873971737587151,0.7498407415918913,0.3832776185888962
149011,0,2,6,1,RETURN_ALIGNED,0.4780181465873367,0.7429689238750993,0.6433891529323682
149011,0,2,6,2,NATIVE,-4.923944486438724e-05,-0.0092997570412968,0.0052947022852576
149011,0,2,6,2,RETURN_ALIGNED,0.0039389870022545,0.2842388822973922,0.0138580160822853
149011,0,2,6,3,NATIVE,-4.906809813138734e-06,-0.0429853232115922,0.0001141508158427
149011,0,2,6,3,RETURN_ALIGNED,0.0002552764219697,0.4945005202868355,0.0005162308437614
149011,0,2,7,1,NATIVE,0.1041085980643049,0.4926248107851039,0.211334459379495
149011,0,2,7,1,RETURN_ALIGNED,0.2817058774683492,0.7569776173212914,0.3721455839937287
149011,0,2,7,2,NATIVE,0.0012443691569562,0.4658701498447204,0.0026710643668471
149011,0,2,7,2,RETURN_ALIGNED,0.0064599662138816,0.5726792044302711,0.0112802528252302
149011,0,2,7,3,NATIVE,3.6518260059857646e-05,0.4542572014681954,8.039115226656945e-05
149011,0,2,7,3,RETURN_ALIGNED,0.0002796974222074,0.5607664796031944,0.0004987769992032
149011,2,4,0,1,NATIVE,0.1952119833233074,0.8084874691203391,0.2414533196606824
149011,2,4,0,1,RETURN_ALIGNED,0.2610208257970786,0.8980891252120617,0.2906402254178287
149011,2,4,0,2,NATIVE,0.0032752587646008,0.3814644048134286,0.008586014115341
149011,2,4,0,2,RETURN_ALIGNED,0.0126641076047621,0.6399652421389677,0.0197887428414337
149011,2,4,0,3,NATIVE,-6.241295336296432e-05,-0.4444664898000722,0.0001404221793307
149011,2,4,0,3,RETURN_ALIGNED,0.0002860004430849,0.664000350587828,0.000430723330936
149011,2,4,1,1,NATIVE,0.1811146437646755,0.7558632934901217,0.2396129635139107
149011,2,4,1,1,RETURN_ALIGNED,0.2400412249000525,0.8432229142661638,0.2846711359935293
149011,2,4,1,2,NATIVE,0.0007505012298996,0.1255480197165148,0.0059778022110661
149011,2,4,1,2,RETURN_ALIGNED,0.002937899750477,0.3659906736501553,0.0080272530473258
149011,2,4,1,3,NATIVE,-6.277853122471983e-05,-0.5046868967775732,0.0001243910459409
149011,2,4,1,3,RETURN_ALIGNED,0.0001214533557027,0.5671617871239432,0.000214142345563
149011,2,4,3,1,NATIVE,0.1922212382081466,0.747306436092212,0.2572187645179336
149011,2,4,3,1,RETURN_ALIGNED,0.4283443047097091,0.9263742313940102,0.4623879747442285
149011,2,4,3,2,NATIVE,0.0041743354286499,0.4873768520456902,0.0085649029290534
149011,2,4,3,2,RETURN_ALIGNED,0.0257464827112544,0.7751906253630356,0.0332130986460626
149011,2,4,3,3,NATIVE,-0.0001278888655137,-0.5655768478330201,0.0002261211089557
149011,2,4,3,3,RETURN_ALIGNED,0.0011252084233381,0.902580266123746,0.0012466574588514
149011,2,4,5,1,NATIVE,0.1890929828097999,0.87132153509966,0.2170186035721503
149011,2,4,5,1,RETURN_ALIGNED,0.2183625428883943,0.8751203900051964,0.2495228603769278
149011,2,4,5,2,NATIVE,-0.0001265342745324,-0.0308889471040593,0.0040964256276062
149011,2,4,5,2,RETURN_ALIGNED,0.0062563667027607,0.710650674066181,0.008803715990073
149011,2,4,5,3,NATIVE,2.2522145707157693e-05,0.1611988606070509,0.0001397165309426
149011,2,4,5,3,RETURN_ALIGNED,0.0001503489804434,0.3126419525799111,0.0004808982895197
149011,2,4,6,1,NATIVE,0.1683847421326181,0.6289944202847678,0.2677046674851799
149011,2,4,6,1,RETURN_ALIGNED,0.2756870739332636,0.6146993425357725,0.4484909204486937
149011,2,4,6,2,NATIVE,-0.0035356582259447,-0.4945811149841754,0.0071487934298657
149011,2,4,6,2,RETURN_ALIGNED,0.0185285148529701,0.717781170680959,0.0258135983624684
149011,2,4,6,3,NATIVE,1.0407917625164848e-05,0.1944116374826624,5.35354654861853e-05
149011,2,4,6,3,RETURN_ALIGNED,0.0003456324225351,0.5467853768617533,0.0006321171648574
149011,2,4,7,1,NATIVE,0.1863150471868882,0.6734710354360608,0.2766489386822784
149011,2,4,7,1,RETURN_ALIGNED,0.4579616676455411,0.9117609144568466,0.502282627368515
149011,2,4,7,2,NATIVE,0.0058006563261499,0.724487201086617,0.0080065683915277
149011,2,4,7,2,RETURN_ALIGNED,0.0263061831231691,0.7935129216782807,0.0331515497763304
149011,2,4,7,3,NATIVE,0.0001860503863922,0.6748284332798973,0.0002757002722711
149011,2,4,7,3,RETURN_ALIGNED,0.0011109626572622,0.7844998761374089,0.0014161412727699
149011,4,6,0,1,NATIVE,0.2292713829107695,0.8768501864028908,0.2614715563340667
149011,4,6,0,1,RETURN_ALIGNED,0.3141923433186115,0.9638987736048372,0.325959895294179
149011,4,6,0,2,NATIVE,0.0012907387318559,0.2654364221669248,0.0048627039244298
149011,4,6,0,2,RETURN_ALIGNED,0.0078012113197521,0.6249080348391147,0.012483775027042
149011,4,6,0,3,NATIVE,1.4126043133205868e-05,0.0471945800311144,0.000299314942754
149011,4,6,0,3,RETURN_ALIGNED,0.0005404698042555,0.6180608556176579,0.0008744604966737
149011,4,6,1,1,NATIVE,0.2642665386964562,0.9306156108194708,0.2839695956352353
149011,4,6,1,1,RETURN_ALIGNED,0.3247462466582549,0.9690005086838762,0.3351352695357473
149011,4,6,1,2,NATIVE,0.000888586101032,0.0643814853470477,0.0138018887901003
149011,4,6,1,2,RETURN_ALIGNED,0.0238340655268929,0.7954956626899874,0.0299612765262723
149011,4,6,1,3,NATIVE,-0.0002099550151103,-0.4442440508028815,0.0004726118705847
149011,4,6,1,3,RETURN_ALIGNED,0.0010815691433196,0.6093178050470135,0.0017750492926507
149011,4,6,2,1,NATIVE,0.2883372627001778,0.6396240649939984,0.4507917673521777
149011,4,6,2,1,RETURN_ALIGNED,0.4426370907856658,0.7414882503384458,0.5969576599267125
149011,4,6,2,2,NATIVE,-0.001025247818002,-0.2132323860487201,0.0048081243045374
149011,4,6,2,2,RETURN_ALIGNED,0.0039178553732768,0.4980906479824621,0.0078657477084769
149011,4,6,2,3,NATIVE,-9.241002253361108e-06,-0.107247758214261,8.616499054050965e-05
149011,4,6,2,3,RETURN_ALIGNED,0.000224607803074,0.5801038000443995,0.0003871855383058
149011,4,6,3,1,NATIVE,0.1396314569973057,0.6521522749705334,0.2141086711741982
149011,4,6,3,1,RETURN_ALIGNED,0.3023921641885027,0.7991433436676758,0.3783953987535428
149011,4,6,3,2,NATIVE,0.0002374200912999,0.0638753864388956,0.0037169261042209
149011,4,6,3,2,RETURN_ALIGNED,0.0038691352030479,0.4197289342469982,0.0092181760349841
149011,4,6,3,3,NATIVE,-5.161624167026488e-05,-0.5595309510948441,9.224912639761428e-05
149011,4,6,3,3,RETURN_ALIGNED,0.0001493484752408,0.7376857900175129,0.0002024554043826
149011,4,6,5,1,NATIVE,0.2334531453359492,0.952618196747014,0.2450647553584219
149011,4,6,5,1,RETURN_ALIGNED,0.2797098953120304,0.9791329918301768,0.2856709942834675
149011,4,6,5,2,NATIVE,0.0001592820455503,0.0205855233564243,0.0077375757118463
149011,4,6,5,2,RETURN_ALIGNED,0.0151738005460918,0.9109860043579928,0.016656458466953
149011,4,6,5,3,NATIVE,-0.0001833492148516,-0.6040239870147227,0.0003035462449594
149011,4,6,5,3,RETURN_ALIGNED,0.0010524390918721,0.8105682531198369,0.0012983966316283
149011,4,6,7,1,NATIVE,0.1056049720265929,0.4835225077170955,0.2184075618838961
149011,4,6,7,1,RETURN_ALIGNED,0.2877957034443209,0.7526695151484503,0.3823666265896454
149011,4,6,7,2,NATIVE,0.0013451590246602,0.4378669675448,0.0030720723968846
149011,4,6,7,2,RETURN_ALIGNED,0.0067087018907249,0.5361020671636203,0.0125138519349998
149011,4,6,7,3,NATIVE,4.540861836691876e-05,0.5263599880466,8.62691297278127e-05
149011,4,6,7,3,RETURN_ALIGNED,0.0003348538771016,0.6442251512620255,0.0005197777145299
149011,6,0,1,1,NATIVE,0.1806167363938107,0.7630234578334455,0.2367119051707076
149011,6,0,1,1,RETURN_ALIGNED,0.2408112379711188,0.8615051393419424,0.2795238553712384
149011,6,0,1,2,NATIVE,0.0010048400378524,0.1404481605377061,0.0071545261535657
149011,6,0,1,2,RETURN_ALIGNED,0.0031655763750054,0.3701199796658551,0.008552838400379
149011,6,0,1,3,NATIVE,-7.42571332648265e-05,-0.6379456563316482,0.0001164004053472
149011,6,0,1,3,RETURN_ALIGNED,0.0001236855649035,0.7193061995793608,0.0001719512005625
149011,6,0,2,1,NATIVE,0.1015997699017936,0.3662971622296534,0.2773697980165094
149011,6,0,2,1,RETURN_ALIGNED,0.253911268587063,0.6355338469011675,0.3995243838308949
149011,6,0,2,2,NATIVE,0.0011905566877698,0.1412709856582505,0.0084274678345221
149011,6,0,2,2,RETURN_ALIGNED,0.0078494060569201,0.5749518237089177,0.0136522848219544
149011,6,0,2,3,NATIVE,-1.7433643932735934e-05,-0.3446318701379713,5.058627860223292e-05
149011,6,0,2,3,RETURN_ALIGNED,0.0001906714540003,0.7064931791582593,0.0002698843518225
149011,6,0,3,1,NATIVE,0.2077478174034659,0.739437228404597,0.2809539598803489
149011,6,0,3,1,RETURN_ALIGNED,0.4755543327567857,0.9346251532949374,0.508818247700743
149011,6,0,3,2,NATIVE,0.0073963769743024,0.7189456539116097,0.0102878109519237
149011,6,0,3,2,RETURN_ALIGNED,0.0336387696526196,0.8414018366741203,0.0399794345388421
149011,6,0,3,3,NATIVE,-0.0001012869649495,-0.329218398972232,0.0003076588781169
149011,6,0,3,3,RETURN_ALIGNED,0.001197312553438,0.7677358476782208,0.0015595371157644
149011,6,0,4,1,NATIVE,0.1752222406277567,0.8745247476613727,0.2003628154563062
149011,6,0,4,1,RETURN_ALIGNED,0.2210007448108019,0.9157035575034008,0.2413452945549717
149011,6,0,4,2,NATIVE,0.0023762590339581,0.3912551124081359,0.006073426157018
149011,6,0,4,2,RETURN_ALIGNED,0.0122999650311771,0.8304115977010572,0.014811889748199
149011,6,0,4,3,NATIVE,7.431993615632292e-05,0.4262785192691188,0.0001743459556736
149011,6,0,4,3,RETURN_ALIGNED,0.0003279306443297,0.5193118018313551,0.0006314715798292
149011,6,0,5,1,NATIVE,0.191649540893763,0.8681931386142494,0.2207452839347712
149011,6,0,5,1,RETURN_ALIGNED,0.2198620444688592,0.8637486081580577,0.2545440217120356
149011,6,0,5,2,NATIVE,-0.000133239130249,-0.0318758761044519,0.0041799362566876
149011,6,0,5,2,RETURN_ALIGNED,0.0066042913941257,0.7323316437240954,0.0090181701836543
149011,6,0,5,3,NATIVE,4.997443046179469e-05,0.3770517712780575,0.0001325399693463
149011,6,0,5,3,RETURN_ALIGNED,0.0002686807965026,0.4779884415516742,0.0005621073080926
149011,6,0,7,1,NATIVE,0.1910431156146954,0.7215761371503687,0.2647580841142002
149011,6,0,7,1,RETURN_ALIGNED,0.4448325391532182,0.9285034022972808,0.4790855241374465
149011,6,0,7,2,NATIVE,0.0064973479704301,0.6789312415330339,0.0095699646304844
149011,6,0,7,2,RETURN_ALIGNED,0.035211559051229,0.8388022065611183,0.0419783815217706
149011,6,0,7,3,NATIVE,0.0001122747542832,0.2742031630268042,0.0004094582644276
149011,6,0,7,3,RETURN_ALIGNED,0.0008005498140767,0.461222055892631,0.0017357144974439
149012,0,2,1,1,NATIVE,0.1803474892017689,0.5734465274730006,0.314497482435469
149012,0,2,1,1,RETURN_ALIGNED,0.4926531333188041,0.8988735566853804,0.5480783472319692
149012,0,2,1,2,NATIVE,0.0009198226233427,0.0563257783622605,0.0163304023480554
149012,0,2,1,2,RETURN_ALIGNED,0.0420206222152601,0.7154226184150764,0.058735383998476
149012,0,2,1,3,NATIVE,2.4825591684403564e-05,0.0370393016703285,0.0006702499878299
149012,0,2,1,3,RETURN_ALIGNED,0.0009503229795734,0.7875507953496781,0.0012066815005885
149012,0,2,3,1,NATIVE,0.3707767258172251,0.7517068362060705,0.4932464465647984
149012,0,2,3,1,RETURN_ALIGNED,0.5718735076111077,0.7527725609997031,0.7596896290316199
149012,0,2,3,2,NATIVE,0.0036283232564617,0.2917352722374031,0.0124370400213041
149012,0,2,3,2,RETURN_ALIGNED,0.0196996429462229,0.483109734970124,0.0407767459858998
149012,0,2,3,3,NATIVE,0.0002052143955765,0.4162377587313086,0.0004930220557408
149012,0,2,3,3,RETURN_ALIGNED,0.0012020188296257,0.6068731406756476,0.0019806756122978
149012,0,2,4,1,NATIVE,0.2661398312071992,0.9246777375720826,0.2878190102271716
149012,0,2,4,1,RETURN_ALIGNED,0.330439812670083,0.9117254110168812,0.362433479068484
149012,0,2,4,2,NATIVE,0.0090249086152323,0.3633778015868811,0.0248361583334675
149012,0,2,4,2,RETURN_ALIGNED,0.0424404442505775,0.5214545083000633,0.0813885843824139
149012,0,2,4,3,NATIVE,0.000289379588072,0.4628053938818028,0.0006252727206543
149012,0,2,4,3,RETURN_ALIGNED,0.0055563540318873,0.6938103913710831,0.008008461822619
149012,0,2,5,1,NATIVE,0.2300078818554891,0.733766762130788,0.3134618433620422
149012,0,2,5,1,RETURN_ALIGNED,0.532598603332397,0.9117661594059626,0.584139472427074
149012,0,2,5,2,NATIVE,0.0003052207137334,0.0240739150984205,0.0126784826005567
149012,0,2,5,2,RETURN_ALIGNED,0.0684049373378322,0.8579393475080404,0.0797316704677251
149012,0,2,5,3,NATIVE,-0.0002236674558765,-0.4865405537728769,0.0004597097879521
149012,0,2,5,3,RETURN_ALIGNED,0.00142275933848,0.8078795047741686,0.0017611033926413
149012,0,2,6,1,NATIVE,0.1907215340023465,0.6145744141242234,0.3103310675144865
149012,0,2,6,1,RETURN_ALIGNED,0.412109032714951,0.9231365169669834,0.446422631041454
149012,0,2,6,2,NATIVE,-0.0003099358902389,-0.0211837655353428,0.0146308214050397
149012,0,2,6,2,RETURN_ALIGNED,0.0262518234858666,0.7716557239462996,0.0340201240929442
149012,0,2,6,3,NATIVE,-0.0002917288819823,-0.4208079776900254,0.0006932589139367
149012,0,2,6,3,RETURN_ALIGNED,0.0061162108788839,0.5929174986516031,0.0103154501127804
149012,0,2,7,1,NATIVE,0.1603283592497789,0.7387783582995472,0.21701821317393
149012,0,2,7,1,RETURN_ALIGNED,0.2418641396082121,0.894991873488543,0.2702417159000725
149012,0,2,7,2,NATIVE,-0.0010875340913738,-0.1078144754329829,0.0100870879072649
149012,0,2,7,2,RETURN_ALIGNED,0.0171754986802697,0.6499878192821045,0.0264243393040896
149012,0,2,7,3,NATIVE,-0.000176329860178,-0.4187640383556644,0.0004210721168587
149012,0,2,7,3,RETURN_ALIGNED,0.0033235193755405,0.582082165227441,0.0057097083091813
149012,2,4,0,1,NATIVE,0.1835456670502424,0.4271073110378806,0.4297413373798779
149012,2,4,0,1,RETURN_ALIGNED,0.4296139883760387,0.8497299630166835,0.5055888424254951
149012,2,4,0,2,NATIVE,0.0024607405027654,0.2808859359117923,0.0087606397762822
149012,2,4,0,2,RETURN_ALIGNED,0.0073763859014356,0.6318185358228998,0.0116748488421398
149012,2,4,0,3,NATIVE,-2.5046181476693e-05,-0.0651497860823845,0.0003844399646167
149012,2,4,0,3,RETURN_ALIGNED,0.0004277874888804,0.6294708841329639,0.0006795985318252
149012,2,4,1,1,NATIVE,0.0497164305247099,0.2649915900148058,0.187615125906083
149012,2,4,1,1,RETURN_ALIGNED,0.2425651536325787,0.8760991757727777,0.2768695147082333
149012,2,4,1,2,NATIVE,-5.580930240594688e-05,-0.02063212836406,0.0027049706855273
149012,2,4,1,2,RETURN_ALIGNED,0.0020447678343789,0.6653046766015052,0.0030734307246833
149012,2,4,1,3,NATIVE,-2.3663977374812983e-05,-0.1786840007204356,0.0001324347856623
149012,2,4,1,3,RETURN_ALIGNED,0.0001930990901662,0.564653501240604,0.0003419780265623
149012,2,4,3,1,NATIVE,0.3648199200960782,0.9088797558709848,0.4013951435702931
149012,2,4,3,1,RETURN_ALIGNED,0.4964237759976725,0.8865556303048692,0.5599465606313717
149012,2,4,3,2,NATIVE,0.0094622655032247,0.2843108491891714,0.033281408465684
149012,2,4,3,2,RETURN_ALIGNED,0.1114670658877796,0.8470477354433792,0.1315947864839889
149012,2,4,3,3,NATIVE,0.0002864640075027,0.1994374668554956,0.0014363600362489
149012,2,4,3,3,RETURN_ALIGNED,0.029235450278932,0.8180866263578295,0.0357363747743687
149012,2,4,5,1,NATIVE,0.1459693970281994,0.6106347195120567,0.2390453611035204
149012,2,4,5,1,RETURN_ALIGNED,0.3633109909563641,0.8088778212473063,0.4491543486704072
149012,2,4,5,2,NATIVE,0.0002383283055843,0.0784179832568966,0.0030392047293246
149012,2,4,5,2,RETURN_ALIGNED,0.0130557091284693,0.5266329677427303,0.0247909073835432
149012,2,4,5,3,NATIVE,1.6508911600041044e-05,0.1105534172980652,0.0001493297265426
149012,2,4,5,3,RETURN_ALIGNED,0.001903062833864,0.448043528536896,0.0042474954162854
149012,2,4,6,1,NATIVE,0.2517831440356214,0.5578064519207673,0.4513808385838825
149012,2,4,6,1,RETURN_ALIGNED,0.5412822926346771,0.8512647329778048,0.6358565927441722
149012,2,4,6,2,NATIVE,0.0026512108867892,0.280483446279015,0.0094522900439706
149012,2,4,6,2,RETURN_ALIGNED,0.0041805186775927,0.4443447020820253,0.0094082784332993
149012,2,4,6,3,NATIVE,0.0001117673486156,0.2519602268781208,0.0004435912362248
149012,2,4,6,3,RETURN_ALIGNED,0.0003743009550121,0.5235750080778503,0.0007148946168921
149012,2,4,7,1,NATIVE,0.2808717188321298,0.8657091302798874,0.3244412112660015
149012,2,4,7,1,RETURN_ALIGNED,0.3916719331277395,0.8978557121041938,0.4362303740427844
149012,2,4,7,2,NATIVE,0.0133174666564317,0.2869225082380556,0.0464148551395302
149012,2,4,7,2,RETURN_ALIGNED,0.1296038499189535,0.7805731321678894,0.1660367806387429
149012,2,4,7,3,NATIVE,-0.0005161525229463,-0.352376030279465,0.0014647776176351
149012,2,4,7,3,RETURN_ALIGNED,0.0258931422738761,0.7486663147018788,0.034585691600855
149012,4,6,0,1,NATIVE,0.2919447466481734,0.9084355712870498,0.3213708884543099
149012,4,6,0,1,RETURN_ALIGNED,0.3384540236526734,0.8770691467629514,0.3858920643847609
149012,4,6,0,2,NATIVE,0.0065127531801036,0.3900597879238844,0.0166968074680786
149012,4,6,0,2,RETURN_ALIGNED,0.032375515161527,0.5945935312080385,0.054449827423457
149012,4,6,0,3,NATIVE,-0.0002280570474094,-0.5512685180375707,0.0004136950319673
149012,4,6,0,3,RETURN_ALIGNED,0.0046593302450343,0.7950931294123004,0.0058601062848657
149012,4,6,1,1,NATIVE,0.1886666779141873,0.6717585224765102,0.2808549078298271
149012,4,6,1,1,RETURN_ALIGNED,0.4757504355012261,0.9194319059015232,0.5174395541936333
149012,4,6,1,2,NATIVE,-0.0006027444878933,-0.0983673001674931,0.0061274883709887
149012,4,6,1,2,RETURN_ALIGNED,0.0260814443545844,0.6946138304123797,0.0375481212904795
149012,4,6,1,3,NATIVE,-0.0002085812830012,-0.693353795817088,0.0003008295094753
149012,4,6,1,3,RETURN_ALIGNED,0.0017211569800718,0.8776394790038157,0.0019611207339085
149012,4,6,2,1,NATIVE,0.2676819809209721,0.7492153365731731,0.3572831038740084
149012,4,6,2,1,RETURN_ALIGNED,0.4780408614639903,0.9013055385791426,0.5303871339984267
149012,4,6,2,2,NATIVE,-0.0066845701200671,-0.3953936132294769,0.016906115567661
149012,4,6,2,2,RETURN_ALIGNED,0.0320638263920471,0.6163753623337783,0.0520199676224915
149012,4,6,2,3,NATIVE,4.294670366258528e-06,0.0101729297378835,0.000422166521784
149012,4,6,2,3,RETURN_ALIGNED,0.0014361713019178,0.8780054352639038,0.0016357202860298
149012,4,6,3,1,NATIVE,0.3594755142672034,0.6631003320878884,0.5421133075521476
149012,4,6,3,1,RETURN_ALIGNED,0.5615337738069446,0.7231869735769454,0.7764710846898751
149012,4,6,3,2,NATIVE,0.0045920687543122,0.2429374249875146,0.0189022698108848
149012,4,6,3,2,RETURN_ALIGNED,0.0214252056136913,0.4113813779821668,0.052081126566113
149012,4,6,3,3,NATIVE,0.000222694213878,0.4237419636897273,0.0005255420346744
149012,4,6,3,3,RETURN_ALIGNED,0.0010999010732098,0.6261684455871873,0.0017565578093375
149012,4,6,5,1,NATIVE,0.2298531934907793,0.6491852460536074,0.3540641055659547
149012,4,6,5,1,RETURN_ALIGNED,0.5461133517170652,0.8763856178262038,0.6231427588593814
149012,4,6,5,2,NATIVE,0.001612954920362,0.1911451657169584,0.00843837673948
149012,4,6,5,2,RETURN_ALIGNED,0.0107959882955298,0.3390636481149698,0.0318405949896317
149012,4,6,5,3,NATIVE,0.0002745885488059,0.5512125305814226,0.0004981536740131
149012,4,6,5,3,RETURN_ALIGNED,0.0038686198336053,0.604655117181171,0.006398060186717
149012,4,6,7,1,NATIVE,0.1439848302951397,0.75292008192597,0.1912352104180723
149012,4,6,7,1,RETURN_ALIGNED,0.21891359756863,0.894442912312422,0.2447485407454671
149012,4,6,7,2,NATIVE,-6.603512536612657e-05,-0.0054001800939769,0.0122283190961252
149012,4,6,7,2,RETURN_ALIGNED,0.0249497474131955,0.676341596896405,0.0368892694573747
149012,4,6,7,3,NATIVE,-0.0002032397302683,-0.4555964342783908,0.000446095963161
149012,4,6,7,3,RETURN_ALIGNED,0.0042111632693745,0.493178418327568,0.0085388230968033
149012,6,0,1,1,NATIVE,0.0483200221197258,0.2431416060448043,0.1987320183728358
149012,6,0,1,1,RETURN_ALIGNED,0.2626506498880864,0.8864086409364936,0.2963087652332687
149012,6,0,1,2,NATIVE,-0.0004369331014994,-0.1150971749229636,0.0037962104784866
149012,6,0,1,2,RETURN_ALIGNED,0.0034420128974761,0.645702286471602,0.0053306500062334
149012,6,0,1,3,NATIVE,-2.751835171017672e-05,-0.1985982579307583,0.0001385629055935
149012,6,0,1,3,RETURN_ALIGNED,7.843182936111087e-05,0.613585521094302,0.0001278254237172
149012,6,0,2,1,NATIVE,0.1357144173330713,0.6210531494935941,0.2185230321168014
149012,6,0,2,1,RETURN_ALIGNED,0.315668931322241,0.9299564976936924,0.3394448365112246
149012,6,0,2,2,NATIVE,-0.0037938413696033,-0.3486087749444557,0.0108828051450098
149012,6,0,2,2,RETURN_ALIGNED,0.029429903458412,0.706862034881423,0.0416345793182478
149012,6,0,2,3,NATIVE,-0.0001781115926995,-0.429229413207955,0.0004149566341427
149012,6,0,2,3,RETURN_ALIGNED,0.0007786722616857,0.6953545921391137,0.0011198204057248
149012,6,0,3,1,NATIVE,0.3710750016709015,0.9123237880380176,0.4067360804751114
149012,6,0,3,1,RETURN_ALIGNED,0.5170444263941458,0.8769660469808691,0.589583175054606
149012,6,0,3,2,NATIVE,0.009438913266262,0.3277995409333614,0.0287947726811024
149012,6,0,3,2,RETURN_ALIGNED,0.0441718234939729,0.4380570415224237,0.1008357800626005
149012,6,0,3,3,NATIVE,5.165726430611066e-05,0.0296059863966725,0.0017448249665474
149012,6,0,3,3,RETURN_ALIGNED,0.0179495737204207,0.5744616501373748,0.0312459042558971
149012,6,0,4,1,NATIVE,0.1756861196866448,0.8731996701128178,0.2011981058855495
149012,6,0,4,1,RETURN_ALIGNED,0.2068962571572934,0.8907772873580546,0.2322648546314716
149012,6,0,4,2,NATIVE,0.0001706340960984,0.0121858142267985,0.0140026831954596
149012,6,0,4,2,RETURN_ALIGNED,0.0222970227602248,0.6545901547916593,0.0340625696810582
149012,6,0,4,3,NATIVE,-4.515912108663304e-05,-0.1030103044182955,0.0004383942102053
149012,6,0,4,3,RETURN_ALIGNED,0.0025034439771363,0.5339656940747203,0.0046883985333129
149012,6,0,5,1,NATIVE,0.145887842593838,0.6411082009254537,0.2275557267605548
149012,6,0,5,1,RETURN_ALIGNED,0.3436721985321,0.8243773968274819,0.416886974163274
149012,6,0,5,2,NATIVE,0.0010172229575231,0.2327996961866065,0.0043695201245904
149012,6,0,5,2,RETURN_ALIGNED,0.0152137690307471,0.4409021049509225,0.0345060022618218
149012,6,0,5,3,NATIVE,1.45688288942802e-05,0.1036936488030436,0.0001404987580147
149012,6,0,5,3,RETURN_ALIGNED,0.0005654403661786,0.5385769104615353,0.0010498785875772
149012,6,0,7,1,NATIVE,0.2741537141764961,0.856279692456775,0.3201684176227866
149012,6,0,7,1,RETURN_ALIGNED,0.3693082087626234,0.9007182620060847,0.4100152337757868
149012,6,0,7,2,NATIVE,0.0012789282040633,0.061652647826666,0.0207440920890582
149012,6,0,7,2,RETURN_ALIGNED,0.051065247649323,0.727042719447753,0.0702369287020283
149012,6,0,7,3,NATIVE,-9.48075925772742e-05,-0.0978186847947287,0.0009692176160329
149012,6,0,7,3,RETURN_ALIGNED,0.0170544098616659,0.7950704564481641,0.0214501868640426
149013,0,2,1,1,NATIVE,0.0992347477075689,0.4417416435750123,0.2246443122370104
149013,0,2,1,1,RETURN_ALIGNED,0.2455840145789589,0.560024839780463,0.4385234317017636
149013,0,2,1,2,NATIVE,-0.0009710099402839,-0.1043675455279468,0.0093037537217356
149013,0,2,1,2,RETURN_ALIGNED,0.0308740420989834,0.4928121104597102,0.0626487081851792
149013,0,2,1,3,NATIVE,0.0001513132826246,0.4241066295574957,0.0003567812224605
149013,0,2,1,3,RETURN_ALIGNED,0.0023842114792872,0.5619271257464749,0.0042429193553555
149013,0,2,3,1,NATIVE,-0.0005886669364099,-0.0025021433853435,0.2352650690834113
149013,0,2,3,1,RETURN_ALIGNED,0.1666132077338456,0.3812576774399068,0.4370094494950808
149013,0,2,3,2,NATIVE,-0.0004327561305183,-0.0316380725865817,0.0136783342066849
149013,0,2,3,2,RETURN_ALIGNED,0.0351807475997949,0.4713171535732384,0.0746434695464492
149013,0,2,3,3,NATIVE,-3.3037868269041764e-05,-0.1717504514712788,0.000192359716705
149013,0,2,3,3,RETURN_ALIGNED,0.0027643940548357,0.5011418300947305,0.0055161910034147
149013,0,2,4,1,NATIVE,0.0128558969671658,0.0673148513444632,0.190981584455377
149013,0,2,4,1,RETURN_ALIGNED,0.2732163514041991,0.6334233080445887,0.4313329615979597
149013,0,2,4,2,NATIVE,0.001747764001176,0.1278383932504124,0.0136716674575506
149013,0,2,4,2,RETURN_ALIGNED,0.0850491570731384,0.7248167576107463,0.11733883933881
149013,0,2,4,3,NATIVE,1.5440557420501336e-05,0.0855770846539568,0.000180428642705
149013,0,2,4,3,RETURN_ALIGNED,0.0046771843148025,0.6101030473360198,0.0076662202129336
149013,0,2,5,1,NATIVE,0.0342853633024711,0.2309440198364449,0.1484574630973432
149013,0,2,5,1,RETURN_ALIGNED,0.1390982563923324,0.6695575147609405,0.2077465390585013
149013,0,2,5,2,NATIVE,0.0011273956216108,0.1573951441965558,0.0071628361044112
149013,0,2,5,2,RETURN_ALIGNED,0.0200661264425332,0.630807275979105,0.0318102330240143
149013,0,2,5,3,NATIVE,-8.757178371409655e-05,-0.1750834024583067,0.0005001718160546
149013,0,2,5,3,RETURN_ALIGNED,0.0027249791297759,0.4487917534525506,0.0060718119438066
149013,0,2,6,1,NATIVE,0.0440858346128572,0.1469134755056483,0.3000802646663179
149013,0,2,6,1,RETURN_ALIGNED,0.0932366313806093,0.2734559381125841,0.3409566894908438
149013,0,2,6,2,NATIVE,0.006695931082106,0.3481687132376433,0.0192318575072035
149013,0,2,6,2,RETURN_ALIGNED,0.0236607980032768,0.4942983604596969,0.0478674418025002
149013,0,2,6,3,NATIVE,0.000296715987457,0.4877866792048622,0.0006082904662938
149013,0,2,6,3,RETURN_ALIGNED,0.0020568520442566,0.6058407396571784,0.0033950375213977
149013,0,2,7,1,NATIVE,0.009044935569405,0.0590589581891783,0.153150950282956
149013,0,2,7,1,RETURN_ALIGNED,0.1383599469454616,0.4060852097324192,0.3407165383752112
149013,0,2,7,2,NATIVE,0.0036533325923862,0.5247195526810898,0.0069624479849686
149013,0,2,7,2,RETURN_ALIGNED,0.028152947669202,0.7244286847859179,0.0388622762464513
149013,0,2,7,3,NATIVE,5.906830248943797e-05,0.2790917324780367,0.0002116447587906
149013,0,2,7,3,RETURN_ALIGNED,0.0028028185544051,0.613199098556992,0.0045708132331029
149013,2,4,0,1,NATIVE,0.078413378901386,0.5326303646204659,0.1472191300191521
149013,2,4,0,1,RETURN_ALIGNED,0.1397116866994061,0.740065354324057,0.1887829039460679
149013,2,4,0,2,NATIVE,0.0016060992126169,0.3281410174004608,0.0048945396255135
149013,2,4,0,2,RETURN_ALIGNED,0.0090365597486014,0.6559064457182467,0.013777208330864
149013,2,4,0,3,NATIVE,1.6511819972099878e-05,0.1670066571564459,9.886923094168512e-05
149013,2,4,0,3,RETURN_ALIGNED,0.0006674539718319,0.4306977007885779,0.0015497040500826
149013,2,4,1,1,NATIVE,0.0344788058293354,0.3093765895438432,0.1114460725038187
149013,2,4,1,1,RETURN_ALIGNED,0.0815594465953351,0.3887206742795315,0.209815047132355
149013,2,4,1,2,NATIVE,0.0012262934000734,0.2652034907732757,0.0046239715638466
149013,2,4,1,2,RETURN_ALIGNED,0.0112563946664005,0.4367501550320745,0.0257730753762515
149013,2,4,1,3,NATIVE,6.528123901175215e-05,0.4302216360349591,0.0001517386235458
149013,2,4,1,3,RETURN_ALIGNED,0.0009519730167125,0.517428093043067,0.0018398170283826
149013,2,4,3,1,NATIVE,0.0947749070337064,0.2263409849802707,0.4187262286670843
149013,2,4,3,1,RETURN_ALIGNED,0.3841272428830652,0.6352623899942393,0.6046749326468152
149013,2,4,3,2,NATIVE,0.0157969617749231,0.4338491248225021,0.0364111873662439
149013,2,4,3,2,RETURN_ALIGNED,0.0551176034609013,0.7736823557767639,0.071240610627028
149013,2,4,3,3,NATIVE,-0.0001986850020011,-0.2721886345277934,0.0007299533303374
149013,2,4,3,3,RETURN_ALIGNED,0.0014722262014757,0.4646243071222773,0.0031686379208577
149013,2,4,5,1,NATIVE,0.0005736115015081,0.0057463343194163,0.0998221595929995
149013,2,4,5,1,RETURN_ALIGNED,0.0711104316149602,0.4970931170686486,0.1430525371870924
149013,2,4,5,2,NATIVE,-0.0014949900107182,-0.2911432069867528,0.0051348957308696
149013,2,4,5,2,RETURN_ALIGNED,0.0097256764193734,0.6008740316339395,0.0161858824098991
149013,2,4,5,3,NATIVE,-6.616626719752534e-05,-0.3405264826621727,0.0001943057895884
149013,2,4,5,3,RETURN_ALIGNED,0.0005444350287146,0.4999369885050246,0.0010890072970678
149013,2,4,6,1,NATIVE,-0.017545861774178,-0.0580945786597658,0.3020223604152586
149013,2,4,6,1,RETURN_ALIGNED,0.1064078963700799,0.3738890216380294,0.2845975415478411
149013,2,4,6,2,NATIVE,-0.0055596377061667,-0.3484394132880771,0.0159558232902047
149013,2,4,6,2,RETURN_ALIGNED,0.0194320144831996,0.5969351658685067,0.0325529732433399
149013,2,4,6,3,NATIVE,-6.890778314227867e-05,-0.1476540542904402,0.0004666839885057
149013,2,4,6,3,RETURN_ALIGNED,0.0014537030765324,0.395709091472147,0.0036736661032431
149013,2,4,7,1,NATIVE,-0.0307373463381011,-0.1297987640404339,0.2368076966316784
149013,2,4,7,1,RETURN_ALIGNED,0.386828528795256,0.7452672224713711,0.5190467487786753
149013,2,4,7,2,NATIVE,0.0073555567035982,0.5144941966030302,0.0142966757479651
149013,2,4,7,2,RETURN_ALIGNED,0.0715979784562965,0.8452696010115884,0.0847043101630083
149013,2,4,7,3,NATIVE,-3.884533491369263e-06,-0.0077336135869852,0.0005022921604677
149013,2,4,7,3,RETURN_ALIGNED,0.0105086791360297,0.7977462079150869,0.0131729603102884
149013,4,6,0,1,NATIVE,0.0330284061775707,0.4207090113995091,0.0785065336909351
149013,4,6,0,1,RETURN_ALIGNED,0.083224353687301,0.6411047675708356,0.1298139678520262
149013,4,6,0,2,NATIVE,0.0014803890174464,0.4671686307753637,0.0031688536424907
149013,4,6,0,2,RETURN_ALIGNED,0.0102649032921628,0.5856180346419605,0.0175283250937535
149013,4,6,0,3,NATIVE,9.387118549614729e-06,0.1706849742611599,5.49967475220992e-05
149013,4,6,0,3,RETURN_ALIGNED,0.0015453805166015,0.5796132922790844,0.0026662268391699
149013,4,6,1,1,NATIVE,0.1491879281498428,0.4424020610027197,0.3372224980400405
149013,4,6,1,1,RETURN_ALIGNED,0.3977929158620187,0.7125624306246799,0.5582569312737998
149013,4,6,1,2,NATIVE,-0.0064080097389394,-0.2689518502017304,0.0238258622562766
149013,4,6,1,2,RETURN_ALIGNED,0.0581429089704178,0.7509355345291806,0.077427297404924
149013,4,6,1,3,NATIVE,0.0004612232075608,0.5590263191438349,0.0008250473836386
149013,4,6,1,3,RETURN_ALIGNED,0.003515081021421,0.7617497891907375,0.0046144824242082
149013,4,6,2,1,NATIVE,-0.0537566937670755,-0.3298026644664528,0.1629965417471527
149013,4,6,2,1,RETURN_ALIGNED,0.1572290443644639,0.5979509294174579,0.2629464001629112
149013,4,6,2,2,NATIVE,-0.0003293671103708,-0.0359716108212868,0.0091563069553092
149013,4,6,2,2,RETURN_ALIGNED,0.0283330156775172,0.6377142388174343,0.0444290153059997
149013,4,6,2,3,NATIVE,-0.0001265262585495,-0.3505162973048965,0.0003609711136394
149013,4,6,2,3,RETURN_ALIGNED,0.0034203707053637,0.5306900808418781,0.0064451378088543
149013,4,6,3,1,NATIVE,-0.0204966111749426,-0.1100504885086702,0.1862473438572098
149013,4,6,3,1,RETURN_ALIGNED,0.1237046824629153,0.3339085804956371,0.3704747038224039
149013,4,6,3,2,NATIVE,-0.0019146894709761,-0.1668719679846219,0.0114740030576506
149013,4,6,3,2,RETURN_ALIGNED,0.0218519327616757,0.3515509181547884,0.0621586564933538
149013,4,6,3,3,NATIVE,-3.490626852230589e-05,-0.2177968971677085,0.0001602698151781
149013,4,6,3,3,RETURN_ALIGNED,0.0025324314981882,0.5459597176044478,0.0046384951423397
149013,4,6,5,1,NATIVE,0.0791132287091098,0.3020857902802689,0.261889937409945
149013,4,6,5,1,RETURN_ALIGNED,0.2631539932004089,0.771384130199899,0.3411451997746048
149013,4,6,5,2,NATIVE,0.0008906063900972,0.0559086508488716,0.0159296705679477
149013,4,6,5,2,RETURN_ALIGNED,0.0466795587353952,0.7515703881309254,0.0621093639003279
149013,4,6,5,3,NATIVE,0.000140472243101,0.1071457578508734,0.0013110387606916
149013,4,6,5,3,RETURN_ALIGNED,0.0047999249254693,0.4989211867246351,0.009620607515156
149013,4,6,7,1,NATIVE,0.0061541031077766,0.0526922959894501,0.1167932236052637
149013,4,6,7,1,RETURN_ALIGNED,0.0720715211138523,0.3065997156301173,0.2350671492493111
149013,4,6,7,2,NATIVE,0.0033510395262676,0.5333529270043159,0.0062829682869932
149013,4,6,7,2,RETURN_ALIGNED,0.0182077048006126,0.6226207766089781,0.0292436511669853
149013,4,6,7,3,NATIVE,5.468134083667806e-05,0.3248602985975636,0.0001683226328509
149013,4,6,7,3,RETURN_ALIGNED,0.0019714930348342,0.638931279100252,0.0030856104548163
149013,6,0,1,1,NATIVE,0.030491549367226,0.2280923154981604,0.1336807393119865
149013,6,0,1,1,RETURN_ALIGNED,0.0621930410263706,0.3427517133230487,0.1814521667107841
149013,6,0,1,2,NATIVE,0.0025738054438045,0.496282863749641,0.0051861662603822
149013,6,0,1,2,RETURN_ALIGNED,0.0127182587641749,0.6043745744136734,0.0210436694433237
149013,6,0,1,3,NATIVE,6.472765168986271e-05,0.3646833609234421,0.0001774900050175
149013,6,0,1,3,RETURN_ALIGNED,0.0011092354913164,0.5503501769603616,0.0020155085572015
149013,6,0,2,1,NATIVE,-0.033176040795183,-0.2179290516803936,0.1522332178263339
149013,6,0,2,1,RETURN_ALIGNED,0.1425770241888414,0.6215283373843905,0.2293974636599248
149013,6,0,2,2,NATIVE,0.0018948977332793,0.2970719931570944,0.006378580872182
149013,6,0,2,2,RETURN_ALIGNED,0.0225742089786313,0.776503271317257,0.0290716212182421
149013,6,0,2,3,NATIVE,1.4724138404729238e-05,0.0524200175170763,0.0002808877042093
149013,6,0,2,3,RETURN_ALIGNED,0.0028545896636291,0.5286462292040276,0.0053998108860602
149013,6,0,3,1,NATIVE,-0.0629568307363634,-0.1990003334034141,0.3163654535625999
149013,6,0,3,1,RETURN_ALIGNED,0.4299567104242101,0.6944658690530595,0.6191185623136645
149013,6,0,3,2,NATIVE,0.0031257213129557,0.1630699399844176,0.0191679797821381
149013,6,0,3,2,RETURN_ALIGNED,0.0765004767595465,0.7075695669890699,0.1081172514019386
149013,6,0,3,3,NATIVE,-0.0003808062780637,-0.6685708860889078,0.0005695824983589
149013,6,0,3,3,RETURN_ALIGNED,0.0089929811319091,0.5886762372598894,0.0152766165178598
149013,6,0,4,1,NATIVE,-0.0021177911372407,-0.0217021662185001,0.0975843201971183
149013,6,0,4,1,RETURN_ALIGNED,0.1410748732478534,0.618478416943725,0.2280999132433771
149013,6,0,4,2,NATIVE,-0.0002586409872389,-0.0905587384845804,0.0028560577537443
149013,6,0,4,2,RETURN_ALIGNED,0.0223305130807493,0.7985890413468457,0.0279624586920325
149013,6,0,4,3,NATIVE,-1.491847970117515e-05,-0.2949435148493477,5.058080208589742e-05
149013,6,0,4,3,RETURN_ALIGNED,0.00303366536259,0.6158852077954755,0.0049256993411759
149013,6,0,5,1,NATIVE,0.007964740498285,0.0623346658258119,0.1277738541268686
149013,6,0,5,1,RETURN_ALIGNED,0.0576218145231663,0.4070875875597549,0.1415464786546444
149013,6,0,5,2,NATIVE,-0.00325322456347,-0.5274461581901454,0.0061678799109645
149013,6,0,5,2,RETURN_ALIGNED,0.0130412533010248,0.562802006818284,0.0231720092372901
149013,6,0,5,3,NATIVE,-3.717238177876169e-05,-0.2074022413649042,0.000179228447432
149013,6,0,5,3,RETURN_ALIGNED,0.0011370047826053,0.5721823824687401,0.0019871369990816
149013,6,0,7,1,NATIVE,0.0138042788414838,0.0526178166182949,0.2623498983548097
149013,6,0,7,1,RETURN_ALIGNED,0.2751126985040518,0.56862562099331,0.4838204406324441
149013,6,0,7,2,NATIVE,0.0083526486987223,0.5160542907563175,0.0161856007161403
149013,6,0,7,2,RETURN_ALIGNED,0.0358520351500679,0.5806188760651907,0.0617479669147057
149013,6,0,7,3,NATIVE,0.0001185181284845,0.2298111163999718,0.0005157197347864
149013,6,0,7,3,RETURN_ALIGNED,0.004991988743505,0.6059124915159093,0.0082387948955298
149014,0,2,1,1,NATIVE,0.3777898268720881,0.8419220158675604,0.4487230643118634
149014,0,2,1,1,RETURN_ALIGNED,0.4996889857970168,0.6735052976890339,0.7419228735266449
149014,0,2,1,2,NATIVE,-0.0077162197206015,-0.2469266017539442,0.0312490418800205
149014,0,2,1,2,RETURN_ALIGNED,0.0562190994755727,0.7382009471257307,0.0761569050965404
149014,0,2,1,3,NATIVE,0.0007647710728087,0.3266710901199137,0.0023411042199562
149014,0,2,1,3,RETURN_ALIGNED,0.0044449680260393,0.7795263150554351,0.0057021397839235
149014,0,2,3,1,NATIVE,-0.0152283932508867,-0.0777611725975605,0.195835437432131
149014,0,2,3,1,RETURN_ALIGNED,0.1955424561731579,0.6506869129818782,0.3005169648748482
149014,0,2,3,2,NATIVE,0.0059307109918037,0.5821502835221851,0.0101875944400627
149014,0,2,3,2,RETURN_ALIGNED,0.0153176224663276,0.8062047673699211,0.0189996674370261
149014,0,2,3,3,NATIVE,0.0004449070025241,0.3764633153749906,0.0011818070544769
149014,0,2,3,3,RETURN_ALIGNED,0.0015738299219717,0.4552801984442584,0.0034568380670863
149014,0,2,4,1,NATIVE,0.0735835549059967,0.257377816541393,0.2858970360956479
149014,0,2,4,1,RETURN_ALIGNED,0.2888654680206015,0.5888689079013482,0.4905429105605312
149014,0,2,4,2,NATIVE,0.0086475408950952,0.3275796537768882,0.0263982844934005
149014,0,2,4,2,RETURN_ALIGNED,0.0337448712712634,0.4856991985242453,0.0694768930506069
149014,0,2,4,3,NATIVE,-0.0001397926756351,-0.108039948068877,0.0012938980247412
149014,0,2,4,3,RETURN_ALIGNED,0.0027611060938063,0.3728772722275192,0.007404865618393
149014,0,2,5,1,NATIVE,0.2890516618311092,0.925684225412723,0.3122573053483249
149014,0,2,5,1,RETURN_ALIGNED,0.3799579860632769,0.7480470397314569,0.5079332794358923
149014,0,2,5,2,NATIVE,-0.0107292061013693,-0.4963186769156679,0.0216175747541876
149014,0,2,5,2,RETURN_ALIGNED,0.0542356340934182,0.7836818153372282,0.0692061918882311
149014,0,2,5,3,NATIVE,0.000718208330785,0.4521048966133418,0.0015885878076246
149014,0,2,5,3,RETURN_ALIGNED,0.0053417863324808,0.7832981494590809,0.006819607998348
149014,0,2,6,1,NATIVE,0.0789761092211495,0.5319943993663685,0.1484528959611714
149014,0,2,6,1,RETURN_ALIGNED,0.1565268215763401,0.5049404455399286,0.3099906592130844
149014,0,2,6,2,NATIVE,0.0020587590964521,0.2093209378289205,0.0098354188435744
149014,0,2,6,2,RETURN_ALIGNED,0.0287901779518273,0.5736857136572766,0.0501845823697229
149014,0,2,6,3,NATIVE,0.0002014826968865,0.4271436659981263,0.0004716977267831
149014,0,2,6,3,RETURN_ALIGNED,0.0023562804360338,0.6180478946623069,0.0038124560498977
149014,0,2,7,1,NATIVE,0.1132910805280265,0.6794243208377818,0.1667456949263634
149014,0,2,7,1,RETURN_ALIGNED,0.2531936354632897,0.6727279042165576,0.3763685642832194
149014,0,2,7,2,NATIVE,-0.0062701837020557,-0.5449240704895453,0.0115065273154231
149014,0,2,7,2,RETURN_ALIGNED,0.0391670024893069,0.7985698325963655,0.049046433875134
149014,0,2,7,3,NATIVE,-0.0001248030869174,-0.1127655313964541,0.0011067485357087
149014,0,2,7,3,RETURN_ALIGNED,0.0041644906741744,0.5447184174229215,0.0076452173089356
149014,2,4,0,1,NATIVE,0.0292756082347412,0.1251857930487765,0.2338572734313206
149014,2,4,0,1,RETURN_ALIGNED,0.1617953185570948,0.6295064845363162,0.2570193040603679
149014,2,4,0,2,NATIVE,0.0035168298818642,0.3234580012388853,0.0108726012907851
149014,2,4,0,2,RETURN_ALIGNED,0.0128218935580869,0.7812541154673072,0.0164119372993337
149014,2,4,0,3,NATIVE,0.0013481396235174,0.816844134895642,0.0016504245584229
149014,2,4,0,3,RETURN_ALIGNED,0.0023791408845372,0.8147367059036383,0.0029201346452504
149014,2,4,1,1,NATIVE,-0.0140289463858495,-0.0737134939916336,0.1903172082364402
149014,2,4,1,1,RETURN_ALIGNED,0.1454545017416714,0.5539341351159287,0.2625844708255312
149014,2,4,1,2,NATIVE,0.0022542401068552,0.3244209468416836,0.0069485035683512
149014,2,4,1,2,RETURN_ALIGNED,0.0205162256990683,0.7707721532574744,0.026617756767911
149014,2,4,1,3,NATIVE,0.0001608746893548,0.2323174777099397,0.000692477770398
149014,2,4,1,3,RETURN_ALIGNED,0.0020543717244516,0.4168358046501134,0.0049284915088389
149014,2,4,3,1,NATIVE,0.2310290978485888,0.6519276926339838,0.3543784080025687
149014,2,4,3,1,RETURN_ALIGNED,0.5745377367755542,0.7870346937921212,0.7300030625171037
149014,2,4,3,2,NATIVE,0.0080789198241806,0.2714497049530796,0.029762124166561
149014,2,4,3,2,RETURN_ALIGNED,0.0630122728677269,0.8301622912332859,0.075903559499163
149014,2,4,3,3,NATIVE,0.0011398526061877,0.4630219944758159,0.0024617677273963
149014,2,4,3,3,RETURN_ALIGNED,0.0057354441234097,0.8740965015530319,0.006561568553778
149014,2,4,5,1,NATIVE,0.0938961477425449,0.7401433037673889,0.1268621188147698
149014,2,4,5,1,RETURN_ALIGNED,0.1391530492436165,0.6750694741920779,0.2061314495224547
149014,2,4,5,2,NATIVE,-0.0028676531619424,-0.4720074221498312,0.0060754408241963
149014,2,4,5,2,RETURN_ALIGNED,0.020267509433143,0.8133072184356057,0.0249198691141287
149014,2,4,5,3,NATIVE,4.743034832218325e-05,0.0627385936582194,0.0007559995441914
149014,2,4,5,3,RETURN_ALIGNED,0.0026342590292054,0.4404760020388437,0.0059804825148711
149014,2,4,6,1,NATIVE,0.0482415172584833,0.410203648318209,0.1176038230186653
149014,2,4,6,1,RETURN_ALIGNED,0.1636960219730244,0.5797757830686161,0.2823436693173907
149014,2,4,6,2,NATIVE,0.0033759201960568,0.8033962556553541,0.004202061152411
149014,2,4,6,2,RETURN_ALIGNED,0.0175392903001007,0.7955083448570528,0.0220479023423468
149014,2,4,6,3,NATIVE,0.0004749691274166,0.881066338074264,0.0005390844075398
149014,2,4,6,3,RETURN_ALIGNED,0.0035398285475213,0.9447864862126912,0.0037466968425666
149014,2,4,7,1,NATIVE,0.2520535997874208,0.7172929475628305,0.3513956196608273
149014,2,4,7,1,RETURN_ALIGNED,0.6739083516460431,0.8350112021197382,0.807065042882276
149014,2,4,7,2,NATIVE,0.0057929651805222,0.1625815657877523,0.0356311316848315
149014,2,4,7,2,RETURN_ALIGNED,0.0834406754658167,0.7391035410195089,0.1128944333685517
149014,2,4,7,3,NATIVE,8.210617057464439e-05,0.0341265638695039,0.0024059313623653
149014,2,4,7,3,RETURN_ALIGNED,0.0083610714725209,0.8472768078510615,0.0098681698688797
149014,4,6,0,1,NATIVE,0.1753741731396308,0.7674251757644786,0.2285228302092584
149014,4,6,0,1,RETURN_ALIGNED,0.2421092938349231,0.6548500479359869,0.3697171506636622
149014,4,6,0,2,NATIVE,-0.0141012555155424,-0.5893675566178612,0.0239260803493279
149014,4,6,0,2,RETURN_ALIGNED,0.044480953993889,0.6173004768179238,0.072057216321241
149014,4,6,0,3,NATIVE,0.0006102310636311,0.3911824911111657,0.0015599651733619
149014,4,6,0,3,RETURN_ALIGNED,0.0038230849480248,0.5359686737011504,0.0071330380564371
149014,4,6,1,1,NATIVE,0.3323948855724521,0.8679116702620725,0.3829823897537318
149014,4,6,1,1,RETURN_ALIGNED,0.4418142046805883,0.6678938694606449,0.6615036084059682
149014,4,6,1,2,NATIVE,-0.0038261834145044,-0.1495037309002277,0.0255925614095168
149014,4,6,1,2,RETURN_ALIGNED,0.0471783820493668,0.7742943876005413,0.0609308071999952
149014,4,6,1,3,NATIVE,0.0002725503444975,0.1718576942261668,0.0015859071328792
149014,4,6,1,3,RETURN_ALIGNED,0.0028686672124417,0.7064092429198233,0.0040609140318004
149014,4,6,2,1,NATIVE,0.0345431092627455,0.2555638209660279,0.1351643168118511
149014,4,6,2,1,RETURN_ALIGNED,0.1829116904756906,0.6406306450756283,0.2855181716353893
149014,4,6,2,2,NATIVE,0.0057457346802947,0.6560377412057663,0.0087582380080388
149014,4,6,2,2,RETURN_ALIGNED,0.0142694128289139,0.7266390184283101,0.019637553814776
149014,4,6,2,3,NATIVE,-5.117680342335355e-05,-0.097975848220934,0.0005223410067025
149014,4,6,2,3,RETURN_ALIGNED,0.0007614241706228,0.5815104973582568,0.0013093902392328
149014,4,6,3,1,NATIVE,-0.0239114065182325,-0.1326351914774831,0.1802795038923033
149014,4,6,3,1,RETURN_ALIGNED,0.1853951267338268,0.6799385662182633,0.27266452580403
149014,4,6,3,2,NATIVE,0.0057753392305812,0.5802086427435527,0.0099539007264204
149014,4,6,3,2,RETURN_ALIGNED,0.0163088968742914,0.8105391381434174,0.0201210479626047
149014,4,6,3,3,NATIVE,0.0006276281533221,0.4841546273203984,0.0012963382294759
149014,4,6,3,3,RETURN_ALIGNED,0.0020366288158625,0.6254588199394661,0.0032562156767346
149014,4,6,5,1,NATIVE,0.2906929474780189,0.8648259694309872,0.3361288371913687
149014,4,6,5,1,RETURN_ALIGNED,0.3762380995283077,0.7039265628344488,0.5344848729861418
149014,4,6,5,2,NATIVE,-0.0131110309388697,-0.5692321787865056,0.0230328351522784
149014,4,6,5,2,RETURN_ALIGNED,0.0624020631847106,0.7488919949636823,0.0833258515279937
149014,4,6,5,3,NATIVE,0.0009063827730101,0.5449508995742066,0.0016632374929075
149014,4,6,5,3,RETURN_ALIGNED,0.0081075594396612,0.7232627789446533,0.0112097009123841
149014,4,6,7,1,NATIVE,0.100073921244162,0.6739244648021766,0.14849426971536
149014,4,6,7,1,RETURN_ALIGNED,0.2385504338789494,0.700629122015111,0.3404803288690082
149014,4,6,7,2,NATIVE,-0.0060097185159421,-0.5609869081113911,0.0107127607238632
149014,4,6,7,2,RETURN_ALIGNED,0.0361025518447467,0.7908636208558893,0.0456495290622995
149014,4,6,7,3,NATIVE,-0.0002686843390746,-0.2200233231406702,0.0012211629877493
149014,4,6,7,3,RETURN_ALIGNED,0.0044873900866238,0.5607043274852699,0.0080031308224466
149014,6,0,1,1,NATIVE,0.0070546816003909,0.0349796651754106,0.2016795062219696
149014,6,0,1,1,RETURN_ALIGNED,0.1530792380627846,0.554919934629015,0.2758582428022902
149014,6,0,1,2,NATIVE,0.0028022162986492,0.3243308347175546,0.0086399934837399
149014,6,0,1,2,RETURN_ALIGNED,0.0225425534840561,0.7449128556606426,0.0302620008669445
149014,6,0,1,3,NATIVE,0.000133150481473,0.1943791309103676,0.0006850039949486
149014,6,0,1,3,RETURN_ALIGNED,0.00162402765124,0.4101335714968878,0.0039597530257171
149014,6,0,2,1,NATIVE,0.0492418619138568,0.368653504521596,0.1335722061769125
149014,6,0,2,1,RETURN_ALIGNED,0.2405201309088327,0.5841292987474368,0.4117583751140758
149014,6,0,2,2,NATIVE,-0.0014437365471657,-0.2583829500286295,0.0055875844242403
149014,6,0,2,2,RETURN_ALIGNED,0.034961779743444,0.7457262989796496,0.0468828574116446
149014,6,0,2,3,NATIVE,-7.870993676447677e-05,-0.1428673388720163,0.0005509302333532
149014,6,0,2,3,RETURN_ALIGNED,0.0058214597981402,0.7654361227414708,0.0076054155571459
149014,6,0,3,1,NATIVE,0.1914935655517141,0.5533640930835622,0.3460534717467688
149014,6,0,3,1,RETURN_ALIGNED,0.5213533365210257,0.7352690610418123,0.7090647004543063
149014,6,0,3,2,NATIVE,0.0096029654602587,0.4167612514681573,0.0230418865142708
149014,6,0,3,2,RETURN_ALIGNED,0.045257269258712,0.8408129671555551,0.0538256081029113
149014,6,0,3,3,NATIVE,0.0010991859819628,0.5281466728293418,0.0020812134881926
149014,6,0,3,3,RETURN_ALIGNED,0.0046177788252894,0.8953787584821222,0.0051573468511914
149014,6,0,4,1,NATIVE,0.1667610288748617,0.7090735397906883,0.235181570763452
149014,6,0,4,1,RETURN_ALIGNED,0.3264038022138166,0.7661527891510758,0.4260296468742364
149014,6,0,4,2,NATIVE,-0.0082455211192475,-0.4952125929773374,0.0166504673667871
149014,6,0,4,2,RETURN_ALIGNED,0.0438878814186525,0.7563103865068911,0.0580289286003041
149014,6,0,4,3,NATIVE,-0.0024299785394701,-0.7124630194767049,0.0034106732039735
149014,6,0,4,3,RETURN_ALIGNED,0.0122163093623185,0.5639058093301975,0.0216637409161744
149014,6,0,5,1,NATIVE,0.0965261062505972,0.7125802478467883,0.1354599801807807
149014,6,0,5,1,RETURN_ALIGNED,0.1476730502434294,0.6777381293400019,0.2178910169731615
149014,6,0,5,2,NATIVE,-0.0031533272287184,-0.460709522541864,0.0068445019568993
149014,6,0,5,2,RETURN_ALIGNED,0.0227842899833837,0.8036893786541828,0.0283496218667648
149014,6,0,5,3,NATIVE,6.355668887095277e-05,0.0935560458392065,0.0006793434689024
149014,6,0,5,3,RETURN_ALIGNED,0.0021511414578733,0.3901567014525754,0.0055135319968269
149014,6,0,7,1,NATIVE,0.2465250196215899,0.7408796369710071,0.3327463832442162
149014,6,0,7,1,RETURN_ALIGNED,0.6106961477522682,0.8225345922450069,0.7424564918119162
149014,6,0,7,2,NATIVE,-0.005142215604276,-0.1649031642402871,0.0311832439825215
149014,6,0,7,2,RETURN_ALIGNED,0.0858900802313274,0.7671355759168482,0.111962061109567
149014,6,0,7,3,NATIVE,-0.0003107471632473,-0.1195690391525594,0.0025988931960642
149014,6,0,7,3,RETURN_ALIGNED,0.0115664964339657,0.8651072348478321,0.0133700146772161
149015,0,2,1,1,NATIVE,0.259232460708746,0.860156442374398,0.3013782702051485
149015,0,2,1,1,RETURN_ALIGNED,0.330229034309038,0.7962089004134892,0.4147517493680814
149015,0,2,1,2,NATIVE,0.0064890796547254,0.5531473824752162,0.0117311947225075
149015,0,2,1,2,RETURN_ALIGNED,0.0264127637803107,0.8508300932772511,0.0310435232463069
149015,0,2,1,3,NATIVE,3.187113731694597e-05,0.1449615598031956,0.0002198592308389
149015,0,2,1,3,RETURN_ALIGNED,0.0009475295773516,0.7314644799391335,0.0012953869968262
149015,0,2,3,1,NATIVE,0.0296047503444157,0.1839620725318065,0.1609285541142418
149015,0,2,3,1,RETURN_ALIGNED,0.1270229725069447,0.5384591676475388,0.2359008447415941
149015,0,2,3,2,NATIVE,0.0014075027032866,0.2915497665398284,0.0048276584816409
149015,0,2,3,2,RETURN_ALIGNED,0.0042363595032098,0.5191785892835968,0.0081597346088595
149015,0,2,3,3,NATIVE,1.139106463250191e-05,0.0841854714837484,0.0001353091501673
149015,0,2,3,3,RETURN_ALIGNED,0.0002421560154274,0.5108043705264749,0.0004740680174649
149015,0,2,4,1,NATIVE,0.0184771322888446,0.1666704734678112,0.1108602615951191
149015,0,2,4,1,RETURN_ALIGNED,0.0931897226949937,0.4792291954825661,0.1944575238182234
149015,0,2,4,2,NATIVE,-0.0008407552464761,-0.2080562037412935,0.004041000610718
149015,0,2,4,2,RETURN_ALIGNED,0.0040755887464735,0.395733376373361,0.0102988248897431
149015,0,2,4,3,NATIVE,-5.6698056333896015e-05,-0.4322917964689243,0.0001311569074533
149015,0,2,4,3,RETURN_ALIGNED,0.0003758970148549,0.58882697752193,0.0006383827976338
149015,0,2,5,1,NATIVE,0.1987770816631719,0.4699286556935735,0.4229941699759987
149015,0,2,5,1,RETURN_ALIGNED,0.4063742497853218,0.7681765286150812,0.5290115418102931
149015,0,2,5,2,NATIVE,0.0096080702615866,0.7219407992992466,0.0133086677878516
149015,0,2,5,2,RETURN_ALIGNED,0.0296019839300212,0.8460297332502874,0.0349892950155552
149015,0,2,5,3,NATIVE,7.159056648081408e-05,0.172495318028051,0.0004150290339648
149015,0,2,5,3,RETURN_ALIGNED,0.0007975940988473,0.4315406153557593,0.0018482480380244
149015,0,2,6,1,NATIVE,0.1281943934482586,0.6907309566420322,0.1855923673544773
149015,0,2,6,1,RETURN_ALIGNED,0.1858845867730803,0.7150398271023573,0.2599639624639145
149015,0,2,6,2,NATIVE,0.0048813046867771,0.5610567027994062,0.0087001985044507
149015,0,2,6,2,RETURN_ALIGNED,0.0120710188117331,0.6731806975189683,0.0179313204552945
149015,0,2,6,3,NATIVE,2.1299386890189103e-05,0.076579038144995,0.0002781359926638
149015,0,2,6,3,RETURN_ALIGNED,0.0008800261219865,0.7712803186851185,0.0011409938769028
149015,0,2,7,1,NATIVE,0.0585513517183438,0.5133941708756113,0.1140475584646015
149015,0,2,7,1,RETURN_ALIGNED,0.1106313517318596,0.6521225128863094,0.1696481098960628
149015,0,2,7,2,NATIVE,0.0001060106913936,0.0243171767603709,0.0043594983264767
149015,0,2,7,2,RETURN_ALIGNED,0.0039258289085719,0.5537106082792642,0.0070900373766056
149015,0,2,7,3,NATIVE,5.707088058396449e-06,0.0533568067082705,0.0001069608246505
149015,0,2,7,3,RETURN_ALIGNED,0.0002618484921073,0.668312102244665,0.0003918057013715
149015,2,4,0,1,NATIVE,0.0837156419502184,0.5032227446117443,0.1663590186383327
149015,2,4,0,1,RETURN_ALIGNED,0.1015240236853986,0.4841833829149614,0.2096809334390548
149015,2,4,0,2,NATIVE,-2.366333943256333e-05,-0.0083805037367102,0.002823617788877
149015,2,4,0,2,RETURN_ALIGNED,0.0014176982115648,0.454636036015834,0.0031183146498659
149015,2,4,0,3,NATIVE,-8.506870312180313e-06,-0.158856559216015,5.355063890235812e-05
149015,2,4,0,3,RETURN_ALIGNED,9.722564915380689e-05,0.6465045755827465,0.0001503866368955
149015,2,4,1,1,NATIVE,0.0740414738233075,0.578635848792638,0.1279586703412504
149015,2,4,1,1,RETURN_ALIGNED,0.1173545382962857,0.6487999327198617,0.1808793934430551
149015,2,4,1,2,NATIVE,-0.0001523623216139,-0.0428047936223651,0.0035594686649692
149015,2,4,1,2,RETURN_ALIGNED,0.0056297397883306,0.5889613563677257,0.0095587592078826
149015,2,4,1,3,NATIVE,-1.0540874440871311e-05,-0.1324786930323399,7.956656400028784e-05
149015,2,4,1,3,RETURN_ALIGNED,0.0003726937565755,0.7575004787716493,0.0004920046479588
149015,2,4,3,1,NATIVE,0.284568584746588,0.9414421719144374,0.3022687884989614
149015,2,4,3,1,RETURN_ALIGNED,0.3949183832868184,0.8926577887132451,0.4424073685123488
149015,2,4,3,2,NATIVE,0.0103857317159371,0.6092772080539398,0.0170459875700884
149015,2,4,3,2,RETURN_ALIGNED,0.0263175589781544,0.728253194095475,0.0361379245442344
149015,2,4,3,3,NATIVE,0.0001068027812902,0.2003607048256422,0.0005330525283435
149015,2,4,3,3,RETURN_ALIGNED,0.0017645417936087,0.7359818207180829,0.0023975344774309
149015,2,4,5,1,NATIVE,-0.0142817211662104,-0.0965297004557579,0.1479515744768255
149015,2,4,5,1,RETURN_ALIGNED,0.123253507821999,0.5992289269821207,0.2056868456646599
149015,2,4,5,2,NATIVE,0.0012416893650232,0.3806818635451692,0.0032617507790391
149015,2,4,5,2,RETURN_ALIGNED,0.0053779153695342,0.6099498088252037,0.008816980170599
149015,2,4,5,3,NATIVE,2.3637777006543343e-05,0.2721920385744816,8.684227886340645e-05
149015,2,4,5,3,RETURN_ALIGNED,0.0003274709349093,0.6298078044658099,0.0005199537579293
149015,2,4,6,1,NATIVE,0.14960844329645,0.4636535869135961,0.3226728909664573
149015,2,4,6,1,RETURN_ALIGNED,0.2869649642113023,0.6901575175429083,0.4157963318763196
149015,2,4,6,2,NATIVE,0.0031833914141727,0.5499060533724132,0.0057889732156435
149015,2,4,6,2,RETURN_ALIGNED,0.0072222428547661,0.6175016964815468,0.0116959077130132
149015,2,4,6,3,NATIVE,2.520816142373868e-05,0.1636662302911429,0.000154021763129
149015,2,4,6,3,RETURN_ALIGNED,0.0003477006839196,0.5425686225225118,0.0006408418571506
149015,2,4,7,1,NATIVE,0.2559555791176539,0.7453558227152588,0.3434005226993614
149015,2,4,7,1,RETURN_ALIGNED,0.3587838211562331,0.8181244144399532,0.4385443275172615
149015,2,4,7,2,NATIVE,0.0060023807935503,0.408378942834338,0.0146980663387814
149015,2,4,7,2,RETURN_ALIGNED,0.0135559076741447,0.7063492357784381,0.0191915089403327
149015,2,4,7,3,NATIVE,8.57918060176899e-05,0.2263943775247356,0.00037894848058
149015,2,4,7,3,RETURN_ALIGNED,0.0008104498500238,0.7499265899090528,0.0010807055767875
149015,4,6,0,1,NATIVE,0.0186638424830722,0.2006506379558336,0.0930166117247294
149015,4,6,0,1,RETURN_ALIGNED,0.1010846116894198,0.6596111948817296,0.1532487812119344
149015,4,6,0,2,NATIVE,0.0016103987705395,0.3076827489787295,0.0052339586008616
149015,4,6,0,2,RETURN_ALIGNED,0.0087094689493135,0.6044811302678674,0.0144081734116211
149015,4,6,0,3,NATIVE,2.8661008063735788e-05,0.2563102559381354,0.0001118215405567
149015,4,6,0,3,RETURN_ALIGNED,0.0003538793309517,0.5686886009376109,0.0006222725926212
149015,4,6,1,1,NATIVE,0.2410240667273493,0.7890236157457302,0.3054712963178152
149015,4,6,1,1,RETURN_ALIGNED,0.3164171587049244,0.7690999169481723,0.4114122908248039
149015,4,6,1,2,NATIVE,0.0013805832324992,0.1794239221596413,0.0076945326787324
149015,4,6,1,2,RETURN_ALIGNED,0.0116483195989742,0.56862609759355,0.0204850246022322
149015,4,6,1,3,NATIVE,-1.9631191612686342e-06,-0.0104383590876021,0.0001880677920519
149015,4,6,1,3,RETURN_ALIGNED,0.0008441748662182,0.7585011169272088,0.0011129513804116
149015,4,6,2,1,NATIVE,0.0546373151526583,0.2158013177685391,0.2531834175880166
149015,4,6,2,1,RETURN_ALIGNED,0.2084527091218231,0.587222190792978,0.3549809806068097
149015,4,6,2,2,NATIVE,0.002728039585932,0.1803099019777081,0.0151297269636303
149015,4,6,2,2,RETURN_ALIGNED,0.0118152968745283,0.4001031569460329,0.0295306264622883
149015,4,6,2,3,NATIVE,8.367161167911044e-05,0.2407094858664823,0.0003476041289921
149015,4,6,2,3,RETURN_ALIGNED,0.0007441371527727,0.6141359868399008,0.0012116813986363
149015,4,6,3,1,NATIVE,0.0307315193659251,0.1953024460822733,0.1573534790904044
149015,4,6,3,1,RETURN_ALIGNED,0.1318912946926183,0.5646929144087328,0.2335628645715891
149015,4,6,3,2,NATIVE,0.0024367973408657,0.3198754688096457,0.0076179562935844
149015,4,6,3,2,RETURN_ALIGNED,0.0073415137288448,0.5542306831837337,0.0132463141277693
149015,4,6,3,3,NATIVE,2.161238371846653e-05,0.1027850933340333,0.0002102676850298
149015,4,6,3,3,RETURN_ALIGNED,0.0004639250836768,0.5911130240892128,0.0007848331271139
149015,4,6,5,1,NATIVE,0.1978855198679544,0.5105986392845168,0.387555909167955
149015,4,6,5,1,RETURN_ALIGNED,0.3365409609818403,0.7289005671383637,0.46171038431611
149015,4,6,5,2,NATIVE,0.0033831100847034,0.5089349004660028,0.006647431884504
149015,4,6,5,2,RETURN_ALIGNED,0.0105233976748178,0.6769579043199512,0.015545128592765
149015,4,6,5,3,NATIVE,6.516533858199324e-05,0.2659505722379345,0.0002450280041574
149015,4,6,5,3,RETURN_ALIGNED,0.0004583798285998,0.3893049898724507,0.0011774311646554
149015,4,6,7,1,NATIVE,0.0576439028196252,0.4995069588491555,0.1154016011156541
149015,4,6,7,1,RETURN_ALIGNED,0.1169378327834772,0.6638194873777872,0.1761590839180948
149015,4,6,7,2,NATIVE,0.0010278677975151,0.1614276821963654,0.0063673577139907
149015,4,6,7,2,RETURN_ALIGNED,0.0071465185219156,0.6541752088809201,0.01092447164731
149015,4,6,7,3,NATIVE,1.1088318196495794e-05,0.0761783152482861,0.0001455574086799
149015,4,6,7,3,RETURN_ALIGNED,0.0004455130892413,0.7681469978519901,0.0005799841569011
149015,6,0,1,1,NATIVE,0.1044921957225622,0.6171258313237017,0.1693207291264992
149015,6,0,1,1,RETURN_ALIGNED,0.1537899379460962,0.6527043418808623,0.2356196030547194
149015,6,0,1,2,NATIVE,0.0003290136039699,0.0717295071466178,0.0045868655319886
149015,6,0,1,2,RETURN_ALIGNED,0.0069372864331684,0.5987041048706533,0.0115871703177362
149015,6,0,1,3,NATIVE,-6.509883995564447e-06,-0.0590573801439667,0.0001102298129738
149015,6,0,1,3,RETURN_ALIGNED,0.0004925152028693,0.7729172759114812,0.0006372159322326
149015,6,0,2,1,NATIVE,0.2761176582001168,0.7110040712648593,0.3883489129798945
149015,6,0,2,1,RETURN_ALIGNED,0.3163070133246807,0.698268116473273,0.4529879080289826
149015,6,0,2,2,NATIVE,0.0009334821764334,0.0882951978054034,0.0105722870506841
149015,6,0,2,2,RETURN_ALIGNED,0.009726591294167,0.6027260236488089,0.0161376660576679
149015,6,0,2,3,NATIVE,2.311081501201217e-05,0.1221540110799166,0.0001891940734195
149015,6,0,2,3,RETURN_ALIGNED,0.0005206457399105,0.7194315311387833,0.0007236904652579
149015,6,0,3,1,NATIVE,0.2000160799318368,0.6254129568768624,0.3198144165904829
149015,6,0,3,1,RETURN_ALIGNED,0.2880814133434354,0.6658835680653268,0.4326303082989605
149015,6,0,3,2,NATIVE,0.0060834302200546,0.5137740582865882,0.0118406722208529
149015,6,0,3,2,RETURN_ALIGNED,0.0132470682298158,0.6210149062787238,0.0213313208676895
149015,6,0,3,3,NATIVE,7.406279566834182e-05,0.2253796530667159,0.0003286134937997
149015,6,0,3,3,RETURN_ALIGNED,0.0005171749899633,0.4443768630872978,0.0011638206937645
149015,6,0,4,1,NATIVE,0.0561467743886312,0.266922258467979,0.2103487911079155
149015,6,0,4,1,RETURN_ALIGNED,0.1754785332587196,0.5447794433387076,0.3221093148873582
149015,6,0,4,2,NATIVE,-0.0008586496294057,-0.2191176521152522,0.0039186693587741
149015,6,0,4,2,RETURN_ALIGNED,0.004507097201791,0.5644029549357465,0.0079856017090839
149015,6,0,4,3,NATIVE,9.359191581747252e-06,0.1204539269301004,7.769934698875761e-05
149015,6,0,4,3,RETURN_ALIGNED,0.0002240794067415,0.5306123925702614,0.0004223033788198
149015,6,0,5,1,NATIVE,0.0021496539287263,0.0119188139719805,0.1803580401354556
149015,6,0,5,1,RETURN_ALIGNED,0.1538395376075354,0.6359810932148764,0.2418932563385426
149015,6,0,5,2,NATIVE,0.001386315348386,0.347037023466149,0.0039947188760615
149015,6,0,5,2,RETURN_ALIGNED,0.0065054388344928,0.6278372981762306,0.0103616635285824
149015,6,0,5,3,NATIVE,3.250388786573444e-05,0.2538852029956369,0.0001280259239211
149015,6,0,5,3,RETURN_ALIGNED,0.0004292263707752,0.5917568318281554,0.0007253424840479
149015,6,0,7,1,NATIVE,0.141049809935222,0.7089851576437904,0.1989460687779359
149015,6,0,7,1,RETURN_ALIGNED,0.2162133224104934,0.7479442274303907,0.2890767980832307
149015,6,0,7,2,NATIVE,0.0023047852211334,0.2258488408549504,0.0102049902594054
149015,6,0,7,2,RETURN_ALIGNED,0.0112101170971955,0.6451946056651972,0.0173747842874847
149015,6,0,7,3,NATIVE,1.543603783302721e-05,0.0729669884285437,0.0002115482371016
149015,6,0,7,3,RETURN_ALIGNED,0.0005818703261612,0.6875073413106393,0.000846347799641
149016,0,2,1,1,NATIVE,0.1189944287873425,0.7881886245456723,0.150972019998125
149016,0,2,1,1,RETURN_ALIGNED,0.2534735037804422,0.923101565333849,0.2745889653958395
149016,0,2,1,2,NATIVE,0.0020553212148259,0.3181999369247709,0.0064592131426347
149016,0,2,1,2,RETURN_ALIGNED,0.0221904669941536,0.939046246329092,0.0236308563930239
149016,0,2,1,3,NATIVE,-0.0001295138608958,-0.3625585009787898,0.000357221962356
149016,0,2,1,3,RETURN_ALIGNED,0.0023298611711567,0.8170370738749922,0.0028515978550015
149016,0,2,3,1,NATIVE,0.1532872377953592,0.4999966526788119,0.3065765280107456
149016,0,2,3,1,RETURN_ALIGNED,0.2278943419212933,0.5806991980689451,0.392448177436847
149016,0,2,3,2,NATIVE,0.0093601502912448,0.7004433204744814,0.0133631801701636
149016,0,2,3,2,RETURN_ALIGNED,0.0167026062059071,0.7247127129373183,0.0230472101661287
149016,0,2,3,3,NATIVE,3.106000798646058e-05,0.1565484643278617,0.0001984050629768
149016,0,2,3,3,RETURN_ALIGNED,0.0002819580852989,0.4735106785993422,0.000595462991339
149016,0,2,4,1,NATIVE,0.1576262739692883,0.6288065076656244,0.2506753222932785
149016,0,2,4,1,RETURN_ALIGNED,0.3067860940886208,0.7043415101150667,0.4355644097114445
149016,0,2,4,2,NATIVE,0.002999006545399,0.2084059241951288,0.0143902173446566
149016,0,2,4,2,RETURN_ALIGNED,0.0374979883079171,0.7145324253259934,0.052479057601568
149016,0,2,4,3,NATIVE,-2.8816501050900185e-05,-0.1232567694901483,0.0002337924406824
149016,0,2,4,3,RETURN_ALIGNED,0.0007441177854533,0.573090630197085,0.0012984295081223
149016,0,2,5,1,NATIVE,0.1073574322241666,0.8544741584540956,0.125641520181593
149016,0,2,5,1,RETURN_ALIGNED,0.212625513441542,0.9133027846676166,0.232809443933561
149016,0,2,5,2,NATIVE,0.0029731680692935,0.4246521111483026,0.007001420670778
149016,0,2,5,2,RETURN_ALIGNED,0.0249479683673946,0.9028093249240536,0.027633707005229
149016,0,2,5,3,NATIVE,-6.58963304814221e-07,-0.0022511772537138,0.000292719418968
149016,0,2,5,3,RETURN_ALIGNED,0.0020955068849801,0.8514024769078067,0.0024612412332958
149016,0,2,6,1,NATIVE,0.0752433257724821,0.486790184076697,0.1545703431040422
149016,0,2,6,1,RETURN_ALIGNED,0.1837415872550738,0.637161687424179,0.2883751344149414
149016,0,2,6,2,NATIVE,0.0032775725434041,0.3838885884353571,0.0085378222791532
149016,0,2,6,2,RETURN_ALIGNED,0.0225941461379312,0.7607154234108738,0.0297011805491582
149016,0,2,6,3,NATIVE,-1.2413937147636045e-05,-0.0924569913686298,0.0001342671541079
149016,0,2,6,3,RETURN_ALIGNED,0.0003987666223451,0.6417674935722918,0.0006213568403934
149016,0,2,7,1,NATIVE,0.1368485909550557,0.703315142777609,0.1945764887338368
149016,0,2,7,1,RETURN_ALIGNED,0.2698065190401828,0.7342534535758622,0.3674569288386236
149016,0,2,7,2,NATIVE,0.0002752672575959,0.025787770635659,0.0106743332516157
149016,0,2,7,2,RETURN_ALIGNED,0.0377193935996186,0.7187730135317665,0.0524774760447494
149016,0,2,7,3,NATIVE,-4.270896839673405e-06,-0.0221072727365429,0.0001931896748814
149016,0,2,7,3,RETURN_ALIGNED,0.000998657025159,0.501894738657718,0.0019897738471357
149016,2,4,0,1,NATIVE,0.1864385800115647,0.8137322174810571,0.2291153969405129
149016,2,4,0,1,RETURN_ALIGNED,0.3525159614029292,0.8953534465560716,0.3937170988270232
149016,2,4,0,2,NATIVE,0.0036763969137047,0.3876230582672434,0.0094844639270877
149016,2,4,0,2,RETURN_ALIGNED,0.0268175655967497,0.8066019620977599,0.033247582892648
149016,2,4,0,3,NATIVE,5.1262742164289366e-05,0.1651401943958545,0.000310419532703
149016,2,4,0,3,RETURN_ALIGNED,0.0010469027801523,0.5824431381786375,0.0017974334503432
149016,2,4,1,1,NATIVE,0.0415767658744128,0.3644903871855976,0.1140682095772072
149016,2,4,1,1,RETURN_ALIGNED,0.1204264306688353,0.6521510323581264,0.1846603389299286
149016,2,4,1,2,NATIVE,0.0011806657742226,0.1486170708070184,0.0079443483011127
149016,2,4,1,2,RETURN_ALIGNED,0.0129802944799304,0.6977692941760617,0.0186025590222342
149016,2,4,1,3,NATIVE,-3.58384056211037e-05,-0.3574641617478418,0.0001002573384543
149016,2,4,1,3,RETURN_ALIGNED,0.0001605948719953,0.4194483904013122,0.0003828715891378
149016,2,4,3,1,NATIVE,0.3141288894559176,0.904898706245918,0.3471425998153329
149016,2,4,3,1,RETURN_ALIGNED,0.4818755772754291,0.7919435838266123,0.6084721022006936
149016,2,4,3,2,NATIVE,0.0072233822751129,0.4802892698717762,0.0150396494939313
149016,2,4,3,2,RETURN_ALIGNED,0.0445535751081021,0.7479346381069925,0.0595688083387265
149016,2,4,3,3,NATIVE,0.0001113771302433,0.1571937926445446,0.0007085338911074
149016,2,4,3,3,RETURN_ALIGNED,0.0031864469026903,0.6934289313243359,0.0045952032800295
149016,2,4,5,1,NATIVE,0.0760087217635767,0.7788444878629898,0.0975916539797127
149016,2,4,5,1,RETURN_ALIGNED,0.1440932866375572,0.809386870757778,0.1780277044803165
149016,2,4,5,2,NATIVE,0.0016746228319945,0.3227647585441112,0.0051883695092001
149016,2,4,5,2,RETURN_ALIGNED,0.0186872602539258,0.8535370404608149,0.0218939066118615
149016,2,4,5,3,NATIVE,1.7900086061078367e-05,0.1527788226489977,0.0001171633980292
149016,2,4,5,3,RETURN_ALIGNED,0.0006330497391712,0.596129833606861,0.0010619326584209
149016,2,4,6,1,NATIVE,0.0955009704057028,0.4851315944814613,0.19685580467637
149016,2,4,6,1,RETURN_ALIGNED,0.269786008972212,0.8229315736400014,0.3278352874209361
149016,2,4,6,2,NATIVE,0.0036860054789443,0.6219820444378928,0.0059262248991541
149016,2,4,6,2,RETURN_ALIGNED,0.008645247792388,0.806294785866859,0.0107221923587369
149016,2,4,6,3,NATIVE,1.567666686384132e-05,0.1088497986025277,0.0001440210914699
149016,2,4,6,3,RETURN_ALIGNED,0.000339775718336,0.7003107791748853,0.0004851784779498
149016,2,4,7,1,NATIVE,0.2798676687539229,0.8679533995148996,0.3224455010029118
149016,2,4,7,1,RETURN_ALIGNED,0.4970727724676341,0.8146103483234113,0.6101969775986655
149016,2,4,7,2,NATIVE,0.0059656430034718,0.3483672023626645,0.017124582803576
149016,2,4,7,2,RETURN_ALIGNED,0.0527966096048517,0.7265773783664161,0.0726648133780985
149016,2,4,7,3,NATIVE,0.0001109941062938,0.186233726628193,0.000595993581327
149016,2,4,7,3,RETURN_ALIGNED,0.0031019556796319,0.6862792374333759,0.0045199614213043
149016,4,6,0,1,NATIVE,0.1246353427207796,0.8122347226644525,0.1534474447384874
149016,4,6,0,1,RETURN_ALIGNED,0.2276570666645427,0.824287689319172,0.2761864208508778
149016,4,6,0,2,NATIVE,0.0020201626748825,0.255204523118769,0.0079158576426956
149016,4,6,0,2,RETURN_ALIGNED,0.0273007235983884,0.8072986816770011,0.0338173766633199
149016,4,6,0,3,NATIVE,3.311206532523347e-05,0.1560544109736704,0.0002121828216357
149016,4,6,0,3,RETURN_ALIGNED,0.0010762325079669,0.6008121261720963,0.0017912962485147
149016,4,6,1,1,NATIVE,0.114176407304569,0.8264256267759905,0.1381569056006371
149016,4,6,1,1,RETURN_ALIGNED,0.2362628164887125,0.9202473526241648,0.2567383821478661
149016,4,6,1,2,NATIVE,0.0026022961349793,0.3331536102337553,0.0078110999089404
149016,4,6,1,2,RETURN_ALIGNED,0.0264429176079794,0.9079462726332352,0.0291238792469192
149016,4,6,1,3,NATIVE,-8.266684674555574e-05,-0.274869654791207,0.0003007492618065
149016,4,6,1,3,RETURN_ALIGNED,0.001450976251465,0.7017336803953441,0.0020677021632553
149016,4,6,2,1,NATIVE,0.0249094348646758,0.1764563038630476,0.1411648907935138
149016,4,6,2,1,RETURN_ALIGNED,0.1900014131074037,0.6902971134498008,0.2752458461803316
149016,4,6,2,2,NATIVE,0.0060669432913019,0.548891521308477,0.0110530825397946
149016,4,6,2,2,RETURN_ALIGNED,0.0260149025376437,0.6593034403939941,0.0394581628772681
149016,4,6,2,3,NATIVE,2.543036477027844e-05,0.1283302365106838,0.0001981634674778
149016,4,6,2,3,RETURN_ALIGNED,0.0004340537959528,0.5120375881268584,0.0008476990860337
149016,4,6,3,1,NATIVE,0.1096301189008945,0.3687383853439788,0.2973113818854508
149016,4,6,3,1,RETURN_ALIGNED,0.1853877477892751,0.5114032645000876,0.3625079475595706
149016,4,6,3,2,NATIVE,0.0091286345737648,0.6071960020832361,0.0150340821441948
149016,4,6,3,2,RETURN_ALIGNED,0.0240919730123349,0.6439119604312958,0.037415010889608
149016,4,6,3,3,NATIVE,1.8135615463610945e-05,0.0761155386140181,0.0002382642985876
149016,4,6,3,3,RETURN_ALIGNED,0.0007247296502283,0.500821688261025,0.0014470812006062
149016,4,6,5,1,NATIVE,0.1138752522334388,0.822243527885625,0.1384933397118445
149016,4,6,5,1,RETURN_ALIGNED,0.2302161119539234,0.919473409683088,0.2503782159759936
149016,4,6,5,2,NATIVE,0.0021373385089268,0.3574783133749827,0.0059789319484436
149016,4,6,5,2,RETURN_ALIGNED,0.0207464674993678,0.9175180470233524,0.0226115089137867
149016,4,6,5,3,NATIVE,-6.194244239544611e-06,-0.0250504488075731,0.0002472707870328
149016,4,6,5,3,RETURN_ALIGNED,0.0016026756064616,0.7458552180163677,0.0021487757494225
149016,4,6,7,1,NATIVE,0.1224601032997257,0.6972528910080183,0.175632263241882
149016,4,6,7,1,RETURN_ALIGNED,0.2434554685019191,0.7310046052863484,0.3330423183948561
149016,4,6,7,2,NATIVE,0.0013980575059739,0.1209414161950193,0.0115597910945604
149016,4,6,7,2,RETURN_ALIGNED,0.0340621450750365,0.6883535735894908,0.0494835014758211
149016,4,6,7,3,NATIVE,1.254388492174532e-05,0.0580996882689417,0.000215902791777
149016,4,6,7,3,RETURN_ALIGNED,0.000942099079518,0.5620039629879124,0.0016763210605956
149016,6,0,1,1,NATIVE,0.0495946872879027,0.4020222949193091,0.1233630271619527
149016,6,0,1,1,RETURN_ALIGNED,0.1393449912544872,0.6833253386629009,0.2039218851843769
149016,6,0,1,2,NATIVE,0.0016223251461125,0.2025736835553538,0.0080085681285494
149016,6,0,1,2,RETURN_ALIGNED,0.0142185809194585,0.7282117501624275,0.019525338495556
149016,6,0,1,3,NATIVE,-3.4595254807354066e-05,-0.3559405994402683,9.719389897046343e-05
149016,6,0,1,3,RETURN_ALIGNED,0.0001713820283065,0.4398979829556689,0.0003895949396602
149016,6,0,2,1,NATIVE,0.1021687553459517,0.4058877694115896,0.2517167627246643
149016,6,0,2,1,RETURN_ALIGNED,0.3159037523856438,0.7663009423042437,0.4122450266543228
149016,6,0,2,2,NATIVE,0.0039528021346269,0.2790917993029745,0.0141630895060381
149016,6,0,2,2,RETURN_ALIGNED,0.0163178512158846,0.473569665586037,0.0344571293318198
149016,6,0,2,3,NATIVE,-2.7535185990862675e-05,-0.1204965199500274,0.0002285143659473
149016,6,0,2,3,RETURN_ALIGNED,0.0004730912412059,0.4212397958055571,0.001123092465249
149016,6,0,3,1,NATIVE,0.3207165948584818,0.8555626093216417,0.3748604618340861
149016,6,0,3,1,RETURN_ALIGNED,0.503422279466622,0.7794721284279993,0.6458502634106902
149016,6,0,3,2,NATIVE,0.0071648923481877,0.4747105484412772,0.015093181247262
149016,6,0,3,2,RETURN_ALIGNED,0.0425365914800666,0.7401836638400441,0.0574676172377639
149016,6,0,3,3,NATIVE,7.81756639156706e-05,0.1150190007334832,0.000679676079082
149016,6,0,3,3,RETURN_ALIGNED,0.0032904066689884,0.7648659147006631,0.0043019392060556
149016,6,0,4,1,NATIVE,0.1799854525197201,0.7898186209625567,0.2278820070110352
149016,6,0,4,1,RETURN_ALIGNED,0.3549895872680932,0.8618384164729498,0.4118980779724414
149016,6,0,4,2,NATIVE,0.0004128866007613,0.0408235543540188,0.0101139307262927
149016,6,0,4,2,RETURN_ALIGNED,0.0361623955131765,0.8233250676806059,0.0439223788176235
149016,6,0,4,3,NATIVE,-4.3541714998574096e-05,-0.158420587537083,0.0002748488410658
149016,6,0,4,3,RETURN_ALIGNED,0.0016679308110149,0.6786392427167682,0.0024577576796982
149016,6,0,5,1,NATIVE,0.075853919189435,0.7728119850471559,0.0981531351183188
149016,6,0,5,1,RETURN_ALIGNED,0.1457276868094389,0.8205740946216532,0.1775923560889233
149016,6,0,5,2,NATIVE,0.0016071632518523,0.3247130595882639,0.0049494875684251
149016,6,0,5,2,RETURN_ALIGNED,0.0175413951070317,0.8495031242871793,0.0206490059956573
149016,6,0,5,3,NATIVE,1.8040702938541417e-05,0.1782696104223714,0.0001011989808404
149016,6,0,5,3,RETURN_ALIGNED,0.000559339522608,0.6007768429007557,0.000931027101082
149016,6,0,7,1,NATIVE,0.2446387182166401,0.8549184213680501,0.2861544588371787
149016,6,0,7,1,RETURN_ALIGNED,0.4326566337051795,0.7966420138265393,0.5431004468706117
149016,6,0,7,2,NATIVE,0.005083290782035,0.3158941886993733,0.0160917514896848
149016,6,0,7,2,RETURN_ALIGNED,0.0511230451275989,0.7372019190243655,0.0693474118926112
149016,6,0,7,3,NATIVE,0.0001574383260328,0.2140423589874364,0.0007355475138418
149016,6,0,7,3,RETURN_ALIGNED,0.0037903328756288,0.7148519216132191,0.005302262968916
149017,0,2,1,1,NATIVE,0.2104429986815087,0.9383875925109558,0.2242602101316268
149017,0,2,1,1,RETURN_ALIGNED,0.2669273412848991,0.9244677523811028,0.288736238335308
149017,0,2,1,2,NATIVE,0.0113103762427581,0.7913157965380851,0.0142931258190883
149017,0,2,1,2,RETURN_ALIGNED,0.0295416400568776,0.9054496898345828,0.0326264842633517
149017,0,2,1,3,NATIVE,0.0006003625071118,0.8176164027865448,0.0007342838336652
149017,0,2,1,3,RETURN_ALIGNED,0.0030116816948217,0.9075729442341972,0.0033183907844599
149017,0,2,3,1,NATIVE,0.22974279865166,0.8435976628776481,0.2723369311715246
149017,0,2,3,1,RETURN_ALIGNED,0.3227642187522191,0.7677102572705486,0.4204245230481609
149017,0,2,3,2,NATIVE,0.0067471835520767,0.5905871004173574,0.01142453593583
149017,0,2,3,2,RETURN_ALIGNED,0.023077833228422,0.6729553952795291,0.0342932583499107
149017,0,2,3,3,NATIVE,3.936192502596788e-05,0.065649294074359,0.0005995788006641
149017,0,2,3,3,RETURN_ALIGNED,0.0016975049050745,0.7166018527031852,0.0023688257272133
149017,0,2,4,1,NATIVE,0.2495408417877936,0.9295868637457204,0.2684427367897711
149017,0,2,4,1,RETURN_ALIGNED,0.3596527572670293,0.9426001419923168,0.3815538967634669
149017,0,2,4,2,NATIVE,0.0109104816056597,0.7771697635584864,0.0140387366018741
149017,0,2,4,2,RETURN_ALIGNED,0.0315411709023513,0.846044672812261,0.0372807393224034
149017,0,2,4,3,NATIVE,0.000389810779711,0.5968395322822946,0.0006531249330923
149017,0,2,4,3,RETURN_ALIGNED,0.0025700341333063,0.8198094352724059,0.0031349165093285
149017,0,2,5,1,NATIVE,0.1776525129934931,0.9278884257658448,0.1914589168916457
149017,0,2,5,1,RETURN_ALIGNED,0.2287250534162103,0.9208772168020508,0.2483773615449441
149017,0,2,5,2,NATIVE,0.012096007708028,0.8289866102119743,0.0145913185554228
149017,0,2,5,2,RETURN_ALIGNED,0.0330885098820602,0.9218448815676992,0.0358937935691769
149017,0,2,5,3,NATIVE,0.0008072860188039,0.8507286705659131,0.0009489347731381
149017,0,2,5,3,RETURN_ALIGNED,0.0040799636621582,0.889114561948426,0.0045887941058865
149017,0,2,6,1,NATIVE,0.1597917874049282,0.6964221075872078,0.2294467474021101
149017,0,2,6,1,RETURN_ALIGNED,0.2809726053802719,0.7235181220945163,0.3883421807967724
149017,0,2,6,2,NATIVE,0.0018745067318862,0.2592238252969796,0.0072312285708934
149017,0,2,6,2,RETURN_ALIGNED,0.0165263347902172,0.600638959606167,0.0275145901303669
149017,0,2,6,3,NATIVE,3.709573756197817e-05,0.1562332266852499,0.0002374382087805
149017,0,2,6,3,RETURN_ALIGNED,0.0003189001491873,0.6881358278583315,0.0004634261667351
149017,0,2,7,1,NATIVE,0.170289478242317,0.8503717466132001,0.2002529822051371
149017,0,2,7,1,RETURN_ALIGNED,0.2937960321804059,0.9057487644079688,0.3243681291383398
149017,0,2,7,2,NATIVE,0.0105311609177414,0.7142770756893665,0.014743803596724
149017,0,2,7,2,RETURN_ALIGNED,0.0408598022711859,0.7923128495407604,0.0515702885479195
149017,0,2,7,3,NATIVE,0.0005625868514283,0.7166710923716921,0.0007850000609811
149017,0,2,7,3,RETURN_ALIGNED,0.0033535342672002,0.7887015977777974,0.0042519683951639
149017,2,4,0,1,NATIVE,0.2161391965221771,0.9063571046038144,0.2384702402885717
149017,2,4,0,1,RETURN_ALIGNED,0.3089550059075543,0.9026999011200292,0.3422566076767835
149017,2,4,0,2,NATIVE,0.0124998274068377,0.8040377830736621,0.0155463184315938
149017,2,4,0,2,RETURN_ALIGNED,0.0362252768646923,0.8575434779907923,0.0422430789741645
149017,2,4,0,3,NATIVE,0.0006997870333532,0.5259979292798019,0.0013303988361355
149017,2,4,0,3,RETURN_ALIGNED,0.0047330594317735,0.8441298276190226,0.0056070278246619
149017,2,4,1,1,NATIVE,0.2717371984463539,0.7517682335627224,0.3614640607496429
149017,2,4,1,1,RETURN_ALIGNED,0.3579933774336275,0.8047264142747972,0.4448634605290896
149017,2,4,1,2,NATIVE,0.005760483979154,0.5731740607129903,0.0100501477193343
149017,2,4,1,2,RETURN_ALIGNED,0.0153585578917672,0.6880418696411488,0.0223221268491429
149017,2,4,1,3,NATIVE,0.0001334625343241,0.388701036551103,0.0003433552311755
149017,2,4,1,3,RETURN_ALIGNED,0.001036695950547,0.7345533164730756,0.001411328391259
149017,2,4,3,1,NATIVE,0.2034498750114958,0.906031250151102,0.2245506156410227
149017,2,4,3,1,RETURN_ALIGNED,0.3186123266073657,0.880099008416244,0.3620187314841603
149017,2,4,3,2,NATIVE,0.0131169239071609,0.8028427644163795,0.0163380981784291
149017,2,4,3,2,RETURN_ALIGNED,0.0486051988296678,0.87406638031369,0.0556081322014992
149017,2,4,3,3,NATIVE,0.0012719215785978,0.755986149847634,0.0016824667716354
149017,2,4,3,3,RETURN_ALIGNED,0.0073784607193909,0.832399049458374,0.0088640907535564
149017,2,4,5,1,NATIVE,0.1321510402610148,0.92944299617885,0.1421830502831075
149017,2,4,5,1,RETURN_ALIGNED,0.1677281704059318,0.9117440715514128,0.1839640921607468
149017,2,4,5,2,NATIVE,0.0071504699803215,0.6320303312478704,0.0113134918163003
149017,2,4,5,2,RETURN_ALIGNED,0.0200573217730609,0.7518631994000367,0.0266768233755215
149017,2,4,5,3,NATIVE,0.0002514992149759,0.503969206544675,0.0004990368689139
149017,2,4,5,3,RETURN_ALIGNED,0.0014522677007453,0.7083018081091595,0.0020503515365347
149017,2,4,6,1,NATIVE,0.1626959299887067,0.7943684064059322,0.2048116826859459
149017,2,4,6,1,RETURN_ALIGNED,0.2064697855303066,0.800527457458298,0.257917181486453
149017,2,4,6,2,NATIVE,0.0021060393920744,0.344522831272914,0.0061129167669433
149017,2,4,6,2,RETURN_ALIGNED,0.010369955171811,0.6879320698320642,0.0150740976125208
149017,2,4,6,3,NATIVE,-7.735655558616781e-05,-0.3831329645914418,0.0002019052454706
149017,2,4,6,3,RETURN_ALIGNED,0.0008097718134519,0.8874567628378274,0.0009124633972208
149017,2,4,7,1,NATIVE,0.2348376305788984,0.909378931998468,0.2582395768315764
149017,2,4,7,1,RETURN_ALIGNED,0.3774298398641107,0.89476073980985,0.4218220839062183
149017,2,4,7,2,NATIVE,0.0145004512336151,0.8598504634285311,0.0168639221005152
149017,2,4,7,2,RETURN_ALIGNED,0.0551814117566056,0.9174235961465672,0.0601482368538506
149017,2,4,7,3,NATIVE,0.0008674452215033,0.7893822274920875,0.0010988912477273
149017,2,4,7,3,RETURN_ALIGNED,0.0062978104164715,0.9377182134863328,0.0067161011966987
149017,4,6,0,1,NATIVE,0.1660537596014463,0.8936403886871295,0.1858172053362262
149017,4,6,0,1,RETURN_ALIGNED,0.2477046516982949,0.9202300372956934,0.2691768814960747
149017,4,6,0,2,NATIVE,0.0125844475088944,0.822740383162191,0.0152957698033742
149017,4,6,0,2,RETURN_ALIGNED,0.037056062746506,0.8760795891468668,0.0422975985349479
149017,4,6,0,3,NATIVE,0.0007472770152758,0.6715096647897767,0.0011128313622071
149017,4,6,0,3,RETURN_ALIGNED,0.0033665485330839,0.6791675033505852,0.0049568751687924
149017,4,6,1,1,NATIVE,0.2016044796340089,0.929491492902735,0.2168976060279239
149017,4,6,1,1,RETURN_ALIGNED,0.2605719531071831,0.9279082953850668,0.2808164927537065
149017,4,6,1,2,NATIVE,0.0120060271975242,0.8339954521506068,0.014395794564997
149017,4,6,1,2,RETURN_ALIGNED,0.0313261442712061,0.9259691005408448,0.0338306583369431
149017,4,6,1,3,NATIVE,0.0006428513672038,0.8303781570955745,0.0007741669999973
149017,4,6,1,3,RETURN_ALIGNED,0.0032952767351262,0.9204199808507808,0.0035801881784115
149017,4,6,2,1,NATIVE,0.1416049409381028,0.7895472263654875,0.1793495515015743
149017,4,6,2,1,RETURN_ALIGNED,0.1905787773645424,0.8181821583202664,0.2329295199441466
149017,4,6,2,2,NATIVE,0.0007849008620672,0.1607523088953236,0.0048826724007417
149017,4,6,2,2,RETURN_ALIGNED,0.0075693733569586,0.5690441531025856,0.0133019086751839
149017,4,6,2,3,NATIVE,-3.7037376171085165e-05,-0.255547707108917,0.0001449333138913
149017,4,6,2,3,RETURN_ALIGNED,0.0003643632435911,0.6205756448860823,0.0005871375170721
149017,4,6,3,1,NATIVE,0.2349668359948668,0.8438839297354784,0.2784350166123231
149017,4,6,3,1,RETURN_ALIGNED,0.3159440677924665,0.7507409970548954,0.4208429658588281
149017,4,6,3,2,NATIVE,0.0058333138953649,0.5155115679074,0.0113155829246179
149017,4,6,3,2,RETURN_ALIGNED,0.0198020282263489,0.6299876891336028,0.0314324050577103
149017,4,6,3,3,NATIVE,3.249970743251568e-05,0.058441521510934,0.0005561064560918
149017,4,6,3,3,RETURN_ALIGNED,0.0013884290189259,0.6975176615501525,0.001990528835706
149017,4,6,5,1,NATIVE,0.1847844983522498,0.9415686234141796,0.1962517587747744
149017,4,6,5,1,RETURN_ALIGNED,0.2335980262773491,0.92383112505704,0.2528579303526477
149017,4,6,5,2,NATIVE,0.0128981511910719,0.8413506788037777,0.0153302915368632
149017,4,6,5,2,RETURN_ALIGNED,0.0340524373106597,0.9369984508504512,0.036342042272808
149017,4,6,5,3,NATIVE,0.0008812142620578,0.9082022591346484,0.0009702841545594
149017,4,6,5,3,RETURN_ALIGNED,0.0042087479759151,0.9239461724901904,0.0045551874127853
149017,4,6,7,1,NATIVE,0.1638891626008856,0.8422815187911945,0.1945776547917872
149017,4,6,7,1,RETURN_ALIGNED,0.2872684671717674,0.9097944788133304,0.3157509458030904
149017,4,6,7,2,NATIVE,0.009692859754057,0.7227368062490434,0.0134113271527554
149017,4,6,7,2,RETURN_ALIGNED,0.0370532507527872,0.7845124741774117,0.0472309261768203
149017,4,6,7,3,NATIVE,0.0005051697468268,0.6926654931125671,0.0007293127081839
149017,4,6,7,3,RETURN_ALIGNED,0.003068462901857,0.7770766229010513,0.003948726304751
149017,6,0,1,1,NATIVE,0.2536060211421279,0.8241344607585505,0.3077240829227647
149017,6,0,1,1,RETURN_ALIGNED,0.3424399717268214,0.8610840336766081,0.3976847303329352
149017,6,0,1,2,NATIVE,0.0073646213243257,0.6301113232777755,0.0116878098395048
149017,6,0,1,2,RETURN_ALIGNED,0.0198922429741432,0.7329292573151118,0.0271407407678837
149017,6,0,1,3,NATIVE,0.0001975751024838,0.418882426769755,0.0004716719770173
149017,6,0,1,3,RETURN_ALIGNED,0.0014654025096537,0.7441733978169985,0.0019691680914081
149017,6,0,2,1,NATIVE,0.1976320195252588,0.7755816546467056,0.2548178110466663
149017,6,0,2,1,RETURN_ALIGNED,0.280523603439946,0.7658684534928588,0.3662817056380598
149017,6,0,2,2,NATIVE,0.0025858311304317,0.3514173954728283,0.0073582900659849
149017,6,0,2,2,RETURN_ALIGNED,0.0116569098094319,0.6187043827037239,0.0188408392356174
149017,6,0,2,3,NATIVE,0.0001837274550555,0.6273113147636941,0.0002928808230541
149017,6,0,2,3,RETURN_ALIGNED,0.0006082394031978,0.8898833799348302,0.0006835046205713
149017,6,0,3,1,NATIVE,0.225879068095392,0.9141892980239436,0.2470812867570908
149017,6,0,3,1,RETURN_ALIGNED,0.3510495804385106,0.8814394207357379,0.3982685277967601
149017,6,0,3,2,NATIVE,0.0122815822218137,0.8095322043330623,0.015171208947368
149017,6,0,3,2,RETURN_ALIGNED,0.0455419464432858,0.8757509695085397,0.0520033069087881
149017,6,0,3,3,NATIVE,0.0007545983468581,0.616886905475026,0.0012232361222642
149017,6,0,3,3,RETURN_ALIGNED,0.0056926593081611,0.8423337599678488,0.0067581991577638
149017,6,0,4,1,NATIVE,0.1953983843032448,0.9243890283989494,0.2113811158507967
149017,6,0,4,1,RETURN_ALIGNED,0.2820720831944809,0.9512789111024564,0.2965188021119309
149017,6,0,4,2,NATIVE,0.0111607714645882,0.7954187430024929,0.0140313156594133
149017,6,0,4,2,RETURN_ALIGNED,0.0330284503738195,0.8926903398914524,0.0369987765048725
149017,6,0,4,3,NATIVE,0.0005806987040124,0.8322846657379845,0.0006977164517645
149017,6,0,4,3,RETURN_ALIGNED,0.0032891467494712,0.9559926781196112,0.0034405564232348
149017,6,0,5,1,NATIVE,0.1387367412959705,0.9286475779340468,0.1493965467552051
149017,6,0,5,1,RETURN_ALIGNED,0.1740280700557319,0.9063302719117334,0.1920139660442062
149017,6,0,5,2,NATIVE,0.0077626015881839,0.6768607919573766,0.0114685348602188
149017,6,0,5,2,RETURN_ALIGNED,0.0219045084456051,0.8045558122075577,0.0272255922002223
149017,6,0,5,3,NATIVE,0.0003519551582236,0.63699341237271,0.0005525255853677
149017,6,0,5,3,RETURN_ALIGNED,0.0019366193425933,0.7773130554212614,0.0024914277830162
149017,6,0,7,1,NATIVE,0.2107303827644794,0.8983188595755979,0.2345830553574102
149017,6,0,7,1,RETURN_ALIGNED,0.3410986671575203,0.8911176748561607,0.3827762334671861
149017,6,0,7,2,NATIVE,0.0150291450361926,0.8469890211143468,0.0177442028896
149017,6,0,7,2,RETURN_ALIGNED,0.0570821319017378,0.9041912310634556,0.0631305966485867
149017,6,0,7,3,NATIVE,0.0011582271208932,0.8782814327200269,0.00131874257708
149017,6,0,7,3,RETURN_ALIGNED,0.0073229415825886,0.9252836699559172,0.0079142665318935
149018,0,2,1,1,NATIVE,0.3936594368008574,0.9855341560476664,0.3994376393604574
149018,0,2,1,1,RETURN_ALIGNED,0.592097560970763,0.8275365520484735,0.7154941488748222
149018,0,2,1,2,NATIVE,0.0268936369109541,0.6813932404923826,0.0394685994995393
149018,0,2,1,2,RETURN_ALIGNED,0.0807212033886676,0.7613430087332929,0.1060247516066262
149018,0,2,1,3,NATIVE,-6.488400089722518e-05,-0.0479267756763207,0.0013538152727424
149018,0,2,1,3,RETURN_ALIGNED,0.0024929237479623,0.6129792210582018,0.0040668976404922
149018,0,2,3,1,NATIVE,0.2633101281465421,0.8903319234910743,0.2957437795940679
149018,0,2,3,1,RETURN_ALIGNED,0.406466180451971,0.7709498419674908,0.5272277887944472
149018,0,2,3,2,NATIVE,0.0024935474072841,0.2580177226701081,0.0096642485696968
149018,0,2,3,2,RETURN_ALIGNED,0.0338104298797322,0.7244855089115307,0.0466681934473655
149018,0,2,3,3,NATIVE,-9.0970987946734e-05,-0.4210298838007399,0.0002160677696147
149018,0,2,3,3,RETURN_ALIGNED,0.0025709719970407,0.7899042210987008,0.003254789540738
149018,0,2,4,1,NATIVE,0.2635062352779981,0.9484940600967284,0.2778153774111093
149018,0,2,4,1,RETURN_ALIGNED,0.4228814685053264,0.8405691735413048,0.5030894325135828
149018,0,2,4,2,NATIVE,0.0030250733618299,0.2880675227163301,0.0105012648884993
149018,0,2,4,2,RETURN_ALIGNED,0.0361583356053454,0.7810152953094812,0.0462965780855624
149018,0,2,4,3,NATIVE,-0.0001425987966943,-0.5298142838862497,0.0002691486451363
149018,0,2,4,3,RETURN_ALIGNED,0.0026844670839917,0.7850016190526541,0.0034196962386049
149018,0,2,5,1,NATIVE,0.3483439763533268,0.9373914900597042,0.371609919704944
149018,0,2,5,1,RETURN_ALIGNED,0.5191531398866088,0.8002656593511912,0.6487259996979436
149018,0,2,5,2,NATIVE,0.0153749168004659,0.4787890925583448,0.0321120865933069
149018,0,2,5,2,RETURN_ALIGNED,0.0721073486442765,0.7486315827088696,0.0963188707360165
149018,0,2,5,3,NATIVE,0.0003193283330971,0.2592638155511069,0.001231673352771
149018,0,2,5,3,RETURN_ALIGNED,0.0046334671761315,0.5842049295042084,0.0079312360129158
149018,0,2,6,1,NATIVE,0.153195538078947,0.73608352353312,0.208122493142449
149018,0,2,6,1,RETURN_ALIGNED,0.2996537638771672,0.7984407077812123,0.375298705284879
149018,0,2,6,2,NATIVE,-7.819679286303684e-05,-0.0184814864721827,0.0042310878499194
149018,0,2,6,2,RETURN_ALIGNED,0.0180648089031031,0.7841917678296528,0.0230362133907765
149018,0,2,6,3,NATIVE,-3.080751276637778e-05,-0.3538911486937257,8.705364025839609e-05
149018,0,2,6,3,RETURN_ALIGNED,0.0009641765697438,0.7283435087243892,0.0013237937294131
149018,0,2,7,1,NATIVE,0.16628985612833,0.736294176359325,0.2258470343342268
149018,0,2,7,1,RETURN_ALIGNED,0.3343424239262788,0.7913617207131981,0.4224900133215278
149018,0,2,7,2,NATIVE,0.0046497928463989,0.3314405100978346,0.0140290420293085
149018,0,2,7,2,RETURN_ALIGNED,0.0440570655575265,0.6731618333991731,0.0654479552636207
149018,0,2,7,3,NATIVE,0.0001711262114962,0.3278560763399594,0.0005219552841119
149018,0,2,7,3,RETURN_ALIGNED,0.0046905999386293,0.7222546416745895,0.0064943853149976
149018,2,4,0,1,NATIVE,0.3954562742686339,0.9553690475672186,0.4139303814328116
149018,2,4,0,1,RETURN_ALIGNED,0.5611161073372197,0.7705681747854994,0.7281848974536228
149018,2,4,0,2,NATIVE,0.0155585640987496,0.5465389157485391,0.0284674405615966
149018,2,4,0,2,RETURN_ALIGNED,0.0883367806047084,0.7060209978087398,0.1251191974159193
149018,2,4,0,3,NATIVE,0.000420401019957,0.484486568385777,0.000867724819104
149018,2,4,0,3,RETURN_ALIGNED,0.0074634984651476,0.6713401226381462,0.0111173132863789
149018,2,4,1,1,NATIVE,0.3287890193663969,0.8948041374393583,0.3674424442283284
149018,2,4,1,1,RETURN_ALIGNED,0.4992171561531386,0.7697241761570369,0.6485662937671047
149018,2,4,1,2,NATIVE,0.0040283013178636,0.2754784966738252,0.0146229247163925
149018,2,4,1,2,RETURN_ALIGNED,0.0318724970502529,0.7869478441330333,0.0405014097031016
149018,2,4,1,3,NATIVE,-0.0001365471142218,-0.2286376582890493,0.000597220577
149018,2,4,1,3,RETURN_ALIGNED,0.0016357639469957,0.5209309003232322,0.0031400785515848
149018,2,4,3,1,NATIVE,0.2768197630736829,0.9440437220962722,0.2932276933730962
149018,2,4,3,1,RETURN_ALIGNED,0.4405927524415369,0.8276136282752038,0.5323652697210083
149018,2,4,3,2,NATIVE,0.008842720372792,0.535801009855936,0.0165037396534224
149018,2,4,3,2,RETURN_ALIGNED,0.058254111724137,0.7303914723464334,0.0797573820746807
149018,2,4,3,3,NATIVE,-0.000125570780573,-0.3973864539908964,0.0003159915978122
149018,2,4,3,3,RETURN_ALIGNED,0.0038228241935595,0.7502720758183146,0.0050952505320663
149018,2,4,5,1,NATIVE,0.1984420383853533,0.7038225847164469,0.2819489494859228
149018,2,4,5,1,RETURN_ALIGNED,0.3320543880550177,0.6709979658531283,0.4948664600387783
149018,2,4,5,2,NATIVE,0.0013210982774564,0.1268977391226172,0.0104107314013769
149018,2,4,5,2,RETURN_ALIGNED,0.0250768645425198,0.8295237932018927,0.0302304343142086
149018,2,4,5,3,NATIVE,0.0001525309534906,0.3206709336247446,0.0004756619246465
149018,2,4,5,3,RETURN_ALIGNED,0.0016817618994001,0.6119826808429895,0.0027480547276876
149018,2,4,6,1,NATIVE,0.1751066931825374,0.6547586371960259,0.2674370114952364
149018,2,4,6,1,RETURN_ALIGNED,0.2898386906502852,0.6147976595221747,0.4714375309682429
149018,2,4,6,2,NATIVE,-0.0030230052736435,-0.2583445543719249,0.0117014476302832
149018,2,4,6,2,RETURN_ALIGNED,0.028001638730751,0.5602546199953462,0.0499802013784238
149018,2,4,6,3,NATIVE,-5.043993896459767e-05,-0.2295351216639491,0.0002197482397223
149018,2,4,6,3,RETURN_ALIGNED,0.0013175476267187,0.5906714041621648,0.0022305932154015
149018,2,4,7,1,NATIVE,0.2237383798314178,0.8501025502885678,0.2631898701579601
149018,2,4,7,1,RETURN_ALIGNED,0.4051275350517053,0.8220202617608462,0.4928437337832396
149018,2,4,7,2,NATIVE,0.0120415174659246,0.5626128652112253,0.0214028476958537
149018,2,4,7,2,RETURN_ALIGNED,0.0612995602596967,0.7882552722239337,0.0777661278263862
149018,2,4,7,3,NATIVE,0.0001095443308299,0.1385497064921826,0.0007906500387416
149018,2,4,7,3,RETURN_ALIGNED,0.0037553934503458,0.4707456931099807,0.0079775418134023
149018,4,6,0,1,NATIVE,0.4129546571902457,0.9465951117068488,0.4362526829930379
149018,4,6,0,1,RETURN_ALIGNED,0.5816719397244677,0.7655790856245756,0.7597803422881004
149018,4,6,0,2,NATIVE,0.0076390692683567,0.4233919635756858,0.0180425466837335
149018,4,6,0,2,RETURN_ALIGNED,0.0598586323719923,0.7903838914471571,0.0757336188397638
149018,4,6,0,3,NATIVE,0.0003967403721819,0.6187895249998466,0.0006411556048112
149018,4,6,0,3,RETURN_ALIGNED,0.0059718990185939,0.7931891697505918,0.0075289719606658
149018,4,6,1,1,NATIVE,0.3284250333176643,0.8791202019128516,0.3735837631793526
149018,4,6,1,1,RETURN_ALIGNED,0.5092162551047367,0.7694275357362388,0.6618118425115221
149018,4,6,1,2,NATIVE,0.0121420579837158,0.5404212581643002,0.0224677652853237
149018,4,6,1,2,RETURN_ALIGNED,0.0499512213050521,0.7797046190947181,0.0640642880414586
149018,4,6,1,3,NATIVE,-2.0874698733393133e-05,-0.0246226918875352,0.0008477829648262
149018,4,6,1,3,RETURN_ALIGNED,0.0026552535019706,0.497738411651304,0.0053346365073606
149018,4,6,2,1,NATIVE,0.1001016338389013,0.823249024200631,0.121593382920858
149018,4,6,2,1,RETURN_ALIGNED,0.1889164896279194,0.8335667549736099,0.2266363053716722
149018,4,6,2,2,NATIVE,0.0019053683068713,0.6321508449420846,0.0030141038679176
149018,4,6,2,2,RETURN_ALIGNED,0.0145188271470565,0.816910411783951,0.0177728511444971
149018,4,6,2,3,NATIVE,5.127410567548495e-05,0.5706879022919775,8.984614086082087e-05
149018,4,6,2,3,RETURN_ALIGNED,0.0014380688073078,0.8010810522059911,0.0017951601817589
149018,4,6,3,1,NATIVE,0.2679095644829067,0.9345639052909316,0.286667998802578
149018,4,6,3,1,RETURN_ALIGNED,0.4272137773481075,0.8201925104645441,0.520870127314524
149018,4,6,3,2,NATIVE,0.0039810399469861,0.3467080151417583,0.0114823995209204
149018,4,6,3,2,RETURN_ALIGNED,0.0457073456825322,0.7592039660015103,0.0602043030981648
149018,4,6,3,3,NATIVE,-0.000130604763061,-0.4782925082744202,0.0002730646221322
149018,4,6,3,3,RETURN_ALIGNED,0.0038315830050489,0.7802765838877059,0.0049105446506225
149018,4,6,5,1,NATIVE,0.2642090337732578,0.8194070019633347,0.3224393166522935
149018,4,6,5,1,RETURN_ALIGNED,0.4270802744252149,0.7399936919199338,0.5771404257745576
149018,4,6,5,2,NATIVE,0.0021545822463853,0.1180193778770172,0.0182561735633675
149018,4,6,5,2,RETURN_ALIGNED,0.0477174321069213,0.8196767178348235,0.0582149414135136
149018,4,6,5,3,NATIVE,0.0001311547792958,0.1840553295716224,0.0007125834365821
149018,4,6,5,3,RETURN_ALIGNED,0.0029800356608963,0.6113571078583792,0.0048744598247026
149018,4,6,7,1,NATIVE,0.2044370596213312,0.8007712918143038,0.2553001858472221
149018,4,6,7,1,RETURN_ALIGNED,0.3884731123864689,0.8071686987170607,0.4812787128687045
149018,4,6,7,2,NATIVE,0.0115238767282081,0.5628720585666838,0.020473350120582
149018,4,6,7,2,RETURN_ALIGNED,0.0618350954740091,0.6392535785513268,0.0967301514589179
149018,4,6,7,3,NATIVE,0.0002291173880983,0.3718747446516461,0.0006161144077572
149018,4,6,7,3,RETURN_ALIGNED,0.0046592035169198,0.6491300105117125,0.0071776122524085
149018,6,0,1,1,NATIVE,0.3033249987129814,0.9180402595305318,0.3304048984388218
149018,6,0,1,1,RETURN_ALIGNED,0.4775875736709117,0.8042582960563167,0.5938236211087119
149018,6,0,1,2,NATIVE,0.0025984388625673,0.1857119720305486,0.0139917681889133
149018,6,0,1,2,RETURN_ALIGNED,0.0294780404577337,0.7736805832492757,0.0381010472485848
149018,6,0,1,3,NATIVE,-0.0001709103604792,-0.437944967561813,0.0003902553360057
149018,6,0,1,3,RETURN_ALIGNED,0.0014181089630122,0.6822277563736835,0.0020786444845521
149018,6,0,2,1,NATIVE,0.0780868409055379,0.721130152893355,0.1082839770215673
149018,6,0,2,1,RETURN_ALIGNED,0.1611029967668544,0.7900778721660627,0.2039077443405719
149018,6,0,2,2,NATIVE,0.0034824855296119,0.4967741254852574,0.0070101991042664
149018,6,0,2,2,RETURN_ALIGNED,0.0201288231319321,0.7176885985077347,0.0280467366677219
149018,6,0,2,3,NATIVE,5.962781410669444e-05,0.2465903310294797,0.0002418092137678
149018,6,0,2,3,RETURN_ALIGNED,0.001014582430183,0.6832064436253295,0.0014850305343945
149018,6,0,3,1,NATIVE,0.2980284390894528,0.9485510390351768,0.3141933610578755
149018,6,0,3,1,RETURN_ALIGNED,0.4633490139082137,0.8190975358646958,0.5656823438237308
149018,6,0,3,2,NATIVE,0.0148384097535101,0.6096848115378652,0.0243378373094692
149018,6,0,3,2,RETURN_ALIGNED,0.0542145509855623,0.7310345589481778,0.0741614063544205
149018,6,0,3,3,NATIVE,-3.0865613931590844e-05,-0.0418540903019452,0.0007374575265931
149018,6,0,3,3,RETURN_ALIGNED,0.0020390198759827,0.6982926000943435,0.002920007852552
149018,6,0,4,1,NATIVE,0.2280319064350642,0.8807658950201815,0.2589018350100931
149018,6,0,4,1,RETURN_ALIGNED,0.3870778611233664,0.8137832946115199,0.4756522574085589
149018,6,0,4,2,NATIVE,0.012016196022469,0.5846175738861477,0.0205539425414064
149018,6,0,4,2,RETURN_ALIGNED,0.0590091326973078,0.7472744398832869,0.0789658116854408
149018,6,0,4,3,NATIVE,-0.0002735698655285,-0.2950588816173381,0.0009271704140167
149018,6,0,4,3,RETURN_ALIGNED,0.0046716774396905,0.6499625610199969,0.0071876100557853
149018,6,0,5,1,NATIVE,0.1685631303496668,0.5552589927641374,0.303575687285053
149018,6,0,5,1,RETURN_ALIGNED,0.2748663571901713,0.6099834160395639,0.4506128362877747
149018,6,0,5,2,NATIVE,0.001926675391263,0.2347003554262887,0.0082090859545205
149018,6,0,5,2,RETURN_ALIGNED,0.0158976987203576,0.8189079620089001,0.0194132911851489
149018,6,0,5,3,NATIVE,0.0001208078154858,0.5033560449186303,0.0002400046978542
149018,6,0,5,3,RETURN_ALIGNED,0.0009259502336819,0.7502061691732248,0.0012342610227858
149018,6,0,7,1,NATIVE,0.2207222922850337,0.8714685966270828,0.2532762432740517
149018,6,0,7,1,RETURN_ALIGNED,0.3980888935719557,0.8339389929903465,0.4773597312490121
149018,6,0,7,2,NATIVE,0.0068695450462264,0.4373815732464123,0.0157060687198314
149018,6,0,7,2,RETURN_ALIGNED,0.0547572497365113,0.7637984873555581,0.0716907019887444
149018,6,0,7,3,NATIVE,-0.0004283318432998,-0.5290114390194011,0.0008096835183842
149018,6,0,7,3,RETURN_ALIGNED,0.0068744776971031,0.673727897707866,0.0102036411441158
149019,0,2,1,1,NATIVE,0.1475702384266737,0.7900294032329358,0.1867908179400146
149019,0,2,1,1,RETURN_ALIGNED,0.1689073814257521,0.8036930462914151,0.2101640448490037
149019,0,2,1,2,NATIVE,0.003473466257139,0.5322265355849041,0.0065262928932853
149019,0,2,1,2,RETURN_ALIGNED,0.0056573285558433,0.6907040817337915,0.0081906690651233
149019,0,2,1,3,NATIVE,7.802287528843934e-05,0.309490416392185,0.0002521011017876
149019,0,2,1,3,RETURN_ALIGNED,0.0001043217977368,0.5997919143519534,0.0001739299824056
149019,0,2,3,1,NATIVE,0.0103622371181502,0.1059806343436789,0.0977748169022745
149019,0,2,3,1,RETURN_ALIGNED,0.0822960733320496,0.5266391056777151,0.1562665446693289
149019,0,2,3,2,NATIVE,-0.0017661693342857,-0.5310101930008936,0.0033260554269525
149019,0,2,3,2,RETURN_ALIGNED,0.0032148330167737,0.5780522274599421,0.0055614923080645
149019,0,2,3,3,NATIVE,-1.654184063985206e-05,-0.1990285261087365,8.31129131824334e-05
149019,0,2,3,3,RETURN_ALIGNED,7.576513869225991e-05,0.6379940951605093,0.0001187552348453
149019,0,2,4,1,NATIVE,0.1257910564790583,0.7193901414124698,0.1748579098289716
149019,0,2,4,1,RETURN_ALIGNED,0.1593956091616522,0.8110015612520143,0.196541679790928
149019,0,2,4,2,NATIVE,4.577574492810141e-05,0.0103788531817765,0.0044104819794892
149019,0,2,4,2,RETURN_ALIGNED,0.0027164367070832,0.5950655705586587,0.0045649367756429
149019,0,2,4,3,NATIVE,-1.2391095746633522e-05,-0.0931809805698519,0.0001329788080468
149019,0,2,4,3,RETURN_ALIGNED,4.255281449378121e-05,0.4654412773847908,9.142466831448192e-05
149019,0,2,5,1,NATIVE,0.1507205226848082,0.8521456835075308,0.1768717786192527
149019,0,2,5,1,RETURN_ALIGNED,0.1696641911808346,0.870471923596899,0.1949105842261383
149019,0,2,5,2,NATIVE,0.0043254794482155,0.7387980171400959,0.0058547523782692
149019,0,2,5,2,RETURN_ALIGNED,0.0063609324088966,0.8563126307554384,0.0074282828257866
149019,0,2,5,3,NATIVE,8.506715170644445e-05,0.410125588437172,0.0002074173225498
149019,0,2,5,3,RETURN_ALIGNED,0.0001665697399012,0.6783530414515506,0.0002455502213743
149019,0,2,6,1,NATIVE,0.0719942871700484,0.5861534795086487,0.1228249761995645
149019,0,2,6,1,RETURN_ALIGNED,0.1262579595293342,0.6645674792566663,0.1899851609808595
149019,0,2,6,2,NATIVE,0.0010242524258293,0.4212535500801543,0.0024314392734582
149019,0,2,6,2,RETURN_ALIGNED,0.0024263282972614,0.5220316196679964,0.0046478569606659
149019,0,2,6,3,NATIVE,-8.643377920847665e-06,-0.2057453008427774,4.201008653843005e-05
149019,0,2,6,3,RETURN_ALIGNED,5.474755364332648e-05,0.5903227407978829,9.27417322433443e-05
149019,0,2,7,1,NATIVE,0.0387290431724077,0.3702781010761464,0.1045944738827677
149019,0,2,7,1,RETURN_ALIGNED,0.0912503637755904,0.5570821549052729,0.163800550730355
149019,0,2,7,2,NATIVE,0.0020855052949028,0.5935523938625832,0.0035135993323488
149019,0,2,7,2,RETURN_ALIGNED,0.0034190835552218,0.6598727050246831,0.0051814289772272
149019,0,2,7,3,NATIVE,2.170922934596915e-05,0.2268345353608083,9.570513269173548e-05
149019,0,2,7,3,RETURN_ALIGNED,6.962349197617416e-05,0.6204995072422254,0.0001122055554494
149019,2,4,0,1,NATIVE,0.0577652342904202,0.4383601177800047,0.1317757522808672
149019,2,4,0,1,RETURN_ALIGNED,0.076188048426377,0.5419381496980782,0.1405843978114201
149019,2,4,0,2,NATIVE,0.0002591845647306,0.0315547645171692,0.0082138012651414
149019,2,4,0,2,RETURN_ALIGNED,0.005725346137053,0.595350061873421,0.0096167725567904
149019,2,4,0,3,NATIVE,-3.291076765796606e-06,-0.0315450155111948,0.0001043295338236
149019,2,4,0,3,RETURN_ALIGNED,5.088714660581309e-05,0.5447249363631789,9.341805956754138e-05
149019,2,4,1,1,NATIVE,0.0401015818240221,0.4423443795263085,0.0906569263227485
149019,2,4,1,1,RETURN_ALIGNED,0.0483252592650779,0.546807011386409,0.0883771756008061
149019,2,4,1,2,NATIVE,6.1387332246689566e-06,0.0025137498497219,0.0024420620950445
149019,2,4,1,2,RETURN_ALIGNED,0.0016589873229244,0.5168683364196228,0.0032096903717632
149019,2,4,1,3,NATIVE,-1.3294316396154748e-05,-0.1783690194288548,7.45326538264122e-05
149019,2,4,1,3,RETURN_ALIGNED,3.940082668279594e-05,0.5858177041169099,6.725782841273824e-05
149019,2,4,3,1,NATIVE,0.2922109910345939,0.8126764988205625,0.3595661883394171
149019,2,4,3,1,RETURN_ALIGNED,0.4842612011749229,0.891899512127367,0.5429548896369856
149019,2,4,3,2,NATIVE,0.0048793000021819,0.2522994877039062,0.0193393179086479
149019,2,4,3,2,RETURN_ALIGNED,0.0300483912814363,0.9163967339411276,0.0327897188672813
149019,2,4,3,3,NATIVE,-5.000606535641899e-05,-0.0959013078680608,0.0005214325643924
149019,2,4,3,3,RETURN_ALIGNED,0.0005621655613866,0.6929506583350371,0.0008112634734625
149019,2,4,5,1,NATIVE,0.0573301127158942,0.4761651257313707,0.1203996462945783
149019,2,4,5,1,RETURN_ALIGNED,0.089336298998736,0.660135237386494,0.1353302989132803
149019,2,4,5,2,NATIVE,0.0014105388351696,0.471035166556331,0.0029945510129242
149019,2,4,5,2,RETURN_ALIGNED,0.0025218831530861,0.7033930799684982,0.0035853112930059
149019,2,4,5,3,NATIVE,4.016464423442577e-05,0.4187539546795062,9.591466241337204e-05
149019,2,4,5,3,RETURN_ALIGNED,6.631501848981664e-05,0.6635499733185976,9.993974997754332e-05
149019,2,4,6,1,NATIVE,0.0324255099549246,0.3112155377095016,0.1041898813714139
149019,2,4,6,1,RETURN_ALIGNED,0.0905592850238005,0.5164695361724424,0.1753429363808912
149019,2,4,6,2,NATIVE,0.0013630551227249,0.2705960679802466,0.0050372318147232
149019,2,4,6,2,RETURN_ALIGNED,0.0068697896274874,0.7844135788075121,0.0087578667843575
149019,2,4,6,3,NATIVE,6.891370451778204e-07,0.012698956695873,5.426721738253842e-05
149019,2,4,6,3,RETURN_ALIGNED,5.007571962507283e-05,0.470206768736246,0.0001064972324819
149019,2,4,7,1,NATIVE,0.2736281298560639,0.8096975392957162,0.3379386951000954
149019,2,4,7,1,RETURN_ALIGNED,0.3962900295359836,0.7798780387688535,0.5081435940433284
149019,2,4,7,2,NATIVE,0.0007570231985608,0.0502982846626456,0.0150506762499056
149019,2,4,7,2,RETURN_ALIGNED,0.0103955027992797,0.6100150583833133,0.0170413871826023
149019,2,4,7,3,NATIVE,6.215336275320576e-05,0.1415821778590602,0.0004389914259993
149019,2,4,7,3,RETURN_ALIGNED,0.0001528572046119,0.3461580760601855,0.0004415820797473
149019,4,6,0,1,NATIVE,0.169611704438181,0.8036489876545059,0.2110519729926945
149019,4,6,0,1,RETURN_ALIGNED,0.2226494060044049,0.8842442695174214,0.2517962668005695
149019,4,6,0,2,NATIVE,0.0021248689112217,0.5365364213557146,0.0039603442125693
149019,4,6,0,2,RETURN_ALIGNED,0.0040293513568785,0.7148472037870044,0.0056366610031282
149019,4,6,0,3,NATIVE,2.023314471555866e-05,0.1570897326153809,0.0001287999180888
149019,4,6,0,3,RETURN_ALIGNED,0.0001027509370431,0.6464085756688036,0.0001589566426248
149019,4,6,1,1,NATIVE,0.1700516431915831,0.9076040300993812,0.1873632526431354
149019,4,6,1,1,RETURN_ALIGNED,0.1901143908035989,0.8948791242702828,0.2124470061344724
149019,4,6,1,2,NATIVE,0.005429139739477,0.7543535325477595,0.0071970760454894
149019,4,6,1,2,RETURN_ALIGNED,0.0083414950076926,0.8514392254339601,0.0097969353042491
149019,4,6,1,3,NATIVE,4.872491265764671e-05,0.1542336513335778,0.0003159162218752
149019,4,6,1,3,RETURN_ALIGNED,0.0001575863265604,0.520859255352441,0.0003025506873933
149019,4,6,2,1,NATIVE,0.0761736213984439,0.6029922991481718,0.1263260268927966
149019,4,6,2,1,RETURN_ALIGNED,0.1678393353787519,0.8110743527004641,0.2069345859843873
149019,4,6,2,2,NATIVE,-0.0004515130869731,-0.2233494110076768,0.0020215548584258
149019,4,6,2,2,RETURN_ALIGNED,0.0025895423705084,0.6292952020185262,0.0041149882632739
149019,4,6,2,3,NATIVE,1.7613971435695586e-05,0.4119887169273406,4.275352857837668e-05
149019,4,6,2,3,RETURN_ALIGNED,8.293773107760875e-05,0.6400889986713657,0.0001295721863179
149019,4,6,3,1,NATIVE,0.005206490932328,0.0679193255733689,0.0766569881012679
149019,4,6,3,1,RETURN_ALIGNED,0.0531403226033854,0.4220716144405336,0.1259035689329628
149019,4,6,3,2,NATIVE,-0.0015099740798847,-0.541552553855618,0.0027882318513159
149019,4,6,3,2,RETURN_ALIGNED,0.002647925652184,0.5893873653735462,0.0044926746104192
149019,4,6,3,3,NATIVE,-6.070385689985942e-06,-0.0898759323825609,6.754183817898589e-05
149019,4,6,3,3,RETURN_ALIGNED,5.123367806889468e-05,0.574015164158537,8.925492079583842e-05
149019,4,6,5,1,NATIVE,0.1777169593771168,0.8575796977831074,0.2072308379458757
149019,4,6,5,1,RETURN_ALIGNED,0.2097502090410997,0.9101499000839948,0.2304567731332882
149019,4,6,5,2,NATIVE,0.006604452621067,0.8404054344458819,0.007858650539056
149019,4,6,5,2,RETURN_ALIGNED,0.0092763242287655,0.9022335740302416,0.0102815107917679
149019,4,6,5,3,NATIVE,0.0001350513764263,0.6161583075758582,0.0002191829183365
149019,4,6,5,3,RETURN_ALIGNED,0.0002164588774069,0.7898780216412901,0.0002740408910552
149019,4,6,7,1,NATIVE,0.0244947113359257,0.3015607714353576,0.081226451369382
149019,4,6,7,1,RETURN_ALIGNED,0.0622767906855094,0.4876795492885816,0.1277002301538566
149019,4,6,7,2,NATIVE,0.0017001987610335,0.5905683165050664,0.0028789197006401
149019,4,6,7,2,RETURN_ALIGNED,0.0027926093899443,0.6661883192183592,0.004191921877493
149019,4,6,7,3,NATIVE,9.485997366754792e-06,0.1230580903711842,7.708552379353145e-05
149019,4,6,7,3,RETURN_ALIGNED,4.655260462915897e-05,0.5538314478951912,8.405554568181547e-05
149019,6,0,1,1,NATIVE,0.053553995742732,0.5018642983618717,0.1067101125095036
149019,6,0,1,1,RETURN_ALIGNED,0.0613908597392979,0.57687921288127,0.1064189146851689
149019,6,0,1,2,NATIVE,0.0002973544098315,0.100794072244329,0.0029501180297371
149019,6,0,1,2,RETURN_ALIGNED,0.0020479543770595,0.5394063911686519,0.0037966817051486
149019,6,0,1,3,NATIVE,-1.151973723560098e-05,-0.1281636334064892,8.988304179828939e-05
149019,6,0,1,3,RETURN_ALIGNED,4.0500651420264303e-05,0.5533926276243957,7.318610571352924e-05
149019,6,0,2,1,NATIVE,0.0401195644560982,0.4593124000050109,0.0873470092590696
149019,6,0,2,1,RETURN_ALIGNED,0.0716019403893144,0.5765076451445477,0.1241994637751856
149019,6,0,2,2,NATIVE,0.0012068389293113,0.2065178751450362,0.0058437504656426
149019,6,0,2,2,RETURN_ALIGNED,0.0063780318498159,0.5477241701141989,0.0116446054366683
149019,6,0,2,3,NATIVE,9.07377383059376e-06,0.2238555248268626,4.05340623304499e-05
149019,6,0,2,3,RETURN_ALIGNED,5.848134125782981e-05,0.5037559571189092,0.0001160906195834
149019,6,0,3,1,NATIVE,0.1317864414071436,0.4834388975761386,0.2726020642269748
149019,6,0,3,1,RETURN_ALIGNED,0.2808057289140774,0.6810903897689206,0.4122884908257653
149019,6,0,3,2,NATIVE,-0.0046504598717238,-0.3495220284422014,0.0133051982204174
149019,6,0,3,2,RETURN_ALIGNED,0.0117897642446942,0.6251936143856923,0.0188577809686706
149019,6,0,3,3,NATIVE,-4.285311752580117e-05,-0.1710074205308194,0.0002505921508448
149019,6,0,3,3,RETURN_ALIGNED,0.0001965132878714,0.6425218026832122,0.0003058468775413
149019,6,0,4,1,NATIVE,0.0931567204291792,0.6062601879984578,0.1536579875658245
149019,6,0,4,1,RETURN_ALIGNED,0.1187847188905778,0.6838558114654789,0.173698485702655
149019,6,0,4,2,NATIVE,0.0064887039430658,0.7750538610389758,0.0083719393822681
149019,6,0,4,2,RETURN_ALIGNED,0.0073140310302539,0.845589566632013,0.0086496230776473
149019,6,0,4,3,NATIVE,2.3003075264883728e-05,0.1636384860050951,0.0001405725254353
149019,6,0,4,3,RETURN_ALIGNED,4.7330665795850665e-05,0.4750345006255692,9.96362698922294e-05
149019,6,0,5,1,NATIVE,0.0682221811488343,0.5298825361141895,0.1287496312845085
149019,6,0,5,1,RETURN_ALIGNED,0.1007287833890791,0.6969576062355362,0.1445264137844795
149019,6,0,5,2,NATIVE,0.0014632057441364,0.4526387559900859,0.0032326125960952
149019,6,0,5,2,RETURN_ALIGNED,0.0027386417428815,0.7096082944779651,0.0038593710982908
149019,6,0,5,3,NATIVE,4.093990391570908e-05,0.4040029323321432,0.0001013356602067
149019,6,0,5,3,RETURN_ALIGNED,6.875692187364729e-05,0.6443846352439324,0.0001067016779194
149019,6,0,7,1,NATIVE,0.2022733302874919,0.7687913694189029,0.2631056205013615
149019,6,0,7,1,RETURN_ALIGNED,0.2953725403206228,0.7432649670401892,0.3973987116552744
149019,6,0,7,2,NATIVE,0.0081596327203872,0.5783280813368039,0.0141090031453684
149019,6,0,7,2,RETURN_ALIGNED,0.0169329514013011,0.7963937619623177,0.0212620341942203
149019,6,0,7,3,NATIVE,7.528427512118838e-05,0.2228955036252259,0.0003377559141588
149019,6,0,7,3,RETURN_ALIGNED,0.0002073732875047,0.5366763362337627,0.0003864028879646
149020,0,2,1,1,NATIVE,0.3891771243237038,0.9791099178807476,0.3974805251345542
149020,0,2,1,1,RETURN_ALIGNED,0.6581564123261623,0.948830952158484,0.6936498127816354
149020,0,2,1,2,NATIVE,0.0255282780378744,0.9720858118377236,0.0262613420821147
149020,0,2,1,2,RETURN_ALIGNED,0.1247394309423189,0.9548553653593412,0.1306369901323698
149020,0,2,1,3,NATIVE,0.001842327882629,0.9780332454528782,0.0018837068076602
149020,0,2,1,3,RETURN_ALIGNED,0.0225970320260031,0.9355049980789578,0.0241549025097219
149020,0,2,3,1,NATIVE,0.0459352428986278,0.1714739287412516,0.2678847054815569
149020,0,2,3,1,RETURN_ALIGNED,0.1346854172767955,0.325542396157316,0.4137261962392468
149020,0,2,3,2,NATIVE,0.0137163497205299,0.7422648967824824,0.0184790494335483
149020,0,2,3,2,RETURN_ALIGNED,0.0684169711897383,0.8283802706182627,0.0825912610624726
149020,0,2,3,3,NATIVE,0.0006350956803968,0.7681085736470088,0.0008268306097931
149020,0,2,3,3,RETURN_ALIGNED,0.0071089276472537,0.7548902805588004,0.0094171667463144
149020,0,2,4,1,NATIVE,0.472569038860188,0.9536525345745682,0.4955358704845032
149020,0,2,4,1,RETURN_ALIGNED,0.764762491116122,0.9099551133147288,0.840439797442623
149020,0,2,4,2,NATIVE,0.0270651103123948,0.915321751804854,0.0295689578653323
149020,0,2,4,2,RETURN_ALIGNED,0.1261414309967882,0.9342165947124554,0.1350237532823561
149020,0,2,4,3,NATIVE,0.0016285609500745,0.8042225918330471,0.0020250126849778
149020,0,2,4,3,RETURN_ALIGNED,0.0165191731983694,0.7352914087848327,0.0224661583162103
149020,0,2,5,1,NATIVE,0.4058647343589757,0.982922923916749,0.4129161346056196
149020,0,2,5,1,RETURN_ALIGNED,0.6457304668701326,0.9348491865761162,0.6907322337575198
149020,0,2,5,2,NATIVE,0.0310547608362764,0.9755416274193852,0.0318333528404784
149020,0,2,5,2,RETURN_ALIGNED,0.1414635939117204,0.9510890345891064,0.1487385394710003
149020,0,2,5,3,NATIVE,0.0025792806534293,0.9320844684661383,0.0027672177153053
149020,0,2,5,3,RETURN_ALIGNED,0.0312404681068289,0.938923646789294,0.0332726395948504
149020,0,2,6,1,NATIVE,0.3198215552283986,0.9612706675884322,0.3327070782578724
149020,0,2,6,1,RETURN_ALIGNED,0.531204589285316,0.9237364488252254,0.5750607653956329
149020,0,2,6,2,NATIVE,0.0157871340195005,0.930744442063524,0.0169618353931922
149020,0,2,6,2,RETURN_ALIGNED,0.0832250355791325,0.9276324733223384,0.0897176823499675
149020,0,2,6,3,NATIVE,0.0008309272900636,0.7304223923164649,0.0011375983249048
149020,0,2,6,3,RETURN_ALIGNED,0.0092661424013261,0.6493852580437885,0.014269098792232
149020,0,2,7,1,NATIVE,0.1439757249360455,0.6264795798918327,0.2298171074640136
149020,0,2,7,1,RETURN_ALIGNED,0.2676222451933558,0.615990996605944,0.4344580467375412
149020,0,2,7,2,NATIVE,0.0044426120512726,0.1234504488385919,0.0359870060660336
149020,0,2,7,2,RETURN_ALIGNED,0.0413209213017037,0.4984677456324878,0.0828958777443623
149020,0,2,7,3,NATIVE,-0.0004293428319815,-0.3653918033995733,0.0011750204244469
149020,0,2,7,3,RETURN_ALIGNED,0.0014244041679341,0.5974347464677788,0.0023842004105973
149020,2,4,0,1,NATIVE,0.3552988558460778,0.8709293549367068,0.4079537035146588
149020,2,4,0,1,RETURN_ALIGNED,0.6502218966952086,0.8940383035798687,0.7272863971170015
149020,2,4,0,2,NATIVE,0.0256893325283043,0.9668606200347448,0.0265698405705496
149020,2,4,0,2,RETURN_ALIGNED,0.1288336231989045,0.9608642953176382,0.1340809767067894
149020,2,4,0,3,NATIVE,0.0016195808971647,0.965611213735432,0.0016772598268123
149020,2,4,0,3,RETURN_ALIGNED,0.0215801124231922,0.9574968558767484,0.0225380504287781
149020,2,4,1,1,NATIVE,0.3687450857047349,0.8787294107255089,0.4196343962133606
149020,2,4,1,1,RETURN_ALIGNED,0.6544073975363187,0.8881161389559556,0.7368488971561905
149020,2,4,1,2,NATIVE,0.0210517622836215,0.9396307878053494,0.022404291724803
149020,2,4,1,2,RETURN_ALIGNED,0.1069120113788807,0.9364785431735472,0.1141638664955998
149020,2,4,1,3,NATIVE,0.0011849649109046,0.8915700694803451,0.0013290765935772
149020,2,4,1,3,RETURN_ALIGNED,0.0144696171336686,0.8354552998403596,0.0173194390369073
149020,2,4,3,1,NATIVE,0.4004709171717021,0.783233535825479,0.5113046094859688
149020,2,4,3,1,RETURN_ALIGNED,0.7290773409434513,0.7737400224879888,0.9422768885588312
149020,2,4,3,2,NATIVE,0.030830663916799,0.866243272132904,0.0355912304409053
149020,2,4,3,2,RETURN_ALIGNED,0.1527059468861834,0.9485481351530608,0.1609891382698539
149020,2,4,3,3,NATIVE,0.0019422877229566,0.945834723822295,0.0020535170400777
149020,2,4,3,3,RETURN_ALIGNED,0.0235979623627851,0.9603446606180894,0.0245723887787433
149020,2,4,5,1,NATIVE,0.31268724602257,0.9314779219010086,0.3356893799312049
149020,2,4,5,1,RETURN_ALIGNED,0.4820391046389386,0.8684431202212337,0.5550612278627194
149020,2,4,5,2,NATIVE,0.0313358742426831,0.8818592081793265,0.0355338742873805
149020,2,4,5,2,RETURN_ALIGNED,0.132307675549723,0.8524373377031799,0.1552110280694117
149020,2,4,5,3,NATIVE,0.0008805467866804,0.390199929014228,0.0022566554249945
149020,2,4,5,3,RETURN_ALIGNED,0.0141782186100274,0.6121360325290834,0.0231618755579386
149020,2,4,6,1,NATIVE,0.2093520692609127,0.8864889859968468,0.236158680556498
149020,2,4,6,1,RETURN_ALIGNED,0.3241955904998098,0.8069579145817953,0.4017503077193331
149020,2,4,6,2,NATIVE,0.0203321018476786,0.8884493962859337,0.0228849295553797
149020,2,4,6,2,RETURN_ALIGNED,0.0963711478873533,0.8738772273855343,0.11027996252464
149020,2,4,6,3,NATIVE,0.0019074833650733,0.6413867012918765,0.0029739989318003
149020,2,4,6,3,RETURN_ALIGNED,0.0241607453250089,0.748182605585079,0.0322925782342668
149020,2,4,7,1,NATIVE,0.4185131040312773,0.8652015945135413,0.4837174442176711
149020,2,4,7,1,RETURN_ALIGNED,0.7777127016057512,0.8296807763224965,0.9373637714650712
149020,2,4,7,2,NATIVE,0.043618613681457,0.8935527011178198,0.0488148193454329
149020,2,4,7,2,RETURN_ALIGNED,0.2166459012678332,0.927586125199877,0.2335587988883546
149020,2,4,7,3,NATIVE,0.0046967783100738,0.8393566352286489,0.0055956885427852
149020,2,4,7,3,RETURN_ALIGNED,0.061577054867666,0.904526224591372,0.0680765832880484
149020,4,6,0,1,NATIVE,0.3343504970748551,0.9514303521828024,0.3514187836322042
149020,4,6,0,1,RETURN_ALIGNED,0.5853960946049682,0.9357587219990744,0.6255844384269997
149020,4,6,0,2,NATIVE,0.0296750738885441,0.9508747755847738,0.0312081828758506
149020,4,6,0,2,RETURN_ALIGNED,0.1436820445090481,0.9226888102224852,0.1557210219926151
149020,4,6,0,3,NATIVE,0.0011121245716217,0.6003673493431578,0.0018524068185881
149020,4,6,0,3,RETURN_ALIGNED,0.0184298273111358,0.7610836694105519,0.0242152447251414
149020,4,6,1,1,NATIVE,0.3619372055902957,0.9771423524494348,0.3704037642857281
149020,4,6,1,1,RETURN_ALIGNED,0.6164553963327201,0.9497157540041148,0.6490946304024772
149020,4,6,1,2,NATIVE,0.0253357859356088,0.9795457868012248,0.0258648306969987
149020,4,6,1,2,RETURN_ALIGNED,0.1254618659421894,0.9552402425098716,0.1313406411904388
149020,4,6,1,3,NATIVE,0.0020202793912367,0.9779803558803032,0.0020657668418594
149020,4,6,1,3,RETURN_ALIGNED,0.0259517143522497,0.9507249735429948,0.0272967630748896
149020,4,6,2,1,NATIVE,0.2581794897624246,0.9582892878902972,0.2694170675024193
149020,4,6,2,1,RETURN_ALIGNED,0.4469537671833811,0.924473472617994,0.4834684611529576
149020,4,6,2,2,NATIVE,0.0211906279410165,0.7952426514963308,0.0266467447400453
149020,4,6,2,2,RETURN_ALIGNED,0.1068799115458088,0.7292394756819437,0.1465635296905739
149020,4,6,2,3,NATIVE,0.0002391871072421,0.221569808603871,0.0010795112778352
149020,4,6,2,3,RETURN_ALIGNED,0.0068789897080516,0.5009489603718245,0.0137319173252434
149020,4,6,3,1,NATIVE,0.0185119159108284,0.0694363259812012,0.2666027565432421
149020,4,6,3,1,RETURN_ALIGNED,0.1037909890632041,0.3369490644292001,0.30803168793184
149020,4,6,3,2,NATIVE,0.01178831773452,0.7015049760230857,0.016804325182789
149020,4,6,3,2,RETURN_ALIGNED,0.0454608576183978,0.7967484675799196,0.0570579793600249
149020,4,6,3,3,NATIVE,0.0004950940038778,0.7400098048374516,0.0006690370865354
149020,4,6,3,3,RETURN_ALIGNED,0.0041507878958706,0.7283536520830266,0.005698863298013
149020,4,6,5,1,NATIVE,0.4307246551840681,0.9863704478406344,0.4366763583874512
149020,4,6,5,1,RETURN_ALIGNED,0.6789778139075291,0.9326464085089232,0.7280120394105616
149020,4,6,5,2,NATIVE,0.0291991090270749,0.967372879511568,0.030183923537073
149020,4,6,5,2,RETURN_ALIGNED,0.1348047162439957,0.9542156067631172,0.1412728059450068
149020,4,6,5,3,NATIVE,0.0022487332207281,0.9748035388223424,0.0023068578755276
149020,4,6,5,3,RETURN_ALIGNED,0.0264086306862698,0.9557382436538004,0.0276316563259098
149020,4,6,7,1,NATIVE,0.1328506178134047,0.6477900167829778,0.2050828422350964
149020,4,6,7,1,RETURN_ALIGNED,0.2492658510158131,0.6372372440918173,0.3911664820706445
149020,4,6,7,2,NATIVE,0.0009673196358105,0.0330037887273692,0.0293093512320234
149020,4,6,7,2,RETURN_ALIGNED,0.0294149865154945,0.4812590852833814,0.061120896030453
149020,4,6,7,3,NATIVE,-0.000381408415522,-0.4460908376283317,0.0008550016797145
149020,4,6,7,3,RETURN_ALIGNED,0.0020813232444627,0.5868868295642817,0.0035463791987792
149020,6,0,1,1,NATIVE,0.3650935203841853,0.8665206987757831,0.4213327170371984
149020,6,0,1,1,RETURN_ALIGNED,0.64601919788672,0.8774642501364899,0.7362342087284164
149020,6,0,1,2,NATIVE,0.0211115152684159,0.9432883461644114,0.0223807654936449
149020,6,0,1,2,RETURN_ALIGNED,0.1059401868316522,0.944626768383222,0.1121503120358888
149020,6,0,1,3,NATIVE,0.0012228495635521,0.9273902450845336,0.001318592221571
149020,6,0,1,3,RETURN_ALIGNED,0.0149337925316159,0.8771073210677801,0.0170261861609072
149020,6,0,2,1,NATIVE,0.2249045046730247,0.7077252785643662,0.317785038184899
149020,6,0,2,1,RETURN_ALIGNED,0.427873408416471,0.7592581367088154,0.5635414198801578
149020,6,0,2,2,NATIVE,0.0203340685459756,0.9570422463214004,0.0212467825992333
149020,6,0,2,2,RETURN_ALIGNED,0.1102964364436488,0.935174750097282,0.1179420599541248
149020,6,0,2,3,NATIVE,0.0010951051961829,0.9566090454886482,0.0011447782155707
149020,6,0,2,3,RETURN_ALIGNED,0.0158647703239245,0.9455618838744562,0.0167781406953832
149020,6,0,3,1,NATIVE,0.3945557029837974,0.8007337187640632,0.492742710513856
149020,6,0,3,1,RETURN_ALIGNED,0.7321878519405052,0.7970554521871688,0.9186159506610236
149020,6,0,3,2,NATIVE,0.0364635144029476,0.8556284645093468,0.0426160604920927
149020,6,0,3,2,RETURN_ALIGNED,0.1774861838713867,0.9199814778456128,0.1929236491656504
149020,6,0,3,3,NATIVE,0.002401146395215,0.8715077623343086,0.0027551635201826
149020,6,0,3,3,RETURN_ALIGNED,0.0277828521695036,0.8716679244764595,0.0318732069731023
149020,6,0,4,1,NATIVE,0.333392371904267,0.905989406671624,0.3679870531036877
149020,6,0,4,1,RETURN_ALIGNED,0.522233486462478,0.8473342187056407,0.6163252644985973
149020,6,0,4,2,NATIVE,0.0358661274818501,0.8987393613363935,0.0399071510881842
149020,6,0,4,2,RETURN_ALIGNED,0.1512819620468427,0.9052832764269468,0.1671100814364392
149020,6,0,4,3,NATIVE,0.0047204315314258,0.8159558516723775,0.0057851555585582
149020,6,0,4,3,RETURN_ALIGNED,0.0474062977616787,0.8347443516154223,0.0567913968742256
149020,6,0,5,1,NATIVE,0.2968959410960096,0.91903895721725,0.323050441729876
149020,6,0,5,1,RETURN_ALIGNED,0.458314593907027,0.8567140180801119,0.5349680106018303
149020,6,0,5,2,NATIVE,0.0318229832076103,0.8526207549160025,0.0373237257292313
149020,6,0,5,2,RETURN_ALIGNED,0.13178241568281,0.8203007592805263,0.1606513393920668
149020,6,0,5,3,NATIVE,0.0006536508182661,0.2599339253361624,0.0025146806727487
149020,6,0,5,3,RETURN_ALIGNED,0.0137157709503172,0.5937721222282715,0.0230993851627366
149020,6,0,7,1,NATIVE,0.488434013212144,0.8920303709147326,0.547553120541331
149020,6,0,7,1,RETURN_ALIGNED,0.8858848900161839,0.8482103572915725,1.044416496922894
149020,6,0,7,2,NATIVE,0.0391810067757741,0.9012963895853116,0.0434718337141624
149020,6,0,7,2,RETURN_ALIGNED,0.1959225084155261,0.956080823023464,0.204922537610852
149020,6,0,7,3,NATIVE,0.002825941567419,0.8657297282848859,0.0032642307109882
149020,6,0,7,3,RETURN_ALIGNED,0.0368459607742954,0.9062414800407635,0.0406579941272319
149021,0,2,1,1,NATIVE,0.3621935976610199,0.906063759686084,0.3997440508893014
149021,0,2,1,1,RETURN_ALIGNED,0.4471624827487387,0.8185275384044495,0.5463010855081417
149021,0,2,1,2,NATIVE,-0.0036151618808839,-0.0915896262640041,0.0394713029003916
149021,0,2,1,2,RETURN_ALIGNED,0.0909297071671373,0.8315049331225273,0.1093555835260821
149021,0,2,1,3,NATIVE,-0.0018168234358871,-0.7352265550326796,0.0024711069267134
149021,0,2,1,3,RETURN_ALIGNED,0.0168314750366945,0.8017614034288798,0.0209931220952452
149021,0,2,3,1,NATIVE,0.2209541897788385,0.8304133110116229,0.2660773699660642
149021,0,2,3,1,RETURN_ALIGNED,0.3673719662604706,0.854421430389207,0.4299657677044446
149021,0,2,3,2,NATIVE,-0.0058060841461168,-0.3480325130190623,0.0166825912202482
149021,0,2,3,2,RETURN_ALIGNED,0.0480410698466738,0.7533433875148969,0.0637704805573689
149021,0,2,3,3,NATIVE,-0.0009750632446461,-0.6882183061895077,0.0014167935310125
149021,0,2,3,3,RETURN_ALIGNED,0.0065752167785928,0.8619617812769574,0.007628199904889
149021,0,2,4,1,NATIVE,0.2586054825259941,0.9267364924400237,0.2790496377724997
149021,0,2,4,1,RETURN_ALIGNED,0.3749155160885162,0.8741118122999375,0.4289102501681239
149021,0,2,4,2,NATIVE,-0.0006285439554517,-0.0313779479620268,0.0200313913518856
149021,0,2,4,2,RETURN_ALIGNED,0.0553030886547636,0.8029876707732374,0.0688716535353267
149021,0,2,4,3,NATIVE,-0.0010656302111114,-0.7483503532967216,0.0014239723491627
149021,0,2,4,3,RETURN_ALIGNED,0.0074206334124544,0.8317154571795147,0.0089220818824666
149021,0,2,5,1,NATIVE,0.3343091271529811,0.9187624116542736,0.3638689642852399
149021,0,2,5,1,RETURN_ALIGNED,0.4147026450586952,0.8226791580885542,0.5040879436184305
149021,0,2,5,2,NATIVE,0.0045238060611266,0.1368442433347696,0.0330580662420953
149021,0,2,5,2,RETURN_ALIGNED,0.0777895844207923,0.8267218956043256,0.0940940173881188
149021,0,2,5,3,NATIVE,-0.001606001682315,-0.7426291090300194,0.0021625891842698
149021,0,2,5,3,RETURN_ALIGNED,0.0156672966670427,0.8025609064689161,0.0195216294954775
149021,0,2,6,1,NATIVE,0.2390734286120987,0.5917636816819687,0.404001522926218
149021,0,2,6,1,RETURN_ALIGNED,0.3178144715661973,0.6536348573389849,0.4862263203953058
149021,0,2,6,2,NATIVE,0.0048393450244863,0.4049541788102,0.011950352107907
149021,0,2,6,2,RETURN_ALIGNED,0.0138729381249063,0.5705480409924134,0.0243151095577966
149021,0,2,6,3,NATIVE,0.0004819127951827,0.3974255958440593,0.0012125862040015
149021,0,2,6,3,RETURN_ALIGNED,0.0021725911201695,0.7415759574347365,0.0029296946555138
149021,0,2,7,1,NATIVE,0.3222181254566977,0.8684858285578758,0.3710113796464285
149021,0,2,7,1,RETURN_ALIGNED,0.4606838576091797,0.7877532490545455,0.5848073088394677
149021,0,2,7,2,NATIVE,0.0107828355927241,0.4718956867258427,0.0228500405829492
149021,0,2,7,2,RETURN_ALIGNED,0.0347597746635811,0.6238934699607876,0.0557142786982723
149021,0,2,7,3,NATIVE,0.0002911249860005,0.1441891244517645,0.0020190495430722
149021,0,2,7,3,RETURN_ALIGNED,0.0033049169900502,0.6736339323196907,0.0049061023068171
149021,2,4,0,1,NATIVE,0.3028099113476851,0.8809466864719274,0.3437323915256912
149021,2,4,0,1,RETURN_ALIGNED,0.413960171094719,0.8291872143059766,0.499236075945959
149021,2,4,0,2,NATIVE,-0.005117833944222,-0.1717084748238969,0.0298053660392273
149021,2,4,0,2,RETURN_ALIGNED,0.0664971323743355,0.7467258548817733,0.089051600315386
149021,2,4,0,3,NATIVE,-0.0017515665678664,-0.615233176858643,0.0028469962807889
149021,2,4,0,3,RETURN_ALIGNED,0.017292688512184,0.7906346414529216,0.0218719084689662
149021,2,4,1,1,NATIVE,0.2645245436026455,0.8527532520809005,0.3102005685197478
149021,2,4,1,1,RETURN_ALIGNED,0.3432239003833531,0.779442007190028,0.4403456539642329
149021,2,4,1,2,NATIVE,-0.0029206719166965,-0.1851920942425822,0.015771039949676
149021,2,4,1,2,RETURN_ALIGNED,0.035136152309143,0.728115007511318,0.0482563220735052
149021,2,4,1,3,NATIVE,-0.0008090690544508,-0.6957446820877585,0.0011628821240015
149021,2,4,1,3,RETURN_ALIGNED,0.0065524352545909,0.7453032112429304,0.0087916369538139
149021,2,4,3,1,NATIVE,0.3166467434973845,0.9425115298454928,0.3359606046933045
149021,2,4,3,1,RETURN_ALIGNED,0.4905127247441614,0.9153803937487344,0.5358567084174906
149021,2,4,3,2,NATIVE,0.0005039766217776,0.0150125188332949,0.0335704239484474
149021,2,4,3,2,RETURN_ALIGNED,0.095194805131943,0.8277949047921755,0.1149980563788823
149021,2,4,3,3,NATIVE,-0.0028432081741522,-0.7327594952272319,0.0038801382838858
149021,2,4,3,3,RETURN_ALIGNED,0.0185952794217771,0.802249606433185,0.0231789199627383
149021,2,4,5,1,NATIVE,0.2984651449141035,0.7768161582435992,0.3842159328776561
149021,2,4,5,1,RETURN_ALIGNED,0.3551353394360429,0.7293559645945048,0.4869163435626437
149021,2,4,5,2,NATIVE,0.0056774055396549,0.2697978543331913,0.021043182695452
149021,2,4,5,2,RETURN_ALIGNED,0.0180734573719158,0.5282528456073889,0.0342136488654005
149021,2,4,5,3,NATIVE,-8.510227501577481e-05,-0.0733808982709413,0.0011597333494405
149021,2,4,5,3,RETURN_ALIGNED,0.0019793631466856,0.6997577006786042,0.0028286407480953
149021,2,4,6,1,NATIVE,0.3420544579110456,0.6930299815609593,0.4935637230879706
149021,2,4,6,1,RETURN_ALIGNED,0.5654115109116392,0.7902831714966339,0.7154543223294371
149021,2,4,6,2,NATIVE,-0.0032947064411259,-0.110623816327615,0.0297829757665947
149021,2,4,6,2,RETURN_ALIGNED,0.0273272472983096,0.4159543840469745,0.0656977023095434
149021,2,4,6,3,NATIVE,-0.0005073378887007,-0.2113919608660193,0.002399986666048
149021,2,4,6,3,RETURN_ALIGNED,0.0026388039521081,0.5371983070310504,0.0049121598378908
149021,2,4,7,1,NATIVE,0.3498120424338169,0.958093521766652,0.3651126267806396
149021,2,4,7,1,RETURN_ALIGNED,0.5312219270831625,0.904089362505926,0.5875767917572722
149021,2,4,7,2,NATIVE,0.0046416109836213,0.1247566266361482,0.0372053261512447
149021,2,4,7,2,RETURN_ALIGNED,0.1087952662383586,0.8301084902871463,0.1310615028165243
149021,2,4,7,3,NATIVE,-0.0022371009069315,-0.6383355398292494,0.0035045846031513
149021,2,4,7,3,RETURN_ALIGNED,0.0158475203952297,0.810881757458364,0.0195435650715583
149021,4,6,0,1,NATIVE,0.3478462432736809,0.9258428458574302,0.3757076536585179
149021,4,6,0,1,RETURN_ALIGNED,0.4683643251851022,0.8392432919269894,0.5580793194183867
149021,4,6,0,2,NATIVE,0.0086658538359184,0.2745121772701682,0.0315681946134441
149021,4,6,0,2,RETURN_ALIGNED,0.0467035913740554,0.6890833975172741,0.0677763991152583
149021,4,6,0,3,NATIVE,-0.0006504108296962,-0.2455395635440431,0.002648904395857
149021,4,6,0,3,RETURN_ALIGNED,0.0074684311495399,0.6943634170894417,0.0107557958331583
149021,4,6,1,1,NATIVE,0.3442558342724416,0.9297476136475884,0.3702680482520951
149021,4,6,1,1,RETURN_ALIGNED,0.4502608484426662,0.838598109342059,0.5369208962274613
149021,4,6,1,2,NATIVE,0.0033699258034741,0.1012049156698584,0.0332980446760119
149021,4,6,1,2,RETURN_ALIGNED,0.0872173158420744,0.8300146216554383,0.1050792522999302
149021,4,6,1,3,NATIVE,-0.0016903921620234,-0.8413846125727658,0.0020090599880377
149021,4,6,1,3,RETURN_ALIGNED,0.0136235303744636,0.7661240355146891,0.0177824082535173
149021,4,6,2,1,NATIVE,0.1893083487839748,0.6685986373096868,0.283141990156591
149021,4,6,2,1,RETURN_ALIGNED,0.3687761872840084,0.7985638581731416,0.4617992456201745
149021,4,6,2,2,NATIVE,-0.0050155743905961,-0.3589049123861702,0.0139746607452345
149021,4,6,2,2,RETURN_ALIGNED,0.0365061255025205,0.6362750367127229,0.0573747568202353
149021,4,6,2,3,NATIVE,-0.0008649987187112,-0.6765972039035039,0.0012784544665695
149021,4,6,2,3,RETURN_ALIGNED,0.0056007586551255,0.7427665397970662,0.0075404024731968
149021,4,6,3,1,NATIVE,0.2596777110360489,0.85981874695034,0.3020144791643826
149021,4,6,3,1,RETURN_ALIGNED,0.4228831443499303,0.8721224735715538,0.4848896309460599
149021,4,6,3,2,NATIVE,-0.0085255300466273,-0.4141570978140627,0.0205852563954805
149021,4,6,3,2,RETURN_ALIGNED,0.0615050893242621,0.7872973428743715,0.0781218047802643
149021,4,6,3,3,NATIVE,-0.0014021670932757,-0.6763585212285194,0.0020731121855898
149021,4,6,3,3,RETURN_ALIGNED,0.0095654964999997,0.7810189417430429,0.0122474577599956
149021,4,6,5,1,NATIVE,0.2910462145155874,0.8128130689402967,0.3580727545325133
149021,4,6,5,1,RETURN_ALIGNED,0.3487687515324012,0.7885831639958583,0.4422726320519556
149021,4,6,5,2,NATIVE,-0.0020105484514823,-0.0654308493608997,0.0307278366561596
149021,4,6,5,2,RETURN_ALIGNED,0.0472386287984644,0.7263226253148964,0.065038079706634
149021,4,6,5,3,NATIVE,-0.0005857216723318,-0.3551348988374692,0.001649293475202
149021,4,6,5,3,RETURN_ALIGNED,0.0077873579917631,0.7580231511384748,0.0102732455839133
149021,4,6,7,1,NATIVE,0.3326245571804953,0.9303128274519048,0.3575405469700699
149021,4,6,7,1,RETURN_ALIGNED,0.4906998205009327,0.8607918345675925,0.5700563141928312
149021,4,6,7,2,NATIVE,0.0123838583132371,0.5018602457599795,0.0246759101118614
149021,4,6,7,2,RETURN_ALIGNED,0.0434104065389148,0.7788518260800381,0.0557364123509576
149021,4,6,7,3,NATIVE,-0.0004426616428538,-0.1662435624115383,0.0026627295283594
149021,4,6,7,3,RETURN_ALIGNED,0.0024276580590287,0.6212840390719307,0.0039074849910149
149021,6,0,1,1,NATIVE,0.2450888965423938,0.8207597871524464,0.2986122131941053
149021,6,0,1,1,RETURN_ALIGNED,0.3251880251439258,0.7553977979742608,0.4304857996884782
149021,6,0,1,2,NATIVE,-0.0020804179581452,-0.1260354522487753,0.0165066092198759
149021,6,0,1,2,RETURN_ALIGNED,0.035548283983743,0.6960151773915326,0.0510740069158227
149021,6,0,1,3,NATIVE,-0.000679932734479,-0.6251449246009324,0.0010876401728713
149021,6,0,1,3,RETURN_ALIGNED,0.0057306299933279,0.7447650605168828,0.0076945473094845
149021,6,0,2,1,NATIVE,0.1945179233376637,0.7236085107829499,0.2688165222477351
149021,6,0,2,1,RETURN_ALIGNED,0.3405552970350074,0.8101191084097542,0.4203768229876633
149021,6,0,2,2,NATIVE,0.0006652676596358,0.0475481946701318,0.013991438880562
149021,6,0,2,2,RETURN_ALIGNED,0.0314940760465236,0.852769474221886,0.0369315236978627
149021,6,0,2,3,NATIVE,-0.0013050461437609,-0.6659930533585761,0.0019595491787055
149021,6,0,2,3,RETURN_ALIGNED,0.0026483519881042,0.6550146570500188,0.004043194998199
149021,6,0,3,1,NATIVE,0.3291841045778891,0.9448150793992298,0.3484111460066016
149021,6,0,3,1,RETURN_ALIGNED,0.5070238628076376,0.91400237291148,0.554729263111752
149021,6,0,3,2,NATIVE,-0.0019188511985055,-0.0556814168909073,0.0344612494726374
149021,6,0,3,2,RETURN_ALIGNED,0.1050012731223657,0.8591791539584953,0.1222111507687973
149021,6,0,3,3,NATIVE,-0.0023440824264664,-0.6479292369090566,0.0036178062202459
149021,6,0,3,3,RETURN_ALIGNED,0.0194415249102756,0.8140348124516673,0.0238829158278318
149021,6,0,4,1,NATIVE,0.3395989857785131,0.9724911084113378,0.3492052347226272
149021,6,0,4,1,RETURN_ALIGNED,0.465698445970099,0.8857559776323058,0.5257638195283787
149021,6,0,4,2,NATIVE,0.0096162460986809,0.2956691552306513,0.0325236702187092
149021,6,0,4,2,RETURN_ALIGNED,0.0768619388581019,0.764316218171274,0.1005630091714224
149021,6,0,4,3,NATIVE,-0.0012266207057591,-0.5182006957076777,0.002367076530367
149021,6,0,4,3,RETURN_ALIGNED,0.0120610440529851,0.7083940491289287,0.0170258969094437
149021,6,0,5,1,NATIVE,0.2454002798915907,0.6943312901377106,0.3534339923566432
149021,6,0,5,1,RETURN_ALIGNED,0.290256501567684,0.6943247707759872,0.4180414033669223
149021,6,0,5,2,NATIVE,0.0034619610075539,0.1664609529033571,0.0207974359579411
149021,6,0,5,2,RETURN_ALIGNED,0.0153135516519727,0.6309467599350839,0.0242707509162343
149021,6,0,5,3,NATIVE,-6.850318642694595e-05,-0.0691581381206788,0.00099052965037
149021,6,0,5,3,RETURN_ALIGNED,0.0005445753758514,0.6974627171246546,0.000780794961416
149021,6,0,7,1,NATIVE,0.3452823885442828,0.9610043449521148,0.3592932647577251
149021,6,0,7,1,RETURN_ALIGNED,0.5246458851739978,0.9065115141312168,0.5787525883515735
149021,6,0,7,2,NATIVE,0.0077969711007512,0.2077210116536683,0.0375357843605792
149021,6,0,7,2,RETURN_ALIGNED,0.1026492366655974,0.8269130427475186,0.1241354669215996
149021,6,0,7,3,NATIVE,-0.0031296801133715,-0.7698352108556293,0.0040653896644623
149021,6,0,7,3,RETURN_ALIGNED,0.0162119755220204,0.8423369787905948,0.0192464250366644
149022,0,2,1,1,NATIVE,0.2224659038362553,0.880385312902216,0.2526915210598088
149022,0,2,1,1,RETURN_ALIGNED,0.3407374110625522,0.8691389851389023,0.3920401879198524
149022,0,2,1,2,NATIVE,0.0013898823432731,0.2320813504933793,0.005988772213729
149022,0,2,1,2,RETURN_ALIGNED,0.0148191176654825,0.8407666324455783,0.0176257204950799
149022,0,2,1,3,NATIVE,-9.586743405177429e-07,-0.0077142575255092,0.0001242730529905
149022,0,2,1,3,RETURN_ALIGNED,0.0004156283035718,0.7374858180167068,0.0005635746380732
149022,0,2,3,1,NATIVE,0.1507254318031933,0.90738026305035,0.1661105469678276
149022,0,2,3,1,RETURN_ALIGNED,0.169637042745408,0.8981694393016229,0.1888697558861777
149022,0,2,3,2,NATIVE,0.0046770432059873,0.7247863412901334,0.0064529957854523
149022,0,2,3,2,RETURN_ALIGNED,0.0115846758069903,0.8076657384871937,0.0143434037803434
149022,0,2,3,3,NATIVE,2.500994855734409e-05,0.2704254733382079,9.248370042196868e-05
149022,0,2,3,3,RETURN_ALIGNED,0.0002495375917115,0.5356797320307805,0.0004658335505398
149022,0,2,4,1,NATIVE,0.2043249351565638,0.9584478971655598,0.2131831430385644
149022,0,2,4,1,RETURN_ALIGNED,0.2209211312660428,0.9759412817035416,0.2263672368488291
149022,0,2,4,2,NATIVE,0.0050685651872894,0.5976371819366811,0.0084810071063355
149022,0,2,4,2,RETURN_ALIGNED,0.0137908200780489,0.8811221088218214,0.0156514289444941
149022,0,2,4,3,NATIVE,3.976267191385006e-05,0.2821865218547166,0.0001409091813607
149022,0,2,4,3,RETURN_ALIGNED,0.0003847110043982,0.6545498237267231,0.0005877489996261
149022,0,2,5,1,NATIVE,0.2300477287763788,0.9100931882511694,0.2527738167321324
149022,0,2,5,1,RETURN_ALIGNED,0.3157733489629031,0.8950760755957179,0.3527893969823228
149022,0,2,5,2,NATIVE,0.0043125658670405,0.4018629042662032,0.0107314355734959
149022,0,2,5,2,RETURN_ALIGNED,0.0173872267871196,0.7061368378230074,0.0246230275137684
149022,0,2,5,3,NATIVE,3.5604685467691946e-05,0.3006751735106759,0.0001184157803543
149022,0,2,5,3,RETURN_ALIGNED,0.0005264383584212,0.7756853029146522,0.0006786751740973
149022,0,2,6,1,NATIVE,0.1981993480792304,0.7064111460822449,0.2805722264970248
149022,0,2,6,1,RETURN_ALIGNED,0.3052919836121093,0.6758401568418345,0.4517221720565777
149022,0,2,6,2,NATIVE,-6.759879510545001e-05,-0.0124027706815234,0.0054502979067334
149022,0,2,6,2,RETURN_ALIGNED,0.0077812642972453,0.7485929376548666,0.0103945200448799
149022,0,2,6,3,NATIVE,-3.8914638159293184e-06,-0.043041155259757,9.041262367466038e-05
149022,0,2,6,3,RETURN_ALIGNED,8.303293169279877e-05,0.5324198702254254,0.0001559538548531
149022,0,2,7,1,NATIVE,0.1072495702877114,0.6028663234652832,0.1778994216680396
149022,0,2,7,1,RETURN_ALIGNED,0.1746684358884272,0.8435363695398097,0.2070668701381325
149022,0,2,7,2,NATIVE,0.0033268455420938,0.4014980343861919,0.0082860817659415
149022,0,2,7,2,RETURN_ALIGNED,0.0092167653305932,0.7388094421961475,0.0124751590919532
149022,0,2,7,3,NATIVE,-6.013227746549072e-06,-0.0500090224676128,0.0001202428567261
149022,0,2,7,3,RETURN_ALIGNED,0.0001128173770827,0.4410771500318958,0.0002557769697933
149022,2,4,0,1,NATIVE,0.147347425350721,0.8107618298460089,0.1817394701211256
149022,2,4,0,1,RETURN_ALIGNED,0.1673462631513278,0.8868090993734458,0.1887060735726358
149022,2,4,0,2,NATIVE,0.0048766299013247,0.5892868435876634,0.0082754773063838
149022,2,4,0,2,RETURN_ALIGNED,0.0154175652440703,0.9027743281257375,0.0170779836813451
149022,2,4,0,3,NATIVE,5.835414565511147e-06,0.0378591779787396,0.0001541347396209
149022,2,4,0,3,RETURN_ALIGNED,0.0003477407028949,0.5397497088185093,0.0006442628812025
149022,2,4,1,1,NATIVE,0.1146741903677262,0.6302389912377381,0.1819535001197232
149022,2,4,1,1,RETURN_ALIGNED,0.2071113925050938,0.8023678092244934,0.2581252514419286
149022,2,4,1,2,NATIVE,0.000933505042484,0.1969558641490256,0.0047396661503977
149022,2,4,1,2,RETURN_ALIGNED,0.0110924587947233,0.7441514105575364,0.0149061852697535
149022,2,4,1,3,NATIVE,-1.4640962883796497e-05,-0.1875737401465319,7.805443775319175e-05
149022,2,4,1,3,RETURN_ALIGNED,0.00019172048052,0.5263659666555979,0.0003642341878058
149022,2,4,3,1,NATIVE,0.1883100117056921,0.9642949908889044,0.1952825779297679
149022,2,4,3,1,RETURN_ALIGNED,0.2196964587827732,0.9689989535639452,0.226725176507773
149022,2,4,3,2,NATIVE,0.007944549359686,0.8473226919288172,0.0093760611330529
149022,2,4,3,2,RETURN_ALIGNED,0.0175018943084682,0.9430075208693022,0.0185596550614142
149022,2,4,3,3,NATIVE,0.0001015425914782,0.5153573243738682,0.0001970333707194
149022,2,4,3,3,RETURN_ALIGNED,0.0007821545814274,0.8637035480601546,0.0009055822243157
149022,2,4,5,1,NATIVE,0.1650801071960156,0.7857129501134386,0.2101023117565094
149022,2,4,5,1,RETURN_ALIGNED,0.229618825536524,0.7991758108602485,0.2873195389750524
149022,2,4,5,2,NATIVE,0.0014012804572325,0.2137934572263614,0.0065543654857329
149022,2,4,5,2,RETURN_ALIGNED,0.005303489224835,0.5893677464859803,0.0089986078405998
149022,2,4,5,3,NATIVE,2.598029922470389e-05,0.3190214639991173,8.143746449298388e-05
149022,2,4,5,3,RETURN_ALIGNED,0.0001183542101328,0.5626433251509638,0.00021035388621
149022,2,4,6,1,NATIVE,0.1207736553454466,0.7569397533991828,0.1595551756963752
149022,2,4,6,1,RETURN_ALIGNED,0.201265069409846,0.7082144956206924,0.2841865997577993
149022,2,4,6,2,NATIVE,0.0016464436301035,0.4539085964856516,0.0036272580916749
149022,2,4,6,2,RETURN_ALIGNED,0.0115015396068699,0.6371370292337327,0.0180519088960254
149022,2,4,6,3,NATIVE,2.393655937819324e-05,0.4229873899407825,5.6589297129681045e-05
149022,2,4,6,3,RETURN_ALIGNED,0.000147295703072,0.5001422319689508,0.0002945076286663
149022,2,4,7,1,NATIVE,0.1977180722798488,0.9164965466300404,0.2157324793057554
149022,2,4,7,1,RETURN_ALIGNED,0.2469038582976651,0.964266559135412,0.2560535320429012
149022,2,4,7,2,NATIVE,0.0071136125690845,0.752423414338543,0.0094542679464378
149022,2,4,7,2,RETURN_ALIGNED,0.0178841937453658,0.9650924040827248,0.0185310688062092
149022,2,4,7,3,NATIVE,8.766855466820061e-05,0.2724066117873101,0.0003218297565472
149022,2,4,7,3,RETURN_ALIGNED,0.000888366324824,0.6672766849859638,0.0013313312784404
149022,4,6,0,1,NATIVE,0.2055194644223875,0.9449452277774668,0.2174935206621795
149022,4,6,0,1,RETURN_ALIGNED,0.2180844515542189,0.9542668692710432,0.2285361239887446
149022,4,6,0,2,NATIVE,0.0059397911155715,0.6039020053983605,0.0098356870188951
149022,4,6,0,2,RETURN_ALIGNED,0.0106382658300659,0.6885650600206507,0.0154499065481254
149022,4,6,0,3,NATIVE,4.92911621541806e-05,0.3418424011447664,0.0001441926508211
149022,4,6,0,3,RETURN_ALIGNED,0.0002866799593479,0.5470518715898611,0.0005240452943571
149022,4,6,1,1,NATIVE,0.233286430984578,0.9170318651195676,0.2543929386290569
149022,4,6,1,1,RETURN_ALIGNED,0.3517391549892776,0.8798558394698538,0.399769074898631
149022,4,6,1,2,NATIVE,0.0041091760906511,0.381663748054919,0.0107664825673133
149022,4,6,1,2,RETURN_ALIGNED,0.028291570789574,0.9179295039860071,0.0308210714060358
149022,4,6,1,3,NATIVE,0.0001361871133134,0.4242942310268293,0.0003209732798665
149022,4,6,1,3,RETURN_ALIGNED,0.001593187611972,0.7616840650842184,0.0020916646163266
149022,4,6,2,1,NATIVE,0.1735557034248575,0.8473880812842122,0.2048125377942954
149022,4,6,2,1,RETURN_ALIGNED,0.2998130697008198,0.7728263237302038,0.3879436562841523
149022,4,6,2,2,NATIVE,4.825279027452144e-05,0.0197335954611231,0.0024452102689584
149022,4,6,2,2,RETURN_ALIGNED,0.0080841810123378,0.7244184718370329,0.0111595456580382
149022,4,6,2,3,NATIVE,-3.82819462387433e-06,-0.0907218406028448,4.219705607493956e-05
149022,4,6,2,3,RETURN_ALIGNED,0.000152232530232,0.7566993126311525,0.0002011796858426
149022,4,6,3,1,NATIVE,0.1426812563853161,0.885357894350092,0.1611565868399172
149022,4,6,3,1,RETURN_ALIGNED,0.1592042564265199,0.8893488834609329,0.1790121507848447
149022,4,6,3,2,NATIVE,0.0025231833598635,0.5138613778658819,0.004910241299367
149022,4,6,3,2,RETURN_ALIGNED,0.0086558564407566,0.7847863411010876,0.0110295707089329
149022,4,6,3,3,NATIVE,3.5853892371912463e-06,0.042693831721523,8.397909206849979e-05
149022,4,6,3,3,RETURN_ALIGNED,0.000178282986954,0.5176879418003268,0.0003443831165644
149022,4,6,5,1,NATIVE,0.2264899820929322,0.8839911125900027,0.2562129628533703
149022,4,6,5,1,RETURN_ALIGNED,0.3191129172375198,0.8889124934189797,0.3589924988116164
149022,4,6,5,2,NATIVE,0.0058193468633476,0.4594185710639955,0.0126667645347309
149022,4,6,5,2,RETURN_ALIGNED,0.0341411973534496,0.9426836687162864,0.0362170243156368
149022,4,6,5,3,NATIVE,0.0001061588305196,0.3725554351611492,0.0002849477402949
149022,4,6,5,3,RETURN_ALIGNED,0.001495158578863,0.8139167763145502,0.0018369919626861
149022,4,6,7,1,NATIVE,0.0777031705167099,0.4835193447388497,0.1607033335111123
149022,4,6,7,1,RETURN_ALIGNED,0.1524631664849559,0.8172933299982447,0.1865464465312247
149022,4,6,7,2,NATIVE,0.0022680138386053,0.3450931905334337,0.0065721778947208
149022,4,6,7,2,RETURN_ALIGNED,0.0047221981804115,0.6292880254773298,0.0075040331119173
149022,4,6,7,3,NATIVE,1.5545396544223593e-05,0.1561220253622154,9.957209087803122e-05
149022,4,6,7,3,RETURN_ALIGNED,0.0001023899575008,0.5044750196058356,0.0002029633844498
149022,6,0,1,1,NATIVE,0.1240786493473141,0.6611626239555871,0.187667367832861
149022,6,0,1,1,RETURN_ALIGNED,0.2170701847494672,0.8120864061553943,0.2672993699980948
149022,6,0,1,2,NATIVE,0.0017309252488953,0.2684904740720981,0.0064468776955652
149022,6,0,1,2,RETURN_ALIGNED,0.0156776760112032,0.7800363058968046,0.0200986491171218
149022,6,0,1,3,NATIVE,-5.999347045831815e-06,-0.0601692759056265,9.970781476023373e-05
149022,6,0,1,3,RETURN_ALIGNED,0.0002955918875663,0.5179826103148658,0.0005706598666163
149022,6,0,2,1,NATIVE,0.0490337878629954,0.3155980863189843,0.1553678237875618
149022,6,0,2,1,RETURN_ALIGNED,0.1830237164397778,0.7523259548898343,0.2432771530079307
149022,6,0,2,2,NATIVE,-0.0017446537426126,-0.3289911298685502,0.0053030418864991
149022,6,0,2,2,RETURN_ALIGNED,0.0150792074346028,0.7161982788662471,0.0210545150389313
149022,6,0,2,3,NATIVE,-2.8493485987151333e-05,-0.3657094767592887,7.791289950691369e-05
149022,6,0,2,3,RETURN_ALIGNED,0.0002399591960601,0.7792247378968667,0.0003079460697314
149022,6,0,3,1,NATIVE,0.1926706385727011,0.967598475429832,0.1991225115221075
149022,6,0,3,1,RETURN_ALIGNED,0.225905523649018,0.9667126508218308,0.2336842529750949
149022,6,0,3,2,NATIVE,0.0048894714889745,0.6708445725226573,0.0072885310381373
149022,6,0,3,2,RETURN_ALIGNED,0.0139247262745537,0.9074504266676972,0.0153448892246172
149022,6,0,3,3,NATIVE,2.1597248355510446e-05,0.1177815347372513,0.0001833670129446
149022,6,0,3,3,RETURN_ALIGNED,0.0004641713733831,0.5965548594108907,0.0007780866508717
149022,6,0,4,1,NATIVE,0.1736922387807609,0.8635309495816706,0.2011418801663171
149022,6,0,4,1,RETURN_ALIGNED,0.1919320795608511,0.921158114576786,0.2083595384153215
149022,6,0,4,2,NATIVE,0.0044180033619238,0.5144074323139213,0.0085885294109921
149022,6,0,4,2,RETURN_ALIGNED,0.0122402763571945,0.89385646834521,0.0136937828277962
149022,6,0,4,3,NATIVE,3.663701707954285e-05,0.1991631274327708,0.0001839548183717
149022,6,0,4,3,RETURN_ALIGNED,0.0003195470864023,0.5480287585207773,0.0005830845207145
149022,6,0,5,1,NATIVE,0.1671613304718979,0.7886460319043357,0.211959895452835
149022,6,0,5,1,RETURN_ALIGNED,0.2261689066350399,0.7868036574969669,0.2874527901336868
149022,6,0,5,2,NATIVE,0.0022650357029519,0.2673762366622708,0.0084713425956621
149022,6,0,5,2,RETURN_ALIGNED,0.0078715891436584,0.5348570801334177,0.0147171822820477
149022,6,0,5,3,NATIVE,2.3931182238329355e-05,0.2371336659745239,0.0001009185349014
149022,6,0,5,3,RETURN_ALIGNED,0.0001738139847682,0.5322224395579173,0.0003265814660227
149022,6,0,7,1,NATIVE,0.1877639529722116,0.8980754170534804,0.2090737029503355
149022,6,0,7,1,RETURN_ALIGNED,0.2376377821625615,0.9600972533598866,0.2475142818404742
149022,6,0,7,2,NATIVE,0.0075451877971042,0.7562020830298881,0.0099777400322607
149022,6,0,7,2,RETURN_ALIGNED,0.0150036657540158,0.8560703901251062,0.0175262057024879
149022,6,0,7,3,NATIVE,8.605939464224865e-05,0.4806807118811217,0.0001790365037761
149022,6,0,7,3,RETURN_ALIGNED,0.0004868235037077,0.6715372233039308,0.000724938969933
149023,0,2,1,1,NATIVE,0.3825315023402323,0.9023499150333716,0.4239281191998096
149023,0,2,1,1,RETURN_ALIGNED,0.778717699771925,0.7100173312849642,1.0967587204704243
149023,0,2,1,2,NATIVE,0.0234747562196851,0.9187668278988368,0.0255502870878378
149023,0,2,1,2,RETURN_ALIGNED,0.1603662020232482,0.6577019048560586,0.2438280942158666
149023,0,2,1,3,NATIVE,0.0006459198095105,0.7107995040107935,0.0009087229321277
149023,0,2,1,3,RETURN_ALIGNED,0.0320843173843471,0.7577619553762657,0.0423408923562848
149023,0,2,3,1,NATIVE,0.0519238089576747,0.2669205852286876,0.1945290540748624
149023,0,2,3,1,RETURN_ALIGNED,0.3438435888723911,0.801638314192029,0.4289260914616906
149023,0,2,3,2,NATIVE,-0.0026959274216827,-0.0942339521513309,0.0286088756765876
149023,0,2,3,2,RETURN_ALIGNED,0.0319698759831359,0.466728226864905,0.0684978412330906
149023,0,2,3,3,NATIVE,-8.17105981243952e-05,-0.1913807721143587,0.0004269530172731
149023,0,2,3,3,RETURN_ALIGNED,0.0032694209296985,0.7376224665171895,0.0044323771007827
149023,0,2,4,1,NATIVE,0.3156755164396306,0.85036770050306,0.371222373865843
149023,0,2,4,1,RETURN_ALIGNED,0.6943359775775486,0.7052915056608733,0.9844666666259276
149023,0,2,4,2,NATIVE,0.0049083387423259,0.1570591307798385,0.0312515338514276
149023,0,2,4,2,RETURN_ALIGNED,0.1009684370036818,0.4608691102432323,0.2190826739292488
149023,0,2,4,3,NATIVE,-0.0001065181266519,-0.1293685098455501,0.0008233698195363
149023,0,2,4,3,RETURN_ALIGNED,0.0104202948756197,0.6600828756842371,0.0157863432899741
149023,0,2,5,1,NATIVE,0.3321349280396364,0.8378143086583307,0.396430240695567
149023,0,2,5,1,RETURN_ALIGNED,0.783174770824762,0.7224362411081965,1.0840745885386256
149023,0,2,5,2,NATIVE,0.0288319631192649,0.5980388005551044,0.0482108570418991
149023,0,2,5,2,RETURN_ALIGNED,0.1676116753626313,0.6511455817517573,0.2574104471561387
149023,0,2,5,3,NATIVE,-0.0002062033570667,-0.1387313787806448,0.0014863497994738
149023,0,2,5,3,RETURN_ALIGNED,0.0161322450381625,0.658952130651981,0.0244816645816691
149023,0,2,6,1,NATIVE,0.2553246257255773,0.8066465356068659,0.3165260302437925
149023,0,2,6,1,RETURN_ALIGNED,0.6864664839902274,0.7585740677354383,0.9049432523306774
149023,0,2,6,2,NATIVE,0.0267141524301417,0.6447543771659981,0.041433068740649
149023,0,2,6,2,RETURN_ALIGNED,0.200622460847017,0.5822908612696206,0.3445399441946631
149023,0,2,6,3,NATIVE,0.0001194377822113,0.0706688916700788,0.0016901040806314
149023,0,2,6,3,RETURN_ALIGNED,0.0274166545044627,0.7848870656924045,0.0349306998453288
149023,0,2,7,1,NATIVE,0.0498822524260008,0.3244355484213969,0.1537508841700303
149023,0,2,7,1,RETURN_ALIGNED,0.2932958974145501,0.8566445612960549,0.3423775865345627
149023,0,2,7,2,NATIVE,0.0100508113498903,0.5624072979739202,0.0178710542802968
149023,0,2,7,2,RETURN_ALIGNED,0.0645365986298132,0.656161882116386,0.0983546901893795
149023,0,2,7,3,NATIVE,0.0001048738626491,0.2801854340440409,0.0003743016227188
149023,0,2,7,3,RETURN_ALIGNED,0.007691958947442,0.7851965877294457,0.0097962205485603
149023,2,4,0,1,NATIVE,0.1765779367720466,0.6614983796915871,0.2669363103419145
149023,2,4,0,1,RETURN_ALIGNED,0.6474974990027651,0.8667686585976625,0.7470245867569015
149023,2,4,0,2,NATIVE,0.0151495710517837,0.802532100095637,0.0188772150669644
149023,2,4,0,2,RETURN_ALIGNED,0.0926832685615187,0.5357614209307616,0.1729935470165534
149023,2,4,0,3,NATIVE,0.0002468495453656,0.6239447840840538,0.0003956272279527
149023,2,4,0,3,RETURN_ALIGNED,0.013987538176312,0.7211379506165487,0.0193964804713222
149023,2,4,1,1,NATIVE,0.211561899030672,0.7529640226548955,0.2809721217286164
149023,2,4,1,1,RETURN_ALIGNED,0.6431118156345502,0.8150340190475969,0.7890613159755566
149023,2,4,1,2,NATIVE,0.020192680573816,0.8458512529936539,0.0238726141295924
149023,2,4,1,2,RETURN_ALIGNED,0.1380682986311686,0.6234771625583926,0.2214488467622061
149023,2,4,1,3,NATIVE,0.0003819566719879,0.6265645726014033,0.0006096046419869
149023,2,4,1,3,RETURN_ALIGNED,0.0225009589923966,0.78770606548566,0.028565171677956
149023,2,4,3,1,NATIVE,0.2637037061381171,0.6443727741659282,0.409240918782201
149023,2,4,3,1,RETURN_ALIGNED,0.5641727305354363,0.7260330108988505,0.7770620923101976
149023,2,4,3,2,NATIVE,-0.0018970040671211,-0.0463201725423679,0.0409541666823257
149023,2,4,3,2,RETURN_ALIGNED,0.0345956910480618,0.2690920737694736,0.1285645116301159
149023,2,4,3,3,NATIVE,-0.000292418289265,-0.30432201126813,0.0009608844522244
149023,2,4,3,3,RETURN_ALIGNED,0.0041692433854113,0.6263625927242782,0.0066562777431107
149023,2,4,5,1,NATIVE,0.3047062863482017,0.666360386820334,0.4572695081743125
149023,2,4,5,1,RETURN_ALIGNED,0.4200466196605874,0.7628905137164558,0.5505988239574361
149023,2,4,5,2,NATIVE,0.0246743674209237,0.5276929317313448,0.0467589500200718
149023,2,4,5,2,RETURN_ALIGNED,0.0569698813589319,0.4749968860047481,0.1199373786173305
149023,2,4,5,3,NATIVE,-0.0002433005274722,-0.2943948683314847,0.0008264428277227
149023,2,4,5,3,RETURN_ALIGNED,0.004909713407174,0.7535315205117669,0.0065156045546511
149023,2,4,6,1,NATIVE,0.3735634412408403,0.7982784336088092,0.4679613346837042
149023,2,4,6,1,RETURN_ALIGNED,0.4940358279141394,0.7816522997396597,0.632040394531753
149023,2,4,6,2,NATIVE,0.0321809658022932,0.6619392976800877,0.0486161886971093
149023,2,4,6,2,RETURN_ALIGNED,0.1200896558266635,0.5940132648332873,0.2021666230975165
149023,2,4,6,3,NATIVE,-0.0002739650369143,-0.2638350358739372,0.0010383952077217
149023,2,4,6,3,RETURN_ALIGNED,0.0133620767544248,0.7312676420853347,0.0182724846353496
149023,2,4,7,1,NATIVE,0.3431921723515049,0.7498854969349187,0.4576594343456127
149023,2,4,7,1,RETURN_ALIGNED,0.4979743939179555,0.8029173228863277,0.6202063148016436
149023,2,4,7,2,NATIVE,0.01236740486208,0.6315387916882595,0.0195829694464121
149023,2,4,7,2,RETURN_ALIGNED,0.053968480530932,0.7310569318474758,0.0738225412818397
149023,2,4,7,3,NATIVE,0.0002663043981447,0.4148904792354521,0.0006418667368017
149023,2,4,7,3,RETURN_ALIGNED,0.0074654643379739,0.7289462932564857,0.0102414463271843
149023,4,6,0,1,NATIVE,0.1784598988476778,0.548021028166749,0.3256442539160293
149023,4,6,0,1,RETURN_ALIGNED,0.5468505157586792,0.6286489926499005,0.8698821156995251
149023,4,6,0,2,NATIVE,0.011744993882197,0.4613463560040509,0.0254580831282201
149023,4,6,0,2,RETURN_ALIGNED,0.1342015418062115,0.5133678813128515,0.2614139814569033
149023,4,6,0,3,NATIVE,-5.252213423097127e-05,-0.0997441716694198,0.0005265684534668
149023,4,6,0,3,RETURN_ALIGNED,0.0101595015241471,0.4775302298012067,0.0212750960882978
149023,4,6,1,1,NATIVE,0.3097986825973636,0.8379896011101381,0.3696927529732284
149023,4,6,1,1,RETURN_ALIGNED,0.7893190375571565,0.7797043023619518,1.0123312583579116
149023,4,6,1,2,NATIVE,0.0353030999387154,0.9061998863567252,0.0389572990132185
149023,4,6,1,2,RETURN_ALIGNED,0.1943429502258161,0.5868861030436058,0.3311425321163149
149023,4,6,1,3,NATIVE,0.0015492511053304,0.7778803594190665,0.0019916316002375
149023,4,6,1,3,RETURN_ALIGNED,0.046017842895526,0.5899725967981437,0.0779999666849857
149023,4,6,2,1,NATIVE,0.1981779304279982,0.6694095602331982,0.2960488499132606
149023,4,6,2,1,RETURN_ALIGNED,0.5717142733023974,0.7088345412767285,0.8065553242829234
149023,4,6,2,2,NATIVE,0.0259412653051637,0.6803747359826874,0.0381279079499408
149023,4,6,2,2,RETURN_ALIGNED,0.1056243320574431,0.7337822041786254,0.1439450717880658
149023,4,6,2,3,NATIVE,0.0003517190559859,0.3033945574303262,0.001159279384968
149023,4,6,2,3,RETURN_ALIGNED,0.0038808586260525,0.6072185890415123,0.0063912052364664
149023,4,6,3,1,NATIVE,0.0873995934239409,0.4485929497204312,0.1948305105516296
149023,4,6,3,1,RETURN_ALIGNED,0.2200028688778159,0.5749179925123445,0.3826682618096069
149023,4,6,3,2,NATIVE,-0.0060486871470895,-0.3726216365988167,0.0162327856273186
149023,4,6,3,2,RETURN_ALIGNED,0.0293201064739568,0.4968902328909311,0.0590072103113565
149023,4,6,3,3,NATIVE,-7.557730254413266e-05,-0.2540632752934171,0.0002974743297499
149023,4,6,3,3,RETURN_ALIGNED,0.0038419745444466,0.766467773234885,0.0050125715373459
149023,4,6,5,1,NATIVE,0.4461083517687866,0.9183985425968434,0.4857459273697725
149023,4,6,5,1,RETURN_ALIGNED,0.8035344713333763,0.6521839784799566,1.2320671740605702
149023,4,6,5,2,NATIVE,0.0403537052351106,0.9617701247170376,0.0419577445772217
149023,4,6,5,2,RETURN_ALIGNED,0.2605172171151357,0.6667895700989666,0.3907037974159729
149023,4,6,5,3,NATIVE,0.0021169808269275,0.7368235350817504,0.0028731178165254
149023,4,6,5,3,RETURN_ALIGNED,0.0417831124601653,0.5983992377919901,0.0698248089583911
149023,4,6,7,1,NATIVE,0.0216964700905253,0.1146147657631508,0.1892990832904487
149023,4,6,7,1,RETURN_ALIGNED,0.2894661424886955,0.6926955037290042,0.4178836746165582
149023,4,6,7,2,NATIVE,0.0054670852732176,0.5409724897074704,0.0101060319649881
149023,4,6,7,2,RETURN_ALIGNED,0.0424530538930818,0.6909778050696764,0.0614390991744436
149023,4,6,7,3,NATIVE,6.34961857919906e-05,0.2755995369121935,0.0002303929335065
149023,4,6,7,3,RETURN_ALIGNED,0.0051255911206367,0.791244156788043,0.0064778881166284
149023,6,0,1,1,NATIVE,0.2728163255791521,0.8141877447556102,0.3350779071982026
149023,6,0,1,1,RETURN_ALIGNED,0.6938783781690057,0.7584101844253086,0.9149117356523788
149023,6,0,1,2,NATIVE,0.018297433619426,0.8598392509819458,0.0212800632193429
149023,6,0,1,2,RETURN_ALIGNED,0.1384352405349906,0.6712581219310348,0.2062324998567031
149023,6,0,1,3,NATIVE,0.000388432281936,0.6464364332697997,0.0006008824099577
149023,6,0,1,3,RETURN_ALIGNED,0.0220279511113414,0.7651719989379564,0.028788234726157
149023,6,0,2,1,NATIVE,0.255873020357446,0.782731985528887,0.3268973608948997
149023,6,0,2,1,RETURN_ALIGNED,0.7531616169276604,0.8229962888148459,0.9151458240622692
149023,6,0,2,2,NATIVE,0.0193913901743771,0.8546199016764133,0.0226900755953139
149023,6,0,2,2,RETURN_ALIGNED,0.1181597420022765,0.626536089112716,0.1885920764270129
149023,6,0,2,3,NATIVE,0.0004293271079915,0.634478144543059,0.0006766617757358
149023,6,0,2,3,RETURN_ALIGNED,0.0207344567365535,0.7846639291658822,0.0264246334842319
149023,6,0,3,1,NATIVE,0.1772534452067409,0.4348277727042815,0.4076405794050612
149023,6,0,3,1,RETURN_ALIGNED,0.6114017864263355,0.7324952524666285,0.8346836165386673
149023,6,0,3,2,NATIVE,0.0148080089715584,0.387302096072071,0.0382337434297194
149023,6,0,3,2,RETURN_ALIGNED,0.1022556336834263,0.5948862468308304,0.1718910703137828
149023,6,0,3,3,NATIVE,-0.0001988308454428,-0.2178304324615223,0.0009127780864876
149023,6,0,3,3,RETURN_ALIGNED,0.010718072905625,0.659358418917517,0.0162553060638215
149023,6,0,4,1,NATIVE,0.4478037441139068,0.8800141760582972,0.5088596937376808
149023,6,0,4,1,RETURN_ALIGNED,0.6172626727034205,0.5978604313922282,1.0324527938167878
149023,6,0,4,2,NATIVE,-0.0024629566759639,-0.0847936147744097,0.0290464875507946
149023,6,0,4,2,RETURN_ALIGNED,0.0919688630162817,0.3975840241664271,0.2313193122107515
149023,6,0,4,3,NATIVE,-0.0002620528913697,-0.5064802458740113,0.0005174000238862
149023,6,0,4,3,RETURN_ALIGNED,0.0164182031135662,0.7725735026328887,0.0212513153214926
149023,6,0,5,1,NATIVE,0.329103881613731,0.763088193237984,0.4312789590115822
149023,6,0,5,1,RETURN_ALIGNED,0.604506252849393,0.5880938920986215,1.027907721830268
149023,6,0,5,2,NATIVE,0.012567339811626,0.3113205451860372,0.0403678459577661
149023,6,0,5,2,RETURN_ALIGNED,0.1162533133471595,0.4826930232287545,0.2408431606685564
149023,6,0,5,3,NATIVE,-0.0002549479057848,-0.3062913258181963,0.0008323706362899
149023,6,0,5,3,RETURN_ALIGNED,0.0151273627865404,0.7198349429130629,0.0210150437060867
149023,6,0,7,1,NATIVE,0.1351899159369614,0.5384824830318555,0.2510572213523294
149023,6,0,7,1,RETURN_ALIGNED,0.4512756253154587,0.8382707738254978,0.5383411176987047
149023,6,0,7,2,NATIVE,0.0146036583740757,0.5265115158519533,0.0277366362065405
149023,6,0,7,2,RETURN_ALIGNED,0.0857531279258434,0.5940935710119486,0.144342797346621
149023,6,0,7,3,NATIVE,0.0002552959905456,0.3593790925965601,0.0007103807530856
149023,6,0,7,3,RETURN_ALIGNED,0.0134690273466369,0.7856421386903815,0.0171439726602063
149024,0,2,1,1,NATIVE,0.2612850289808017,0.7922641749676805,0.3297953349856644
149024,0,2,1,1,RETURN_ALIGNED,0.3519000077921101,0.7325236057746917,0.4803940856210502
149024,0,2,1,2,NATIVE,-0.0100233211673405,-0.4180176126692543,0.0239782269030843
149024,0,2,1,2,RETURN_ALIGNED,0.0434531573891079,0.8917619715846404,0.0487273047865536
149024,0,2,1,3,NATIVE,0.0004085683276009,0.5730839346322024,0.0007129292947444
149024,0,2,1,3,RETURN_ALIGNED,0.0014181025746834,0.8097014908474578,0.0017513893546342
149024,0,2,3,1,NATIVE,0.0412116999270132,0.2959813673906835,0.139237480691136
149024,0,2,3,1,RETURN_ALIGNED,0.091395244072983,0.5033611992749278,0.1815699028939991
149024,0,2,3,2,NATIVE,-7.52798713161978e-05,-0.0123678169879386,0.0060867549532212
149024,0,2,3,2,RETURN_ALIGNED,0.011241567614309,0.7539024400513287,0.0149111702215501
149024,0,2,3,3,NATIVE,-5.686838573728994e-05,-0.2807206380326311,0.0002025799956872
149024,0,2,3,3,RETURN_ALIGNED,0.0002443508658025,0.5385612147604617,0.0004537104769573
149024,0,2,4,1,NATIVE,0.0113176474931846,0.1297080181170389,0.0872548024206448
149024,0,2,4,1,RETURN_ALIGNED,0.0570004713596072,0.4831827364259949,0.1179687663950822
149024,0,2,4,2,NATIVE,0.0028836998974034,0.4838526430118208,0.0059598721603
149024,0,2,4,2,RETURN_ALIGNED,0.0237756926751816,0.7829153093585249,0.0303681539880315
149024,0,2,4,3,NATIVE,-1.0392439250076372e-05,-0.2232332325896316,4.655417563866049e-05
149024,0,2,4,3,RETURN_ALIGNED,0.0002956359495028,0.6087232512041263,0.0004856656100437
149024,0,2,5,1,NATIVE,0.1423487394606248,0.5911194897117293,0.2408121233322052
149024,0,2,5,1,RETURN_ALIGNED,0.2809141404555323,0.7765191354806793,0.3617607443524701
149024,0,2,5,2,NATIVE,-0.0071779406522545,-0.4903384985108086,0.014638745832656
149024,0,2,5,2,RETURN_ALIGNED,0.0285851102594445,0.938578478035663,0.0304557486957944
149024,0,2,5,3,NATIVE,0.0002146776125041,0.2456720261424076,0.0008738382399247
149024,0,2,5,3,RETURN_ALIGNED,0.001447117197865,0.6338895905629495,0.0022829167970813
149024,0,2,6,1,NATIVE,0.0723590349342316,0.446821681330942,0.161941637922928
149024,0,2,6,1,RETURN_ALIGNED,0.1046154349502468,0.5948515198705767,0.1758681476899967
149024,0,2,6,2,NATIVE,0.0010616355571701,0.0405881753816151,0.0261562769715745
149024,0,2,6,2,RETURN_ALIGNED,0.0331270557263777,0.6793061798382214,0.0487660155430077
149024,0,2,6,3,NATIVE,0.0001683905414656,0.5190695900542859,0.0003244084115903
149024,0,2,6,3,RETURN_ALIGNED,0.0004372654547254,0.686836078190096,0.0006366372825745
149024,0,2,7,1,NATIVE,0.0501971094906972,0.3321353940931227,0.1511344782381228
149024,0,2,7,1,RETURN_ALIGNED,0.0840271046561913,0.516917139300957,0.1625543017780245
149024,0,2,7,2,NATIVE,-0.0030406581608073,-0.2727148814527469,0.011149586499733
149024,0,2,7,2,RETURN_ALIGNED,0.0111775713475012,0.5581950659359659,0.0200244896973062
149024,0,2,7,3,NATIVE,0.0001056882506529,0.5146674758749177,0.000205352495443
149024,0,2,7,3,RETURN_ALIGNED,0.0002504809547615,0.6365922797389552,0.0003934715555584
149024,2,4,0,1,NATIVE,0.1004422396457541,0.5242289392874161,0.191599952078443
149024,2,4,0,1,RETURN_ALIGNED,0.1367947206614932,0.6272127658953494,0.2180993884364608
149024,2,4,0,2,NATIVE,0.0008224072362969,0.1671816684158734,0.0049192429047077
149024,2,4,0,2,RETURN_ALIGNED,0.0059928645498091,0.686728380175453,0.0087266883417351
149024,2,4,0,3,NATIVE,1.0609538386541964e-05,0.2056326450252876,5.159462021794991e-05
149024,2,4,0,3,RETURN_ALIGNED,0.0001574636211094,0.6215994707550051,0.0002533200686744
149024,2,4,1,1,NATIVE,0.0318749442299685,0.2780469467830774,0.1146387133494611
149024,2,4,1,1,RETURN_ALIGNED,0.0534306942549018,0.4448703993785724,0.1201039546113231
149024,2,4,1,2,NATIVE,0.0001623783774008,0.0142800841718861,0.0113709678063107
149024,2,4,1,2,RETURN_ALIGNED,0.0122403787037365,0.7147277050175791,0.0171259328794183
149024,2,4,1,3,NATIVE,9.430952863421052e-05,0.5192825570701123,0.0001816150517782
149024,2,4,1,3,RETURN_ALIGNED,0.0001981664413772,0.6150770782934678,0.0003221814764354
149024,2,4,3,1,NATIVE,0.246398995538386,0.789248396347678,0.3121944836105447
149024,2,4,3,1,RETURN_ALIGNED,0.347990871577271,0.8503420414042127,0.409236348002334
149024,2,4,3,2,NATIVE,0.0004981582257079,0.037368818530332,0.0133308529741598
149024,2,4,3,2,RETURN_ALIGNED,0.026532040730297,0.878970976459504,0.0301853433610895
149024,2,4,3,3,NATIVE,0.0002854520486176,0.3357366567689393,0.0008502260354706
149024,2,4,3,3,RETURN_ALIGNED,0.0013702850475942,0.7020985775200864,0.0019516989313914
149024,2,4,5,1,NATIVE,0.0235280376747508,0.2326141870454907,0.1011461853362434
149024,2,4,5,1,RETURN_ALIGNED,0.0725153523871487,0.5195130738764295,0.1395833060485784
149024,2,4,5,2,NATIVE,-0.0032833055748512,-0.4140034821389253,0.0079306230897582
149024,2,4,5,2,RETURN_ALIGNED,0.0147169362725349,0.843262502876244,0.0174523783780434
149024,2,4,5,3,NATIVE,-6.47073900875332e-05,-0.3307555660970917,0.0001956350749759
149024,2,4,5,3,RETURN_ALIGNED,0.0002705948347989,0.5389431087533557,0.0005020842278451
149024,2,4,6,1,NATIVE,0.2218930134292126,0.7553723822054533,0.2937531456753103
149024,2,4,6,1,RETURN_ALIGNED,0.316712299101365,0.8375492360456118,0.3781417085359391
149024,2,4,6,2,NATIVE,-0.0007833491864852,-0.0617268106543377,0.0126905825545739
149024,2,4,6,2,RETURN_ALIGNED,0.0160091331859918,0.6838724566561547,0.0234095305779205
149024,2,4,6,3,NATIVE,2.5561234155186043e-05,0.0636947573748821,0.0004013082890779
149024,2,4,6,3,RETURN_ALIGNED,0.0006068601038579,0.6857860451873959,0.0008849117120133
149024,2,4,7,1,NATIVE,0.2688568466884755,0.7044999812833184,0.381627897560082
149024,2,4,7,1,RETURN_ALIGNED,0.4807121100446077,0.9000191746898109,0.5341131873219046
149024,2,4,7,2,NATIVE,-0.0039028272492816,-0.3105927524822885,0.0125657383105262
149024,2,4,7,2,RETURN_ALIGNED,0.0292140100302767,0.8999574106626026,0.0324615472720078
149024,2,4,7,3,NATIVE,0.0005251820819074,0.6904210088614667,0.0007606693192866
149024,2,4,7,3,RETURN_ALIGNED,0.001432813696833,0.8396379857029551,0.0017064660216589
149024,4,6,0,1,NATIVE,0.0114431063836888,0.1305545080144962,0.0876500287711982
149024,4,6,0,1,RETURN_ALIGNED,0.0641516035095039,0.567848824974413,0.1129730320607038
149024,4,6,0,2,NATIVE,-0.0028801714431068,-0.3667873414533932,0.007852428687661
149024,4,6,0,2,RETURN_ALIGNED,0.0282526079854116,0.7661205176622746,0.0368774981643661
149024,4,6,0,3,NATIVE,2.1843764046472348e-05,0.2433461486361755,8.97641644905307e-05
149024,4,6,0,3,RETURN_ALIGNED,0.0004539493158351,0.5524297968686815,0.00082173213258
149024,4,6,1,1,NATIVE,0.1798702450092909,0.6650972802219249,0.2704420095495666
149024,4,6,1,1,RETURN_ALIGNED,0.288157831343647,0.727766100644443,0.3959484112936396
149024,4,6,1,2,NATIVE,-0.0057702204122901,-0.2792135397878822,0.0206659763563926
149024,4,6,1,2,RETURN_ALIGNED,0.0352672097632259,0.8666930966662943,0.0406916933997809
149024,4,6,1,3,NATIVE,0.0002614125891306,0.5144076796260008,0.0005081817368163
149024,4,6,1,3,RETURN_ALIGNED,0.000944352451602,0.7603414802891759,0.0012420109575863
149024,4,6,2,1,NATIVE,0.0531293354785881,0.3316919463531896,0.1601767424946738
149024,4,6,2,1,RETURN_ALIGNED,0.1332836703090464,0.6488875888513704,0.2054033280940828
149024,4,6,2,2,NATIVE,-0.0040127540430146,-0.418439696050752,0.0095898024989671
149024,4,6,2,2,RETURN_ALIGNED,0.0204719016369551,0.9470425145314382,0.0216166659072593
149024,4,6,2,3,NATIVE,-1.2169973177155548e-05,-0.0231815628895419,0.0005249850152956
149024,4,6,2,3,RETURN_ALIGNED,0.0004923113523078,0.4859916658101339,0.0010130036919032
149024,4,6,3,1,NATIVE,0.0485712084617662,0.3730872554280484,0.1301872625105367
149024,4,6,3,1,RETURN_ALIGNED,0.0914192841646373,0.5413872953534445,0.1688611553119793
149024,4,6,3,2,NATIVE,0.0002686409111777,0.0437038809737016,0.0061468433735516
149024,4,6,3,2,RETURN_ALIGNED,0.0108161272158872,0.7444624048158925,0.0145287755911465
149024,4,6,3,3,NATIVE,-4.758448051363962e-05,-0.2369953555516964,0.0002007823331432
149024,4,6,3,3,RETURN_ALIGNED,0.0002353910961905,0.5276770252964541,0.0004460893401149
149024,4,6,5,1,NATIVE,0.1594121242560572,0.6207506657599369,0.2568054019898534
149024,4,6,5,1,RETURN_ALIGNED,0.2843330928579601,0.7568814522482046,0.37566397222878
149024,4,6,5,2,NATIVE,-0.0081796063273473,-0.5590288112486689,0.0146318153234648
149024,4,6,5,2,RETURN_ALIGNED,0.0272025963989789,0.9266593416423976,0.0293555519007514
149024,4,6,5,3,NATIVE,2.102815449440436e-05,0.032897353754247,0.0006392050418895
149024,4,6,5,3,RETURN_ALIGNED,0.0007697958559897,0.5754685071343116,0.001337685458936
149024,4,6,7,1,NATIVE,0.0395308005279073,0.2428886757985584,0.1627527524612807
149024,4,6,7,1,RETURN_ALIGNED,0.0791952641919676,0.4709863597325164,0.1681476810430622
149024,4,6,7,2,NATIVE,-0.0034247613531786,-0.3432967485430562,0.0099760960959491
149024,4,6,7,2,RETURN_ALIGNED,0.0098092563393952,0.5421563454339363,0.0180930398058801
149024,4,6,7,3,NATIVE,9.743030710696783e-05,0.4737387874401,0.0002056625075792
149024,4,6,7,3,RETURN_ALIGNED,0.0002610541032315,0.6269863005930857,0.0004163633285024
149024,6,0,1,1,NATIVE,0.0591363581248164,0.3849699458164218,0.1536129216512708
149024,6,0,1,1,RETURN_ALIGNED,0.0830885408567878,0.4381569707186938,0.1896319045671547
149024,6,0,1,2,NATIVE,-0.0024546616078728,-0.1794731087507522,0.0136770440138354
149024,6,0,1,2,RETURN_ALIGNED,0.012491493439656,0.5586984996732732,0.0223582011521024
149024,6,0,1,3,NATIVE,9.958769975534866e-05,0.4990485767694285,0.0001995551219502
149024,6,0,1,3,RETURN_ALIGNED,0.0002260946153565,0.6230776926285413,0.0003628674526994
149024,6,0,2,1,NATIVE,0.1883032665479337,0.6014300203938525,0.313092562996004
149024,6,0,2,1,RETURN_ALIGNED,0.3690830951709473,0.8633354246763647,0.4275083410474001
149024,6,0,2,2,NATIVE,-0.0046639256771193,-0.4426430512042524,0.0105365387849869
149024,6,0,2,2,RETURN_ALIGNED,0.020014004801661,0.8104606086358334,0.0246946052504462
149024,6,0,2,3,NATIVE,0.0002291334495903,0.5148749010271014,0.0004450274206124
149024,6,0,2,3,RETURN_ALIGNED,0.0006147283001745,0.6716153526520979,0.000915298164586
149024,6,0,3,1,NATIVE,0.1934282683042579,0.6326713300308683,0.3057326278633298
149024,6,0,3,1,RETURN_ALIGNED,0.3526740426953654,0.8247927223692053,0.4275911185081377
149024,6,0,3,2,NATIVE,-0.0006714098642977,-0.0679247301286619,0.0098846158529473
149024,6,0,3,2,RETURN_ALIGNED,0.0216069062826456,0.8506120704376727,0.0254015984875204
149024,6,0,3,3,NATIVE,0.0001257760427774,0.182401053748438,0.0006895576505811
149024,6,0,3,3,RETURN_ALIGNED,0.0011750793291117,0.6735061874015167,0.0017447194228399
149024,6,0,4,1,NATIVE,0.0190894456095596,0.0930105163813534,0.2052396476464806
149024,6,0,4,1,RETURN_ALIGNED,0.1834255292823589,0.55180025659422,0.3324129104511756
149024,6,0,4,2,NATIVE,0.0010046812560689,0.1435317986599269,0.0069997120164118
149024,6,0,4,2,RETURN_ALIGNED,0.0195466633299678,0.5644247775472861,0.0346311219963527
149024,6,0,4,3,NATIVE,-1.656904401603563e-05,-0.247297421424784,6.700047107557432e-05
149024,6,0,4,3,RETURN_ALIGNED,0.0005460911218634,0.645231707254172,0.000846348861938
149024,6,0,5,1,NATIVE,0.0349315650427232,0.277920757272616,0.125688938766253
149024,6,0,5,1,RETURN_ALIGNED,0.0949563792161736,0.5397559165855171,0.1759246657578822
149024,6,0,5,2,NATIVE,-0.0033544584411372,-0.3600906031817937,0.0093155956065077
149024,6,0,5,2,RETURN_ALIGNED,0.0154857868198216,0.8218301118777155,0.0188430511313403
149024,6,0,5,3,NATIVE,-6.014920763405109e-05,-0.3020138926955066,0.0001991603994972
149024,6,0,5,3,RETURN_ALIGNED,0.000254313523452,0.5346972220802694,0.0004756215531959
149024,6,0,7,1,NATIVE,0.2235802394863651,0.7327862820350138,0.3051097502334667
149024,6,0,7,1,RETURN_ALIGNED,0.3085923206805936,0.7929252283578642,0.38918211912558
149024,6,0,7,2,NATIVE,-0.0038962837720636,-0.256598668866158,0.0151843491190552
149024,6,0,7,2,RETURN_ALIGNED,0.0275015492781959,0.8644647599239417,0.0318133839011657
149024,6,0,7,3,NATIVE,0.0004424503502311,0.6797289094187138,0.0006509217747545
149024,6,0,7,3,RETURN_ALIGNED,0.0009122957074609,0.8092026300332436,0.0011274008153591
149025,0,2,1,1,NATIVE,0.4063643985371666,0.8687308969356323,0.4677678668624367
149025,0,2,1,1,RETURN_ALIGNED,0.7452415898012794,0.8649004942039223,0.8616500913058058
149025,0,2,1,2,NATIVE,0.0111706526104079,0.5970952363331572,0.0187083264614453
149025,0,2,1,2,RETURN_ALIGNED,0.0523334757957705,0.7191341700332199,0.0727728954845347
149025,0,2,1,3,NATIVE,4.471001731678763e-05,0.1159801038186243,0.0003854973030093
149025,0,2,1,3,RETURN_ALIGNED,0.0033873859512871,0.7808778970583223,0.0043379201324959
149025,0,2,3,1,NATIVE,0.0661551273601531,0.2112130457051413,0.3132151574216151
149025,0,2,3,1,RETURN_ALIGNED,0.3727203334099362,0.5800124160654008,0.6426075081946727
149025,0,2,3,2,NATIVE,-0.0008046985638435,-0.2493664413237613,0.0032269721600663
149025,0,2,3,2,RETURN_ALIGNED,0.0099989428895898,0.6323149956955029,0.0158132306802231
149025,0,2,3,3,NATIVE,-4.7813019057159655e-06,-0.0631086261955313,7.576304833344194e-05
149025,0,2,3,3,RETURN_ALIGNED,0.000347325397663,0.4736153950939117,0.0007333490448017
149025,0,2,4,1,NATIVE,0.3133799160129678,0.847558257906809,0.3697443958444817
149025,0,2,4,1,RETURN_ALIGNED,0.5434361428608234,0.8163677324399095,0.6656756768625807
149025,0,2,4,2,NATIVE,0.0018908239385866,0.5048710177303671,0.0037451623724173
149025,0,2,4,2,RETURN_ALIGNED,0.0111744942174783,0.6883934594506873,0.0162327141026527
149025,0,2,4,3,NATIVE,3.1119353142170174e-05,0.2497456478096683,0.0001246041857159
149025,0,2,4,3,RETURN_ALIGNED,0.0007450342053959,0.6164617547986404,0.0012085651696097
149025,0,2,5,1,NATIVE,0.4524070646735499,0.9463302913930962,0.4780646554253713
149025,0,2,5,1,RETURN_ALIGNED,0.7692294681631516,0.899835926173968,0.8548552528168265
149025,0,2,5,2,NATIVE,-0.0015694613524494,-0.1335991736720771,0.0117475378721167
149025,0,2,5,2,RETURN_ALIGNED,0.0312456735506031,0.8334132327319441,0.0374912136298287
149025,0,2,5,3,NATIVE,3.4040877411484925e-05,0.0948518769151582,0.0003588845940071
149025,0,2,5,3,RETURN_ALIGNED,0.0013643260718331,0.7105875622868091,0.0019199971174406
149025,0,2,6,1,NATIVE,0.4039880770745784,0.8788006333634514,0.4597038984010017
149025,0,2,6,1,RETURN_ALIGNED,0.726549130891854,0.855560320297661,0.8492085404791007
149025,0,2,6,2,NATIVE,0.0038433237448607,0.686542201631144,0.0055980881228523
149025,0,2,6,2,RETURN_ALIGNED,0.0199261755323916,0.7237052658489715,0.0275335505662536
149025,0,2,6,3,NATIVE,5.271988040511389e-05,0.304396867833772,0.0001731945559121
149025,0,2,6,3,RETURN_ALIGNED,0.0012539329403509,0.6395609240205573,0.0019606153114283
149025,0,2,7,1,NATIVE,0.1311346622345937,0.3193676450290515,0.4106072242303766
149025,0,2,7,1,RETURN_ALIGNED,0.4599433408071677,0.5851000363735578,0.7860935091676453
149025,0,2,7,2,NATIVE,0.0015784361006527,0.4839471314607261,0.0032615878842406
149025,0,2,7,2,RETURN_ALIGNED,0.0115662438773786,0.7153171136763203,0.0161693934845711
149025,0,2,7,3,NATIVE,1.771751140379056e-05,0.2372639170104688,7.46742766281103e-05
149025,0,2,7,3,RETURN_ALIGNED,0.0004220513074083,0.5050831817554103,0.0008356075248346
149025,2,4,0,1,NATIVE,0.22511798521296,0.7061593311657983,0.3187920562363507
149025,2,4,0,1,RETURN_ALIGNED,0.530531036675248,0.8172404591702493,0.6491737293743596
149025,2,4,0,2,NATIVE,0.0004847105287512,0.025266706886943,0.0191837634739254
149025,2,4,0,2,RETURN_ALIGNED,0.0568115711602079,0.5717303744807521,0.0993677679105434
149025,2,4,0,3,NATIVE,-0.0001087849083866,-0.4182611341569515,0.0002600884925347
149025,2,4,0,3,RETURN_ALIGNED,0.002635513050402,0.7356791472045815,0.0035824218472257
149025,2,4,1,1,NATIVE,0.3886383234203724,0.8894802633971011,0.4369274276373486
149025,2,4,1,1,RETURN_ALIGNED,0.6542792640497269,0.8512223381648211,0.7686349790352889
149025,2,4,1,2,NATIVE,0.0036889078253964,0.6208849732362898,0.0059413707600512
149025,2,4,1,2,RETURN_ALIGNED,0.0156353100736176,0.6617774999675291,0.0236262340051255
149025,2,4,1,3,NATIVE,1.5299900564863107e-05,0.1177948409948825,0.0001298859986095
149025,2,4,1,3,RETURN_ALIGNED,0.0008111364418021,0.5888768650019592,0.0013774296291018
149025,2,4,3,1,NATIVE,0.1327945008058562,0.3830637079726494,0.3466642703074369
149025,2,4,3,1,RETURN_ALIGNED,0.5743144278349008,0.7627058948211544,0.7529959211464631
149025,2,4,3,2,NATIVE,0.0061802654848508,0.5705823035373174,0.0108315057189868
149025,2,4,3,2,RETURN_ALIGNED,0.0295985480301135,0.5797492209498241,0.0510540539937423
149025,2,4,3,3,NATIVE,6.963529760294021e-05,0.2083096082624476,0.000334287494468
149025,2,4,3,3,RETURN_ALIGNED,0.00176811489061,0.6136217763498778,0.0028814409087855
149025,2,4,5,1,NATIVE,0.4399129626855245,0.8860584138562211,0.4964830261820522
149025,2,4,5,1,RETURN_ALIGNED,0.7831825067455718,0.8748213226095943,0.895248534191303
149025,2,4,5,2,NATIVE,-0.0021258768851812,-0.4462940556139959,0.004763399508482
149025,2,4,5,2,RETURN_ALIGNED,0.0122334343474885,0.714388999954773,0.0171243319091053
149025,2,4,5,3,NATIVE,-4.319955993480804e-06,-0.0377386606628888,0.0001144703048328
149025,2,4,5,3,RETURN_ALIGNED,0.0005220348258715,0.6132013102669356,0.0008513269901345
149025,2,4,6,1,NATIVE,0.4570380305586036,0.8779437883978153,0.520577782539489
149025,2,4,6,1,RETURN_ALIGNED,0.810446584674145,0.8657469437540348,0.9361241070743708
149025,2,4,6,2,NATIVE,0.005615844521702,0.3870413281161295,0.014509676650687
149025,2,4,6,2,RETURN_ALIGNED,0.0506832656085864,0.8822588396484554,0.0574471610034083
149025,2,4,6,3,NATIVE,0.00012820023018,0.3046078252263007,0.0004208697845928
149025,2,4,6,3,RETURN_ALIGNED,0.001023002089922,0.4198910703665471,0.0024363511433809
149025,2,4,7,1,NATIVE,0.083177957766588,0.1841667412058825,0.4516448367485278
149025,2,4,7,1,RETURN_ALIGNED,0.4623796364690313,0.7222610858769175,0.6401835091354129
149025,2,4,7,2,NATIVE,0.009715757766482,0.4853964570836041,0.0200161283049505
149025,2,4,7,2,RETURN_ALIGNED,0.0415760271352594,0.5790073579234458,0.0718056973943873
149025,2,4,7,3,NATIVE,9.539017255200176e-05,0.3547991029621958,0.0002688568574525
149025,2,4,7,3,RETURN_ALIGNED,0.0014778136917394,0.634177466385144,0.0023302841378294
149025,4,6,0,1,NATIVE,0.2136522552259787,0.7058409674521348,0.3026917748867084
149025,4,6,0,1,RETURN_ALIGNED,0.5078226370752948,0.7903791821739309,0.642505076713238
149025,4,6,0,2,NATIVE,-0.0013687933371811,-0.4382107440213793,0.0031235960227404
149025,4,6,0,2,RETURN_ALIGNED,0.010557513151613,0.6532883096825792,0.0161605725911318
149025,4,6,0,3,NATIVE,-9.88060585622619e-06,-0.128376616159771,7.696577568305715e-05
149025,4,6,0,3,RETURN_ALIGNED,0.0007461138039128,0.7684915785354259,0.0009708809109548
149025,4,6,1,1,NATIVE,0.4005749774297333,0.8942021389910235,0.4479691559244468
149025,4,6,1,1,RETURN_ALIGNED,0.7088787680230345,0.8705346230676737,0.8143027850230496
149025,4,6,1,2,NATIVE,0.0082854341525117,0.3504661612489874,0.0236411815695046
149025,4,6,1,2,RETURN_ALIGNED,0.0508393752336472,0.6720304790346794,0.0756504010143155
149025,4,6,1,3,NATIVE,1.6517558011319377e-05,0.0451705953192584,0.0003656705842429
149025,4,6,1,3,RETURN_ALIGNED,0.0017355421798199,0.6940002984422515,0.0025007801628481
149025,4,6,2,1,NATIVE,0.3323863278070819,0.6761654536406838,0.4915754361854888
149025,4,6,2,1,RETURN_ALIGNED,0.6988322156100928,0.8061318043245396,0.8668957258119895
149025,4,6,2,2,NATIVE,-0.0022427452561791,-0.4591305644195965,0.0048847657506342
149025,4,6,2,2,RETURN_ALIGNED,0.0099000642262052,0.6339273880711128,0.0156170318753441
149025,4,6,2,3,NATIVE,-1.233679583256446e-05,-0.0923817573897238,0.0001335414715125
149025,4,6,2,3,RETURN_ALIGNED,0.0007219514571861,0.8021414505152916,0.0009000301089503
149025,4,6,3,1,NATIVE,0.0380671799678173,0.1298952074196873,0.2930606965718526
149025,4,6,3,1,RETURN_ALIGNED,0.3695937327920784,0.6191283391647195,0.5969581901073052
149025,4,6,3,2,NATIVE,-0.0008231479835501,-0.2954016653632809,0.0027865380599987
149025,4,6,3,2,RETURN_ALIGNED,0.0081110897262222,0.5978792840581881,0.0135664337976559
149025,4,6,3,3,NATIVE,-9.25100937274876e-06,-0.1257958108836855,7.3539884144715e-05
149025,4,6,3,3,RETURN_ALIGNED,0.0005067988521111,0.6455454298055006,0.0007850707767997
149025,4,6,5,1,NATIVE,0.4429502235425389,0.915996600364434,0.4835719077627426
149025,4,6,5,1,RETURN_ALIGNED,0.7637817678626106,0.8737021396985614,0.8741901079996054
149025,4,6,5,2,NATIVE,0.0002636743930766,0.0216780789003724,0.0121631808002431
149025,4,6,5,2,RETURN_ALIGNED,0.0338998666739953,0.8928239202768666,0.0379692634837788
149025,4,6,5,3,NATIVE,7.054386094075253e-05,0.1840237323559896,0.0003833411042514
149025,4,6,5,3,RETURN_ALIGNED,0.0007854108112502,0.4620822191899298,0.0016997209115695
149025,4,6,7,1,NATIVE,0.1434234490027233,0.385272871707675,0.3722645935769009
149025,4,6,7,1,RETURN_ALIGNED,0.3437814382331295,0.5843957748466025,0.5882681789119761
149025,4,6,7,2,NATIVE,0.0011694311982287,0.4684529203447413,0.0024963686795366
149025,4,6,7,2,RETURN_ALIGNED,0.0069727818164363,0.6673488083166975,0.0104484817077353
149025,4,6,7,3,NATIVE,1.586137249324914e-05,0.2582357638942313,6.142205954827818e-05
149025,4,6,7,3,RETURN_ALIGNED,0.0004052472158807,0.665933846119777,0.000608539749369
149025,6,0,1,1,NATIVE,0.3752630630919242,0.8163268243574267,0.4596970868710916
149025,6,0,1,1,RETURN_ALIGNED,0.703967769215991,0.8256973395469751,0.8525736192903275
149025,6,0,1,2,NATIVE,0.0054556919356472,0.6273402719554029,0.0086965434540344
149025,6,0,1,2,RETURN_ALIGNED,0.0252291978657247,0.6693520135950711,0.0376919727634694
149025,6,0,1,3,NATIVE,3.042937568324636e-05,0.1455103480625477,0.0002091217295058
149025,6,0,1,3,RETURN_ALIGNED,0.0016969842077167,0.6641174649033966,0.0025552470718449
149025,6,0,2,1,NATIVE,0.3514162049188093,0.6700304036754718,0.524477998298282
149025,6,0,2,1,RETURN_ALIGNED,0.8120318719381544,0.8219574376724929,0.9879244772546109
149025,6,0,2,2,NATIVE,-0.0021964820800001,-0.2196121680211057,0.0100016410735542
149025,6,0,2,2,RETURN_ALIGNED,0.0288069829379879,0.7729914765346342,0.0372668830281262
149025,6,0,2,3,NATIVE,6.011088776354375e-07,0.0021290477889678,0.0002823369581932
149025,6,0,2,3,RETURN_ALIGNED,0.0014894208470415,0.8085340833051702,0.0018421249980641
149025,6,0,3,1,NATIVE,0.1206179218655296,0.3462183453687403,0.3483868589829619
149025,6,0,3,1,RETURN_ALIGNED,0.3949384796705392,0.6174405863137316,0.6396380290258779
149025,6,0,3,2,NATIVE,-0.0001201285545281,-0.0175845423684517,0.006831485972125
149025,6,0,3,2,RETURN_ALIGNED,0.0188817354001365,0.7276919656615932,0.0259474287069919
149025,6,0,3,3,NATIVE,-2.012839948142367e-06,-0.0167902626217567,0.0001198813852628
149025,6,0,3,3,RETURN_ALIGNED,0.0002450775868497,0.4111339822366497,0.0005961015077535
149025,6,0,4,1,NATIVE,0.3428882599343314,0.9350444224126448,0.3667079891769891
149025,6,0,4,1,RETURN_ALIGNED,0.585184162524615,0.8581305249269826,0.6819290836604288
149025,6,0,4,2,NATIVE,0.0037167256946187,0.4204025590883845,0.0088408731441056
149025,6,0,4,2,RETURN_ALIGNED,0.0304484589591912,0.7648478006473818,0.0398098274362019
149025,6,0,4,3,NATIVE,0.000153652347394,0.4731113544051763,0.0003247699407628
149025,6,0,4,3,RETURN_ALIGNED,0.0015106889087942,0.5272297081303684,0.0028653334297243
149025,6,0,5,1,NATIVE,0.4103392601594829,0.9195569521837226,0.4462358304017194
149025,6,0,5,1,RETURN_ALIGNED,0.7106568074030591,0.8927102547926725,0.7960665888934593
149025,6,0,5,2,NATIVE,-0.0031002356821531,-0.412328494715571,0.0075188489804085
149025,6,0,5,2,RETURN_ALIGNED,0.0185961617042815,0.6770176351511372,0.027467765592282
149025,6,0,5,3,NATIVE,-6.292363400719501e-06,-0.0342776327311576,0.0001835705354206
149025,6,0,5,3,RETURN_ALIGNED,0.0009391414042671,0.6828669850461812,0.0013752918572542
149025,6,0,7,1,NATIVE,0.1023896677701746,0.2377532344469257,0.430655204368471
149025,6,0,7,1,RETURN_ALIGNED,0.6035422230781241,0.6805294999269909,0.886871506882154
149025,6,0,7,2,NATIVE,0.0027199923826703,0.4441325978798305,0.0061242799907993
149025,6,0,7,2,RETURN_ALIGNED,0.0244396924557995,0.7639164480435425,0.0319926250024256
149025,6,0,7,3,NATIVE,2.741994094818448e-05,0.2396360225440686,0.0001144232848789
149025,6,0,7,3,RETURN_ALIGNED,0.0005570087493298,0.4300496203399139,0.0012952197208267
149026,0,2,1,1,NATIVE,0.4898287039080503,0.885847606330393,0.5529491759164854
149026,0,2,1,1,RETURN_ALIGNED,0.5480223028218449,0.8305665744764125,0.6598174302490635
149026,0,2,1,2,NATIVE,-0.0160482551336569,-0.2235403006901273,0.0717913283816738
149026,0,2,1,2,RETURN_ALIGNED,0.0920621782344029,0.578792721459301,0.1590589771095316
149026,0,2,1,3,NATIVE,0.0012025334932753,0.3094924812731003,0.0038855014740748
149026,0,2,1,3,RETURN_ALIGNED,0.0117380882514079,0.608369040811306,0.0192943550080653
149026,0,2,3,1,NATIVE,0.2428770933413294,0.6649758492708777,0.3652419762424614
149026,0,2,3,1,RETURN_ALIGNED,0.553775410876598,0.6307860108410244,0.8779132722652174
149026,0,2,3,2,NATIVE,-0.0002840900363108,-0.0332409883053187,0.0085463775533227
149026,0,2,3,2,RETURN_ALIGNED,0.0318786307131875,0.6882410534082836,0.0463189903525219
149026,0,2,3,3,NATIVE,0.0002748594126093,0.5533699571851184,0.0004967010019764
149026,0,2,3,3,RETURN_ALIGNED,0.0035109900797591,0.786207417636074,0.0044657300356346
149026,0,2,4,1,NATIVE,0.5376084460338992,0.9186477295256944,0.585217193440827
149026,0,2,4,1,RETURN_ALIGNED,0.7151891508279218,0.8619775857953522,0.829707364337058
149026,0,2,4,2,NATIVE,-0.0234172102848428,-0.4270017033489133,0.054841023117143
149026,0,2,4,2,RETURN_ALIGNED,0.1147389066354144,0.6625260313342415,0.173183997621595
149026,0,2,4,3,NATIVE,0.001065901490606,0.5144160595888351,0.0020720610681699
149026,0,2,4,3,RETURN_ALIGNED,0.0120702081447257,0.8239976405569099,0.0146483527980434
149026,0,2,5,1,NATIVE,0.638112083879383,0.9095419659191656,0.7015751969558045
149026,0,2,5,1,RETURN_ALIGNED,0.6954768070292363,0.8537427073426969,0.8146210808568812
149026,0,2,5,2,NATIVE,-0.0365673715586175,-0.571765632685084,0.0639551758057736
149026,0,2,5,2,RETURN_ALIGNED,0.0940656459040184,0.7104664656309158,0.1323998393363402
149026,0,2,5,3,NATIVE,-0.0016444776670277,-0.4809508802061782,0.0034192216574473
149026,0,2,5,3,RETURN_ALIGNED,0.0125203533882766,0.6478348208207694,0.019326459437215
149026,0,2,6,1,NATIVE,0.3245541014105988,0.861379886062938,0.3767839331539237
149026,0,2,6,1,RETURN_ALIGNED,0.439737478703734,0.8190731002857885,0.5368720796107328
149026,0,2,6,2,NATIVE,0.0075515353769344,0.2724046509062382,0.0277217564077036
149026,0,2,6,2,RETURN_ALIGNED,0.0431812186475047,0.4705392502150067,0.0917696422295747
149026,0,2,6,3,NATIVE,0.0001418265503653,0.132363947050738,0.0010714892793202
149026,0,2,6,3,RETURN_ALIGNED,0.0053168783542755,0.7202867087514347,0.0073816138614831
149026,0,2,7,1,NATIVE,0.1912693232524358,0.503938399641673,0.3795490150945956
149026,0,2,7,1,RETURN_ALIGNED,0.5987153090573485,0.5801061653362402,1.0320788587211744
149026,0,2,7,2,NATIVE,-0.0036819802667826,-0.3881370026429389,0.0094862902573458
149026,0,2,7,2,RETURN_ALIGNED,0.0413139555105625,0.6997073632745022,0.0590446201924424
149026,0,2,7,3,NATIVE,-0.0001668193402357,-0.3005235208344854,0.0005550957859572
149026,0,2,7,3,RETURN_ALIGNED,0.0045792017240027,0.7132237857476068,0.0064204276623186
149026,2,4,0,1,NATIVE,0.3724620836438057,0.7420668191642019,0.5019252633654251
149026,2,4,0,1,RETURN_ALIGNED,0.4672850594246652,0.6909254785411041,0.6763175971036651
149026,2,4,0,2,NATIVE,-0.0074781119864334,-0.2315228742949077,0.0322996680527112
149026,2,4,0,2,RETURN_ALIGNED,0.0282228140189646,0.2735726882867242,0.1031638581892244
149026,2,4,0,3,NATIVE,-5.042566519863765e-05,-0.0351635015743748,0.0014340342375817
149026,2,4,0,3,RETURN_ALIGNED,0.0087830107950801,0.6727849269180493,0.0130547080398926
149026,2,4,1,1,NATIVE,0.3688075215159,0.770021777488233,0.4789572610775656
149026,2,4,1,1,RETURN_ALIGNED,0.3937272569894618,0.7958155511827765,0.4947468749564257
149026,2,4,1,2,NATIVE,0.0028353103451643,0.0963681262831669,0.0294216610252425
149026,2,4,1,2,RETURN_ALIGNED,0.0305551312471514,0.5129885966220709,0.0595629833649926
149026,2,4,1,3,NATIVE,0.0006924529774135,0.4725823720905595,0.0014652535050919
149026,2,4,1,3,RETURN_ALIGNED,0.0036818108527234,0.7358701428847324,0.0050033431685131
149026,2,4,3,1,NATIVE,0.5426420738585414,0.9092802953826498,0.5967819566901859
149026,2,4,3,1,RETURN_ALIGNED,0.8142203456888514,0.7166970597306251,1.1360732329429728
149026,2,4,3,2,NATIVE,-0.0205923726286126,-0.6927341900898515,0.0297262253281833
149026,2,4,3,2,RETURN_ALIGNED,0.1061714423655582,0.7056243264873969,0.1504645437789392
149026,2,4,3,3,NATIVE,0.001218495458192,0.567786220631753,0.0021460461847675
149026,2,4,3,3,RETURN_ALIGNED,0.0197465116711999,0.6887368285257737,0.0286706196716725
149026,2,4,5,1,NATIVE,0.5513160912746027,0.8417499407597481,0.6549642174930622
149026,2,4,5,1,RETURN_ALIGNED,0.7008460143271906,0.7983890847117848,0.8778251453427184
149026,2,4,5,2,NATIVE,-0.0094153648717963,-0.3673129923108118,0.0256330842329054
149026,2,4,5,2,RETURN_ALIGNED,0.0454055727752599,0.7133289341392551,0.0636530646691772
149026,2,4,5,3,NATIVE,-0.0008246519659978,-0.5242582044072482,0.0015729881932313
149026,2,4,5,3,RETURN_ALIGNED,0.004848942945143,0.7418911305140136,0.0065359225165779
149026,2,4,6,1,NATIVE,0.320821753361291,0.8738227529408512,0.3671474017831028
149026,2,4,6,1,RETURN_ALIGNED,0.4234562726013593,0.7908331626166935,0.5354558870548204
149026,2,4,6,2,NATIVE,-0.0004943494867485,-0.0300425131492755,0.0164549977655596
149026,2,4,6,2,RETURN_ALIGNED,0.0390795085981155,0.7238285306166984,0.0539900086070029
149026,2,4,6,3,NATIVE,-0.0002548794469226,-0.2602498560406424,0.0009793644101929
149026,2,4,6,3,RETURN_ALIGNED,0.0029460777434036,0.4845675960651777,0.0060798075790308
149026,2,4,7,1,NATIVE,0.3795473258075577,0.7990668045733004,0.4749882283121533
149026,2,4,7,1,RETURN_ALIGNED,0.5830433280069773,0.648984315809912,0.8983935571375234
149026,2,4,7,2,NATIVE,-0.0148073232443168,-0.5900660437871246,0.0250943490117597
149026,2,4,7,2,RETURN_ALIGNED,0.09623708468806,0.6719861126767374,0.1432129070393682
149026,2,4,7,3,NATIVE,0.0003529170217445,0.3233448861499172,0.0010914569404575
149026,2,4,7,3,RETURN_ALIGNED,0.0124270045270459,0.68763339667724,0.0180721363792984
149026,4,6,0,1,NATIVE,0.4010608399517804,0.69037131876152,0.5809349679693967
149026,4,6,0,1,RETURN_ALIGNED,0.6295723576313261,0.6594987458900838,0.954622524386482
149026,4,6,0,2,NATIVE,-0.0150869929571926,-0.51427678459402,0.0293363290138461
149026,4,6,0,2,RETURN_ALIGNED,0.0544290353689374,0.7326673130178513,0.0742888817361418
149026,4,6,0,3,NATIVE,-0.0005933377496502,-0.4352072908612517,0.0013633451503244
149026,4,6,0,3,RETURN_ALIGNED,0.0064393303645051,0.7836852856541605,0.008216729957676
149026,4,6,1,1,NATIVE,0.5183715619907909,0.834025666800371,0.6215295075742483
149026,4,6,1,1,RETURN_ALIGNED,0.5777889151828017,0.7945931456244809,0.7271506410096922
149026,4,6,1,2,NATIVE,-0.059293934266099,-0.6217451970992304,0.0953669357502226
149026,4,6,1,2,RETURN_ALIGNED,0.1876324248817311,0.7020408762802043,0.2672670940112345
149026,4,6,1,3,NATIVE,0.0011349337595441,0.2600988132112985,0.0043634714991727
149026,4,6,1,3,RETURN_ALIGNED,0.0171204869168408,0.5872958725885349,0.02915138299695
149026,4,6,2,1,NATIVE,0.1597369713062746,0.2502658312766177,0.6382691975623211
149026,4,6,2,1,RETURN_ALIGNED,0.5311146680113352,0.5704152273211255,0.9311018405058924
149026,4,6,2,2,NATIVE,-0.0050217654278687,-0.296852578970609,0.0169166979959807
149026,4,6,2,2,RETURN_ALIGNED,0.0215687440938769,0.4451528496230184,0.0484524452938009
149026,4,6,2,3,NATIVE,-0.000244962899861,-0.3330675883667203,0.0007354750453891
149026,4,6,2,3,RETURN_ALIGNED,0.0030370121986751,0.6422823855736314,0.0047284687647147
149026,4,6,3,1,NATIVE,0.258800101759858,0.7218905838384833,0.3585032241085861
149026,4,6,3,1,RETURN_ALIGNED,0.5492720458235217,0.7337921596311456,0.7485389951557448
149026,4,6,3,2,NATIVE,-5.622512467771035e-05,-0.0057129475636688,0.0098417015121288
149026,4,6,3,2,RETURN_ALIGNED,0.0208818349519314,0.5534751626188562,0.0377285854219208
149026,4,6,3,3,NATIVE,0.0002466556164161,0.5151696495035555,0.0004787852241252
149026,4,6,3,3,RETURN_ALIGNED,0.0024573015086071,0.8047772875551242,0.0030533932133942
149026,4,6,5,1,NATIVE,0.5468729630578522,0.9286184366017274,0.5889103010479335
149026,4,6,5,1,RETURN_ALIGNED,0.6052241221783837,0.8720978649336528,0.6939864738969149
149026,4,6,5,2,NATIVE,-0.0165389840761025,-0.3111040971008805,0.0531622187879669
149026,4,6,5,2,RETURN_ALIGNED,0.0908648943456253,0.7170643812579441,0.1267179024926749
149026,4,6,5,3,NATIVE,-0.000716446263247,-0.28830788821291,0.0024850040258015
149026,4,6,5,3,RETURN_ALIGNED,0.0100047118950687,0.7761267257878148,0.0128905648545135
149026,4,6,7,1,NATIVE,0.1403339234926704,0.3891431924822257,0.3606228406501387
149026,4,6,7,1,RETURN_ALIGNED,0.455439478755141,0.5541233825263189,0.8219098726328817
149026,4,6,7,2,NATIVE,-0.0029251692277247,-0.3642972526343115,0.0080296219817758
149026,4,6,7,2,RETURN_ALIGNED,0.018737743760283,0.56374812326347,0.0332377935942458
149026,4,6,7,3,NATIVE,-9.383382223610031e-05,-0.2202886247387446,0.0004259585452327
149026,4,6,7,3,RETURN_ALIGNED,0.0035570435538955,0.7489012713212777,0.0047496828884318
149026,6,0,1,1,NATIVE,0.3628308675311423,0.7528179443299944,0.4819636278117738
149026,6,0,1,1,RETURN_ALIGNED,0.3921682928919863,0.7896724134038254,0.4966214929574605
149026,6,0,1,2,NATIVE,0.0008159777935808,0.0240133558534908,0.0339801649778414
149026,6,0,1,2,RETURN_ALIGNED,0.0439371627688103,0.5826249161525368,0.0754124335409113
149026,6,0,1,3,NATIVE,0.0008368797520128,0.5789235167729531,0.0014455791265231
149026,6,0,1,3,RETURN_ALIGNED,0.0042732395844989,0.8109692708481842,0.0052692990199165
149026,6,0,2,1,NATIVE,0.1276743625788725,0.2691026098737021,0.4744449064939444
149026,6,0,2,1,RETURN_ALIGNED,0.2898092437076651,0.6149650703227715,0.4712613084762687
149026,6,0,2,2,NATIVE,-0.0005774632607813,-0.0345854783357333,0.0166966972428447
149026,6,0,2,2,RETURN_ALIGNED,0.0264524016906173,0.6691482146854248,0.0395314537345823
149026,6,0,2,3,NATIVE,0.0002134230394421,0.2416439979992084,0.000883212664116
149026,6,0,2,3,RETURN_ALIGNED,0.0022811334333483,0.5603183052200168,0.0040711385147174
149026,6,0,3,1,NATIVE,0.3886549211182689,0.7266134630843712,0.534885383857722
149026,6,0,3,1,RETURN_ALIGNED,0.6639511772756842,0.6557836866261594,1.0124545499012538
149026,6,0,3,2,NATIVE,-0.0143704781530497,-0.5461085288951327,0.0263143265334561
149026,6,0,3,2,RETURN_ALIGNED,0.0524228454516942,0.540840494871761,0.0969284769684377
149026,6,0,3,3,NATIVE,-0.0001991298433933,-0.1673506825732439,0.0011898956116388
149026,6,0,3,3,RETURN_ALIGNED,0.0090807458555455,0.6590704070120248,0.0137781119537764
149026,6,0,4,1,NATIVE,0.5194778636778442,0.8681539110841765,0.5983707002241458
149026,6,0,4,1,RETURN_ALIGNED,0.7797060727561783,0.8101970922582895,0.9623659233123888
149026,6,0,4,2,NATIVE,-0.0122336978794848,-0.3979198960448054,0.0307441221234886
149026,6,0,4,2,RETURN_ALIGNED,0.0759235907016207,0.7297448102616756,0.1040412890010078
149026,6,0,4,3,NATIVE,-0.0007386273936543,-0.3607564067949773,0.0020474408196298
149026,6,0,4,3,RETURN_ALIGNED,0.0069178935429808,0.5571617540050772,0.0124163108694752
149026,6,0,5,1,NATIVE,0.5371838868749337,0.856463609925269,0.627211571688076
149026,6,0,5,1,RETURN_ALIGNED,0.6736107560050638,0.8149012580359545,0.8266164143966874
149026,6,0,5,2,NATIVE,-0.0083470612422035,-0.3234924228373046,0.025802957512712
149026,6,0,5,2,RETURN_ALIGNED,0.0488363054600835,0.7325530479013405,0.0666658962103663
149026,6,0,5,3,NATIVE,-0.0007498204511635,-0.5587724433321807,0.0013419066381993
149026,6,0,5,3,RETURN_ALIGNED,0.0050577795576038,0.7778014550423169,0.0065026614755218
149026,6,0,7,1,NATIVE,0.275322935889038,0.7151166084257243,0.3850042533552503
149026,6,0,7,1,RETURN_ALIGNED,0.4340190415226154,0.6166872088758462,0.7037912174531973
149026,6,0,7,2,NATIVE,-0.0051285413066916,-0.3645243604807369,0.0140691318946265
149026,6,0,7,2,RETURN_ALIGNED,0.0411680563592697,0.5347677502778825,0.0769830572944736
149026,6,0,7,3,NATIVE,0.0002154526705715,0.4195369608798773,0.0005135487221539
149026,6,0,7,3,RETURN_ALIGNED,0.0060423945299366,0.7635387459229306,0.0079136711286109
149027,0,2,1,1,NATIVE,0.2662823172447154,0.8641958000232784,0.3081272985096752
149027,0,2,1,1,RETURN_ALIGNED,0.3561861906107522,0.8978877261509978,0.3966934620406296
149027,0,2,1,2,NATIVE,-0.0036326947664389,-0.1282827466122172,0.0283178748675833
149027,0,2,1,2,RETURN_ALIGNED,0.0616624623648029,0.7596435883810476,0.0811728859517824
149027,0,2,1,3,NATIVE,5.7781342968809726e-05,0.0449530767803757,0.0012853701440156
149027,0,2,1,3,RETURN_ALIGNED,0.0067951424666693,0.7258526228302716,0.0093616007572876
149027,0,2,3,1,NATIVE,0.0573835383231018,0.4289259278734275,0.1337842610904393
149027,0,2,3,1,RETURN_ALIGNED,0.1344667026783431,0.5784651023701718,0.232454303859225
149027,0,2,3,2,NATIVE,-0.0011498351229466,-0.2123860787242211,0.0054138912013859
149027,0,2,3,2,RETURN_ALIGNED,0.0104702543383615,0.4387736158899746,0.0238625431409171
149027,0,2,3,3,NATIVE,-5.113569556061563e-05,-0.3626530836305747,0.0001410044413388
149027,0,2,3,3,RETURN_ALIGNED,0.0006938367018982,0.595777413795128,0.0011645904756756
149027,0,2,4,1,NATIVE,0.2821175000829363,0.7803330501595761,0.3615347319007099
149027,0,2,4,1,RETURN_ALIGNED,0.5758731372333743,0.740965196930384,0.7771932333920303
149027,0,2,4,2,NATIVE,-8.172030569504985e-06,-0.0011243878882435,0.0072679816766859
149027,0,2,4,2,RETURN_ALIGNED,0.0210716980617923,0.4191258126992109,0.0502753527061348
149027,0,2,4,3,NATIVE,-3.64553359347391e-05,-0.0918287692574303,0.000396992533399
149027,0,2,4,3,RETURN_ALIGNED,0.0074265944239547,0.5214673081994725,0.0142417258112354
149027,0,2,5,1,NATIVE,0.2461704432324661,0.7851756026603978,0.3135227870023621
149027,0,2,5,1,RETURN_ALIGNED,0.3654757235154675,0.8566515681677299,0.4266328774685649
149027,0,2,5,2,NATIVE,-0.0038711430506702,-0.1317140432244286,0.0293905111080428
149027,0,2,5,2,RETURN_ALIGNED,0.0671277733583502,0.8125852592816083,0.0826101293254369
149027,0,2,5,3,NATIVE,0.0006121828871152,0.4117224476011911,0.0014868824582757
149027,0,2,5,3,RETURN_ALIGNED,0.0059528547704043,0.6962669387056384,0.0085496731726861
149027,0,2,6,1,NATIVE,0.2510109795972221,0.8670937205960767,0.2894854081339048
149027,0,2,6,1,RETURN_ALIGNED,0.2914159609216201,0.847248562073898,0.343955686638383
149027,0,2,6,2,NATIVE,0.0005811231158508,0.0661686806533593,0.0087824497949831
149027,0,2,6,2,RETURN_ALIGNED,0.0057605486193984,0.4681943607542232,0.0123037548124902
149027,0,2,6,3,NATIVE,9.2395593076219e-05,0.1045529726132065,0.0008837203817102
149027,0,2,6,3,RETURN_ALIGNED,0.001188504491398,0.5373592729426157,0.0022117502203213
149027,0,2,7,1,NATIVE,0.0449079510728199,0.2638875496800037,0.1701783624398294
149027,0,2,7,1,RETURN_ALIGNED,0.2179936696489007,0.6841704666756112,0.3186247876323782
149027,0,2,7,2,NATIVE,0.0025863195161557,0.4411551069973069,0.0058626081282068
149027,0,2,7,2,RETURN_ALIGNED,0.0095428762767274,0.5068688891736624,0.0188271098906891
149027,0,2,7,3,NATIVE,6.303775792327155e-05,0.3132083104816186,0.0002012646398176
149027,0,2,7,3,RETURN_ALIGNED,0.000625196026351,0.4938116612972327,0.0012660616894095
149027,2,4,0,1,NATIVE,0.1068514065756276,0.8100461393583342,0.131907803005181
149027,2,4,0,1,RETURN_ALIGNED,0.1835303164405383,0.7280290312633674,0.2520920300692142
149027,2,4,0,2,NATIVE,0.0030647733362754,0.3794591759037379,0.0080766879042933
149027,2,4,0,2,RETURN_ALIGNED,0.0154648299260757,0.5611008262031998,0.0275615882275644
149027,2,4,0,3,NATIVE,6.171982098636576e-05,0.3247446782409708,0.0001900564505366
149027,2,4,0,3,RETURN_ALIGNED,0.0014377705332915,0.6000115124195404,0.002396238244317
149027,2,4,1,1,NATIVE,0.1245602064369742,0.8294480580769649,0.1501724010611649
149027,2,4,1,1,RETURN_ALIGNED,0.1394422490865804,0.7947236918669935,0.1754600378893501
149027,2,4,1,2,NATIVE,0.0030482169858646,0.2811012452383347,0.0108438402085998
149027,2,4,1,2,RETURN_ALIGNED,0.0090562477551603,0.4577737044521635,0.0197832415164579
149027,2,4,1,3,NATIVE,8.702985264397869e-05,0.2487618548095252,0.000349852080953
149027,2,4,1,3,RETURN_ALIGNED,0.0010844051782496,0.6171219085694684,0.0017571976671063
149027,2,4,3,1,NATIVE,0.2704112694294939,0.7752030425620808,0.3488263778423522
149027,2,4,3,1,RETURN_ALIGNED,0.4100400363344678,0.6101728990069752,0.6720063067397858
149027,2,4,3,2,NATIVE,0.0033715185350598,0.2513900893903871,0.0134115013957629
149027,2,4,3,2,RETURN_ALIGNED,0.0392064647826528,0.5367723398895119,0.0730411421536372
149027,2,4,3,3,NATIVE,-0.0002733989207724,-0.4365705441690042,0.0006262422473194
149027,2,4,3,3,RETURN_ALIGNED,0.0021768819292892,0.6257841969796412,0.0034786463717444
149027,2,4,5,1,NATIVE,-0.0233547173348342,-0.110991790754782,0.2104184208219825
149027,2,4,5,1,RETURN_ALIGNED,0.1323453378078735,0.4725491998942708,0.2800667905848723
149027,2,4,5,2,NATIVE,-0.0035157858789204,-0.3448493638226236,0.0101951351740252
149027,2,4,5,2,RETURN_ALIGNED,0.0198664387967638,0.5773972938765407,0.0344068789503084
149027,2,4,5,3,NATIVE,-6.0659729543456926e-05,-0.1687043934455673,0.0003595622392506
149027,2,4,5,3,RETURN_ALIGNED,0.0008473401891546,0.4960062765748448,0.0017083255373616
149027,2,4,6,1,NATIVE,0.0425308133681367,0.2202403703287696,0.1931108874573238
149027,2,4,6,1,RETURN_ALIGNED,0.086074834983094,0.6550708292901919,0.1313977529365835
149027,2,4,6,2,NATIVE,-0.0026104854054693,-0.3280949467987095,0.0079564937859574
149027,2,4,6,2,RETURN_ALIGNED,0.0049570589228147,0.5371103565482233,0.0092291255647559
149027,2,4,6,3,NATIVE,-0.0001128125720527,-0.308086483495157,0.0003661717665525
149027,2,4,6,3,RETURN_ALIGNED,0.0003110627921102,0.4853272132688049,0.0006409341643839
149027,2,4,7,1,NATIVE,0.2698621650629385,0.7886431685286623,0.3421853834937941
149027,2,4,7,1,RETURN_ALIGNED,0.4707586786176845,0.7065279289757456,0.6662987538228639
149027,2,4,7,2,NATIVE,0.0042065709256787,0.3559613783416478,0.0118174925185036
149027,2,4,7,2,RETURN_ALIGNED,0.0372400326490559,0.4891529080239141,0.0761316799672654
149027,2,4,7,3,NATIVE,3.338242404414991e-05,0.0486864979344411,0.0006856608127514
149027,2,4,7,3,RETURN_ALIGNED,0.0097155614703401,0.5177777720308987,0.0187639601234613
149027,4,6,0,1,NATIVE,0.1941607493277078,0.6238608481966703,0.3112244499535694
149027,4,6,0,1,RETURN_ALIGNED,0.5547457658321111,0.7614149477678692,0.7285722029207702
149027,4,6,0,2,NATIVE,0.0016627054043275,0.2534323321243351,0.0065607469668417
149027,4,6,0,2,RETURN_ALIGNED,0.0179610271112633,0.6112335452367988,0.0293848844703099
149027,4,6,0,3,NATIVE,0.000106423382782,0.3270579807737275,0.0003253960721742
149027,4,6,0,3,RETURN_ALIGNED,0.0034247428903199,0.6486477604214562,0.0052798191844167
149027,4,6,1,1,NATIVE,0.2671041378578184,0.8465257652066946,0.3155298383534302
149027,4,6,1,1,RETURN_ALIGNED,0.3589663038705575,0.8809912143821879,0.4074573026499077
149027,4,6,1,2,NATIVE,0.0008678955030617,0.0347146106681931,0.0250008709967428
149027,4,6,1,2,RETURN_ALIGNED,0.0477225970074799,0.692742802217704,0.0688893437129367
149027,4,6,1,3,NATIVE,0.0002649294066476,0.193994886166142,0.0013656514917179
149027,4,6,1,3,RETURN_ALIGNED,0.007811720341066,0.7595546929753162,0.010284605453104
149027,4,6,2,1,NATIVE,0.2560207868792329,0.7806098891081601,0.3279753311498315
149027,4,6,2,1,RETURN_ALIGNED,0.3235231597743065,0.7965498239004131,0.4061555850831708
149027,4,6,2,2,NATIVE,-0.0006044898046289,-0.0662658767228244,0.0091221882891969
149027,4,6,2,2,RETURN_ALIGNED,0.0062464922020643,0.4614809291414424,0.0135357537170263
149027,4,6,2,3,NATIVE,0.0001303402091073,0.1551811032579007,0.0008399231998552
149027,4,6,2,3,RETURN_ALIGNED,0.0015164118239598,0.6186864883384509,0.0024510181672636
149027,4,6,3,1,NATIVE,0.0534527585685076,0.4064582759290235,0.1315085993668377
149027,4,6,3,1,RETURN_ALIGNED,0.1315513034008103,0.5698597892118749,0.2308485453636234
149027,4,6,3,2,NATIVE,-0.0010891272261054,-0.1874808427370689,0.0058092720843443
149027,4,6,3,2,RETURN_ALIGNED,0.0105713869488897,0.4177715620245995,0.0253042282187983
149027,4,6,3,3,NATIVE,-4.5778759063381e-05,-0.3205957950634854,0.0001427927617201
149027,4,6,3,3,RETURN_ALIGNED,0.0007495607774447,0.6057112422432234,0.0012374886331945
149027,4,6,5,1,NATIVE,0.2301098218381015,0.7725181495747386,0.2978697936930872
149027,4,6,5,1,RETURN_ALIGNED,0.3466160522614477,0.8432800749357626,0.4110331342617695
149027,4,6,5,2,NATIVE,-0.0070046629654866,-0.2565346744529511,0.0273049363797924
149027,4,6,5,2,RETURN_ALIGNED,0.0667587944551346,0.813734358552465,0.0820400340141427
149027,4,6,5,3,NATIVE,0.000457938787673,0.288903696681155,0.0015850914723763
149027,4,6,5,3,RETURN_ALIGNED,0.0062376017039383,0.6583211411018929,0.0094750135011555
149027,4,6,7,1,NATIVE,0.0365720492883758,0.2366564768582076,0.1545364393735748
149027,4,6,7,1,RETURN_ALIGNED,0.192894419413838,0.6707964502673205,0.2875602864877025
149027,4,6,7,2,NATIVE,0.0025493083959393,0.4286916852980645,0.0059467176138245
149027,4,6,7,2,RETURN_ALIGNED,0.0089982704468294,0.5023000079942579,0.0179141355833759
149027,4,6,7,3,NATIVE,5.213656675735768e-05,0.2802750204663477,0.0001860193126433
149027,4,6,7,3,RETURN_ALIGNED,0.0005414073757819,0.4816942050046081,0.0011239648930519
149027,6,0,1,1,NATIVE,0.1130338034187886,0.8276346303689088,0.1365745212574957
149027,6,0,1,1,RETURN_ALIGNED,0.127289230067067,0.7906574073023099,0.1609916366955242
149027,6,0,1,2,NATIVE,0.0029819324207291,0.3295060298336228,0.0090497051667912
149027,6,0,1,2,RETURN_ALIGNED,0.0064117733707055,0.5306924696955281,0.0120819000395763
149027,6,0,1,3,NATIVE,0.0001133346926208,0.3568484972630638,0.0003175989065115
149027,6,0,1,3,RETURN_ALIGNED,0.0006226945747589,0.604040557328251,0.0010308820608743
149027,6,0,2,1,NATIVE,0.1010123209369783,0.6685806858610224,0.1510847128448827
149027,6,0,2,1,RETURN_ALIGNED,0.1457259154692227,0.796812874423622,0.1828859951272731
149027,6,0,2,2,NATIVE,0.0043468913296547,0.4086812288771809,0.010636386069117
149027,6,0,2,2,RETURN_ALIGNED,0.0096071303385114,0.5460849724363063,0.017592738901963
149027,6,0,2,3,NATIVE,0.0001504674326031,0.4082422919593076,0.000368573847962
149027,6,0,2,3,RETURN_ALIGNED,0.0005466862185285,0.5452827489693548,0.0010025738378028
149027,6,0,3,1,NATIVE,0.3712387103060954,0.9011832527078328,0.4119458602790564
149027,6,0,3,1,RETURN_ALIGNED,0.5655368284773328,0.7069032637193746,0.8000201123724772
149027,6,0,3,2,NATIVE,0.0098939882183812,0.4948501146648091,0.0199939091129918
149027,6,0,3,2,RETURN_ALIGNED,0.0963109927956007,0.6232367962046114,0.1545335470896235
149027,6,0,3,3,NATIVE,-6.138382576582724e-05,-0.0806059243800448,0.0007615299449784
149027,6,0,3,3,RETURN_ALIGNED,0.0130981201234315,0.6577239340241404,0.0199143127397361
149027,6,0,4,1,NATIVE,-0.0601004285497789,-0.3275724766399287,0.1834721560438479
149027,6,0,4,1,RETURN_ALIGNED,0.1826148786695899,0.5275260970044109,0.3461722172733106
149027,6,0,4,2,NATIVE,-0.0015721133093714,-0.1874565685402611,0.0083865469295586
149027,6,0,4,2,RETURN_ALIGNED,0.02966085144742,0.6638726095089637,0.0446785287152791
149027,6,0,4,3,NATIVE,-5.9322568756826384e-05,-0.3521535973185453,0.0001684565174342
149027,6,0,4,3,RETURN_ALIGNED,0.0018016056058826,0.4759609004557353,0.0037851966494617
149027,6,0,5,1,NATIVE,-0.0356175372344052,-0.180775759793615,0.1970260685119255
149027,6,0,5,1,RETURN_ALIGNED,0.1161343134696097,0.4707849799752184,0.2466822825904316
149027,6,0,5,2,NATIVE,-0.0030826535754294,-0.3398149635038919,0.0090715651353024
149027,6,0,5,2,RETURN_ALIGNED,0.0147336584051934,0.5365805238974762,0.0274584293482959
149027,6,0,5,3,NATIVE,-8.821788001842239e-05,-0.2539508718588015,0.0003473816777383
149027,6,0,5,3,RETURN_ALIGNED,0.000725744851383,0.5494344103042748,0.0013208944281242
149027,6,0,7,1,NATIVE,0.3147240990370945,0.8617943135943531,0.3651963050489529
149027,6,0,7,1,RETURN_ALIGNED,0.5094814379861033,0.6967189191307405,0.7312582219263787
149027,6,0,7,2,NATIVE,0.0086157946621549,0.456712643633393,0.0188648043387627
149027,6,0,7,2,RETURN_ALIGNED,0.0772862248505521,0.7421072246780589,0.1041442830348882
149027,6,0,7,3,NATIVE,-0.0003507999871584,-0.4557989853261524,0.0007696374824906
149027,6,0,7,3,RETURN_ALIGNED,0.0091073515707233,0.6391196933937635,0.0142498371743537
149028,0,2,1,1,NATIVE,0.2665034487553722,0.743417610247772,0.3584841750876894
149028,0,2,1,1,RETURN_ALIGNED,0.4737515510914513,0.734407946673791,0.6450795545406296
149028,0,2,1,2,NATIVE,0.0040148714442,0.3936845243591157,0.0101981947364946
149028,0,2,1,2,RETURN_ALIGNED,0.0367515046256672,0.7588106115881011,0.0484330398973644
149028,0,2,1,3,NATIVE,0.0001271760661055,0.3778113739777981,0.0003366125924996
149028,0,2,1,3,RETURN_ALIGNED,0.0010005772898285,0.461659274196208,0.0021673501339875
149028,0,2,3,1,NATIVE,0.3924503742657771,0.8311758442228243,0.4721628726261038
149028,0,2,3,1,RETURN_ALIGNED,0.7016921682265321,0.8242195372888591,0.8513413435146192
149028,0,2,3,2,NATIVE,-0.007587904917575,-0.1799384050029581,0.0421694574723185
149028,0,2,3,2,RETURN_ALIGNED,0.074284745733198,0.5558355419284173,0.1336451884221169
149028,0,2,3,3,NATIVE,-0.0001546710141776,-0.3037324400412956,0.0005092344239491
149028,0,2,3,3,RETURN_ALIGNED,0.000908878646991,0.4346426778023113,0.0020910938878152
149028,0,2,4,1,NATIVE,0.4259561496217078,0.9094359605062584,0.4683739901647422
149028,0,2,4,1,RETURN_ALIGNED,0.6699314123866645,0.7321526096307013,0.9150160821315104
149028,0,2,4,2,NATIVE,0.006392702804203,0.3854179795666096,0.0165864156396037
149028,0,2,4,2,RETURN_ALIGNED,0.0595154891047687,0.6846412170942502,0.0869294567994905
149028,0,2,4,3,NATIVE,-7.214227569586771e-05,-0.2678622989515747,0.0002693259776803
149028,0,2,4,3,RETURN_ALIGNED,0.0018484581800341,0.3439497988858873,0.0053742092184201
149028,0,2,5,1,NATIVE,0.402031568855172,0.8733800670420093,0.4603168586348899
149028,0,2,5,1,RETURN_ALIGNED,0.4379808243408671,0.7851069068129599,0.5578613823673318
149028,0,2,5,2,NATIVE,-0.0011966542033164,-0.0781539850583027,0.0153114931043799
149028,0,2,5,2,RETURN_ALIGNED,0.0202542513706551,0.5484405626320119,0.036930622478652
149028,0,2,5,3,NATIVE,-8.91217185969659e-05,-0.2262324060238511,0.00039393878242
149028,0,2,5,3,RETURN_ALIGNED,0.0006797985293895,0.4682772236489857,0.0014517010330819
149028,0,2,6,1,NATIVE,0.3102854428297334,0.7780100200734064,0.3988193401421642
149028,0,2,6,1,RETURN_ALIGNED,0.4700110047590569,0.7591960820816231,0.6190903981884367
149028,0,2,6,2,NATIVE,-0.009243573592793,-0.3592107150666435,0.0257330118645646
149028,0,2,6,2,RETURN_ALIGNED,0.0502453313840586,0.7200651842846627,0.0697788651367358
149028,0,2,6,3,NATIVE,-2.873629641410684e-05,-0.0207827656738687,0.0013826983787357
149028,0,2,6,3,RETURN_ALIGNED,0.0014151590617469,0.2963365412076347,0.0047755131912543
149028,0,2,7,1,NATIVE,0.2442720134013629,0.7314648095287555,0.3339490980553102
149028,0,2,7,1,RETURN_ALIGNED,0.5122455116942608,0.7849568660879944,0.6525779107419316
149028,0,2,7,2,NATIVE,-0.0017405127365046,-0.0417879468157,0.0416510709213881
149028,0,2,7,2,RETURN_ALIGNED,0.0758099447000619,0.7230095156747282,0.1048533152830137
149028,0,2,7,3,NATIVE,0.0001935977846856,0.2714830504020529,0.000713111865927
149028,0,2,7,3,RETURN_ALIGNED,0.0008503396876097,0.4183379433969227,0.0020326621119623
149028,2,4,0,1,NATIVE,0.2944502812272196,0.8161144143284982,0.3607953444486776
149028,2,4,0,1,RETURN_ALIGNED,0.5967697464677936,0.7612794265478182,0.78390368326904
149028,2,4,0,2,NATIVE,0.003060368401829,0.1509005630272697,0.0202806957136454
149028,2,4,0,2,RETURN_ALIGNED,0.0926164142143184,0.7187991323489751,0.128848811922491
149028,2,4,0,3,NATIVE,-6.454908934544442e-06,-0.0282382369152334,0.0002285875335336
149028,2,4,0,3,RETURN_ALIGNED,0.0020367840934193,0.4959609055961611,0.0041067432338298
149028,2,4,1,1,NATIVE,0.3162097939762084,0.8194022726745446,0.3859029984674659
149028,2,4,1,1,RETURN_ALIGNED,0.4855520414099784,0.7746321565923124,0.6268162730888212
149028,2,4,1,2,NATIVE,0.0065626761018839,0.4446304230124299,0.0147598449456687
149028,2,4,1,2,RETURN_ALIGNED,0.0394132972430786,0.7486931616739381,0.0526427904788208
149028,2,4,1,3,NATIVE,8.135553395103777e-05,0.2965664184570578,0.0002743248354213
149028,2,4,1,3,RETURN_ALIGNED,0.0004459694000147,0.3705247432613892,0.0012036157047677
149028,2,4,3,1,NATIVE,0.3306465996860396,0.8060123111046547,0.410225247344921
149028,2,4,3,1,RETURN_ALIGNED,0.6306913705664636,0.842659660987337,0.7484532602728908
149028,2,4,3,2,NATIVE,-0.0096705040221639,-0.3306756686588732,0.0292446797226919
149028,2,4,3,2,RETURN_ALIGNED,0.0678482639323355,0.7035267547216911,0.0964402042661208
149028,2,4,3,3,NATIVE,-0.000483820215434,-0.4593886638822573,0.001053182747478
149028,2,4,3,3,RETURN_ALIGNED,0.0023094639928261,0.6414453779302011,0.0036004063197637
149028,2,4,5,1,NATIVE,0.4352209219758998,0.8809189669260801,0.4940532992432979
149028,2,4,5,1,RETURN_ALIGNED,0.4655338521374854,0.7821611707330559,0.595189162485687
149028,2,4,5,2,NATIVE,-9.80713392337011e-05,-0.0047063482344955,0.0208380966187354
149028,2,4,5,2,RETURN_ALIGNED,0.0207579061720683,0.5404146294014547,0.0384110737247216
149028,2,4,5,3,NATIVE,-5.231723115072668e-05,-0.1814582935224701,0.0002883154587473
149028,2,4,5,3,RETURN_ALIGNED,0.0002850434796453,0.4234092211465906,0.000673210372815
149028,2,4,6,1,NATIVE,0.3956952323723741,0.8198892875950633,0.4826203224742171
149028,2,4,6,1,RETURN_ALIGNED,0.5546662304649872,0.7602142619340101,0.7296182908405981
149028,2,4,6,2,NATIVE,-0.0106419354701003,-0.2962423475476893,0.0359230729773343
149028,2,4,6,2,RETURN_ALIGNED,0.0605625530867714,0.7065009237638463,0.0857218314220271
149028,2,4,6,3,NATIVE,-0.000107304644345,-0.1208763568932379,0.0008877223559326
149028,2,4,6,3,RETURN_ALIGNED,0.0010385516706073,0.4887203985753116,0.0021250426082582
149028,2,4,7,1,NATIVE,0.2775655107672902,0.756209890425643,0.3670482418723933
149028,2,4,7,1,RETURN_ALIGNED,0.5600396909561086,0.7797782063758497,0.7182038256223697
149028,2,4,7,2,NATIVE,0.0041937088992449,0.1437456910887213,0.0291745016315874
149028,2,4,7,2,RETURN_ALIGNED,0.0597964147663659,0.8000653040965352,0.0747394174700024
149028,2,4,7,3,NATIVE,0.0004096501067108,0.3305890431352936,0.0012391520984718
149028,2,4,7,3,RETURN_ALIGNED,0.0024139753366381,0.6964076359682965,0.0034663251974652
149028,4,6,0,1,NATIVE,0.380339617855692,0.9012897160743748,0.4219948492391913
149028,4,6,0,1,RETURN_ALIGNED,0.6492080942322431,0.7259929550282296,0.8942347026039472
149028,4,6,0,2,NATIVE,0.0088676810068014,0.3825499001547351,0.0231804556818423
149028,4,6,0,2,RETURN_ALIGNED,0.0497531203735857,0.6459031712893502,0.0770287600136634
149028,4,6,0,3,NATIVE,1.824901891593889e-05,0.1218940645590841,0.0001497121206999
149028,4,6,0,3,RETURN_ALIGNED,0.0004615957804934,0.4547130063405696,0.0010151365235201
149028,4,6,1,1,NATIVE,0.4649193494128013,0.9714455457859308,0.4785850853190094
149028,4,6,1,1,RETURN_ALIGNED,0.5750994511425537,0.8296779507486697,0.6931598587422588
149028,4,6,1,2,NATIVE,0.0099359814043958,0.3928366314145083,0.0252929095954863
149028,4,6,1,2,RETURN_ALIGNED,0.0510956689966157,0.8643851877422912,0.0591121524532108
149028,4,6,1,3,NATIVE,0.0004470927333909,0.3720638618914658,0.0012016558950963
149028,4,6,1,3,RETURN_ALIGNED,0.0021287321207723,0.8093970070976825,0.0026300222279591
149028,4,6,2,1,NATIVE,0.2407624201410789,0.6583208757594218,0.3657219890882123
149028,4,6,2,1,RETURN_ALIGNED,0.3531023842575138,0.640305757169017,0.5514590182956483
149028,4,6,2,2,NATIVE,-0.0120290938831179,-0.398050233010584,0.0302200397974106
149028,4,6,2,2,RETURN_ALIGNED,0.037356408056413,0.5765368664315528,0.0647944827663692
149028,4,6,2,3,NATIVE,-5.115872920054563e-05,-0.1163397742017824,0.0004397355035707
149028,4,6,2,3,RETURN_ALIGNED,0.0006374743677144,0.5121748627002903,0.0012446420433921
149028,4,6,3,1,NATIVE,0.1660372477004152,0.5816429428458517,0.2854624985012224
149028,4,6,3,1,RETURN_ALIGNED,0.3644254671159668,0.7154212778252067,0.5093858379831034
149028,4,6,3,2,NATIVE,-0.0057356290299975,-0.3801415799875086,0.0150881390826521
149028,4,6,3,2,RETURN_ALIGNED,0.0293124409485458,0.6210880618034303,0.0471953057081119
149028,4,6,3,3,NATIVE,-7.723931637873296e-05,-0.2680052492425925,0.0002882007594497
149028,4,6,3,3,RETURN_ALIGNED,0.0005303736069901,0.4158266875247149,0.0012754679362476
149028,4,6,5,1,NATIVE,0.4615508442837422,0.9330065155951044,0.4946919839989213
149028,4,6,5,1,RETURN_ALIGNED,0.5898521925848669,0.8149370810660047,0.7238008998354193
149028,4,6,5,2,NATIVE,0.0098151405011367,0.4047263131283056,0.0242513031214604
149028,4,6,5,2,RETURN_ALIGNED,0.0526845362751976,0.8414679292957881,0.0626102724067288
149028,4,6,5,3,NATIVE,0.0002209032453695,0.1567878609815984,0.0014089307919927
149028,4,6,5,3,RETURN_ALIGNED,0.0030723256617265,0.7610725004802424,0.0040368370407729
149028,4,6,7,1,NATIVE,0.367493069249204,0.8507989827414765,0.4319387736748264
149028,4,6,7,1,RETURN_ALIGNED,0.6361804559788256,0.7699889455050994,0.8262202460081807
149028,4,6,7,2,NATIVE,0.0046212258365075,0.2657790926303184,0.0173874693857332
149028,4,6,7,2,RETURN_ALIGNED,0.0330082814347334,0.6638155599375006,0.0497250794147832
149028,4,6,7,3,NATIVE,9.773996650264428e-05,0.2637640460365543,0.0003705583378722
149028,4,6,7,3,RETURN_ALIGNED,0.0005270796364241,0.3754297838844296,0.0014039366588136
149028,6,0,1,1,NATIVE,0.3843904881857428,0.8799283383465832,0.436842946674462
149028,6,0,1,1,RETURN_ALIGNED,0.5395967834146418,0.8083542529320322,0.6675251369772615
149028,6,0,1,2,NATIVE,0.0063588040511534,0.4015713934210154,0.0158348033630848
149028,6,0,1,2,RETURN_ALIGNED,0.0360946191891297,0.7614529637215038,0.0474022965418023
149028,6,0,1,3,NATIVE,0.0001175841030748,0.3608553349555896,0.0003258483155431
149028,6,0,1,3,RETURN_ALIGNED,0.0004465108624363,0.3979842426546945,0.0011219310076969
149028,6,0,2,1,NATIVE,0.3499784957247489,0.8014518376910538,0.4366806329035859
149028,6,0,2,1,RETURN_ALIGNED,0.4769492363220609,0.7282067905306105,0.6549640054502696
149028,6,0,2,2,NATIVE,-0.0017094863740056,-0.0528365536119585,0.0323542369272562
149028,6,0,2,2,RETURN_ALIGNED,0.050487443720352,0.8822821142486862,0.0572236962583593
149028,6,0,2,3,NATIVE,0.0002386470163522,0.2736761004496769,0.0008720053227221
149028,6,0,2,3,RETURN_ALIGNED,0.0009809504233299,0.701860834107985,0.001397642346616
149028,6,0,3,1,NATIVE,0.2408221818473979,0.717359423519845,0.3357064449864101
149028,6,0,3,1,RETURN_ALIGNED,0.4882344460879762,0.7945881737287591,0.614449676235182
149028,6,0,3,2,NATIVE,-0.0102677364067054,-0.4048503931759558,0.0253618042112591
149028,6,0,3,2,RETURN_ALIGNED,0.0600509629601216,0.7163446217513736,0.0838297114775494
149028,6,0,3,3,NATIVE,-0.0002191019014859,-0.2626908671822017,0.0008340674487749
149028,6,0,3,3,RETURN_ALIGNED,0.0015727962712041,0.5258824082605805,0.0029907755923018
149028,6,0,4,1,NATIVE,0.2891128134065112,0.7936356126345339,0.3642891130436167
149028,6,0,4,1,RETURN_ALIGNED,0.5610789761858843,0.7338145745244257,0.7646059313410202
149028,6,0,4,2,NATIVE,0.0065188178951816,0.2951809522599042,0.022084141422745
149028,6,0,4,2,RETURN_ALIGNED,0.0651435144302156,0.8042501766823273,0.0809990676016994
149028,6,0,4,3,NATIVE,2.6432248982629515e-06,0.011918372965918,0.0002217773266218
149028,6,0,4,3,RETURN_ALIGNED,0.0007778764772274,0.4807494427666268,0.0016180496696611
149028,6,0,5,1,NATIVE,0.441457619806149,0.9110926665737452,0.4845364648430581
149028,6,0,5,1,RETURN_ALIGNED,0.5112977326115624,0.7554139780852439,0.6768444157037097
149028,6,0,5,2,NATIVE,0.0020466463306526,0.096839657313224,0.0211343822086464
149028,6,0,5,2,RETURN_ALIGNED,0.025263371446027,0.6123845216297465,0.0412540986152643
149028,6,0,5,3,NATIVE,-7.470257422109502e-05,-0.2392090590822618,0.0003122899044499
149028,6,0,5,3,RETURN_ALIGNED,0.0002676454294351,0.4225393994465415,0.0006334212377738
149028,6,0,7,1,NATIVE,0.3638816791095749,0.8392694454590215,0.4335695539475945
149028,6,0,7,1,RETURN_ALIGNED,0.6871043365999887,0.8114217010884599,0.8467906831654466
149028,6,0,7,2,NATIVE,0.0068058956822366,0.2473524995816378,0.027514966267489
149028,6,0,7,2,RETURN_ALIGNED,0.0575488488993966,0.7516567097452722,0.076562675691008
149028,6,0,7,3,NATIVE,0.0003079266978521,0.2440661536925624,0.0012616526013829
149028,6,0,7,3,RETURN_ALIGNED,0.0019767680795707,0.5462361099961075,0.003618889419962
149029,0,2,1,1,NATIVE,0.4398306380740012,0.9367665382740242,0.469520013902456
149029,0,2,1,1,RETURN_ALIGNED,0.5359155658032785,0.8849321171597782,0.6056007635061949
149029,0,2,1,2,NATIVE,-0.0071061686721668,-0.2589526944679978,0.0274419568658898
149029,0,2,1,2,RETURN_ALIGNED,0.0224365970018075,0.8638429051798002,0.0259730060481715
149029,0,2,1,3,NATIVE,0.0008553991295359,0.6643557068640595,0.001287561946651
149029,0,2,1,3,RETURN_ALIGNED,0.0013276095213946,0.754775560133089,0.0017589460879024
149029,0,2,3,1,NATIVE,0.1912284673074141,0.8130800816508043,0.2351902003540949
149029,0,2,3,1,RETURN_ALIGNED,0.2312881897508092,0.7162794570620289,0.3229021682395535
149029,0,2,3,2,NATIVE,0.0041027356537584,0.4531552877377039,0.0090537079996915
149029,0,2,3,2,RETURN_ALIGNED,0.0138028329197322,0.7706363666039074,0.0179109545276842
149029,0,2,3,3,NATIVE,-6.77038454233624e-06,-0.0448499018015406,0.0001509565075569
149029,0,2,3,3,RETURN_ALIGNED,0.0002130262329012,0.7233761073376428,0.000294488898246
149029,0,2,4,1,NATIVE,0.202241334576376,0.5719374190261184,0.3536074539775247
149029,0,2,4,1,RETURN_ALIGNED,0.3127367225107949,0.5989744666753087,0.5221202904468109
149029,0,2,4,2,NATIVE,-0.007625386224178,-0.5372302744676275,0.0141938877729201
149029,0,2,4,2,RETURN_ALIGNED,0.0235822767804861,0.7959303489544844,0.0296285683932217
149029,0,2,4,3,NATIVE,8.548630506340738e-05,0.1020744183646709,0.0008374900031137
149029,0,2,4,3,RETURN_ALIGNED,0.0012334142485532,0.8356369798069619,0.0014760168320262
149029,0,2,5,1,NATIVE,0.2769148918219931,0.8830528389599551,0.3135881338063566
149029,0,2,5,1,RETURN_ALIGNED,0.4080572375738387,0.8347020607100157,0.4888657363881883
149029,0,2,5,2,NATIVE,0.0001670942942291,0.0040035925155526,0.0417360891670641
149029,0,2,5,2,RETURN_ALIGNED,0.0573766097500678,0.7605827397490805,0.0754376963207048
149029,0,2,5,3,NATIVE,0.0007163618859057,0.4169052763906038,0.0017182845207282
149029,0,2,5,3,RETURN_ALIGNED,0.0024730557809547,0.714255325364046,0.0034624253935793
149029,0,2,6,1,NATIVE,0.1863124748857828,0.5122691269215408,0.3637003775834064
149029,0,2,6,1,RETURN_ALIGNED,0.3349539586982529,0.6006319612424057,0.5576692222726871
149029,0,2,6,2,NATIVE,0.0002656626056367,0.023152242560574,0.0114745949526569
149029,0,2,6,2,RETURN_ALIGNED,0.0146133988207586,0.6863554088338096,0.0212912998607217
149029,0,2,6,3,NATIVE,0.0001700310451735,0.3661289122590551,0.0004644021242863
149029,0,2,6,3,RETURN_ALIGNED,0.0015206172538159,0.7144907377784682,0.0021282532751328
149029,0,2,7,1,NATIVE,0.057807910671241,0.1971355527961084,0.2932393972131941
149029,0,2,7,1,RETURN_ALIGNED,0.1204441939824364,0.4475913324660315,0.2690941160964714
149029,0,2,7,2,NATIVE,0.0017751679809026,0.1322724900232579,0.0134205380160691
149029,0,2,7,2,RETURN_ALIGNED,0.0059184790092969,0.7140156857543376,0.0082890041871976
149029,0,2,7,3,NATIVE,1.942011503470169e-05,0.1475348449265158,0.0001316307007713
149029,0,2,7,3,RETURN_ALIGNED,6.603903783949739e-05,0.6543530271332565,0.0001009226442944
149029,2,4,0,1,NATIVE,0.2128062248204657,0.9105598408271808,0.2337092141325548
149029,2,4,0,1,RETURN_ALIGNED,0.3385843886675492,0.8257525484014361,0.4100312972971768
149029,2,4,0,2,NATIVE,-0.0008180416011029,-0.0633996800042621,0.0129029294947101
149029,2,4,0,2,RETURN_ALIGNED,0.0151091114024086,0.8008817297499536,0.0188655963057928
149029,2,4,0,3,NATIVE,-5.094283592615834e-05,-0.2084440275182937,0.0002443957570156
149029,2,4,0,3,RETURN_ALIGNED,0.0001459137028669,0.7186293331934224,0.0002030444570511
149029,2,4,1,1,NATIVE,0.116313984933731,0.4443400925553672,0.261767927050587
149029,2,4,1,1,RETURN_ALIGNED,0.2113228662073875,0.501416521977041,0.4214517411076078
149029,2,4,1,2,NATIVE,-0.0091906633788643,-0.6323492672358798,0.014534156762509
149029,2,4,1,2,RETURN_ALIGNED,0.0184052183653212,0.7474834564357435,0.0246229106565769
149029,2,4,1,3,NATIVE,-7.049180327391688e-05,-0.3177039257898601,0.0002218789178121
149029,2,4,1,3,RETURN_ALIGNED,0.0003675929994748,0.6789963902232456,0.0005413769567747
149029,2,4,3,1,NATIVE,0.3856326402872945,0.9636234121791306,0.4001901940251886
149029,2,4,3,1,RETURN_ALIGNED,0.458087932809725,0.8533111206168413,0.5368357703793921
149029,2,4,3,2,NATIVE,0.0107736036862126,0.6215557503127315,0.0173332861620659
149029,2,4,3,2,RETURN_ALIGNED,0.0286269785346229,0.8089523636166543,0.0353877185130799
149029,2,4,3,3,NATIVE,7.852997760964321e-05,0.1476234217011569,0.0005319615044818
149029,2,4,3,3,RETURN_ALIGNED,0.0007799377254227,0.8833509473542628,0.0008829307617004
149029,2,4,5,1,NATIVE,0.1090121923231085,0.5524726806093346,0.1973168921272902
149029,2,4,5,1,RETURN_ALIGNED,0.1529701740437052,0.6565825491129783,0.2329793477610933
149029,2,4,5,2,NATIVE,0.0066622305434996,0.4885717234718795,0.0136361361561789
149029,2,4,5,2,RETURN_ALIGNED,0.0126182222188462,0.7361907500723568,0.0171398815012802
149029,2,4,5,3,NATIVE,6.912957945369304e-05,0.4149325867200609,0.0001666043632926
149029,2,4,5,3,RETURN_ALIGNED,0.000160775059726,0.7045051856250792,0.0002282099024239
149029,2,4,6,1,NATIVE,0.2132930210521144,0.7630563666019843,0.2795245939718158
149029,2,4,6,1,RETURN_ALIGNED,0.3378498595002525,0.784759989137287,0.4305136145786311
149029,2,4,6,2,NATIVE,0.0045815250733541,0.5167793071196306,0.0088655350748903
149029,2,4,6,2,RETURN_ALIGNED,0.0100230974431122,0.8304513943286574,0.0120694570584022
149029,2,4,6,3,NATIVE,5.477431528479653e-05,0.4715302524948597,0.000116162886587
149029,2,4,6,3,RETURN_ALIGNED,8.3285879521821e-05,0.7298708301531204,0.0001141104371023
149029,2,4,7,1,NATIVE,0.3877543561745074,0.8677899531635136,0.4468297365748559
149029,2,4,7,1,RETURN_ALIGNED,0.4509612379107806,0.8190041911510115,0.5506214043628921
149029,2,4,7,2,NATIVE,0.0166690549225968,0.7326533648905413,0.0227516254213505
149029,2,4,7,2,RETURN_ALIGNED,0.0374932654793994,0.8372898909238167,0.0447793122606658
149029,2,4,7,3,NATIVE,0.0002832565735572,0.4971873415950448,0.0005697179902575
149029,2,4,7,3,RETURN_ALIGNED,0.0011806921637264,0.7104093778177363,0.0016619884250513
149029,4,6,0,1,NATIVE,0.2033168056999792,0.7680905241698633,0.264704223398175
149029,4,6,0,1,RETURN_ALIGNED,0.3164799840490761,0.7213274076967207,0.4387466505113946
149029,4,6,0,2,NATIVE,0.0053162166466641,0.1978615137308553,0.0268683714488938
149029,4,6,0,2,RETURN_ALIGNED,0.0199264145102881,0.4248760906796142,0.0468993547690029
149029,4,6,0,3,NATIVE,0.0003166634411743,0.3550495610925828,0.0008918851767981
149029,4,6,0,3,RETURN_ALIGNED,0.0010641909633857,0.5378292514161496,0.001978678102139
149029,4,6,1,1,NATIVE,0.4399640631199569,0.8654002529909661,0.5083937306455952
149029,4,6,1,1,RETURN_ALIGNED,0.5572206766657974,0.8277614153112582,0.6731658015928557
149029,4,6,1,2,NATIVE,-0.0099157664532907,-0.45434183504987,0.0218244627459524
149029,4,6,1,2,RETURN_ALIGNED,0.0197119024259573,0.7425370697916986,0.0265466913739015
149029,4,6,1,3,NATIVE,0.0007373783351106,0.6269211618451981,0.0011761898912295
149029,4,6,1,3,RETURN_ALIGNED,0.0012043200632694,0.7298863663619235,0.0016500103529848
149029,4,6,2,1,NATIVE,0.2517717625485798,0.8326982503860217,0.3023565408379187
149029,4,6,2,1,RETURN_ALIGNED,0.2745459938398507,0.7891446187233764,0.3479032706120775
149029,4,6,2,2,NATIVE,0.0144117837640589,0.8822829575755046,0.0163346505107942
149029,4,6,2,2,RETURN_ALIGNED,0.0198452580693555,0.820028721448926,0.0242006865733812
149029,4,6,2,3,NATIVE,0.0002190226687816,0.5612605301369797,0.0003902335130014
149029,4,6,2,3,RETURN_ALIGNED,0.0006342752581533,0.8044143798004876,0.0007884931864862
149029,4,6,3,1,NATIVE,0.2051850267337948,0.8327372749146396,0.2463982733987547
149029,4,6,3,1,RETURN_ALIGNED,0.2460122399481521,0.7278205293704134,0.3380122296920175
149029,4,6,3,2,NATIVE,0.0040045503269722,0.4372950152197521,0.0091575485370979
149029,4,6,3,2,RETURN_ALIGNED,0.013121636198224,0.7658212080883976,0.0171340726262494
149029,4,6,3,3,NATIVE,5.050212812024548e-06,0.0318251557030359,0.0001586861933197
149029,4,6,3,3,RETURN_ALIGNED,0.0001893408767215,0.761926323523468,0.0002485028681057
149029,4,6,5,1,NATIVE,0.2341551532593127,0.8574252430605088,0.2730910422270904
149029,4,6,5,1,RETURN_ALIGNED,0.3354554806696414,0.8161101312838129,0.4110419265863784
149029,4,6,5,2,NATIVE,0.0096011663784395,0.3429303447514523,0.0279974243310584
149029,4,6,5,2,RETURN_ALIGNED,0.0456147700767223,0.7681297531626976,0.0593841989428999
149029,4,6,5,3,NATIVE,0.0006118769735582,0.4236648790521631,0.0014442475687904
149029,4,6,5,3,RETURN_ALIGNED,0.0020437436794585,0.7092523295156018,0.0028815466528001
149029,4,6,7,1,NATIVE,0.0711787140584496,0.2303258080768875,0.3090349043067848
149029,4,6,7,1,RETURN_ALIGNED,0.1428612598237119,0.5082016933281821,0.2811113416172687
149029,4,6,7,2,NATIVE,0.0015352076627768,0.1231163774640073,0.012469564929921
149029,4,6,7,2,RETURN_ALIGNED,0.0059171566142497,0.6144527263408782,0.0096299623393702
149029,4,6,7,3,NATIVE,1.3523620150704102e-05,0.1034673305187707,0.0001307042529907
149029,4,6,7,3,RETURN_ALIGNED,6.311470054283192e-05,0.6394399406139946,9.870309390319592e-05
149029,6,0,1,1,NATIVE,0.1182105561031756,0.5062001448327594,0.2335253304642728
149029,6,0,1,1,RETURN_ALIGNED,0.2160026553603289,0.5557762157085235,0.3886504122615653
149029,6,0,1,2,NATIVE,-0.0081911356630809,-0.6074909606185948,0.0134835515158521
149029,6,0,1,2,RETURN_ALIGNED,0.0165977665674961,0.7514459364450795,0.0220877720702214
149029,6,0,1,3,NATIVE,-6.178131502734653e-05,-0.3414442941539848,0.0001809411258596
149029,6,0,1,3,RETURN_ALIGNED,0.0002898277896232,0.6714356035461968,0.0004316538891352
149029,6,0,2,1,NATIVE,0.1687565882715932,0.5747988479496544,0.2935924260695707
149029,6,0,2,1,RETURN_ALIGNED,0.2496090163434167,0.8254986421884744,0.3023736243606589
149029,6,0,2,2,NATIVE,0.0024447139553901,0.1661570944139064,0.0147132685723642
149029,6,0,2,2,RETURN_ALIGNED,0.0126994290235792,0.6555887754080316,0.0193710287601889
149029,6,0,2,3,NATIVE,-4.1597499799960345e-05,-0.2976608573251389,0.0001397479673479
149029,6,0,2,3,RETURN_ALIGNED,0.0001577543891109,0.6190386587566253,0.0002548377016808
149029,6,0,3,1,NATIVE,0.4173959186901896,0.9656028952439256,0.4322645683292065
149029,6,0,3,1,RETURN_ALIGNED,0.497828702823853,0.864644079425841,0.575761419836857
149029,6,0,3,2,NATIVE,0.0141317078202399,0.7157326735924984,0.019744393879189
149029,6,0,3,2,RETURN_ALIGNED,0.033533538544288,0.8291270479121594,0.0404443910351503
149029,6,0,3,3,NATIVE,0.0004745212172469,0.4791844364648824,0.0009902684222254
149029,6,0,3,3,RETURN_ALIGNED,0.0018443120372056,0.8350052308323636,0.0022087430912751
149029,6,0,4,1,NATIVE,0.0393525666038101,0.0972833764133283,0.4045148107996564
149029,6,0,4,1,RETURN_ALIGNED,0.1933460701999954,0.3973589112048784,0.4865779141926217
149029,6,0,4,2,NATIVE,-0.0041711128945313,-0.2986378562627729,0.0139671270970174
149029,6,0,4,2,RETURN_ALIGNED,0.0052513701486079,0.5643021991231865,0.0093059537186348
149029,6,0,4,3,NATIVE,6.23018510150439e-05,0.3428824485860842,0.000181700321045
149029,6,0,4,3,RETURN_ALIGNED,8.177424435671555e-05,0.6400494669122712,0.0001277623817144
149029,6,0,5,1,NATIVE,0.0836674131011597,0.4652480842642458,0.179833976605066
149029,6,0,5,1,RETURN_ALIGNED,0.127295420298528,0.5712865155803224,0.222822378660876
149029,6,0,5,2,NATIVE,0.0057653565905243,0.5049169773830734,0.0114184249067386
149029,6,0,5,2,RETURN_ALIGNED,0.00967113951029,0.7212122258681355,0.0134095612403846
149029,6,0,5,3,NATIVE,5.556934532583829e-05,0.422699681629806,0.0001314629457209
149029,6,0,5,3,RETURN_ALIGNED,0.00012210114849,0.6912995071966285,0.0001766255395534
149029,6,0,7,1,NATIVE,0.4063859732897808,0.9341377126925714,0.4350386112966836
149029,6,0,7,1,RETURN_ALIGNED,0.4666976469597718,0.8396521504958869,0.5558226066401925
149029,6,0,7,2,NATIVE,0.0150202284092364,0.717119054873989,0.0209452367865998
149029,6,0,7,2,RETURN_ALIGNED,0.0367412106311454,0.8594811298450618,0.0427481294870623
149029,6,0,7,3,NATIVE,0.0007890677039148,0.6851862783954441,0.0011516104832104
149029,6,0,7,3,RETURN_ALIGNED,0.0027539947356823,0.821384897934714,0.0033528675037759
149030,0,2,1,1,NATIVE,0.2815052876355685,0.8754400113176843,0.3215586265147724
149030,0,2,1,1,RETURN_ALIGNED,0.2991592882684453,0.8588258209847787,0.3483352281202313
149030,0,2,1,2,NATIVE,0.0062797765462979,0.5464885991160428,0.0114911391669569
149030,0,2,1,2,RETURN_ALIGNED,0.0152343683202223,0.8423736608285844,0.0180850482720045
149030,0,2,1,3,NATIVE,2.839340065434404e-05,0.1751336520759907,0.0001621241834646
149030,0,2,1,3,RETURN_ALIGNED,0.0004580819172907,0.7649036929494876,0.0005988752834387
149030,0,2,3,1,NATIVE,0.0329076335433431,0.2559757040253919,0.1285576444397213
149030,0,2,3,1,RETURN_ALIGNED,0.1149105504556365,0.7174295931301525,0.1601697944381883
149030,0,2,3,2,NATIVE,0.0008277931608193,0.271111349399652,0.0030533327452705
149030,0,2,3,2,RETURN_ALIGNED,0.0027063104746044,0.4584642791268683,0.0059029909148401
149030,0,2,3,3,NATIVE,2.2723093441003834e-06,0.0572781329698609,3.967149802831213e-05
149030,0,2,3,3,RETURN_ALIGNED,4.360916962282209e-05,0.530923508732873,8.213832851607637e-05
149030,0,2,4,1,NATIVE,0.118851617596883,0.7780133363496334,0.1527629566793665
149030,0,2,4,1,RETURN_ALIGNED,0.1552880004745082,0.7780900458961251,0.1995758733753437
149030,0,2,4,2,NATIVE,0.0055248298372884,0.573525665378485,0.0096330995629206
149030,0,2,4,2,RETURN_ALIGNED,0.0094950783651615,0.6437599485446308,0.0147494083559033
149030,0,2,4,3,NATIVE,5.858837799312801e-06,0.0407605055061903,0.0001437381028808
149030,0,2,4,3,RETURN_ALIGNED,0.0002086675092743,0.5563168355197804,0.0003750875311677
149030,0,2,5,1,NATIVE,0.2413041684360333,0.6501052717714727,0.3711770676437482
149030,0,2,5,1,RETURN_ALIGNED,0.3041679426671006,0.8153155852540953,0.3730677398643258
149030,0,2,5,2,NATIVE,0.0050423908318146,0.3787793873808772,0.0133122102183669
149030,0,2,5,2,RETURN_ALIGNED,0.0081452144549607,0.7607075348372371,0.0107074191863538
149030,0,2,5,3,NATIVE,8.383050245000547e-06,0.0365271055112015,0.0002295021738774
149030,0,2,5,3,RETURN_ALIGNED,0.000198037019586,0.5727913187223428,0.0003457402568042
149030,0,2,6,1,NATIVE,0.180313035831255,0.568823469621671,0.3169929608408287
149030,0,2,6,1,RETURN_ALIGNED,0.2566136775284261,0.6751350211733101,0.3800923807541792
149030,0,2,6,2,NATIVE,6.08378261759188e-05,0.0074544278029579,0.008161300609027
149030,0,2,6,2,RETURN_ALIGNED,0.0172318367576802,0.6778925196707134,0.0254197181071759
149030,0,2,6,3,NATIVE,4.73746944611845e-05,0.2351175196709016,0.0002014936788001
149030,0,2,6,3,RETURN_ALIGNED,0.0005401047341146,0.5988273056844087,0.000901937382924
149030,0,2,7,1,NATIVE,0.0473075663256019,0.3099932093897352,0.1526083955796014
149030,0,2,7,1,RETURN_ALIGNED,0.1143794074309226,0.5792999024787555,0.1974442028065164
149030,0,2,7,2,NATIVE,-0.0008474778083524,-0.271988561863453,0.0031158582642617
149030,0,2,7,2,RETURN_ALIGNED,0.0037712708831806,0.4309346623027527,0.008751375122376
149030,0,2,7,3,NATIVE,-2.443915207649912e-06,-0.0624455401753261,3.913674532363532e-05
149030,0,2,7,3,RETURN_ALIGNED,8.119337116975908e-05,0.5479125897845554,0.0001481867229149
149030,2,4,0,1,NATIVE,0.1804100092949004,0.8701763001044877,0.2073258134851298
149030,2,4,0,1,RETURN_ALIGNED,0.2356617808244229,0.8464405164653813,0.278415052493334
149030,2,4,0,2,NATIVE,0.0023285247050599,0.429845906660068,0.0054171149911772
149030,2,4,0,2,RETURN_ALIGNED,0.0056411008154151,0.645306958292012,0.008741732508283
149030,2,4,0,3,NATIVE,1.6320614235340972e-06,0.0366132007986763,4.457576453297098e-05
149030,2,4,0,3,RETURN_ALIGNED,6.568525104620317e-05,0.5215520712274547,0.0001259418849724
149030,2,4,1,1,NATIVE,0.1211468050158927,0.5949611472307247,0.2036213718823843
149030,2,4,1,1,RETURN_ALIGNED,0.1475226694432284,0.6640252304086485,0.2221642532353488
149030,2,4,1,2,NATIVE,0.0017210871732716,0.3505332489713078,0.0049099113371945
149030,2,4,1,2,RETURN_ALIGNED,0.0051678384546045,0.5852481202227157,0.0088301666863937
149030,2,4,1,3,NATIVE,2.340146208413297e-06,0.0599193442163795,3.90549368134555e-05
149030,2,4,1,3,RETURN_ALIGNED,8.554906895129036e-05,0.5679242702426038,0.0001506346415809
149030,2,4,3,1,NATIVE,0.0992942945516183,0.4577930034988252,0.2168977983336572
149030,2,4,3,1,RETURN_ALIGNED,0.2654195566002016,0.916357479177649,0.2896463035780319
149030,2,4,3,2,NATIVE,0.0012806986707313,0.1301407057822799,0.0098408769388123
149030,2,4,3,2,RETURN_ALIGNED,0.0162733983816142,0.709044793909795,0.0229511569921289
149030,2,4,3,3,NATIVE,3.593843294892437e-05,0.1109014703188724,0.0003240573115598
149030,2,4,3,3,RETURN_ALIGNED,0.0003901655911289,0.521576546077095,0.0007480504848326
149030,2,4,5,1,NATIVE,0.0691751070883395,0.3269515319904997,0.2115760298389346
149030,2,4,5,1,RETURN_ALIGNED,0.1222104624136472,0.6357753628002243,0.1922227087808446
149030,2,4,5,2,NATIVE,0.0001159583259662,0.020578892082365,0.0056348187014253
149030,2,4,5,2,RETURN_ALIGNED,0.0013262629254802,0.3934029530530863,0.0033712581847016
149030,2,4,5,3,NATIVE,-1.002695053630153e-06,-0.0247524854330735,4.050886338800693e-05
149030,2,4,5,3,RETURN_ALIGNED,3.1750089889234795e-05,0.5243795584945433,6.054791670944653e-05
149030,2,4,6,1,NATIVE,0.2428768715689937,0.621304971325271,0.3909140965840492
149030,2,4,6,1,RETURN_ALIGNED,0.390027752609178,0.8290144446558294,0.4704716004928838
149030,2,4,6,2,NATIVE,-8.779812179546492e-05,-0.0167560815634869,0.0052397764629902
149030,2,4,6,2,RETURN_ALIGNED,0.0052883496678335,0.4374032560585703,0.0120903299058654
149030,2,4,6,3,NATIVE,3.310616747292468e-06,0.0736869608577423,4.492812161663311e-05
149030,2,4,6,3,RETURN_ALIGNED,8.447903251745723e-05,0.5145104846359847,0.0001641930242085
149030,2,4,7,1,NATIVE,0.1027387466414369,0.4448072021931959,0.2309736581032398
149030,2,4,7,1,RETURN_ALIGNED,0.2842441278589252,0.9107999352612416,0.3120818489924629
149030,2,4,7,2,NATIVE,-0.0017125198183427,-0.1628565024129468,0.0105155139175718
149030,2,4,7,2,RETURN_ALIGNED,0.0193321726816164,0.6807203610401071,0.0283995804817703
149030,2,4,7,3,NATIVE,-3.314661836878166e-05,-0.1308234969608379,0.0002533689941837
149030,2,4,7,3,RETURN_ALIGNED,0.0005278990086689,0.6543702562993886,0.0008067283024348
149030,4,6,0,1,NATIVE,0.0470722896938287,0.3652410400313078,0.1288800669545286
149030,4,6,0,1,RETURN_ALIGNED,0.0838551673903967,0.575156409866817,0.1457954148676421
149030,4,6,0,2,NATIVE,0.0001590900719876,0.0305222282364308,0.005212269259708
149030,4,6,0,2,RETURN_ALIGNED,0.0054448853286794,0.6267327243693389,0.0086877310162632
149030,4,6,0,3,NATIVE,-1.5966335091469816e-05,-0.1316843751106025,0.0001212469962913
149030,4,6,0,3,RETURN_ALIGNED,0.0002118881432525,0.5777570355169681,0.0003667426436468
149030,4,6,1,1,NATIVE,0.3757065916413999,0.9148272588827204,0.4106858294755949
149030,4,6,1,1,RETURN_ALIGNED,0.4022779500727698,0.9270908454610792,0.4339142728482473
149030,4,6,1,2,NATIVE,0.0086637303207602,0.6232813258051635,0.0139001923544011
149030,4,6,1,2,RETURN_ALIGNED,0.0157486647132723,0.8695656679616269,0.0181109550341083
149030,4,6,1,3,NATIVE,1.6155765655681557e-05,0.112057914806848,0.0001441733546863
149030,4,6,1,3,RETURN_ALIGNED,0.0002059416965905,0.5566207666410311,0.000369985649376
149030,4,6,2,1,NATIVE,0.0217327119453813,0.1023127447501598,0.2124145139341039
149030,4,6,2,1,RETURN_ALIGNED,0.1508414487366174,0.6026023522901733,0.2503167273796401
149030,4,6,2,2,NATIVE,0.0014006167120421,0.2060818597498675,0.0067964095122187
149030,4,6,2,2,RETURN_ALIGNED,0.0087292339616647,0.5491111587896378,0.0158970252590202
149030,4,6,2,3,NATIVE,-4.488237713488629e-06,-0.041724803942892,0.0001075676160291
149030,4,6,2,3,RETURN_ALIGNED,0.0002326274517489,0.5684025403959777,0.0004092653267509
149030,4,6,3,1,NATIVE,0.0167104239972284,0.1712678906184823,0.097568925131665
149030,4,6,3,1,RETURN_ALIGNED,0.0772449393526348,0.6567958933911241,0.1176087428831968
149030,4,6,3,2,NATIVE,0.000975671541597,0.3216596400467907,0.0030332420360833
149030,4,6,3,2,RETURN_ALIGNED,0.002466332353951,0.4360079842220166,0.0056566219956324
149030,4,6,3,3,NATIVE,3.2612126172687133e-06,0.0620230973363725,5.258061509704352e-05
149030,4,6,3,3,RETURN_ALIGNED,5.574121499127098e-05,0.5721391809825176,9.742597039346628e-05
149030,4,6,5,1,NATIVE,0.3714082245191817,0.917882058533758,0.4046361088179739
149030,4,6,5,1,RETURN_ALIGNED,0.3961535499020584,0.9328983340150888,0.4246481480964943
149030,4,6,5,2,NATIVE,0.0069759592184839,0.4795377952973689,0.0145472563079525
149030,4,6,5,2,RETURN_ALIGNED,0.0140609807938251,0.8684689168576902,0.0161905400633062
149030,4,6,5,3,NATIVE,1.266492878486951e-05,0.0845219793338177,0.0001498418371435
149030,4,6,5,3,RETURN_ALIGNED,0.0001577517328351,0.5895940071153446,0.000267559931202
149030,4,6,7,1,NATIVE,0.028590218843297,0.2521103492822031,0.1134035906287379
149030,4,6,7,1,RETURN_ALIGNED,0.0670674846973961,0.5092982226270567,0.1316860764826351
149030,4,6,7,2,NATIVE,-0.0008401130687943,-0.2964642943551964,0.0028337748751365
149030,4,6,7,2,RETURN_ALIGNED,0.0038737986469532,0.5059277803839284,0.0076568213824616
149030,4,6,7,3,NATIVE,-3.525138042330414e-06,-0.0673500385687357,5.234054957618276e-05
149030,4,6,7,3,RETURN_ALIGNED,9.319355200167525e-05,0.590093908334615,0.000157930035543
149030,6,0,1,1,NATIVE,0.1196314100024739,0.5852722150929733,0.2044030229308161
149030,6,0,1,1,RETURN_ALIGNED,0.1464640401006389,0.6554083667502009,0.223469896832124
149030,6,0,1,2,NATIVE,0.001517285139636,0.3214184190948301,0.0047205917564934
149030,6,0,1,2,RETURN_ALIGNED,0.00491550681144,0.5854601517684244,0.0083959716070548
149030,6,0,1,3,NATIVE,1.4103372964096777e-06,0.0315351044803414,4.472277214127178e-05
149030,6,0,1,3,RETURN_ALIGNED,9.809713765730172e-05,0.6076637154033392,0.0001614332649591
149030,6,0,2,1,NATIVE,0.147644826955774,0.4120606500014784,0.3583084843338863
149030,6,0,2,1,RETURN_ALIGNED,0.3069423625719723,0.6474140717593331,0.4741051762092869
149030,6,0,2,2,NATIVE,0.0005929225033347,0.1206462348569003,0.0049145545569246
149030,6,0,2,2,RETURN_ALIGNED,0.007370571727497,0.5267922723109462,0.0139914196063996
149030,6,0,2,3,NATIVE,-3.14649056461375e-06,-0.0581893645360472,5.4073292965286486e-05
149030,6,0,2,3,RETURN_ALIGNED,0.0001411682042606,0.5594658444812755,0.0002523267605531
149030,6,0,3,1,NATIVE,0.0894694525063597,0.4365904411884431,0.2049276485821875
149030,6,0,3,1,RETURN_ALIGNED,0.2479755003492833,0.9040126487423632,0.2743053437293941
149030,6,0,3,2,NATIVE,0.0009632437193123,0.111036043674175,0.0086750543982915
149030,6,0,3,2,RETURN_ALIGNED,0.0157999873100798,0.7615590103102712,0.0207468982631143
149030,6,0,3,3,NATIVE,4.284828215614558e-06,0.0285012905539894,0.0001503380407239
149030,6,0,3,3,RETURN_ALIGNED,0.0001514406309485,0.4722571237125599,0.0003206741047499
149030,6,0,4,1,NATIVE,0.1472270772932078,0.8115986130860106,0.1814038059198069
149030,6,0,4,1,RETURN_ALIGNED,0.1779615190007358,0.778772927742341,0.2285152868840628
149030,6,0,4,2,NATIVE,0.0001603882910945,0.0274216515812158,0.0058489653916925
149030,6,0,4,2,RETURN_ALIGNED,0.0020891068115196,0.4126849376527394,0.005062231791658
149030,6,0,4,3,NATIVE,-2.3377737682658417e-06,-0.0510440216676429,4.579916871861388e-05
149030,6,0,4,3,RETURN_ALIGNED,5.833239877995315e-05,0.5506906884524138,0.0001059258852903
149030,6,0,5,1,NATIVE,0.0690847657182854,0.3306935030332835,0.2089087480841765
149030,6,0,5,1,RETURN_ALIGNED,0.1215182116343443,0.644595307780024,0.1885186103088288
149030,6,0,5,2,NATIVE,0.0002259789308765,0.0405685075275225,0.0055703042738731
149030,6,0,5,2,RETURN_ALIGNED,0.0011754893873318,0.3612528190140275,0.0032539244688497
149030,6,0,5,3,NATIVE,2.669347233171997e-07,0.0056123753071602,4.756180901721759e-05
149030,6,0,5,3,RETURN_ALIGNED,3.549282043956874e-05,0.553835656310548,6.408547364860687e-05
149030,6,0,7,1,NATIVE,0.1196675603721639,0.4860911196510659,0.2461833914139794
149030,6,0,7,1,RETURN_ALIGNED,0.3084787933360083,0.9267097501755416,0.3328753078050134
149030,6,0,7,2,NATIVE,-0.0017291691297085,-0.160511575633145,0.0107728624694261
149030,6,0,7,2,RETURN_ALIGNED,0.0190324498031576,0.6673062765339576,0.0285213109328316
149030,6,0,7,3,NATIVE,-5.236517473738964e-06,-0.0407520043623639,0.0001284971749026
149030,6,0,7,3,RETURN_ALIGNED,0.0002691984080635,0.5497995033903339,0.0004896301394293
149031,0,2,1,1,NATIVE,0.0855147732238767,0.2947884265972422,0.2900886381834163
149031,0,2,1,1,RETURN_ALIGNED,0.5187875752555683,0.8328008721720646,0.6229431219283107
149031,0,2,1,2,NATIVE,-0.0080339154047895,-0.6926688176552619,0.011598494402375
149031,0,2,1,2,RETURN_ALIGNED,0.0481534731486101,0.8284773383370048,0.0581228609640426
149031,0,2,1,3,NATIVE,-0.0002392218668561,-0.4398080548342568,0.0005439233396703
149031,0,2,1,3,RETURN_ALIGNED,0.002171382706084,0.5330253531784848,0.004073694979237
149031,0,2,3,1,NATIVE,0.1222294957641697,0.6137615072862148,0.1991481940672822
149031,0,2,3,1,RETURN_ALIGNED,0.2102788520190655,0.5937955818794942,0.3541266699112198
149031,0,2,3,2,NATIVE,9.43712879621484e-06,0.0018344551570572,0.0051443769338079
149031,0,2,3,2,RETURN_ALIGNED,0.0048275690917742,0.7160482929033101,0.0067419601995613
149031,0,2,3,3,NATIVE,5.341439454794241e-05,0.2260809095719944,0.000236262294866
149031,0,2,3,3,RETURN_ALIGNED,0.0002817542068894,0.8224713940625081,0.000342570220466
149031,0,2,4,1,NATIVE,0.119978661387343,0.4568278571974917,0.2626342931958952
149031,0,2,4,1,RETURN_ALIGNED,0.3141255979692993,0.5942603801937628,0.5285992612645702
149031,0,2,4,2,NATIVE,-0.001158891981519,-0.2281857667465671,0.0050787215959008
149031,0,2,4,2,RETURN_ALIGNED,0.0151930945825127,0.5355245905484753,0.0283704891437394
149031,0,2,4,3,NATIVE,4.626985553605151e-05,0.251069920347209,0.0001842907162409
149031,0,2,4,3,RETURN_ALIGNED,0.0008997837107776,0.593888826017761,0.0015150709546119
149031,0,2,5,1,NATIVE,0.1308511928683802,0.3376034612788876,0.3875884221465267
149031,0,2,5,1,RETURN_ALIGNED,0.5487622344516174,0.7166689810696335,0.7657122729555054
149031,0,2,5,2,NATIVE,0.000144088755273,0.0099496030563371,0.0144818596722746
149031,0,2,5,2,RETURN_ALIGNED,0.0245958346612184,0.500447415754074,0.0491476904189094
149031,0,2,5,3,NATIVE,0.0001566156286773,0.4764596410689211,0.0003287070183715
149031,0,2,5,3,RETURN_ALIGNED,0.0012528224881456,0.7389710807280208,0.0016953606436763
149031,0,2,6,1,NATIVE,0.0017468466375477,0.011381546766149,0.1534806009620764
149031,0,2,6,1,RETURN_ALIGNED,0.2470770265677375,0.8313295500080158,0.2972070781861188
149031,0,2,6,2,NATIVE,-0.0048588844941119,-0.6035019997358735,0.0080511489540628
149031,0,2,6,2,RETURN_ALIGNED,0.0157139880925699,0.7077646999590981,0.0222022772445258
149031,0,2,6,3,NATIVE,-0.0001053156870494,-0.311513230038855,0.0003380777339462
149031,0,2,6,3,RETURN_ALIGNED,0.0007107313156253,0.5921533178172523,0.0012002488105147
149031,0,2,7,1,NATIVE,-0.0131085193576573,-0.097389632004825,0.1345987153642221
149031,0,2,7,1,RETURN_ALIGNED,0.2602549585887421,0.8105089459383322,0.3211006613719138
149031,0,2,7,2,NATIVE,-0.0008038420685243,-0.2159104148818837,0.003723035171542
149031,0,2,7,2,RETURN_ALIGNED,0.0066642224723968,0.7214257389090228,0.0092375723694287
149031,0,2,7,3,NATIVE,-1.448106820139089e-05,-0.0866395641870046,0.0001671415169902
149031,0,2,7,3,RETURN_ALIGNED,0.0003972286516887,0.8255376955439871,0.0004811756673504
149031,2,4,0,1,NATIVE,0.2737713008628493,0.8158632793707044,0.3355602682275095
149031,2,4,0,1,RETURN_ALIGNED,0.3433212461524496,0.758463044397942,0.4526538882652967
149031,2,4,0,2,NATIVE,-0.0003480849868606,-0.1475910722909012,0.002358442021221
149031,2,4,0,2,RETURN_ALIGNED,0.0037541808209843,0.5980571468789766,0.0062772944701433
149031,2,4,0,3,NATIVE,-5.674813394482891e-06,-0.0632104002883986,8.977657720515753e-05
149031,2,4,0,3,RETURN_ALIGNED,0.0002438662140198,0.6876591254140169,0.0003546324114198
149031,2,4,1,1,NATIVE,0.0371319028140377,0.2030449114044934,0.1828753183577757
149031,2,4,1,1,RETURN_ALIGNED,0.2766569047843973,0.6887147317882828,0.4017002860763636
149031,2,4,1,2,NATIVE,-0.001710294512568,-0.5650314020368464,0.0030269017020446
149031,2,4,1,2,RETURN_ALIGNED,0.0119927722721485,0.7282745120426255,0.0164673788163593
149031,2,4,1,3,NATIVE,-4.298315584916629e-05,-0.4083252868883263,0.000105266945699
149031,2,4,1,3,RETURN_ALIGNED,0.0007545422977447,0.7929004473220371,0.0009516229940373
149031,2,4,3,1,NATIVE,0.095997686010379,0.3855830732426527,0.248967583568799
149031,2,4,3,1,RETURN_ALIGNED,0.5327889373556293,0.9283666940077556,0.5738992370088192
149031,2,4,3,2,NATIVE,-0.0154236574420219,-0.7098469936881574,0.0217281436391287
149031,2,4,3,2,RETURN_ALIGNED,0.0498325995688547,0.8845262709069357,0.0563381792110269
149031,2,4,3,3,NATIVE,0.0005152139813418,0.2893347177205961,0.0017806849525034
149031,2,4,3,3,RETURN_ALIGNED,0.0033021458085917,0.6659970778422701,0.0049581986332582
149031,2,4,5,1,NATIVE,0.0346375188504742,0.1555692941833046,0.2226500996375394
149031,2,4,5,1,RETURN_ALIGNED,0.2012461503204802,0.5396883083281787,0.3728932926930262
149031,2,4,5,2,NATIVE,0.0015065343452849,0.4104136086996335,0.0036707709328209
149031,2,4,5,2,RETURN_ALIGNED,0.0074888572525827,0.6755058320580241,0.0110862954798002
149031,2,4,5,3,NATIVE,4.503863965033264e-05,0.3931824652280148,0.0001145489527027
149031,2,4,5,3,RETURN_ALIGNED,0.0003922501670901,0.8092025136366606,0.0004847367134963
149031,2,4,6,1,NATIVE,0.048925663600844,0.2275088263380456,0.2150495186859309
149031,2,4,6,1,RETURN_ALIGNED,0.3600909029577461,0.9006163183953804,0.3998272023309249
149031,2,4,6,2,NATIVE,-0.0001403563143102,-0.0250992069672653,0.0055920617129632
149031,2,4,6,2,RETURN_ALIGNED,0.0067957069585093,0.6318729213415138,0.0107548634051458
149031,2,4,6,3,NATIVE,2.481504223463236e-05,0.1009253118799901,0.0002458753087162
149031,2,4,6,3,RETURN_ALIGNED,0.0003980804769128,0.7489123543490832,0.000531544812235
149031,2,4,7,1,NATIVE,0.0978547244521287,0.4006340205043962,0.2442496628938218
149031,2,4,7,1,RETURN_ALIGNED,0.5033540668153097,0.9104295964863534,0.5528753335323578
149031,2,4,7,2,NATIVE,-0.0042065618412676,-0.1975041140807647,0.0212986036288455
149031,2,4,7,2,RETURN_ALIGNED,0.0218056283333825,0.5332247119381911,0.040893881780303
149031,2,4,7,3,NATIVE,0.0005189474266313,0.5955443443091666,0.0008713833485509
149031,2,4,7,3,RETURN_ALIGNED,0.0013651939661776,0.7451486261763447,0.0018321096169594
149031,4,6,0,1,NATIVE,0.0643035337994523,0.3063284185826154,0.2099169711283431
149031,4,6,0,1,RETURN_ALIGNED,0.3171711485830177,0.6124620033727058,0.5178625724311868
149031,4,6,0,2,NATIVE,0.0007420395029343,0.2666770933352093,0.002782539338506
149031,4,6,0,2,RETURN_ALIGNED,0.0083698637945737,0.3990964064118819,0.0209720349770858
149031,4,6,0,3,NATIVE,-8.657602235676988e-07,-0.0138305137810106,6.259783508171088e-05
149031,4,6,0,3,RETURN_ALIGNED,0.0005373328104228,0.5761827443140277,0.0009325735899044
149031,4,6,1,1,NATIVE,0.1114144275055427,0.3485139129320632,0.3196843034705158
149031,4,6,1,1,RETURN_ALIGNED,0.562409306937858,0.8255301411925988,0.6812704695739975
149031,4,6,1,2,NATIVE,-0.0086753622271015,-0.6421193802635398,0.0135105129873087
149031,4,6,1,2,RETURN_ALIGNED,0.0540845214755275,0.8308113881408794,0.0650984353930884
149031,4,6,1,3,NATIVE,-0.0002889753680883,-0.2992826243087543,0.000965560118993
149031,4,6,1,3,RETURN_ALIGNED,0.0022538246470836,0.516060333604038,0.0043673665602994
149031,4,6,2,1,NATIVE,0.032894913627698,0.1515227981486662,0.2170954736157796
149031,4,6,2,1,RETURN_ALIGNED,0.1925852685821505,0.572587486183908,0.3363420843609089
149031,4,6,2,2,NATIVE,0.0020923457108466,0.1906958708345321,0.0109721605487685
149031,4,6,2,2,RETURN_ALIGNED,0.0043635806484324,0.3985563490880602,0.010948466028167
149031,4,6,2,3,NATIVE,0.0001596749323799,0.5260021998624008,0.0003035632404383
149031,4,6,2,3,RETURN_ALIGNED,0.0003003965442035,0.6853134324684271,0.0004383345339893
149031,4,6,3,1,NATIVE,0.1084481010772964,0.5637981292944214,0.1923527153467614
149031,4,6,3,1,RETURN_ALIGNED,0.1723096910352366,0.565262271247871,0.3048314026951905
149031,4,6,3,2,NATIVE,7.159972048743484e-05,0.0136659659764694,0.0052392725556052
149031,4,6,3,2,RETURN_ALIGNED,0.0035712720043516,0.7077558118575793,0.0050459098243535
149031,4,6,3,3,NATIVE,6.427299751365959e-05,0.2774181846566125,0.0002316827123742
149031,4,6,3,3,RETURN_ALIGNED,0.0002046917621787,0.8126105417795704,0.0002518940520279
149031,4,6,5,1,NATIVE,0.1168243089500152,0.3079254871368559,0.3793914886233981
149031,4,6,5,1,RETURN_ALIGNED,0.6048197622009788,0.7759904633923868,0.7794164886470594
149031,4,6,5,2,NATIVE,-0.0040695411987252,-0.2202660903451523,0.0184755683081693
149031,4,6,5,2,RETURN_ALIGNED,0.052276498828618,0.617857006888602,0.0846093808830494
149031,4,6,5,3,NATIVE,0.0002246288901138,0.4468645721011798,0.0005026777745575
149031,4,6,5,3,RETURN_ALIGNED,0.0036571764157001,0.8088349423866756,0.0045215361273066
149031,4,6,7,1,NATIVE,-0.0094059739320765,-0.0766637156053936,0.1226913391529635
149031,4,6,7,1,RETURN_ALIGNED,0.2322790391684094,0.794315618404886,0.2924266296497958
149031,4,6,7,2,NATIVE,-0.0008051608540285,-0.2234200257802764,0.0036037989486437
149031,4,6,7,2,RETURN_ALIGNED,0.0065065453302967,0.7125384087500805,0.0091315011939647
149031,4,6,7,3,NATIVE,-2.2661812694527003e-05,-0.1430190154243751,0.0001584531442263
149031,4,6,7,3,RETURN_ALIGNED,0.0003834222908556,0.8108645664726585,0.0004728561422171
149031,6,0,1,1,NATIVE,0.0396057097450931,0.203464189294356,0.1946569068612755
149031,6,0,1,1,RETURN_ALIGNED,0.3024086572438965,0.7066360470992751,0.4279553222415326
149031,6,0,1,2,NATIVE,-0.002197839806379,-0.5869483811018061,0.0037445197518078
149031,6,0,1,2,RETURN_ALIGNED,0.0143979353321065,0.7337090746873587,0.0196234936008907
149031,6,0,1,3,NATIVE,-5.202979590146008e-05,-0.3914945820632081,0.0001329004237145
149031,6,0,1,3,RETURN_ALIGNED,0.0008737773655693,0.7814919895192337,0.0011180887036099
149031,6,0,2,1,NATIVE,-0.0067422600341927,-0.0272254693345524,0.2476453188496726
149031,6,0,2,1,RETURN_ALIGNED,0.4085827776626919,0.8698512382837873,0.4697156935347879
149031,6,0,2,2,NATIVE,-0.0016397574350407,-0.2498354833059617,0.0065633488618352
149031,6,0,2,2,RETURN_ALIGNED,0.009777249654071,0.7021709259705865,0.0139243157076729
149031,6,0,2,3,NATIVE,6.782246802787591e-05,0.2116045745349858,0.0003205151310976
149031,6,0,2,3,RETURN_ALIGNED,0.000676404034248,0.7917496330023651,0.0008543155636008
149031,6,0,3,1,NATIVE,0.1158440253936313,0.4642642341536507,0.2495217526387152
149031,6,0,3,1,RETURN_ALIGNED,0.5154521659535748,0.9108986562846794,0.5658721334114191
149031,6,0,3,2,NATIVE,-0.0040645086418959,-0.2739496533779222,0.0148366993407552
149031,6,0,3,2,RETURN_ALIGNED,0.0229343493159096,0.6943746424866586,0.0330287828962498
149031,6,0,3,3,NATIVE,0.0002120957835875,0.3039100020573117,0.000697890104624
149031,6,0,3,3,RETURN_ALIGNED,0.0013163072291386,0.7659496971054854,0.0017185296018342
149031,6,0,4,1,NATIVE,0.1664272994600104,0.4458488435224902,0.3732818911112506
149031,6,0,4,1,RETURN_ALIGNED,0.6900914006519541,0.856301816642204,0.8058973918306946
149031,6,0,4,2,NATIVE,0.0005627884418967,0.1719664149275125,0.0032726648520223
149031,6,0,4,2,RETURN_ALIGNED,0.0103764368493328,0.6154663002375252,0.0168594719892934
149031,6,0,4,3,NATIVE,2.0875272159853308e-05,0.2114112773342614,9.874247181136314e-05
149031,6,0,4,3,RETURN_ALIGNED,0.0005952126258379,0.746484040868154,0.0007973547899416
149031,6,0,5,1,NATIVE,0.0470247387008808,0.1961485740239324,0.2397404056331055
149031,6,0,5,1,RETURN_ALIGNED,0.2190017093788863,0.5452393575447638,0.4016615938456782
149031,6,0,5,2,NATIVE,0.0017475103722467,0.4169011901058964,0.0041916655880759
149031,6,0,5,2,RETURN_ALIGNED,0.0086039459059652,0.6642071487727096,0.0129537086762482
149031,6,0,5,3,NATIVE,4.6331516363655855e-05,0.3911462278865569,0.0001184506279577
149031,6,0,5,3,RETURN_ALIGNED,0.0004298116275368,0.79167530300052,0.0005429140277742
149031,6,0,7,1,NATIVE,0.0778552580982308,0.3279799142041449,0.237378128130318
149031,6,0,7,1,RETURN_ALIGNED,0.5010924191760635,0.9229534211879928,0.5429227604258557
149031,6,0,7,2,NATIVE,-0.0043468357075898,-0.334174952690658,0.0130076646149725
149031,6,0,7,2,RETURN_ALIGNED,0.0199918058454348,0.717750733787159,0.0278534105278968
149031,6,0,7,3,NATIVE,0.0001739299459233,0.2471765550898544,0.0007036668399831
149031,6,0,7,3,RETURN_ALIGNED,0.0012573937722799,0.82068145940135,0.0015321337606273
149032,0,2,1,1,NATIVE,0.4202477640548639,0.945079076523137,0.4446694191990669
149032,0,2,1,1,RETURN_ALIGNED,0.5137902031908561,0.888020084950757,0.5785794847413289
149032,0,2,1,2,NATIVE,0.00537122003463,0.1038027959534021,0.0517444639629254
149032,0,2,1,2,RETURN_ALIGNED,0.0417034176088041,0.6645975026143297,0.0627498861245937
149032,0,2,1,3,NATIVE,0.0008543820010954,0.1121770523847365,0.0076163705577703
149032,0,2,1,3,RETURN_ALIGNED,0.0040246759023818,0.5912223028712897,0.0068073817107317
149032,0,2,3,1,NATIVE,0.0619915920151095,0.4736183548693986,0.1308893360608368
149032,0,2,3,1,RETURN_ALIGNED,0.1387466941663226,0.7649399593547117,0.1813824633809475
149032,0,2,3,2,NATIVE,-0.0018816352138948,-0.3167753174629079,0.0059399678892648
149032,0,2,3,2,RETURN_ALIGNED,0.0041613681925223,0.6198591793055622,0.0067134089989273
149032,0,2,3,3,NATIVE,-4.708127138105242e-05,-0.0836026540486998,0.0005631552235115
149032,0,2,3,3,RETURN_ALIGNED,0.0004601258487725,0.7785227675585591,0.000591024267295
149032,0,2,4,1,NATIVE,0.1711815119252236,0.6621762641165287,0.2585135124912583
149032,0,2,4,1,RETURN_ALIGNED,0.2790870658736334,0.7999713263842956,0.3488713365951746
149032,0,2,4,2,NATIVE,0.0013735367125935,0.1351491839096365,0.0101631151060175
149032,0,2,4,2,RETURN_ALIGNED,0.0050383117582726,0.5898380754576878,0.0085418557528817
149032,0,2,4,3,NATIVE,0.0003011550779306,0.3947227814663544,0.0007629533730512
149032,0,2,4,3,RETURN_ALIGNED,0.0004534050434832,0.7284246371369734,0.0006224460563885
149032,0,2,5,1,NATIVE,0.2970020579575799,0.9118416467474268,0.3257167064225562
149032,0,2,5,1,RETURN_ALIGNED,0.3899469636847719,0.8675017448740555,0.4495056822523329
149032,0,2,5,2,NATIVE,-0.0003184649735859,-0.0082394234080689,0.0386513664616509
149032,0,2,5,2,RETURN_ALIGNED,0.0440131364345126,0.7510873694892302,0.0585992232351496
149032,0,2,5,3,NATIVE,-0.0010052702763016,-0.2803803049590336,0.0035853812029374
149032,0,2,5,3,RETURN_ALIGNED,0.0028560478707507,0.8223810283351276,0.0034729009652999
149032,0,2,6,1,NATIVE,0.2627618068554639,0.6354328449952983,0.4135162494744875
149032,0,2,6,1,RETURN_ALIGNED,0.4428176648674251,0.734199291256604,0.6031300631051327
149032,0,2,6,2,NATIVE,0.0047270638580003,0.225279141448655,0.0209831404164694
149032,0,2,6,2,RETURN_ALIGNED,0.012972094841239,0.4619010016033967,0.028084145295297
149032,0,2,6,3,NATIVE,0.0004065086604604,0.2301981179492193,0.0017659078353743
149032,0,2,6,3,RETURN_ALIGNED,0.0007890073646638,0.5841384315122733,0.0013507198317639
149032,0,2,7,1,NATIVE,0.0181716684923416,0.1302175670905701,0.1395485179022867
149032,0,2,7,1,RETURN_ALIGNED,0.1405715700112546,0.7367957548922911,0.1907877034820122
149032,0,2,7,2,NATIVE,0.0027070007619088,0.3770011937463994,0.0071803506374014
149032,0,2,7,2,RETURN_ALIGNED,0.0062948684961984,0.5222360977962994,0.0120536832337634
149032,0,2,7,3,NATIVE,2.941075343516686e-05,0.0424090288478673,0.0006935021666451
149032,0,2,7,3,RETURN_ALIGNED,0.0006066121820425,0.6462448664382097,0.0009386723405909
149032,2,4,0,1,NATIVE,0.1232690887118135,0.8332730708554575,0.147933604268774
149032,2,4,0,1,RETURN_ALIGNED,0.1573568268256793,0.8352232030160489,0.188400928347535
149032,2,4,0,2,NATIVE,0.0088331879557826,0.3649458995436352,0.0242041024884465
149032,2,4,0,2,RETURN_ALIGNED,0.0163771046170606,0.6185389644785052,0.0264770783357834
149032,2,4,0,3,NATIVE,0.0002705858688768,0.1122569894218666,0.0024104144361973
149032,2,4,0,3,RETURN_ALIGNED,0.0022242797148194,0.7865679112763239,0.0028278292005762
149032,2,4,1,1,NATIVE,0.146023369869059,0.6787976736374661,0.2151206103676411
149032,2,4,1,1,RETURN_ALIGNED,0.2352123701656513,0.8220897278325048,0.2861152039762963
149032,2,4,1,2,NATIVE,0.0050558826938719,0.3054246320828302,0.0165536180213745
149032,2,4,1,2,RETURN_ALIGNED,0.0077975001790973,0.4170654005425849,0.0186961089768644
149032,2,4,1,3,NATIVE,0.0004267295027586,0.2775636182875444,0.0015374115136509
149032,2,4,1,3,RETURN_ALIGNED,0.0011966822725661,0.6756732611407055,0.0017710960915924
149032,2,4,3,1,NATIVE,0.3222829890562322,0.8795244452844323,0.3664286885757705
149032,2,4,3,1,RETURN_ALIGNED,0.428584120271516,0.8401513459580173,0.5101272792493836
149032,2,4,3,2,NATIVE,-0.0034488527098433,-0.1911709776733678,0.0180406709820874
149032,2,4,3,2,RETURN_ALIGNED,0.0127500734822524,0.8371571135509757,0.0152302038344882
149032,2,4,3,3,NATIVE,-0.0002718441787708,-0.12597512086161,0.0021579195601335
149032,2,4,3,3,RETURN_ALIGNED,0.0006197353350595,0.8891434225880495,0.0006970026540237
149032,2,4,5,1,NATIVE,0.0958264250008384,0.4104255210109134,0.2334806684652249
149032,2,4,5,1,RETURN_ALIGNED,0.1822127922712527,0.7071843911061192,0.2576595221314391
149032,2,4,5,2,NATIVE,-0.0035280840771877,-0.2431369988560211,0.0145106836629219
149032,2,4,5,2,RETURN_ALIGNED,0.0071384018937573,0.496917809614813,0.0143653573197899
149032,2,4,5,3,NATIVE,-0.0003665041108672,-0.2928464156782537,0.001251523293696
149032,2,4,5,3,RETURN_ALIGNED,0.0007943381120441,0.7931485385654731,0.0010014998111436
149032,2,4,6,1,NATIVE,0.1006879129642144,0.3406558056982928,0.2955708115932047
149032,2,4,6,1,RETURN_ALIGNED,0.2436992733216832,0.7517727994317898,0.3241661224053431
149032,2,4,6,2,NATIVE,-0.0095045518075276,-0.3071501315682953,0.0309443195050684
149032,2,4,6,2,RETURN_ALIGNED,0.019324326637413,0.7107602947070883,0.0271882472624413
149032,2,4,6,3,NATIVE,-0.0005250432997175,-0.1419190058927356,0.0036995982008727
149032,2,4,6,3,RETURN_ALIGNED,0.0022438658146332,0.8092983846763678,0.0027726063121889
149032,2,4,7,1,NATIVE,0.3382052802427573,0.8771494171699449,0.3855731687465182
149032,2,4,7,1,RETURN_ALIGNED,0.4099442066514213,0.9468204727181124,0.4329693098779133
149032,2,4,7,2,NATIVE,0.0047793404129639,0.2236943487505359,0.021365494654487
149032,2,4,7,2,RETURN_ALIGNED,0.0356224273877068,0.8463304844202797,0.0420904458029441
149032,2,4,7,3,NATIVE,-0.0013857830072546,-0.4890182132336479,0.002833806514284
149032,2,4,7,3,RETURN_ALIGNED,0.0031018356664863,0.842478735690351,0.003681796963659
149032,4,6,0,1,NATIVE,0.1691260409445913,0.6684339096363702,0.2530183440820308
149032,4,6,0,1,RETURN_ALIGNED,0.2171895231303564,0.6752814083174511,0.3216281693159615
149032,4,6,0,2,NATIVE,-0.0022191568434027,-0.2211859218615415,0.0100329931700171
149032,4,6,0,2,RETURN_ALIGNED,0.0064344439984702,0.5123392392433314,0.0125589521658151
149032,4,6,0,3,NATIVE,-0.000209181208352,-0.2669486496620023,0.0007836009222697
149032,4,6,0,3,RETURN_ALIGNED,0.0007183293223326,0.7590774558949046,0.0009463188716293
149032,4,6,1,1,NATIVE,0.4183670526228352,0.938399465659905,0.4458304463424829
149032,4,6,1,1,RETURN_ALIGNED,0.5336913648033321,0.8951219984451105,0.5962219292233858
149032,4,6,1,2,NATIVE,0.00261636801794,0.050974483760463,0.0513270135338937
149032,4,6,1,2,RETURN_ALIGNED,0.0429164959411823,0.7043335029462855,0.0609320666424589
149032,4,6,1,3,NATIVE,0.0018028681871749,0.2526312435336651,0.0071363626992117
149032,4,6,1,3,RETURN_ALIGNED,0.0045847139751306,0.5895762695675357,0.0077762864654948
149032,4,6,2,1,NATIVE,0.242502212022273,0.8574466979891029,0.2828189934032296
149032,4,6,2,1,RETURN_ALIGNED,0.2612601643728551,0.8259364908633814,0.3163199195856863
149032,4,6,2,2,NATIVE,-0.0025081155524272,-0.1793716205307734,0.0139827891668546
149032,4,6,2,2,RETURN_ALIGNED,0.0102173373188228,0.6398378387281843,0.0159686356452923
149032,4,6,2,3,NATIVE,-0.0003916033385101,-0.2879949127883093,0.0013597578322383
149032,4,6,2,3,RETURN_ALIGNED,0.0011687119913195,0.8314414818278347,0.0014056455159883
149032,4,6,3,1,NATIVE,0.0672468959856314,0.4759507978481661,0.1412895960877264
149032,4,6,3,1,RETURN_ALIGNED,0.1478291608544165,0.7591254282152029,0.1947361468340368
149032,4,6,3,2,NATIVE,-0.0017262851962804,-0.3099232607378277,0.0055700407646828
149032,4,6,3,2,RETURN_ALIGNED,0.0039261281132754,0.639930356168814,0.0061352428046749
149032,4,6,3,3,NATIVE,-2.9257128912190985e-05,-0.051091589160721,0.0005726408075705
149032,4,6,3,3,RETURN_ALIGNED,0.0004670466587605,0.8071145750086629,0.000578662153636
149032,4,6,5,1,NATIVE,0.281060400018933,0.8910224269729596,0.3154358313669947
149032,4,6,5,1,RETURN_ALIGNED,0.3575541259210863,0.8404123393686107,0.4254508283274927
149032,4,6,5,2,NATIVE,0.0010851020403331,0.0272875878897722,0.039765407066716
149032,4,6,5,2,RETURN_ALIGNED,0.0463188299507962,0.7646432906195308,0.0605757357950665
149032,4,6,5,3,NATIVE,-0.0011466844070987,-0.3431770877563654,0.0033413781010562
149032,4,6,5,3,RETURN_ALIGNED,0.0022481268848015,0.811373244138326,0.0027707678284957
149032,4,6,7,1,NATIVE,0.0258215072339916,0.1806988183222921,0.1428980414687656
149032,4,6,7,1,RETURN_ALIGNED,0.143734231478852,0.7412776900916543,0.1939006574729356
149032,4,6,7,2,NATIVE,0.0026584924816334,0.3837146439825386,0.0069283060295992
149032,4,6,7,2,RETURN_ALIGNED,0.0061897891444813,0.5387421348654127,0.0114893355165373
149032,4,6,7,3,NATIVE,4.109945206098058e-06,0.0056540391940261,0.0007269042641527
149032,4,6,7,3,RETURN_ALIGNED,0.0006841159722081,0.6843644996909048,0.0009996368481386
149032,6,0,1,1,NATIVE,0.1548611212700141,0.6837438764337503,0.2264899571425759
149032,6,0,1,1,RETURN_ALIGNED,0.2459771469797646,0.8205697535198364,0.299763848136744
149032,6,0,1,2,NATIVE,0.0056167774075279,0.315589379493749,0.0177977390001974
149032,6,0,1,2,RETURN_ALIGNED,0.0086177899878162,0.4479077191610961,0.0192401015188266
149032,6,0,1,3,NATIVE,0.0004337997322156,0.2748921713706143,0.0015780723394634
149032,6,0,1,3,RETURN_ALIGNED,0.0011857099545711,0.6963220977048132,0.0017028182185658
149032,6,0,2,1,NATIVE,0.1873116153596522,0.8221927211956664,0.2278195981681822
149032,6,0,2,1,RETURN_ALIGNED,0.2544651981368167,0.8516722232711558,0.2987830190814514
149032,6,0,2,2,NATIVE,0.0098269811651554,0.3003151025053466,0.0327222343562291
149032,6,0,2,2,RETURN_ALIGNED,0.0321184567390906,0.8331951400333767,0.0385485406660981
149032,6,0,2,3,NATIVE,-0.0018364168823169,-0.4344581967702986,0.0042269127219145
149032,6,0,2,3,RETURN_ALIGNED,0.0020037062356449,0.8359618960882562,0.0023968870336782
149032,6,0,3,1,NATIVE,0.2756837610225761,0.8062094981923191,0.3419505248207073
149032,6,0,3,1,RETURN_ALIGNED,0.4165797329305397,0.8303018858277152,0.5017208078662135
149032,6,0,3,2,NATIVE,-0.0027196019250691,-0.1579230583330365,0.0172210565925908
149032,6,0,3,2,RETURN_ALIGNED,0.0111705121279762,0.8094895197539309,0.0137994524377943
149032,6,0,3,3,NATIVE,-0.0001817588223793,-0.0925749716904196,0.0019633689129116
149032,6,0,3,3,RETURN_ALIGNED,0.0008408519197644,0.8000632856244583,0.0010509817504831
149032,6,0,4,1,NATIVE,-0.0133025006814217,-0.0534033846510225,0.249094711287347
149032,6,0,4,1,RETURN_ALIGNED,0.1823030949691988,0.627250654156642,0.2906383496948594
149032,6,0,4,2,NATIVE,-0.0106394467570735,-0.4113875596880554,0.025862344414338
149032,6,0,4,2,RETURN_ALIGNED,0.0138246008182762,0.7683787664357737,0.0179919089659198
149032,6,0,4,3,NATIVE,0.0001638942180533,0.04929455368549,0.0033247936123606
149032,6,0,4,3,RETURN_ALIGNED,0.0009985687354425,0.588573530644452,0.0016965912897148
149032,6,0,5,1,NATIVE,0.1037437426594264,0.4491616541444441,0.2309719489679315
149032,6,0,5,1,RETURN_ALIGNED,0.1844128356821031,0.702075515210327,0.262668091518361
149032,6,0,5,2,NATIVE,-0.0035845920863894,-0.2449513632296358,0.0146338931904287
149032,6,0,5,2,RETURN_ALIGNED,0.007727969362949,0.5171751775363105,0.0149426532798519
149032,6,0,5,3,NATIVE,-0.0003425527608662,-0.2896620204689618,0.0011825946672611
149032,6,0,5,3,RETURN_ALIGNED,0.0008328886046014,0.7947426253995785,0.0010479979021721
149032,6,0,7,1,NATIVE,0.2791795975801429,0.7949586282593077,0.3511875809073779
149032,6,0,7,1,RETURN_ALIGNED,0.3786531815366548,0.9176690804670816,0.4126249751638142
149032,6,0,7,2,NATIVE,0.0039268211599223,0.1945726064893347,0.0201817780538952
149032,6,0,7,2,RETURN_ALIGNED,0.03106440666979,0.7930746114089363,0.0391695891172914
149032,6,0,7,3,NATIVE,-0.0009771447189154,-0.417156742627831,0.0023423922324554
149032,6,0,7,3,RETURN_ALIGNED,0.0027086760435257,0.8373394981311107,0.0032348599809364
149033,0,2,1,1,NATIVE,0.1630832160475593,0.920613450149349,0.1771462452792346
149033,0,2,1,1,RETURN_ALIGNED,0.2960032174201861,0.8816647536389396,0.335732165994438
149033,0,2,1,2,NATIVE,0.0508850668553773,0.6940775679297813,0.07331322780906
149033,0,2,1,2,RETURN_ALIGNED,0.1690621883969804,0.7866025740259478,0.2149270724237933
149033,0,2,1,3,NATIVE,-0.0055719523146795,-0.5405550435951026,0.0103078352149129
149033,0,2,1,3,RETURN_ALIGNED,0.0264474814670165,0.6157990994446474,0.0429482301778027
149033,0,2,3,1,NATIVE,0.050248429907299,0.234923554584599,0.2138926852018129
149033,0,2,3,1,RETURN_ALIGNED,0.1178338405685804,0.6012876078390347,0.1959691818561618
149033,0,2,3,2,NATIVE,-0.0106530234241422,-0.760743514542986,0.0140034364018122
149033,0,2,3,2,RETURN_ALIGNED,0.0169170424496089,0.8683874203421891,0.019480985160718
149033,0,2,3,3,NATIVE,-0.0004576762567546,-0.3719767050339393,0.0012303895661191
149033,0,2,3,3,RETURN_ALIGNED,0.0009840930992659,0.4622297101994219,0.0021290130805089
149033,0,2,4,1,NATIVE,0.0325998719382749,0.158783042776092,0.2053107899196935
149033,0,2,4,1,RETURN_ALIGNED,0.3563655810156599,0.5242474035265845,0.6797660391225915
149033,0,2,4,2,NATIVE,-0.0016532939192613,-0.1197123951720407,0.0138105491647754
149033,0,2,4,2,RETURN_ALIGNED,0.0294273894087718,0.4675207532636877,0.062943493316509
149033,0,2,4,3,NATIVE,0.0002347650732572,0.2806843074732021,0.0008364025594818
149033,0,2,4,3,RETURN_ALIGNED,0.0014673007940619,0.414367699037822,0.0035410597818092
149033,0,2,5,1,NATIVE,0.2183643655199548,0.6377434803215213,0.3424015646694149
149033,0,2,5,1,RETURN_ALIGNED,0.407002069694632,0.6266233841667697,0.6495162484811287
149033,0,2,5,2,NATIVE,-0.0204687228534971,-0.7365848388165047,0.0277886833595073
149033,0,2,5,2,RETURN_ALIGNED,0.0795045020274371,0.8790152955959071,0.0904472338826616
149033,0,2,5,3,NATIVE,0.0028387556912301,0.3778635508731365,0.0075126475789
149033,0,2,5,3,RETURN_ALIGNED,0.0190185516127165,0.5766947491554972,0.0329785413161149
149033,0,2,6,1,NATIVE,0.1032179197138004,0.4084074594683987,0.2527326994665306
149033,0,2,6,1,RETURN_ALIGNED,0.2974092892393555,0.6356568641423235,0.4678770985043106
149033,0,2,6,2,NATIVE,-0.0049062408908738,-0.1512328618457077,0.0324416322674719
149033,0,2,6,2,RETURN_ALIGNED,0.0448629444243515,0.4838950278565191,0.0927121417691011
149033,0,2,6,3,NATIVE,0.0006268264805323,0.2739923915622109,0.0022877514111854
149033,0,2,6,3,RETURN_ALIGNED,0.0032654278274958,0.4395668720512091,0.0074287395957007
149033,0,2,7,1,NATIVE,0.0436420231075027,0.3710224152518223,0.1176263786591869
149033,0,2,7,1,RETURN_ALIGNED,0.1646506693131257,0.6492677440265735,0.2535944082050653
149033,0,2,7,2,NATIVE,8.556723057195536e-05,0.0396512547143184,0.0021579955332641
149033,0,2,7,2,RETURN_ALIGNED,0.0387672533357804,0.8660537636328474,0.0447631024348307
149033,0,2,7,3,NATIVE,5.513536481383175e-06,0.1899068865392941,2.903284108618253e-05
149033,0,2,7,3,RETURN_ALIGNED,0.0023653639145874,0.4802321369490828,0.0049254594445842
149033,2,4,0,1,NATIVE,0.0634372782567501,0.6296498791628432,0.1007500840642375
149033,2,4,0,1,RETURN_ALIGNED,0.254966119387414,0.7511394053779462,0.3394391474630099
149033,2,4,0,2,NATIVE,0.0098051901082917,0.6684146687334226,0.0146693221538209
149033,2,4,0,2,RETURN_ALIGNED,0.1000345690758259,0.8787402885855788,0.1138386055298354
149033,2,4,0,3,NATIVE,-0.0001737582394012,-0.1301528834126451,0.0013350318087913
149033,2,4,0,3,RETURN_ALIGNED,0.0055725077552825,0.4967116081183546,0.0112187991262034
149033,2,4,1,1,NATIVE,0.1080553723098553,0.8189667367831978,0.1319411002383945
149033,2,4,1,1,RETURN_ALIGNED,0.2272376179447833,0.8330554497436258,0.2727761015364432
149033,2,4,1,2,NATIVE,0.0187328256271318,0.736352387105335,0.0254400283818404
149033,2,4,1,2,RETURN_ALIGNED,0.0715113054155203,0.828282880058891,0.0863368145557851
149033,2,4,1,3,NATIVE,-9.26844616505005e-05,-0.0304766156330434,0.0030411664720334
149033,2,4,1,3,RETURN_ALIGNED,0.003998315986067,0.4644118223581581,0.0086094190403468
149033,2,4,3,1,NATIVE,0.0804627737673709,0.2829885309748913,0.2843322783790761
149033,2,4,3,1,RETURN_ALIGNED,0.188548693609593,0.5431751536977587,0.3471231928150289
149033,2,4,3,2,NATIVE,-0.0086606742009281,-0.6241696639675073,0.0138755128620073
149033,2,4,3,2,RETURN_ALIGNED,0.0349318989934606,0.8373422718468146,0.041717586902426
149033,2,4,3,3,NATIVE,-0.0010022955665041,-0.5946210693755967,0.0016856038536441
149033,2,4,3,3,RETURN_ALIGNED,0.0046598767716201,0.6509561401694196,0.0071585111246598
149033,2,4,5,1,NATIVE,0.1271895642543657,0.4539781090127301,0.2801667343187913
149033,2,4,5,1,RETURN_ALIGNED,0.2342507092966477,0.5909075700311809,0.3964252975879669
149033,2,4,5,2,NATIVE,-0.0182609580678806,-0.777814817272032,0.0234772566198251
149033,2,4,5,2,RETURN_ALIGNED,0.0457903193857757,0.8841030389457571,0.0517929668472654
149033,2,4,5,3,NATIVE,-0.0001659153411877,-0.0479414469186652,0.0034607912744217
149033,2,4,5,3,RETURN_ALIGNED,0.0031436901079605,0.5886720871800202,0.0053403077474177
149033,2,4,6,1,NATIVE,0.1761706589069543,0.4956614649590343,0.3554253686463544
149033,2,4,6,1,RETURN_ALIGNED,0.3298027519582834,0.576403457871498,0.5721734445800813
149033,2,4,6,2,NATIVE,-0.022474125753103,-0.7171972457932091,0.0313360458154848
149033,2,4,6,2,RETURN_ALIGNED,0.0723966420420077,0.8780887873064988,0.0824479746107033
149033,2,4,6,3,NATIVE,7.264219476075657e-05,0.0224053199624058,0.0032421851095104
149033,2,4,6,3,RETURN_ALIGNED,0.004251299240013,0.5943254302991722,0.0071531504848201
149033,2,4,7,1,NATIVE,0.116783895623467,0.5853042111365763,0.1995268330575583
149033,2,4,7,1,RETURN_ALIGNED,0.2786698892450498,0.7294932855545151,0.3820047350169798
149033,2,4,7,2,NATIVE,0.016268244370182,0.7912668982675728,0.0205597433749405
149033,2,4,7,2,RETURN_ALIGNED,0.0663826026416062,0.7181982819206678,0.0924293531634143
149033,2,4,7,3,NATIVE,0.0012091182793517,0.6310700205717177,0.0019159811741341
149033,2,4,7,3,RETURN_ALIGNED,0.0092581789222758,0.7401791585549939,0.0125080243273989
149033,4,6,0,1,NATIVE,0.0870687497673308,0.4892083071409042,0.1779788864913826
149033,4,6,0,1,RETURN_ALIGNED,0.1851991038014011,0.6464767101896053,0.2864745177703556
149033,4,6,0,2,NATIVE,-0.0126951073669535,-0.4840117842456293,0.026228922063456
149033,4,6,0,2,RETURN_ALIGNED,0.0407991208424535,0.6456352611297766,0.0631922128460397
149033,4,6,0,3,NATIVE,0.0005237073309325,0.268735351700659,0.0019487846596112
149033,4,6,0,3,RETURN_ALIGNED,0.0026071918567815,0.4425512327128726,0.0058912769053394
149033,4,6,1,1,NATIVE,0.2551172761000085,0.9210759420534922,0.2769774613059075
149033,4,6,1,1,RETURN_ALIGNED,0.4253091710365143,0.8328625149557757,0.5106595187070495
149033,4,6,1,2,NATIVE,0.0094420642228324,0.089282218258608,0.1057552601944262
149033,4,6,1,2,RETURN_ALIGNED,0.1469136859962937,0.823177900823438,0.1784713679120805
149033,4,6,1,3,NATIVE,0.0026747463671137,0.5175708014240396,0.0051678849725937
149033,4,6,1,3,RETURN_ALIGNED,0.0042853317292838,0.5771407883416708,0.007425106344321
149033,4,6,2,1,NATIVE,0.1739628980456442,0.7060932918866913,0.2463738149682029
149033,4,6,2,1,RETURN_ALIGNED,0.2015697344656308,0.7393342489382905,0.272636814478739
149033,4,6,2,2,NATIVE,-0.0134725071538647,-0.4254952812232981,0.0316631176614568
149033,4,6,2,2,RETURN_ALIGNED,0.0362181053589041,0.7274568226713486,0.0497872921526014
149033,4,6,2,3,NATIVE,0.000873396955146,0.2875525526245882,0.0030373472505407
149033,4,6,2,3,RETURN_ALIGNED,0.0027825391448447,0.4613533756797582,0.0060312534630784
149033,4,6,3,1,NATIVE,-0.0336134220581021,-0.2340197577414402,0.1436349750230096
149033,4,6,3,1,RETURN_ALIGNED,0.1797054257758566,0.5871460390369926,0.3060659764827154
149033,4,6,3,2,NATIVE,-0.0066312284513214,-0.7080693294631082,0.0093652248096816
149033,4,6,3,2,RETURN_ALIGNED,0.0360867081209158,0.8620167488427912,0.0418631171253813
149033,4,6,3,3,NATIVE,0.0002870502635022,0.1656981561644147,0.0017323684832233
149033,4,6,3,3,RETURN_ALIGNED,0.0038663175899101,0.435786491469549,0.0088720455211481
149033,4,6,5,1,NATIVE,0.1797121746981446,0.8486227622096093,0.2117692132486889
149033,4,6,5,1,RETURN_ALIGNED,0.4004641578412474,0.8865939872225626,0.4516883304112152
149033,4,6,5,2,NATIVE,-0.0391802251581337,-0.7284453906875594,0.0537860842532467
149033,4,6,5,2,RETURN_ALIGNED,0.1489550191405139,0.8039255792254576,0.1852845872665648
149033,4,6,5,3,NATIVE,-0.0015322151575742,-0.5115687305525253,0.0029951305972011
149033,4,6,5,3,RETURN_ALIGNED,0.0087075035226623,0.6048318631622326,0.0143965687868868
149033,4,6,7,1,NATIVE,0.0186903954283687,0.2541396000659264,0.0735438138074741
149033,4,6,7,1,RETURN_ALIGNED,0.1553369308153651,0.697766495066253,0.2226202202508762
149033,4,6,7,2,NATIVE,-0.0004293372795042,-0.2983528350494035,0.001439025305066
149033,4,6,7,2,RETURN_ALIGNED,0.0367697539119666,0.8708434529836425,0.0422231501952546
149033,4,6,7,3,NATIVE,6.1274135484472965e-06,0.0565521275035193,0.0001083498323516
149033,4,6,7,3,RETURN_ALIGNED,0.002765358585948,0.3606041683215809,0.0076686816980755
149033,6,0,1,1,NATIVE,0.0934577629006199,0.82900049020163,0.1127354736278394
149033,6,0,1,1,RETURN_ALIGNED,0.1899765075184325,0.8210395027036735,0.2313853436927423
149033,6,0,1,2,NATIVE,0.0185400727293351,0.8278373721588271,0.0223957909520923
149033,6,0,1,2,RETURN_ALIGNED,0.0665594354621096,0.8775807509985479,0.0758442290196522
149033,6,0,1,3,NATIVE,0.0008479315738024,0.2627513683420838,0.0032271252442299
149033,6,0,1,3,RETURN_ALIGNED,0.0051890774667218,0.3613415153781517,0.0143605903163284
149033,6,0,2,1,NATIVE,0.1026511355041285,0.8744596102051494,0.1173880809429345
149033,6,0,2,1,RETURN_ALIGNED,0.1468088169757668,0.7714332693047398,0.1903065667728422
149033,6,0,2,2,NATIVE,0.0202056919248544,0.7707252504006109,0.0262164654837633
149033,6,0,2,2,RETURN_ALIGNED,0.0570594474070784,0.745569560691048,0.0765313532300735
149033,6,0,2,3,NATIVE,0.0011372502912932,0.292398880750669,0.0038893797685036
149033,6,0,2,3,RETURN_ALIGNED,0.0076157113118409,0.5060937289046301,0.0150480254478463
149033,6,0,3,1,NATIVE,0.1427115228554047,0.5741960198724567,0.2485414700137758
149033,6,0,3,1,RETURN_ALIGNED,0.2666005383399336,0.6136160193259531,0.4344745409883353
149033,6,0,3,2,NATIVE,-0.0026772970783676,-0.2886509719358146,0.0092752054848556
149033,6,0,3,2,RETURN_ALIGNED,0.0447895100626102,0.6465239757816988,0.0692774154398662
149033,6,0,3,3,NATIVE,-2.703796807237616e-05,-0.0387974715190153,0.0006969002617349
149033,6,0,3,3,RETURN_ALIGNED,0.0022729702485699,0.5926802937689543,0.003835069720085
149033,6,0,4,1,NATIVE,-0.0045382891742366,-0.0224851184087356,0.2018352357205944
149033,6,0,4,1,RETURN_ALIGNED,0.1913568693361496,0.5922353657751737,0.3231094939519389
149033,6,0,4,2,NATIVE,-0.013445179773991,-0.7705757917081524,0.0174482249747641
149033,6,0,4,2,RETURN_ALIGNED,0.0248565079979923,0.8094605152946314,0.030707499041851
149033,6,0,4,3,NATIVE,-0.0008822480646566,-0.3350608137773277,0.0026330983160513
149033,6,0,4,3,RETURN_ALIGNED,0.0034521956466153,0.5744220836153952,0.0060098588561813
149033,6,0,5,1,NATIVE,0.0784077801227413,0.2809918430622099,0.2790393460117377
149033,6,0,5,1,RETURN_ALIGNED,0.1768050863647063,0.5629086313569155,0.3140919796139092
149033,6,0,5,2,NATIVE,-0.0171793210998758,-0.8059538244033025,0.0213155153305785
149033,6,0,5,2,RETURN_ALIGNED,0.0305654785119224,0.8951677540379167,0.0341449726869319
149033,6,0,5,3,NATIVE,-0.001195224903974,-0.3067761107392492,0.0038960820678846
149033,6,0,5,3,RETURN_ALIGNED,0.0032862401503448,0.4128664083425163,0.0079595725974588
149033,6,0,7,1,NATIVE,0.1015789999494638,0.4532540004690092,0.2241105425307224
149033,6,0,7,1,RETURN_ALIGNED,0.2713020161423544,0.7252633052644529,0.3740738214285555
149033,6,0,7,2,NATIVE,0.0136500060387828,0.6159928295519524,0.0221593586534357
149033,6,0,7,2,RETURN_ALIGNED,0.0537863540028374,0.669639239551733,0.0803213892274699
149033,6,0,7,3,NATIVE,0.0002448250862732,0.1627490451053298,0.0015043104310727
149033,6,0,7,3,RETURN_ALIGNED,0.0018683930710878,0.4096333623671606,0.0045611350113297
149034,0,2,1,1,NATIVE,0.2423802060800426,0.879302896002482,0.2756504125958931
149034,0,2,1,1,RETURN_ALIGNED,0.354765935881093,0.8269624131662348,0.4289988640748912
149034,0,2,1,2,NATIVE,0.0055309171227125,0.5777904287056829,0.0095725315743585
149034,0,2,1,2,RETURN_ALIGNED,0.020183954153521,0.7757295147480108,0.02601931958117
149034,0,2,1,3,NATIVE,0.0001816563009282,0.5668212053203813,0.0003204825389699
149034,0,2,1,3,RETURN_ALIGNED,0.0012096050210321,0.6408080804422577,0.0018876244788405
149034,0,2,3,1,NATIVE,0.0973334776931323,0.5840503609855963,0.1666525426486136
149034,0,2,3,1,RETURN_ALIGNED,0.1413718542418831,0.6563359659102618,0.2153955620057661
149034,0,2,3,2,NATIVE,0.003156386213009,0.3960027459425861,0.0079706169850028
149034,0,2,3,2,RETURN_ALIGNED,0.0045373982567528,0.6146378923569222,0.0073822299487779
149034,0,2,3,3,NATIVE,3.141314832201146e-05,0.2933142243448711,0.0001070972550257
149034,0,2,3,3,RETURN_ALIGNED,0.0001175967949415,0.4853505535399717,0.0002422924915331
149034,0,2,4,1,NATIVE,0.182307524082653,0.8189156484593778,0.2226206379441735
149034,0,2,4,1,RETURN_ALIGNED,0.2272220363873146,0.7646089543374095,0.2971741765489568
149034,0,2,4,2,NATIVE,-0.0014198821657087,-0.3866060141723708,0.0036726851459318
149034,0,2,4,2,RETURN_ALIGNED,0.0037840202322891,0.6313991080555365,0.0059930718681732
149034,0,2,4,3,NATIVE,4.0996583939856056e-05,0.6061612509858638,6.763313176157718e-05
149034,0,2,4,3,RETURN_ALIGNED,0.0001738275876681,0.6614448953865039,0.0002627998018894
149034,0,2,5,1,NATIVE,0.2457327791870457,0.9334952659810196,0.2632394487064247
149034,0,2,5,1,RETURN_ALIGNED,0.3461950026436919,0.8743482678146961,0.3959463469960791
149034,0,2,5,2,NATIVE,0.0104049207111425,0.8815170646015377,0.0118034251727947
149034,0,2,5,2,RETURN_ALIGNED,0.0205588459235159,0.8111120169695788,0.0253464940635486
149034,0,2,5,3,NATIVE,0.00037424633415,0.6237420781009678,0.0006000017396901
149034,0,2,5,3,RETURN_ALIGNED,0.0015663101877564,0.6639697451092273,0.0023590083689599
149034,0,2,6,1,NATIVE,0.2481043817379024,0.671382055533555,0.3695427658408386
149034,0,2,6,1,RETURN_ALIGNED,0.3042763976584261,0.7376148582974806,0.4125139213716632
149034,0,2,6,2,NATIVE,0.006196820110518,0.5183507880851309,0.0119548773780247
149034,0,2,6,2,RETURN_ALIGNED,0.0135582831549093,0.6607182959489741,0.0205205202244875
149034,0,2,6,3,NATIVE,9.292593238904592e-05,0.2838458849463576,0.0003273816432181
149034,0,2,6,3,RETURN_ALIGNED,0.0007333590970826,0.664404645838667,0.0011037838180606
149034,0,2,7,1,NATIVE,0.0902563640979765,0.3723339546730514,0.2424070191964871
149034,0,2,7,1,RETURN_ALIGNED,0.1116122014272008,0.3932474733199476,0.2838217890756805
149034,0,2,7,2,NATIVE,-0.0027203791410487,-0.2673847159528095,0.0101740263323529
149034,0,2,7,2,RETURN_ALIGNED,0.0098815787416317,0.5874927887693253,0.0168199149510672
149034,0,2,7,3,NATIVE,-1.160354248189135e-05,-0.0876016929490862,0.0001324579706175
149034,0,2,7,3,RETURN_ALIGNED,0.0002700780115855,0.4915727338083646,0.0005494161757719
149034,2,4,0,1,NATIVE,0.0958048193342929,0.6944137366040987,0.1379650405574596
149034,2,4,0,1,RETURN_ALIGNED,0.1467855162812933,0.722818904180213,0.2030737096558378
149034,2,4,0,2,NATIVE,0.0005243478264634,0.1396808895982555,0.0037538981025038
149034,2,4,0,2,RETURN_ALIGNED,0.0062588788107035,0.5644349223982047,0.0110887518864563
149034,2,4,0,3,NATIVE,-2.140431791249936e-06,-0.0366434732681466,5.841236081884442e-05
149034,2,4,0,3,RETURN_ALIGNED,0.0001405149805706,0.3102732728822746,0.0004528749098777
149034,2,4,1,1,NATIVE,0.0899513634494986,0.5791288114046853,0.1553218587610533
149034,2,4,1,1,RETURN_ALIGNED,0.1298021345742109,0.5540654387063616,0.2342722095737217
149034,2,4,1,2,NATIVE,0.0001158498302447,0.0245107711861335,0.0047264865458186
149034,2,4,1,2,RETURN_ALIGNED,0.0073084149297539,0.6082120519682225,0.0120162283959326
149034,2,4,1,3,NATIVE,6.531176931494703e-06,0.1009397236955,6.470373286257363e-05
149034,2,4,1,3,RETURN_ALIGNED,0.0002446183673567,0.4725713057850603,0.0005176327134029
149034,2,4,3,1,NATIVE,0.270482829771306,0.839546902213261,0.3221771518161288
149034,2,4,3,1,RETURN_ALIGNED,0.3692210498166967,0.892399201431408,0.4137397806097264
149034,2,4,3,2,NATIVE,0.0018850405459739,0.0971185233619294,0.0194096911752358
149034,2,4,3,2,RETURN_ALIGNED,0.0168845101406032,0.7468882156929229,0.0226064754870828
149034,2,4,3,3,NATIVE,0.0002550420179307,0.5988364452291934,0.0004258959501719
149034,2,4,3,3,RETURN_ALIGNED,0.0015775646902061,0.774963136172638,0.0020356641692481
149034,2,4,5,1,NATIVE,0.0963332448871913,0.5692393571014982,0.1692315256936309
149034,2,4,5,1,RETURN_ALIGNED,0.1350969603083184,0.5516230565408275,0.24490811017846
149034,2,4,5,2,NATIVE,0.0039293237052119,0.7334948313635363,0.0053569889481057
149034,2,4,5,2,RETURN_ALIGNED,0.0100856530507529,0.7793479359788971,0.0129411429543012
149034,2,4,5,3,NATIVE,1.7681756659559914e-05,0.1463322540546336,0.0001208329411145
149034,2,4,5,3,RETURN_ALIGNED,0.0002229892913934,0.403897545046567,0.0005520937031357
149034,2,4,6,1,NATIVE,0.1127243904204711,0.5017735976701755,0.2246518966797495
149034,2,4,6,1,RETURN_ALIGNED,0.1595647423861801,0.6563510136237433,0.243108853455042
149034,2,4,6,2,NATIVE,0.0062656337728919,0.7280847586913344,0.0086056378711058
149034,2,4,6,2,RETURN_ALIGNED,0.0101424708899547,0.7579026304348817,0.0133822874898953
149034,2,4,6,3,NATIVE,6.510940382739115e-05,0.3084869530400896,0.0002110604779512
149034,2,4,6,3,RETURN_ALIGNED,0.0001730965595407,0.3546567647367907,0.0004880678353354
149034,2,4,7,1,NATIVE,0.3147036525290609,0.8457069223292956,0.3721190452859269
149034,2,4,7,1,RETURN_ALIGNED,0.4084172071989503,0.8933143688165887,0.4571931466185053
149034,2,4,7,2,NATIVE,0.0070456935773471,0.3020385906365117,0.0233271303579357
149034,2,4,7,2,RETURN_ALIGNED,0.0150403920868645,0.7414610983173757,0.020284802695526
149034,2,4,7,3,NATIVE,0.0001198138489586,0.1790894979629818,0.0006690166075002
149034,2,4,7,3,RETURN_ALIGNED,0.0008645868436015,0.6354136697878358,0.0013606676762073
149034,4,6,0,1,NATIVE,0.1042417420013269,0.6223213952911388,0.1675046732926199
149034,4,6,0,1,RETURN_ALIGNED,0.2054460383948313,0.7890523297067891,0.2603706125182934
149034,4,6,0,2,NATIVE,-9.13562717914266e-05,-0.0243680962363256,0.0037490114491285
149034,4,6,0,2,RETURN_ALIGNED,0.0042561143393159,0.4610768902349474,0.0092308125375728
149034,4,6,0,3,NATIVE,-3.866932224735415e-05,-0.5256222498934442,7.356865517951108e-05
149034,4,6,0,3,RETURN_ALIGNED,0.0001383116251977,0.496636561642821,0.0002784966627516
149034,4,6,1,1,NATIVE,0.2860390625835524,0.9693483951699337,0.2950838563395592
149034,4,6,1,1,RETURN_ALIGNED,0.4142766223628212,0.8952745388906922,0.4627369643237727
149034,4,6,1,2,NATIVE,0.0088867713377188,0.8020107589100154,0.0110806136176334
149034,4,6,1,2,RETURN_ALIGNED,0.0269350221362532,0.8745341804868058,0.0307992789031242
149034,4,6,1,3,NATIVE,0.0001830178817849,0.5777665495866541,0.0003167678710326
149034,4,6,1,3,RETURN_ALIGNED,0.0012999437549286,0.6982555148957732,0.0018617020916872
149034,4,6,2,1,NATIVE,0.1603213982548348,0.7444254699226595,0.2153625913301824
149034,4,6,2,1,RETURN_ALIGNED,0.2107830429674,0.6620184882415846,0.31839449609208
149034,4,6,2,2,NATIVE,0.002132248104847,0.2558319722626919,0.008334564620362
149034,4,6,2,2,RETURN_ALIGNED,0.0077645329038259,0.6472215013354559,0.011996716560916
149034,4,6,2,3,NATIVE,5.749056042892653e-05,0.2886838583112331,0.0001991471245911
149034,4,6,2,3,RETURN_ALIGNED,0.0003520587778263,0.5587756808654983,0.0006300538653163
149034,4,6,3,1,NATIVE,0.095357858133089,0.5900178875091533,0.1616185884390981
149034,4,6,3,1,RETURN_ALIGNED,0.1279798986785022,0.6287628115561777,0.2035424111068403
149034,4,6,3,2,NATIVE,0.0025786498733741,0.3579546456076983,0.0072038452495203
149034,4,6,3,2,RETURN_ALIGNED,0.0045529150411252,0.6251785926797863,0.0072825830799617
149034,4,6,3,3,NATIVE,3.1671256256297204e-05,0.2944127024994027,0.0001075743537918
149034,4,6,3,3,RETURN_ALIGNED,0.0001260926441643,0.4722067359023656,0.0002670284740102
149034,4,6,5,1,NATIVE,0.2689522971690204,0.9561430437765648,0.2812887662776421
149034,4,6,5,1,RETURN_ALIGNED,0.3861353152902563,0.9105346027003448,0.4240753883981795
149034,4,6,5,2,NATIVE,0.0134959827710042,0.9185923870780656,0.0146920254946238
149034,4,6,5,2,RETURN_ALIGNED,0.0277926026152021,0.8681424655810026,0.0320138729716199
149034,4,6,5,3,NATIVE,0.0004724945337316,0.7017883538251003,0.0006732721172388
149034,4,6,5,3,RETURN_ALIGNED,0.0018612275025781,0.7086470082725873,0.0026264522081228
149034,4,6,7,1,NATIVE,0.06536135164395,0.2976372214061307,0.2196007318410456
149034,4,6,7,1,RETURN_ALIGNED,0.0894886417450852,0.3332611808543136,0.2685240492626576
149034,4,6,7,2,NATIVE,-0.0027547832039776,-0.3047440525085025,0.0090396619104892
149034,4,6,7,2,RETURN_ALIGNED,0.0073103595243825,0.6074697878417467,0.0120341120999928
149034,4,6,7,3,NATIVE,-9.454508541271711e-06,-0.0718750644202517,0.0001315408703778
149034,4,6,7,3,RETURN_ALIGNED,0.0001996678067246,0.4709267370962162,0.0004239891068768
149034,6,0,1,1,NATIVE,0.1174251601387845,0.6494451888358939,0.1808084225694241
149034,6,0,1,1,RETURN_ALIGNED,0.1718886365333592,0.618349504716979,0.2779797432068424
149034,6,0,1,2,NATIVE,0.0009498444345443,0.1981159538231374,0.0047943863992978
149034,6,0,1,2,RETURN_ALIGNED,0.0070976879408078,0.557873760145931,0.012722749209085
149034,6,0,1,3,NATIVE,1.0292082573945578e-05,0.1491747430615666,6.899346590362683e-05
149034,6,0,1,3,RETURN_ALIGNED,0.0002986216936572,0.5449446352463239,0.0005479853809948
149034,6,0,2,1,NATIVE,0.149258383349693,0.6883530450989725,0.2168340569019204
149034,6,0,2,1,RETURN_ALIGNED,0.229388048572918,0.6455388008494586,0.3553435490957255
149034,6,0,2,2,NATIVE,0.0009950407262666,0.0785372769687933,0.0126696616514057
149034,6,0,2,2,RETURN_ALIGNED,0.0133496329893929,0.4871934343235627,0.0274010937927078
149034,6,0,2,3,NATIVE,7.079239251023988e-06,0.0357245186210618,0.0001981619209334
149034,6,0,2,3,RETURN_ALIGNED,0.0005273031632416,0.4423479153647657,0.0011920552685342
149034,6,0,3,1,NATIVE,0.2040947029200957,0.7675126957471663,0.2659170383120227
149034,6,0,3,1,RETURN_ALIGNED,0.2958427941214796,0.825467414204333,0.3583942733905683
149034,6,0,3,2,NATIVE,0.0075280866051191,0.486345337227923,0.0154788912906963
149034,6,0,3,2,RETURN_ALIGNED,0.0148320368512919,0.7518198296580727,0.0197281798983327
149034,6,0,3,3,NATIVE,0.0001279077894265,0.3686155814363637,0.000346995068529
149034,6,0,3,3,RETURN_ALIGNED,0.0003835039754387,0.386116593476565,0.0009932336020003
149034,6,0,4,1,NATIVE,0.1067734684035781,0.5273912015787391,0.2024559152368401
149034,6,0,4,1,RETURN_ALIGNED,0.1465979283345083,0.5226245103076714,0.2805033545941374
149034,6,0,4,2,NATIVE,-0.0014716147286301,-0.4290348924421764,0.0034300583807965
149034,6,0,4,2,RETURN_ALIGNED,0.0093883306455812,0.7863427988126462,0.0119392339568393
149034,6,0,4,3,NATIVE,7.294713173962458e-06,0.0935273076698044,7.799554280690706e-05
149034,6,0,4,3,RETURN_ALIGNED,0.0001679270787777,0.3199013338421442,0.0005249339745072
149034,6,0,5,1,NATIVE,0.1309503580306069,0.6850084827252879,0.1911660385716126
149034,6,0,5,1,RETURN_ALIGNED,0.1848094355475121,0.6465990988255345,0.285817650972824
149034,6,0,5,2,NATIVE,0.0043229171110254,0.6722909615963364,0.0064301282596905
149034,6,0,5,2,RETURN_ALIGNED,0.0105979276284322,0.6858914998522788,0.0154513179279564
149034,6,0,5,3,NATIVE,2.175064925677556e-05,0.1631928915922109,0.0001332818422196
149034,6,0,5,3,RETURN_ALIGNED,0.0003369716029704,0.4888667291707205,0.0006892913401115
149034,6,0,7,1,NATIVE,0.2836618464984766,0.7696441809975807,0.3685623220468584
149034,6,0,7,1,RETURN_ALIGNED,0.34648486701795,0.7977991639179096,0.4343008650400841
149034,6,0,7,2,NATIVE,-0.0034859288034407,-0.176118487401704,0.0197930884752399
149034,6,0,7,2,RETURN_ALIGNED,0.0145499799955103,0.7483228089526139,0.019443453841983
149034,6,0,7,3,NATIVE,0.0001041887730204,0.249668460128533,0.0004173085085472
149034,6,0,7,3,RETURN_ALIGNED,0.0007847834850529,0.578058957541616,0.0013576184126838
149035,0,2,1,1,NATIVE,0.309673456670503,0.6883323733852,0.4498894264514533
149035,0,2,1,1,RETURN_ALIGNED,0.4725824161131948,0.8378178767888387,0.5640634190383125
149035,0,2,1,2,NATIVE,-0.005188269577692,-0.1498182773950533,0.0346304180480646
149035,0,2,1,2,RETURN_ALIGNED,0.0300878238369565,0.668135940801536,0.0450324881486128
149035,0,2,1,3,NATIVE,0.0004733063239183,0.5143766826230589,0.0009201550917658
149035,0,2,1,3,RETURN_ALIGNED,0.0011306855819262,0.5663256628336397,0.0019965289510633
149035,0,2,3,1,NATIVE,0.2210438137628611,0.5911583102480021,0.3739164449368536
149035,0,2,3,1,RETURN_ALIGNED,0.3215067081999149,0.67059158928165,0.479437430082101
149035,0,2,3,2,NATIVE,-0.0056016298403702,-0.4121712812700746,0.0135905389212845
149035,0,2,3,2,RETURN_ALIGNED,0.0187277589044161,0.5956654092320746,0.0314400645297028
149035,0,2,3,3,NATIVE,-6.413773267589744e-05,-0.1722223591989045,0.0003724123451057
149035,0,2,3,3,RETURN_ALIGNED,0.0007364723923221,0.547363402189942,0.0013454907459166
149035,0,2,4,1,NATIVE,0.2424999041476547,0.684718843246435,0.3541598227351901
149035,0,2,4,1,RETURN_ALIGNED,0.3095284368310464,0.7258838450145408,0.4264159327375515
149035,0,2,4,2,NATIVE,-0.0094535650205026,-0.4060541746460321,0.0232815363335707
149035,0,2,4,2,RETURN_ALIGNED,0.0238973147407598,0.4832313853324194,0.049453151152888
149035,0,2,4,3,NATIVE,-0.0001787157517439,-0.3004886721310885,0.000594750379282
149035,0,2,4,3,RETURN_ALIGNED,0.0013285110298913,0.561857407048187,0.0023644985599211
149035,0,2,5,1,NATIVE,0.2475063248532046,0.764019384587693,0.3239529386896109
149035,0,2,5,1,RETURN_ALIGNED,0.4558389131953255,0.8435599488790437,0.5403752439893715
149035,0,2,5,2,NATIVE,-0.0112457524948266,-0.3813260911226896,0.029491169778634
149035,0,2,5,2,RETURN_ALIGNED,0.0460557513981037,0.6798602468701204,0.0677429686604946
149035,0,2,5,3,NATIVE,-0.000321685476138,-0.4674249692447153,0.0006882077277354
149035,0,2,5,3,RETURN_ALIGNED,0.0016979059137129,0.643209035740099,0.0026397420109767
149035,0,2,6,1,NATIVE,0.0556922396528986,0.2324542720446687,0.2395836357963715
149035,0,2,6,1,RETURN_ALIGNED,0.2797481002593871,0.7000591810030303,0.3996063587916628
149035,0,2,6,2,NATIVE,0.0015778552111146,0.1973362602367707,0.0079957692984323
149035,0,2,6,2,RETURN_ALIGNED,0.0085586216302041,0.3108214998612921,0.0275354878409388
149035,0,2,6,3,NATIVE,4.433383504273314e-05,0.3002964721738291,0.0001476335525895
149035,0,2,6,3,RETURN_ALIGNED,0.000718788770686,0.5499465225892531,0.0013070157571957
149035,0,2,7,1,NATIVE,0.2295755076597082,0.5288655537026827,0.4340904905837532
149035,0,2,7,1,RETURN_ALIGNED,0.4013078539385263,0.5932057265418731,0.6765070463461808
149035,0,2,7,2,NATIVE,0.0032339464103603,0.256138246978136,0.0126257848973831
149035,0,2,7,2,RETURN_ALIGNED,0.0171844218766892,0.5794473066974398,0.029656573907615
149035,0,2,7,3,NATIVE,6.967196069050748e-05,0.2026171836614751,0.000343860078512
149035,0,2,7,3,RETURN_ALIGNED,0.0006904791271008,0.5279162515495731,0.001307933076603
149035,2,4,0,1,NATIVE,0.413146833052722,0.7581271228052214,0.5449571986342874
149035,2,4,0,1,RETURN_ALIGNED,0.4881711075613562,0.8384709633394577,0.5822158773596069
149035,2,4,0,2,NATIVE,-0.0100477169405763,-0.3130249061798921,0.0320987778993605
149035,2,4,0,2,RETURN_ALIGNED,0.0247878002729969,0.4331771547730585,0.0572232399600911
149035,2,4,0,3,NATIVE,7.16951054649302e-05,0.0884882925131206,0.00081022136843
149035,2,4,0,3,RETURN_ALIGNED,0.0010915371786214,0.5821090366051473,0.0018751421295387
149035,2,4,1,1,NATIVE,0.0909679885264125,0.395223006793057,0.2301687577969988
149035,2,4,1,1,RETURN_ALIGNED,0.2197319010491193,0.7876478501958775,0.2789722602484888
149035,2,4,1,2,NATIVE,-0.0021911759615611,-0.2238650719155318,0.0097879313766008
149035,2,4,1,2,RETURN_ALIGNED,0.0070789916445086,0.4480614828805319,0.015799152381791
149035,2,4,1,3,NATIVE,5.484072433097177e-06,0.0172473069900919,0.0003179668823038
149035,2,4,1,3,RETURN_ALIGNED,0.0003580699981845,0.5696970984094379,0.0006285269823923
149035,2,4,3,1,NATIVE,0.5665102599211391,0.92558926857737,0.6120536172504892
149035,2,4,3,1,RETURN_ALIGNED,0.7572643152609246,0.8017289596989704,0.9445390566223666
149035,2,4,3,2,NATIVE,-0.0165370006562058,-0.5334722426035324,0.0309988024405859
149035,2,4,3,2,RETURN_ALIGNED,0.0592121051673591,0.6303051989071072,0.0939419590220784
149035,2,4,3,3,NATIVE,-9.512750165422094e-05,-0.0921268353657863,0.0010325710337364
149035,2,4,3,3,RETURN_ALIGNED,0.0016861825548988,0.4786377286826169,0.0035228784814071
149035,2,4,5,1,NATIVE,0.1351059884595251,0.5321728010467845,0.2538761623925357
149035,2,4,5,1,RETURN_ALIGNED,0.2679812541145475,0.6329652074691541,0.4233743829079743
149035,2,4,5,2,NATIVE,0.0004402567548439,0.0472770099210244,0.0093122800188479
149035,2,4,5,2,RETURN_ALIGNED,0.0127020288349688,0.5842117724510998,0.0217421651426315
149035,2,4,5,3,NATIVE,-1.876529041203945e-05,-0.0552927793296156,0.0003393804875672
149035,2,4,5,3,RETURN_ALIGNED,0.0004106622082332,0.5208061249914884,0.0007885126316445
149035,2,4,6,1,NATIVE,0.1010497482006121,0.3191406502959477,0.3166307648580848
149035,2,4,6,1,RETURN_ALIGNED,0.4444544743324183,0.6195139856165172,0.7174244402086034
149035,2,4,6,2,NATIVE,-0.0025089025222706,-0.2965264420431402,0.0084609740193074
149035,2,4,6,2,RETURN_ALIGNED,0.0269395244377538,0.5742962247800614,0.0469087611500027
149035,2,4,6,3,NATIVE,8.319600402785988e-06,0.0420019136917782,0.0001980766984701
149035,2,4,6,3,RETURN_ALIGNED,0.0009083182910974,0.4345538439314821,0.0020902318635219
149035,2,4,7,1,NATIVE,0.5374787230519391,0.8371377518489145,0.6420433457512846
149035,2,4,7,1,RETURN_ALIGNED,0.6606142930379447,0.6831824504180922,0.966966134205641
149035,2,4,7,2,NATIVE,0.0053786489486357,0.1905138929106527,0.0282323187373692
149035,2,4,7,2,RETURN_ALIGNED,0.0385401082836891,0.5997709646568857,0.0642580427438304
149035,2,4,7,3,NATIVE,0.0001276108224839,0.1362381658195373,0.000936674548357
149035,2,4,7,3,RETURN_ALIGNED,0.00086018779491,0.3540882062286049,0.0024293037148929
149035,4,6,0,1,NATIVE,0.4747026094595289,0.8528536338134167,0.5566050147864487
149035,4,6,0,1,RETURN_ALIGNED,0.5636512726766872,0.7440826657441749,0.7575116295887571
149035,4,6,0,2,NATIVE,0.0019499972083122,0.0717857956899166,0.0271641094111599
149035,4,6,0,2,RETURN_ALIGNED,0.0240329992055996,0.4733293724699168,0.050774366864316
149035,4,6,0,3,NATIVE,0.0001011988005285,0.0960742094072658,0.0010533399246629
149035,4,6,0,3,RETURN_ALIGNED,0.0009932152629437,0.4536412065885101,0.0021894291091285
149035,4,6,1,1,NATIVE,0.2021145901292283,0.61149861827206,0.3305233799222447
149035,4,6,1,1,RETURN_ALIGNED,0.3462969337785274,0.8219598203788596,0.4213064011069519
149035,4,6,1,2,NATIVE,-0.0073975215130461,-0.2317866463330608,0.0319152187138991
149035,4,6,1,2,RETURN_ALIGNED,0.0178431414725212,0.3006649319491284,0.0593456022835397
149035,4,6,1,3,NATIVE,-2.056944336605759e-05,-0.0260805563085075,0.0007886888266627
149035,4,6,1,3,RETURN_ALIGNED,0.0013191312181183,0.6759598119325061,0.0019514935570301
149035,4,6,2,1,NATIVE,0.1465446746047408,0.3651278348696137,0.4013516927761097
149035,4,6,2,1,RETURN_ALIGNED,0.2908223132226782,0.3906247195335337,0.7445056564005801
149035,4,6,2,2,NATIVE,-0.0022765395363573,-0.1878410556799506,0.0121194992649788
149035,4,6,2,2,RETURN_ALIGNED,0.0246503474569252,0.4366372146016744,0.0564549851280198
149035,4,6,2,3,NATIVE,-4.829289989331971e-06,-0.0176017727141805,0.0002743638417559
149035,4,6,2,3,RETURN_ALIGNED,0.0007660060409304,0.5110433325460414,0.0014989062413697
149035,4,6,3,1,NATIVE,0.3116673361389999,0.656342201410939,0.474854939190158
149035,4,6,3,1,RETURN_ALIGNED,0.4275578708855151,0.712753775279546,0.5998675639673194
149035,4,6,3,2,NATIVE,-0.0067456944211329,-0.4288977991746953,0.0157279763012734
149035,4,6,3,2,RETURN_ALIGNED,0.0224538388270725,0.6203593260996557,0.0361948920284334
149035,4,6,3,3,NATIVE,-1.8048394141701912e-05,-0.0377601294994438,0.0004779749004714
149035,4,6,3,3,RETURN_ALIGNED,0.0006957525627902,0.4946569642908729,0.0014065354639371
149035,4,6,5,1,NATIVE,0.2447495939450985,0.705787479005301,0.3467751996533745
149035,4,6,5,1,RETURN_ALIGNED,0.4288695945685978,0.742431612849944,0.5776553518810743
149035,4,6,5,2,NATIVE,-0.0054661061322639,-0.2299923767092749,0.0237664665685428
149035,4,6,5,2,RETURN_ALIGNED,0.0370120244897861,0.7631234526924492,0.0485007037309718
149035,4,6,5,3,NATIVE,-8.476073884740014e-05,-0.0959131940815138,0.0008837234502132
149035,4,6,5,3,RETURN_ALIGNED,0.0009035422769181,0.5251044684485965,0.0017206905119267
149035,4,6,7,1,NATIVE,0.3514244656865709,0.7127982681875352,0.4930209308449224
149035,4,6,7,1,RETURN_ALIGNED,0.5590497533065799,0.6726280623951983,0.8311424761491348
149035,4,6,7,2,NATIVE,0.0034334912038535,0.2530104856319293,0.0135705490436559
149035,4,6,7,2,RETURN_ALIGNED,0.0218191741812004,0.5919068245265552,0.0368625149720022
149035,4,6,7,3,NATIVE,2.6563865783242743e-05,0.0646548903759944,0.0004108562496129
149035,4,6,7,3,RETURN_ALIGNED,0.0006442637880364,0.4554620268510425,0.0014145279958045
149035,6,0,1,1,NATIVE,0.0909585314956803,0.443796295692988,0.2049555897117184
149035,6,0,1,1,RETURN_ALIGNED,0.1995292271510804,0.8028740516949417,0.2485187143983211
149035,6,0,1,2,NATIVE,-0.0021210019956994,-0.2260546171688167,0.0093826970766446
149035,6,0,1,2,RETURN_ALIGNED,0.0081377151505857,0.508248121414759,0.0160113039431845
149035,6,0,1,3,NATIVE,3.4607046545015984e-06,0.0131977463345642,0.0002622193642897
149035,6,0,1,3,RETURN_ALIGNED,0.0002874702636382,0.550914989027916,0.0005218051230022
149035,6,0,2,1,NATIVE,0.2145697077586705,0.6129487578608456,0.3500614121599506
149035,6,0,2,1,RETURN_ALIGNED,0.5413967084356291,0.687748458565961,0.787201631195826
149035,6,0,2,2,NATIVE,0.0018513367912397,0.318388844288513,0.0058147037008128
149035,6,0,2,2,RETURN_ALIGNED,0.0144860654426014,0.4888972419783092,0.0296300821495682
149035,6,0,2,3,NATIVE,1.0882583228299587e-05,0.1070734941200297,0.0001016365750518
149035,6,0,2,3,RETURN_ALIGNED,0.0004025233560477,0.4718719841147506,0.0008530350806301
149035,6,0,3,1,NATIVE,0.5024922032000669,0.8757478206621565,0.5737864158428709
149035,6,0,3,1,RETURN_ALIGNED,0.6011354751608573,0.7006294704790264,0.8579934194743691
149035,6,0,3,2,NATIVE,-0.0294069775534254,-0.618351434077268,0.0475570621045206
149035,6,0,3,2,RETURN_ALIGNED,0.09287371949693,0.6678675192850313,0.139060093228927
149035,6,0,3,3,NATIVE,-0.0001325015553407,-0.0538707363128725,0.0024596202746968
149035,6,0,3,3,RETURN_ALIGNED,0.0039537129119242,0.3876329657797467,0.0101996302180052
149035,6,0,4,1,NATIVE,0.4738040395949048,0.9251852797255812,0.5121180048771637
149035,6,0,4,1,RETURN_ALIGNED,0.5692404326817897,0.8073147365960306,0.7051034830379441
149035,6,0,4,2,NATIVE,-0.0004358595703084,-0.021264971385854,0.0204965980154059
149035,6,0,4,2,RETURN_ALIGNED,0.0234938329658225,0.656635646920023,0.0357791007477511
149035,6,0,4,3,NATIVE,-5.603030279903151e-05,-0.0992873482169215,0.0005643246979403
149035,6,0,4,3,RETURN_ALIGNED,0.0003698104245731,0.3844452037626916,0.0009619327304014
149035,6,0,5,1,NATIVE,0.085716271189257,0.3869411210354875,0.2215227757644815
149035,6,0,5,1,RETURN_ALIGNED,0.2072239876812018,0.5699321513257537,0.3635941351950355
149035,6,0,5,2,NATIVE,0.0005195403078181,0.0692623882890045,0.0075010452374824
149035,6,0,5,2,RETURN_ALIGNED,0.0108372124153011,0.6210862072069586,0.0174488054790019
149035,6,0,5,3,NATIVE,-9.528243620226447e-06,-0.0395766704128587,0.0002407540482575
149035,6,0,5,3,RETURN_ALIGNED,0.0002815625287356,0.5022060536827531,0.0005606514032405
149035,6,0,7,1,NATIVE,0.6494188955562957,0.896497683337041,0.7243955089084113
149035,6,0,7,1,RETURN_ALIGNED,0.8895891378210269,0.7688067387946027,1.157103720521286
149035,6,0,7,2,NATIVE,0.0029413061516994,0.0592211347648489,0.049666494289732
149035,6,0,7,2,RETURN_ALIGNED,0.064496915482493,0.6593749865215567,0.0978152292703736
149035,6,0,7,3,NATIVE,0.000375158724315,0.178603624478248,0.0021005101388847
149035,6,0,7,3,RETURN_ALIGNED,0.0024806708595373,0.4668096393279478,0.0053140951897209
149036,0,2,1,1,NATIVE,0.314579541637886,0.897250537262989,0.3506039044539448
149036,0,2,1,1,RETURN_ALIGNED,0.4721676946970307,0.8280082118543303,0.5702451834862292
149036,0,2,1,2,NATIVE,0.008299911755532,0.4452039979972395,0.0186429407472183
149036,0,2,1,2,RETURN_ALIGNED,0.0566537340161155,0.6943195425662115,0.0815960527426206
149036,0,2,1,3,NATIVE,0.0003702575822837,0.4766004451935089,0.0007768720856515
149036,0,2,1,3,RETURN_ALIGNED,0.0047633481638907,0.8788684703915818,0.0054198646596426
149036,0,2,3,1,NATIVE,0.2490083049121958,0.6263320939160779,0.3975659355969856
149036,0,2,3,1,RETURN_ALIGNED,0.4787384693694257,0.8219773368702941,0.5824229548617578
149036,0,2,3,2,NATIVE,-0.0089452072837879,-0.4885450390891638,0.0183098927796449
149036,0,2,3,2,RETURN_ALIGNED,0.0414884603794418,0.8149056272876102,0.050911981694707
149036,0,2,3,3,NATIVE,-0.0005815567368365,-0.3794969656423883,0.0015324410717742
149036,0,2,3,3,RETURN_ALIGNED,0.0042075135716839,0.5563330931564288,0.0075629395830229
149036,0,2,4,1,NATIVE,0.3575902345501158,0.7035107207946695,0.5082939377898003
149036,0,2,4,1,RETURN_ALIGNED,0.5473710372459867,0.6797182541102734,0.8052910657261229
149036,0,2,4,2,NATIVE,-0.009382071951471,-0.4324290167572121,0.0216962127605374
149036,0,2,4,2,RETURN_ALIGNED,0.0553929997383994,0.7446814468028304,0.0743848258555319
149036,0,2,4,3,NATIVE,-0.0001781955791853,-0.0823251166354565,0.0021645347910268
149036,0,2,4,3,RETURN_ALIGNED,0.0097436162844913,0.6909966239678811,0.0141008160475593
149036,0,2,5,1,NATIVE,0.3696498223675609,0.8763957132683878,0.4217841515779218
149036,0,2,5,1,RETURN_ALIGNED,0.5976269289235804,0.8154668838267948,0.7328647438372928
149036,0,2,5,2,NATIVE,0.005658342979659,0.346770016471112,0.0163172786300185
149036,0,2,5,2,RETURN_ALIGNED,0.0544356300840504,0.8024073579547655,0.0678403924684848
149036,0,2,5,3,NATIVE,-0.0001548376794095,-0.205124781125684,0.0007548462858979
149036,0,2,5,3,RETURN_ALIGNED,0.0031305692886236,0.7941313279556704,0.0039421304481089
149036,0,2,6,1,NATIVE,0.1881522075727282,0.6445175714108704,0.2919271962760805
149036,0,2,6,1,RETURN_ALIGNED,0.2546588184544751,0.7238199871888287,0.3518261763445236
149036,0,2,6,2,NATIVE,0.0056631711939095,0.3460528955554235,0.0163650449586761
149036,0,2,6,2,RETURN_ALIGNED,0.0201963263293684,0.7875200755403354,0.0256454748983569
149036,0,2,6,3,NATIVE,0.0002300811282116,0.1616820910613129,0.0014230464649628
149036,0,2,6,3,RETURN_ALIGNED,0.0033401694440691,0.7776567967436134,0.0042951716717149
149036,0,2,7,1,NATIVE,0.2814908707123487,0.7428860839271747,0.3789152560568218
149036,0,2,7,1,RETURN_ALIGNED,0.3424938663756963,0.7985895608565234,0.4288734578602834
149036,0,2,7,2,NATIVE,0.0088824816910037,0.4456799643028371,0.0199301795064124
149036,0,2,7,2,RETURN_ALIGNED,0.0313656674225262,0.8599666037611997,0.0364731226599659
149036,0,2,7,3,NATIVE,0.0006967193282286,0.4708939437021119,0.0014795674004138
149036,0,2,7,3,RETURN_ALIGNED,0.0023561971994801,0.5591696721364662,0.0042137428347806
149036,2,4,0,1,NATIVE,0.3117854526472992,0.9463257351007688,0.3294694850648536
149036,2,4,0,1,RETURN_ALIGNED,0.4428948786259619,0.8693526571595321,0.5094536434420377
149036,2,4,0,2,NATIVE,-0.0046009220739375,-0.179354893096965,0.0256526152950645
149036,2,4,0,2,RETURN_ALIGNED,0.0450853053184364,0.7814570548084889,0.0576939001841158
149036,2,4,0,3,NATIVE,2.893808482861962e-06,0.003371988577353,0.0008581904761
149036,2,4,0,3,RETURN_ALIGNED,0.0028926256436913,0.8849233193844832,0.0032687867753733
149036,2,4,1,1,NATIVE,0.2134459500054077,0.7465263025414316,0.2859188608341376
149036,2,4,1,1,RETURN_ALIGNED,0.4155229723879414,0.7498655652229894,0.5541299556332451
149036,2,4,1,2,NATIVE,-0.0021485721921869,-0.3505692216076281,0.0061288101171642
149036,2,4,1,2,RETURN_ALIGNED,0.042183553746455,0.8282391925189532,0.0509316078343126
149036,2,4,1,3,NATIVE,3.858335557159935e-05,0.140371357426329,0.0002748662994028
149036,2,4,1,3,RETURN_ALIGNED,0.0046568942103013,0.828704362894507,0.0056194879847807
149036,2,4,3,1,NATIVE,0.5266293241029145,0.8880782427269338,0.5929987908337504
149036,2,4,3,1,RETURN_ALIGNED,0.6821629347498663,0.8683359936688783,0.7855979018761572
149036,2,4,3,2,NATIVE,-0.0105114902207158,-0.169184204146291,0.0621304469503945
149036,2,4,3,2,RETURN_ALIGNED,0.0809636743031377,0.8028605778938621,0.1008440027218675
149036,2,4,3,3,NATIVE,-0.0004543651507692,-0.1623310457454064,0.0027990034104019
149036,2,4,3,3,RETURN_ALIGNED,0.0041975818299799,0.8063503438647757,0.005205655161375
149036,2,4,5,1,NATIVE,0.0968149477962316,0.4160187770834616,0.2327177356631012
149036,2,4,5,1,RETURN_ALIGNED,0.2880440787566226,0.6911175763131523,0.4167801378937291
149036,2,4,5,2,NATIVE,0.0027030914163535,0.6501147708111585,0.0041578680221393
149036,2,4,5,2,RETURN_ALIGNED,0.0372527018472355,0.868569187198666,0.0428897345153173
149036,2,4,5,3,NATIVE,-8.052234187437175e-06,-0.0504396257171337,0.000159641037541
149036,2,4,5,3,RETURN_ALIGNED,0.0031776559380139,0.8095027980814256,0.0039254415740981
149036,2,4,6,1,NATIVE,0.1682310093481071,0.6352744970511668,0.2648162489269394
149036,2,4,6,1,RETURN_ALIGNED,0.3142241521283692,0.8685390263578583,0.36178472422357
149036,2,4,6,2,NATIVE,-0.0086814624953932,-0.4227239766395678,0.0205369531302161
149036,2,4,6,2,RETURN_ALIGNED,0.0305712247232086,0.7242402686676664,0.0422114401056901
149036,2,4,6,3,NATIVE,-9.21120242413686e-05,-0.1582767938508972,0.0005819679688156
149036,2,4,6,3,RETURN_ALIGNED,0.0019504774083239,0.8572748429115131,0.0022752066322483
149036,2,4,7,1,NATIVE,0.463655017546798,0.9635132510775448,0.4812129122544166
149036,2,4,7,1,RETURN_ALIGNED,0.5473584781486797,0.867214017531156,0.6311688546120386
149036,2,4,7,2,NATIVE,0.0032040870730216,0.0488764945142521,0.0655547642036101
149036,2,4,7,2,RETURN_ALIGNED,0.0950156578114849,0.7049625067159437,0.1347811506367446
149036,2,4,7,3,NATIVE,0.0004807549912837,0.2635439435503618,0.0018241929021169
149036,2,4,7,3,RETURN_ALIGNED,0.0056803940113285,0.8628880818162042,0.0065830020495429
149036,4,6,0,1,NATIVE,0.3765580054722094,0.9570260095464502,0.3934668459539728
149036,4,6,0,1,RETURN_ALIGNED,0.4609823245437614,0.8515969002901289,0.5413151743350334
149036,4,6,0,2,NATIVE,0.0098758501888086,0.3447146724902744,0.0286493467695243
149036,4,6,0,2,RETURN_ALIGNED,0.0576893378391663,0.8132780132291971,0.0709343384433789
149036,4,6,0,3,NATIVE,0.0009945726597734,0.4654042518815136,0.0021370081074799
149036,4,6,0,3,RETURN_ALIGNED,0.0060155691623613,0.6581512826978271,0.0091401009466333
149036,4,6,1,1,NATIVE,0.3525719882090911,0.8955935868432521,0.3936740876536348
149036,4,6,1,1,RETURN_ALIGNED,0.553039521902869,0.7613834130474159,0.7263614000852586
149036,4,6,1,2,NATIVE,-0.0012053783206155,-0.0894929880936886,0.0134689694268552
149036,4,6,1,2,RETURN_ALIGNED,0.0650325120051247,0.7691291626602573,0.0845534341458082
149036,4,6,1,3,NATIVE,0.0005378854218495,0.4820572324810918,0.0011158123651512
149036,4,6,1,3,RETURN_ALIGNED,0.008179138924974,0.6965941833545537,0.0117416124320202
149036,4,6,2,1,NATIVE,0.1884615422158477,0.2927197169510161,0.6438293401578087
149036,4,6,2,1,RETURN_ALIGNED,0.3038560275505,0.4765730724474775,0.6375853885110794
149036,4,6,2,2,NATIVE,-0.009022099049939,-0.2535499684398111,0.0355831203814918
149036,4,6,2,2,RETURN_ALIGNED,0.0245183677615471,0.687786645732216,0.0356482172387098
149036,4,6,2,3,NATIVE,-0.0004438009779226,-0.1020579169584282,0.0043485208270068
149036,4,6,2,3,RETURN_ALIGNED,0.0047727122409408,0.605248670712008,0.0078855393974857
149036,4,6,3,1,NATIVE,0.3549920070933081,0.8499576887183552,0.4176584455969243
149036,4,6,3,1,RETURN_ALIGNED,0.515582150496056,0.8713113150795644,0.5917312693786607
149036,4,6,3,2,NATIVE,-0.0094257519105096,-0.40683560147466,0.0231684539806566
149036,4,6,3,2,RETURN_ALIGNED,0.0435205723175307,0.7847049146208527,0.0554610676020333
149036,4,6,3,3,NATIVE,-0.0004639175223502,-0.3268762083692946,0.0014192452996505
149036,4,6,3,3,RETURN_ALIGNED,0.0043364396181093,0.6771886903904764,0.0064035913173572
149036,4,6,5,1,NATIVE,0.2167196655940439,0.7194752236015791,0.301219080914448
149036,4,6,5,1,RETURN_ALIGNED,0.4293617229092545,0.8549163918324028,0.5022265650900907
149036,4,6,5,2,NATIVE,0.0083577547510185,0.7128470123965597,0.0117244718786637
149036,4,6,5,2,RETURN_ALIGNED,0.0534619362351002,0.727163460438335,0.0735212082885787
149036,4,6,5,3,NATIVE,-1.647690911281804e-05,-0.0132469202605094,0.0012438294143077
149036,4,6,5,3,RETURN_ALIGNED,0.0053283825196312,0.4374648136704706,0.0121801396402451
149036,4,6,7,1,NATIVE,0.4128593720878702,0.7936211623335209,0.5202222315668434
149036,4,6,7,1,RETURN_ALIGNED,0.4603998174656757,0.7872328465827567,0.5848330890462019
149036,4,6,7,2,NATIVE,0.0093873017633239,0.3578128576920254,0.0262352276098256
149036,4,6,7,2,RETURN_ALIGNED,0.036936619916049,0.8510068392050427,0.0434034348659668
149036,4,6,7,3,NATIVE,0.0006459354871548,0.4418080471457939,0.0014620274376134
149036,4,6,7,3,RETURN_ALIGNED,0.0023809499742481,0.6288258153794997,0.0037863426022242
149036,6,0,1,1,NATIVE,0.2302881899584847,0.7360530219615253,0.3128690231374
149036,6,0,1,1,RETURN_ALIGNED,0.4773046583668884,0.7653894221658266,0.6236102101022304
149036,6,0,1,2,NATIVE,-0.0019516207407898,-0.3374088614541516,0.0057841419230857
149036,6,0,1,2,RETURN_ALIGNED,0.0432254700278082,0.8249161897076134,0.0523998323309107
149036,6,0,1,3,NATIVE,-3.0031532954206336e-06,-0.0090017536335457,0.0003336186943209
149036,6,0,1,3,RETURN_ALIGNED,0.0052024482524604,0.7011853066341175,0.0074195055188904
149036,6,0,2,1,NATIVE,0.0646047887276786,0.1711305818907504,0.3775174957851006
149036,6,0,2,1,RETURN_ALIGNED,0.3917783788803108,0.7259536329073558,0.5396741074373739
149036,6,0,2,2,NATIVE,0.007077665508681,0.4189877826440475,0.0168922956748848
149036,6,0,2,2,RETURN_ALIGNED,0.0330638357978638,0.8073781715629017,0.0409521051748078
149036,6,0,2,3,NATIVE,0.000384334465574,0.415644192282024,0.0009246718049132
149036,6,0,2,3,RETURN_ALIGNED,0.0026183045776905,0.6486139081460427,0.004036769092767
149036,6,0,3,1,NATIVE,0.4735414914146269,0.957086356967944,0.4947740483050486
149036,6,0,3,1,RETURN_ALIGNED,0.5844493669400579,0.8985161740504443,0.6504605969476956
149036,6,0,3,2,NATIVE,-0.0019303009637754,-0.030363983400428,0.0635720596435457
149036,6,0,3,2,RETURN_ALIGNED,0.0793920438184034,0.7635298138947201,0.1039802799746085
149036,6,0,3,3,NATIVE,0.0003443984654665,0.0492556032762157,0.0069920667367869
149036,6,0,3,3,RETURN_ALIGNED,0.0098312268047221,0.7358280671764181,0.0133607662446203
149036,6,0,4,1,NATIVE,0.3864979915099992,0.8039338265898012,0.4807584638519538
149036,6,0,4,1,RETURN_ALIGNED,0.4835825438344244,0.8099158860984073,0.5970774893229048
149036,6,0,4,2,NATIVE,0.0134156320138456,0.4855476835335701,0.0276298960301097
149036,6,0,4,2,RETURN_ALIGNED,0.051057598025311,0.7690283677645444,0.0663923467134192
149036,6,0,4,3,NATIVE,0.0003270639037421,0.3189960519319697,0.0010252913843639
149036,6,0,4,3,RETURN_ALIGNED,0.0032087078750533,0.7151700204387988,0.0044866364406222
149036,6,0,5,1,NATIVE,0.1226644993674609,0.537444947563611,0.2282363987669771
149036,6,0,5,1,RETURN_ALIGNED,0.2955014946091458,0.7675455473696303,0.3849953864259706
149036,6,0,5,2,NATIVE,0.0032310654443711,0.670273786271746,0.0048205159003366
149036,6,0,5,2,RETURN_ALIGNED,0.0340220524514547,0.8642303163921808,0.0393668814968174
149036,6,0,5,3,NATIVE,5.721735590163946e-05,0.2059858781999834,0.0002777731967196
149036,6,0,5,3,RETURN_ALIGNED,0.0032941741218735,0.6718489313328803,0.0049031470738887
149036,6,0,7,1,NATIVE,0.5716023167144167,0.9625875892635678,0.5938184982746946
149036,6,0,7,1,RETURN_ALIGNED,0.6812884326453175,0.8657350110492276,0.7869479967312325
149036,6,0,7,2,NATIVE,-0.0052551657911302,-0.0738716861441831,0.071139107083582
149036,6,0,7,2,RETURN_ALIGNED,0.1104667299864909,0.7359507236416905,0.1501007152207012
149036,6,0,7,3,NATIVE,0.0018140922876242,0.3932002938721191,0.0046136595401354
149036,6,0,7,3,RETURN_ALIGNED,0.0114714443857602,0.7534787427666151,0.0152246423601405
149037,0,2,1,1,NATIVE,0.1022984236718297,0.7478994442742091,0.1367809863411183
149037,0,2,1,1,RETURN_ALIGNED,0.1383941796524376,0.9112661761485698,0.1518702035417578
149037,0,2,1,2,NATIVE,0.0036568001340352,0.8642678014033169,0.0042310961116594
149037,0,2,1,2,RETURN_ALIGNED,0.0060867180481791,0.9281684971014182,0.0065577727180959
149037,0,2,1,3,NATIVE,0.0001985218266258,0.6354449035302828,0.0003124139089939
149037,0,2,1,3,RETURN_ALIGNED,0.000356164758393,0.7728364609640693,0.0004608539787403
149037,0,2,3,1,NATIVE,0.0509440452983247,0.4800776353564909,0.106116264425558
149037,0,2,3,1,RETURN_ALIGNED,0.0879232990920078,0.7173527203159326,0.122566342333278
149037,0,2,3,2,NATIVE,0.0004898708171363,0.1666992996668564,0.0029386495208989
149037,0,2,3,2,RETURN_ALIGNED,0.0009350976557134,0.4566232845143486,0.0020478536406851
149037,0,2,3,3,NATIVE,-2.303246797255276e-07,-0.0030465592991583,7.560157428839571e-05
149037,0,2,3,3,RETURN_ALIGNED,1.5651317172323293e-05,0.6154415119899446,2.5431038948560923e-05
149037,0,2,4,1,NATIVE,-0.006533012496961,-0.0443230669779032,0.1473953167594582
149037,0,2,4,1,RETURN_ALIGNED,0.1215233911706672,0.7495992691304014,0.1621178090416307
149037,0,2,4,2,NATIVE,-0.001858687579973,-0.5071083144647301,0.0036652674131016
149037,0,2,4,2,RETURN_ALIGNED,0.0030985056528589,0.6225096827607209,0.0049774416986628
149037,0,2,4,3,NATIVE,-1.3446312684850497e-05,-0.0872725880652542,0.0001540725784039
149037,0,2,4,3,RETURN_ALIGNED,0.0001222042920664,0.6601670452343659,0.0001851111666586
149037,0,2,5,1,NATIVE,-0.0365235594296681,-0.1884283839266894,0.1938325780253022
149037,0,2,5,1,RETURN_ALIGNED,0.153356272885996,0.7641234036606575,0.2006956888785915
149037,0,2,5,2,NATIVE,-0.0043570587464049,-0.7356717933376499,0.0059225578385481
149037,0,2,5,2,RETURN_ALIGNED,0.0073500992293158,0.8352480809796963,0.0087998995705529
149037,0,2,5,3,NATIVE,-5.325440335529405e-05,-0.1538368978426789,0.0003461744481959
149037,0,2,5,3,RETURN_ALIGNED,0.0003249810071115,0.664937534697407,0.0004887391515462
149037,0,2,6,1,NATIVE,-0.0034658163151573,-0.0669132713418288,0.051795648989397
149037,0,2,6,1,RETURN_ALIGNED,0.0465054201205522,0.7957795147785302,0.0584400820288156
149037,0,2,6,2,NATIVE,-0.0006234209757619,-0.6240301486814966,0.0009990238084379
149037,0,2,6,2,RETURN_ALIGNED,0.0013642635944568,0.7187875873808334,0.0018980066132959
149037,0,2,6,3,NATIVE,-9.842496858391264e-06,-0.2046987316471679,4.80828422503271e-05
149037,0,2,6,3,RETURN_ALIGNED,5.369960067185777e-05,0.6460039641629846,8.312580655536652e-05
149037,0,2,7,1,NATIVE,0.0458101021405581,0.4590433850045008,0.0997947114303083
149037,0,2,7,1,RETURN_ALIGNED,0.0858572705566372,0.7276522197371704,0.1179921784442348
149037,0,2,7,2,NATIVE,0.0007578909161986,0.3071875838582001,0.0024671925428109
149037,0,2,7,2,RETURN_ALIGNED,0.0014449912158358,0.3605726701178972,0.0040074895728883
149037,0,2,7,3,NATIVE,1.891170447016755e-05,0.2836357002025086,6.667603693213419e-05
149037,0,2,7,3,RETURN_ALIGNED,5.9393212658396506e-05,0.5817761459011775,0.0001020894599718
149037,2,4,0,1,NATIVE,0.1738632995086899,0.6670291846281595,0.2606532120562103
149037,2,4,0,1,RETURN_ALIGNED,0.2036229558454366,0.6851647641560935,0.2971883063719907
149037,2,4,0,2,NATIVE,0.001606913162616,0.2417810080403088,0.0066461513066318
149037,2,4,0,2,RETURN_ALIGNED,0.0038618485197989,0.5889137895843745,0.0065575786945932
149037,2,4,0,3,NATIVE,0.0001101962273364,0.5008548869244598,0.00022001627606
149037,2,4,0,3,RETURN_ALIGNED,0.0001070572823799,0.6845742213274989,0.0001563852080274
149037,2,4,1,1,NATIVE,0.0772002721533066,0.4471020189530737,0.1726681358631187
149037,2,4,1,1,RETURN_ALIGNED,0.1363577954057236,0.677138016994378,0.2013737110949911
149037,2,4,1,2,NATIVE,0.0012779506273419,0.2084806175045835,0.0061298294419672
149037,2,4,1,2,RETURN_ALIGNED,0.001408264975531,0.3577259576863611,0.0039367145300183
149037,2,4,1,3,NATIVE,3.940656075184992e-05,0.2422614135640944,0.0001626613173842
149037,2,4,1,3,RETURN_ALIGNED,5.702526565068865e-05,0.6523527617056744,8.741476821945635e-05
149037,2,4,3,1,NATIVE,0.0830989805341541,0.840440571291691,0.0988754986047414
149037,2,4,3,1,RETURN_ALIGNED,0.1008275971312276,0.9286416004671092,0.1085753611301425
149037,2,4,3,2,NATIVE,0.0024056383869139,0.8315117753639332,0.0028930899815339
149037,2,4,3,2,RETURN_ALIGNED,0.0042745326344889,0.9408795255495392,0.0045431242984066
149037,2,4,3,3,NATIVE,5.148101589100872e-05,0.3036890186601444,0.0001695188584714
149037,2,4,3,3,RETURN_ALIGNED,0.0001560913297401,0.6262063608811477,0.0002492650015218
149037,2,4,5,1,NATIVE,0.1034931820410491,0.4968546861919851,0.2082966809354502
149037,2,4,5,1,RETURN_ALIGNED,0.1642778925119593,0.733597003116821,0.2239347922823367
149037,2,4,5,2,NATIVE,0.0039092290227837,0.4915640844944203,0.0079526335343752
149037,2,4,5,2,RETURN_ALIGNED,0.0061768621706203,0.5435753717913347,0.0113633959355286
149037,2,4,5,3,NATIVE,2.5421527206292392e-05,0.1102820760239826,0.000230513679972
149037,2,4,5,3,RETURN_ALIGNED,0.0001726455425781,0.6730578063126152,0.000256509234116
149037,2,4,6,1,NATIVE,0.0280827387079132,0.1791899656837303,0.1567204871139004
149037,2,4,6,1,RETURN_ALIGNED,0.0798048325498438,0.4747047114418537,0.1681146839839719
149037,2,4,6,2,NATIVE,-0.000712109353307,-0.1836207729060229,0.003878152465914
149037,2,4,6,2,RETURN_ALIGNED,0.0032234615018522,0.5892533493445028,0.005470416935633
149037,2,4,6,3,NATIVE,-6.649555508715702e-05,-0.3711082902215036,0.0001791810006653
149037,2,4,6,3,RETURN_ALIGNED,8.630400178480298e-05,0.629498658778347,0.0001370995793069
149037,2,4,7,1,NATIVE,-0.0289388799008917,-0.3623431103794846,0.0798659587332559
149037,2,4,7,1,RETURN_ALIGNED,0.0746444771132736,0.7626931369457077,0.0978696063951807
149037,2,4,7,2,NATIVE,-0.0008362503086875,-0.6193577929153143,0.0013501893705335
149037,2,4,7,2,RETURN_ALIGNED,0.0032227143867608,0.8471361295914616,0.003804246181932
149037,2,4,7,3,NATIVE,1.130047284518567e-05,0.2222409080253312,5.084785178196336e-05
149037,2,4,7,3,RETURN_ALIGNED,7.344409801881291e-05,0.4813009547967631,0.0001525949555745
149037,4,6,0,1,NATIVE,0.1270317129991049,0.4406035596804152,0.2883129521040325
149037,4,6,0,1,RETURN_ALIGNED,0.1795563384832245,0.6615666724221297,0.2714107979860598
149037,4,6,0,2,NATIVE,0.0010327434764589,0.1945842022050424,0.0053074374214473
149037,4,6,0,2,RETURN_ALIGNED,0.0032536452513563,0.4736252167269955,0.0068696622061444
149037,4,6,0,3,NATIVE,2.8342389718596008e-05,0.2515356463379189,0.0001126774280264
149037,4,6,0,3,RETURN_ALIGNED,6.707800163308955e-05,0.705490728089941,9.507991936929744e-05
149037,4,6,1,1,NATIVE,0.217393595029997,0.6649751015662779,0.3269199019899695
149037,4,6,1,1,RETURN_ALIGNED,0.2692777670555124,0.7086546110699771,0.3799844985821237
149037,4,6,1,2,NATIVE,0.006178663218885,0.6569907291365062,0.0094044907246802
149037,4,6,1,2,RETURN_ALIGNED,0.0072264726520238,0.8089170502659825,0.0089335150606694
149037,4,6,1,3,NATIVE,0.0004674604146796,0.8082119021633618,0.0005783884288103
149037,4,6,1,3,RETURN_ALIGNED,0.0004661922691653,0.928529452745135,0.000502075906135
149037,4,6,2,1,NATIVE,-0.0054856749471956,-0.0601937785691761,0.0911335868520153
149037,4,6,2,1,RETURN_ALIGNED,0.0622061769076167,0.6883438079141639,0.0903707946411156
149037,4,6,2,2,NATIVE,0.0006276714840273,0.2511185420665405,0.0024995027399339
149037,4,6,2,2,RETURN_ALIGNED,0.0017138863557548,0.6344260630762122,0.0027014753259548
149037,4,6,2,3,NATIVE,3.762739242129445e-06,0.0731501590110246,5.1438565314519735e-05
149037,4,6,2,3,RETURN_ALIGNED,2.3821795113998643e-05,0.7368373298407973,3.232978847268175e-05
149037,4,6,3,1,NATIVE,0.0776430183547227,0.8411150890503725,0.0923096248842108
149037,4,6,3,1,RETURN_ALIGNED,0.092012142937259,0.9080521401322542,0.101329140553341
149037,4,6,3,2,NATIVE,0.0021598331394631,0.7253383893239627,0.0029776903734472
149037,4,6,3,2,RETURN_ALIGNED,0.0037408020397626,0.8714473732293953,0.0042926310349669
149037,4,6,3,3,NATIVE,7.925548988621593e-06,0.0883119944326211,8.974487587405865e-05
149037,4,6,3,3,RETURN_ALIGNED,8.090750573173603e-05,0.6901049762692352,0.0001172394178207
149037,4,6,5,1,NATIVE,0.23350323876152,0.7952384395510356,0.2936267000539515
149037,4,6,5,1,RETURN_ALIGNED,0.2792302603055868,0.8638690949294936,0.3232321447131718
149037,4,6,5,2,NATIVE,0.0080155523554359,0.5523157053493317,0.0145126279722438
149037,4,6,5,2,RETURN_ALIGNED,0.0165922774585209,0.7643929678188613,0.0217064758002875
149037,4,6,5,3,NATIVE,0.0006766515805925,0.5923397478150456,0.0011423369441151
149037,4,6,5,3,RETURN_ALIGNED,0.0007855569921156,0.7086068211897295,0.0011085936019834
149037,4,6,7,1,NATIVE,-0.0379211048546354,-0.4539272677291722,0.0835400460613053
149037,4,6,7,1,RETURN_ALIGNED,0.0760549613781168,0.732807269564534,0.1037857626920382
149037,4,6,7,2,NATIVE,-0.0006326327245315,-0.4393268392580619,0.0014400047252012
149037,4,6,7,2,RETURN_ALIGNED,0.002418873317232,0.6751296958938413,0.0035828276134233
149037,4,6,7,3,NATIVE,7.702192278547425e-06,0.2468231914259606,3.120530207961003e-05
149037,4,6,7,3,RETURN_ALIGNED,5.1518168910267965e-05,0.6527932020918579,7.891958535451088e-05
149037,6,0,1,1,NATIVE,0.1415711069768972,0.7201858782802861,0.1965757886212335
149037,6,0,1,1,RETURN_ALIGNED,0.1836220257852232,0.8002383276525016,0.2294591741485299
149037,6,0,1,2,NATIVE,0.002572002570129,0.5717537208369536,0.0044984448308557
149037,6,0,1,2,RETURN_ALIGNED,0.0035359525022882,0.6694061141437884,0.0052822231937411
149037,6,0,1,3,NATIVE,4.0283742608663e-05,0.2656409277717205,0.0001516473492471
149037,6,0,1,3,RETURN_ALIGNED,9.89760025507331e-05,0.6050496116683525,0.0001635832839227
149037,6,0,2,1,NATIVE,0.0540589551168796,0.3980780846787946,0.1357998774546942
149037,6,0,2,1,RETURN_ALIGNED,0.0839940701888503,0.5547417001473381,0.1514111345269425
149037,6,0,2,2,NATIVE,0.0018834933359286,0.7422836025218459,0.0025374308813032
149037,6,0,2,2,RETURN_ALIGNED,0.0031088605679871,0.8620472250896019,0.0036063692072398
149037,6,0,2,3,NATIVE,8.06580081630982e-05,0.4749048349592387,0.0001698403587812
149037,6,0,2,3,RETURN_ALIGNED,0.000154179268112,0.6958569814763507,0.0002215674647627
149037,6,0,3,1,NATIVE,0.1084032373677697,0.8880822284071899,0.1220644146456222
149037,6,0,3,1,RETURN_ALIGNED,0.1270415057890641,0.9387112277555912,0.1353360884930975
149037,6,0,3,2,NATIVE,0.0029288428437898,0.7883676255946663,0.0037150724465791
149037,6,0,3,2,RETURN_ALIGNED,0.0050367594453471,0.8828692387257978,0.0057049891696629
149037,6,0,3,3,NATIVE,9.971063454465122e-05,0.4695318612700934,0.0002123618062204
149037,6,0,3,3,RETURN_ALIGNED,0.0002316905773055,0.7586668298393305,0.000305391731304
149037,6,0,4,1,NATIVE,0.1976289309433169,0.5800045919519575,0.3407368384414167
149037,6,0,4,1,RETURN_ALIGNED,0.2297889355618872,0.6795528514693108,0.3381472611952445
149037,6,0,4,2,NATIVE,-0.0014550498231936,-0.127262454712884,0.0114334571525896
149037,6,0,4,2,RETURN_ALIGNED,0.0067177499110958,0.6562909087752979,0.0102359332130822
149037,6,0,4,3,NATIVE,0.0001862816250733,0.3043056140373498,0.0006121530977768
149037,6,0,4,3,RETURN_ALIGNED,0.0001400445459011,0.4390743195216232,0.0003189540780777
149037,6,0,5,1,NATIVE,0.0965772686669608,0.3657265543554522,0.2640696102505435
149037,6,0,5,1,RETURN_ALIGNED,0.1701403588687266,0.6448940157762274,0.2638268532603179
149037,6,0,5,2,NATIVE,-0.0002210240795098,-0.0337694091044081,0.0065450976301876
149037,6,0,5,2,RETURN_ALIGNED,0.0019850439180358,0.3439242318166096,0.0057717477697674
149037,6,0,5,3,NATIVE,7.284028166534887e-06,0.0431534017290499,0.000168793834729
149037,6,0,5,3,RETURN_ALIGNED,8.199718168524666e-05,0.6225547883038646,0.0001317107877467
149037,6,0,7,1,NATIVE,-0.0280237469792404,-0.1765797935912819,0.1587030226348611
149037,6,0,7,1,RETURN_ALIGNED,0.1216399506151241,0.6828910731445574,0.1781249680930188
149037,6,0,7,2,NATIVE,-0.0013860829270611,-0.5123058800230781,0.0027055768453273
149037,6,0,7,2,RETURN_ALIGNED,0.00486573674385,0.7205143333206473,0.0067531435786169
149037,6,0,7,3,NATIVE,2.3742497629478817e-05,0.2220340470341932,0.0001069317864908
149037,6,0,7,3,RETURN_ALIGNED,0.000173476460387,0.650221691124062,0.0002667958664299
149038,0,2,1,1,NATIVE,0.1366534441388459,0.5402128186364354,0.2529622389988402
149038,0,2,1,1,RETURN_ALIGNED,0.3169879699615713,0.8694232925160115,0.3645956724293439
149038,0,2,1,2,NATIVE,-0.0004224799632671,-0.2250934699895311,0.0018769090153769
149038,0,2,1,2,RETURN_ALIGNED,0.0032702879404475,0.4835738404878137,0.0067627478294656
149038,0,2,1,3,NATIVE,-2.7838692045279627e-05,-0.4952619931750361,5.6210028611698655e-05
149038,0,2,1,3,RETURN_ALIGNED,0.0004008695348312,0.645490976082211,0.0006210304219136
149038,0,2,3,1,NATIVE,0.0929965910623119,0.8002987376259797,0.1162023463113199
149038,0,2,3,1,RETURN_ALIGNED,0.1471104639860244,0.8185471039593408,0.1797214397000108
149038,0,2,3,2,NATIVE,-0.0008569520286731,-0.3466908085789461,0.0024718048688526
149038,0,2,3,2,RETURN_ALIGNED,0.0033043602421593,0.5390168508427763,0.0061303468285434
149038,0,2,3,3,NATIVE,-6.481679555674198e-05,-0.3972863431332331,0.0001631488130089
149038,0,2,3,3,RETURN_ALIGNED,0.0002445245223745,0.4395686315195064,0.0005562829204917
149038,0,2,4,1,NATIVE,0.1273489512310331,0.6078583290846508,0.2095043287838567
149038,0,2,4,1,RETURN_ALIGNED,0.2394227036314633,0.7333245528767736,0.3264894141233017
149038,0,2,4,2,NATIVE,-0.0003993562863161,-0.1148488770786207,0.0034772328336121
149038,0,2,4,2,RETURN_ALIGNED,0.003930645617959,0.6616914022878032,0.0059403002731608
149038,0,2,4,3,NATIVE,0.000111672967604,0.4211739721540239,0.0002651468848007
149038,0,2,4,3,RETURN_ALIGNED,0.0002836024500232,0.5683919600532493,0.0004989557711974
149038,0,2,5,1,NATIVE,0.1076248851118536,0.3934899429526487,0.2735136870427575
149038,0,2,5,1,RETURN_ALIGNED,0.2786242765781657,0.7661260603932563,0.363679413847464
149038,0,2,5,2,NATIVE,0.0001767198072472,0.051538385634525,0.0034288968312483
149038,0,2,5,2,RETURN_ALIGNED,0.0018517093739208,0.3213167165413356,0.0057628790481118
149038,0,2,5,3,NATIVE,6.277323452842571e-05,0.5117464061205972,0.0001226647270936
149038,0,2,5,3,RETURN_ALIGNED,0.0002191840328764,0.7342696241227886,0.0002985061942353
149038,0,2,6,1,NATIVE,0.0937267736398904,0.5436892586409656,0.1723903353797918
149038,0,2,6,1,RETURN_ALIGNED,0.2450015433427436,0.8576206265451235,0.2856758988285909
149038,0,2,6,2,NATIVE,-0.0002305205460935,-0.0907951158852699,0.0025389091010876
149038,0,2,6,2,RETURN_ALIGNED,0.0044500786489303,0.5863943903066106,0.007588883390167
149038,0,2,6,3,NATIVE,3.9006043077111566e-08,0.000225475581423,0.0001729945308396
149038,0,2,6,3,RETURN_ALIGNED,0.0002701987915272,0.420466072866263,0.0006426173423889
149038,0,2,7,1,NATIVE,0.1289916334177219,0.6532443963839902,0.1974630538454209
149038,0,2,7,1,RETURN_ALIGNED,0.2012746609421792,0.7268352932281853,0.2769192178985965
149038,0,2,7,2,NATIVE,0.0006842280519895,0.2168494158089672,0.0031553142506997
149038,0,2,7,2,RETURN_ALIGNED,0.0023413458226121,0.4547595492999133,0.005148535805681
149038,0,2,7,3,NATIVE,7.894494999558079e-05,0.4609887417816389,0.0001712513617211
149038,0,2,7,3,RETURN_ALIGNED,0.0001415404978184,0.5405253646435936,0.000261857272221
149038,2,4,0,1,NATIVE,0.081781700849504,0.6592695473250026,0.1240489587015225
149038,2,4,0,1,RETURN_ALIGNED,0.169239053329296,0.8255708997298327,0.2049963890253829
149038,2,4,0,2,NATIVE,-0.0012303523506108,-0.4045932988133873,0.0030409607724319
149038,2,4,0,2,RETURN_ALIGNED,0.0049599757672501,0.52812004451363,0.0093917582159728
149038,2,4,0,3,NATIVE,-4.570383698139061e-05,-0.3024353756162766,0.000151119347585
149038,2,4,0,3,RETURN_ALIGNED,0.0003117698132904,0.5233569265346427,0.0005957116394373
149038,2,4,1,1,NATIVE,0.0432894347063187,0.2648999792099477,0.163418037386325
149038,2,4,1,1,RETURN_ALIGNED,0.1701843034085919,0.6975927118978704,0.2439594056899303
149038,2,4,1,2,NATIVE,-0.0003133727387032,-0.4009061272180359,0.0007816611355747
149038,2,4,1,2,RETURN_ALIGNED,0.0014776642940305,0.4883785459143773,0.0030256535761855
149038,2,4,1,3,NATIVE,-5.718806624023374e-06,-0.2688980942724714,2.126756050696135e-05
149038,2,4,1,3,RETURN_ALIGNED,6.04468802352008e-05,0.5176902590375981,0.0001167626373535
149038,2,4,3,1,NATIVE,0.1357340569252077,0.8873593193756161,0.1529640292957979
149038,2,4,3,1,RETURN_ALIGNED,0.2139908823029494,0.9160056222477596,0.2336130664542507
149038,2,4,3,2,NATIVE,-0.0019023796028959,-0.3846889432483407,0.0049452411776134
149038,2,4,3,2,RETURN_ALIGNED,0.0095887575115419,0.7769465452412794,0.012341592314076
149038,2,4,3,3,NATIVE,-0.000127940049491,-0.4559801000335728,0.0002805825269152
149038,2,4,3,3,RETURN_ALIGNED,0.0009528870973773,0.7456109960229657,0.0012779949613835
149038,2,4,5,1,NATIVE,0.0490511112822037,0.2996117226476523,0.163715594465153
149038,2,4,5,1,RETURN_ALIGNED,0.0899927083554493,0.3898735397760418,0.230825380986067
149038,2,4,5,2,NATIVE,0.0003055404892416,0.277940848416509,0.0010993004121209
149038,2,4,5,2,RETURN_ALIGNED,0.0007943260067966,0.5342700180369193,0.0014867501074708
149038,2,4,5,3,NATIVE,1.7317791547859698e-05,0.2976169858993048,5.8188182182883714e-05
149038,2,4,5,3,RETURN_ALIGNED,2.7025769677211904e-05,0.5479364462520744,4.932281760577262e-05
149038,2,4,6,1,NATIVE,0.0673374783754353,0.5547536192261486,0.1213826751939335
149038,2,4,6,1,RETURN_ALIGNED,0.1532152268749847,0.725792103702654,0.2111007078928773
149038,2,4,6,2,NATIVE,-0.0001498826951253,-0.0800618489659855,0.0018720863561665
149038,2,4,6,2,RETURN_ALIGNED,0.003573376086368,0.5560132200795639,0.0064267825964145
149038,2,4,6,3,NATIVE,-1.3386064585331383e-05,-0.1528902096538835,8.755344396329585e-05
149038,2,4,6,3,RETURN_ALIGNED,0.0001022614444172,0.6521986353745015,0.0001567949365346
149038,2,4,7,1,NATIVE,0.1752361276318129,0.8780096721926703,0.1995833681350321
149038,2,4,7,1,RETURN_ALIGNED,0.2487809833861231,0.8596554029684184,0.2893961726136637
149038,2,4,7,2,NATIVE,0.0009210058773424,0.1546845414554193,0.0059540912659618
149038,2,4,7,2,RETURN_ALIGNED,0.0065893864757306,0.6466797786658008,0.0101895662935033
149038,2,4,7,3,NATIVE,0.0001293246124594,0.5412403074796376,0.0002389412061859
149038,2,4,7,3,RETURN_ALIGNED,0.0006078510236421,0.7869748226315947,0.0007723894149556
149038,4,6,0,1,NATIVE,0.1304558610768262,0.664544289621731,0.1963087534025348
149038,4,6,0,1,RETURN_ALIGNED,0.2005887806713682,0.6603091118876048,0.3037801191287443
149038,4,6,0,2,NATIVE,0.0005104340883501,0.1901620352230154,0.0026842060652468
149038,4,6,0,2,RETURN_ALIGNED,0.0023861569843704,0.4073810541353913,0.0058573096615443
149038,4,6,0,3,NATIVE,6.172616917343489e-05,0.5173460657595004,0.0001193131118639
149038,4,6,0,3,RETURN_ALIGNED,0.0002947282938571,0.7306449399255921,0.0004033810097492
149038,4,6,1,1,NATIVE,0.0126421503551994,0.0610806265415526,0.2069747982453142
149038,4,6,1,1,RETURN_ALIGNED,0.1829453588604488,0.6005227320945836,0.3046435198577602
149038,4,6,1,2,NATIVE,0.0002908626228107,0.1758079972429273,0.0016544334008169
149038,4,6,1,2,RETURN_ALIGNED,0.0043723041303616,0.7303602002272587,0.0059865038221278
149038,4,6,1,3,NATIVE,3.867149900033944e-05,0.5631645137031343,6.866820919664777e-05
149038,4,6,1,3,RETURN_ALIGNED,0.0004769054283127,0.8195800482241196,0.000581889992101
149038,4,6,2,1,NATIVE,0.0490892102032518,0.4520435120669507,0.1085939934821748
149038,4,6,2,1,RETURN_ALIGNED,0.137385255023672,0.7099538669726542,0.1935129329025637
149038,4,6,2,2,NATIVE,-0.0001493227968208,-0.1601447842932479,0.0009324237280995
149038,4,6,2,2,RETURN_ALIGNED,0.0025242382644818,0.5392792302589986,0.0046807629940081
149038,4,6,2,3,NATIVE,-1.953838007015794e-05,-0.5371008833985689,3.637748613844072e-05
149038,4,6,2,3,RETURN_ALIGNED,0.0002926468324091,0.7324070116294014,0.0003995685835689
149038,4,6,3,1,NATIVE,0.0463552232152199,0.6253289426037861,0.0741293422660269
149038,4,6,3,1,RETURN_ALIGNED,0.0934679175885924,0.7718908053487279,0.1210895594827792
149038,4,6,3,2,NATIVE,-0.0003264486076223,-0.294939885266329,0.0011068309981689
149038,4,6,3,2,RETURN_ALIGNED,0.0021002972955223,0.5827316815947835,0.0036042270599537
149038,4,6,3,3,NATIVE,-3.162879665455663e-05,-0.5873341042080779,5.385145582618481e-05
149038,4,6,3,3,RETURN_ALIGNED,0.0002331520498268,0.6747682497375225,0.0003455290758242
149038,4,6,5,1,NATIVE,0.0764133734452059,0.4828378120640514,0.1582588843204002
149038,4,6,5,1,RETURN_ALIGNED,0.1881802314296106,0.8281548933160091,0.227228303482855
149038,4,6,5,2,NATIVE,-4.421244520130159e-05,-0.0495229306778244,0.0008927671401499
149038,4,6,5,2,RETURN_ALIGNED,0.0039219005761901,0.7667575523864922,0.005114916134646
149038,4,6,5,3,NATIVE,-5.622212244350018e-06,-0.3732878733166906,1.5061330444760585e-05
149038,4,6,5,3,RETURN_ALIGNED,0.0004481508309766,0.7898969267911311,0.0005673535562465
149038,4,6,7,1,NATIVE,0.0714002626858252,0.4354328831741844,0.1639753574999623
149038,4,6,7,1,RETURN_ALIGNED,0.1113588989345434,0.6461290973997557,0.1723477543149568
149038,4,6,7,2,NATIVE,0.0006102574931419,0.2701902916255448,0.0022586210979597
149038,4,6,7,2,RETURN_ALIGNED,0.0008492973641092,0.5247232428682244,0.0016185625005715
149038,4,6,7,3,NATIVE,6.20328220538819e-05,0.579425899513547,0.0001070591115084
149038,4,6,7,3,RETURN_ALIGNED,9.399206518520598e-05,0.7030676304425034,0.0001336885116511
149038,6,0,1,1,NATIVE,0.0640158691976842,0.3503382892909631,0.1827258714056187
149038,6,0,1,1,RETURN_ALIGNED,0.2075001674640849,0.7634780705704474,0.2717827472223009
149038,6,0,1,2,NATIVE,-0.000491329808079,-0.4195734533282681,0.00117102215137
149038,6,0,1,2,RETURN_ALIGNED,0.0033908294693919,0.5141567607087921,0.0065949331573305
149038,6,0,1,3,NATIVE,-1.1814202449417155e-05,-0.3973307442534038,2.973392358243503e-05
149038,6,0,1,3,RETURN_ALIGNED,0.0002842797733986,0.4948193619778857,0.0005745122254033
149038,6,0,2,1,NATIVE,0.139732599127053,0.6206890043742951,0.2251249790825168
149038,6,0,2,1,RETURN_ALIGNED,0.2411863745579779,0.8453260725645674,0.2853175625183063
149038,6,0,2,2,NATIVE,0.0006880849780046,0.1925343280120937,0.0035738301060666
149038,6,0,2,2,RETURN_ALIGNED,0.0020228419468985,0.4933563530440069,0.004100163977117
149038,6,0,2,3,NATIVE,5.724934862038968e-05,0.2799955721378185,0.000204465190428
149038,6,0,2,3,RETURN_ALIGNED,0.0001248426078227,0.4105430315854563,0.0003040914040025
149038,6,0,3,1,NATIVE,0.1337282943196416,0.8695943582011516,0.1537823849224812
149038,6,0,3,1,RETURN_ALIGNED,0.2074473876967773,0.8805675755513761,0.2355837228807508
149038,6,0,3,2,NATIVE,-0.0011270063112508,-0.2728883008293964,0.0041299180204502
149038,6,0,3,2,RETURN_ALIGNED,0.005107747286586,0.5073044632774945,0.0100684059695215
149038,6,0,3,3,NATIVE,-9.89008898398767e-05,-0.4049846651344663,0.0002442089733619
149038,6,0,3,3,RETURN_ALIGNED,0.0004832124341598,0.500161971387994,0.0009661119020152
149038,6,0,4,1,NATIVE,0.110214387503828,0.4755356790402886,0.2317689131671463
149038,6,0,4,1,RETURN_ALIGNED,0.2163069211121893,0.63196209017449,0.3422783177578568
149038,6,0,4,2,NATIVE,0.0010866259620048,0.2721517108921987,0.0039927214065317
149038,6,0,4,2,RETURN_ALIGNED,0.0031173574467112,0.5528432001374639,0.0056387732466104
149038,6,0,4,3,NATIVE,0.0001289335946521,0.5465300337404649,0.0002359130986811
149038,6,0,4,3,RETURN_ALIGNED,0.0003003336453096,0.5405369078807406,0.000555620976238
149038,6,0,5,1,NATIVE,0.0505536124581834,0.2666772788535895,0.1895685027058183
149038,6,0,5,1,RETURN_ALIGNED,0.1387180891789492,0.5074020304054719,0.2733889122747016
149038,6,0,5,2,NATIVE,0.0005880710652744,0.3521241056652888,0.0016700676145812
149038,6,0,5,2,RETURN_ALIGNED,0.0018244207443852,0.4881297131771394,0.0037375736305554
149038,6,0,5,3,NATIVE,3.647166946831283e-05,0.4261381854749311,8.558648405080991e-05
149038,6,0,5,3,RETURN_ALIGNED,0.000110657139667,0.5532267806558842,0.0002000212985837
149038,6,0,7,1,NATIVE,0.1774527234681082,0.8950670310038519,0.1982563510004964
149038,6,0,7,1,RETURN_ALIGNED,0.253102469759662,0.8809555013313383,0.2873044885658564
149038,6,0,7,2,NATIVE,0.0002455889335036,0.0467326249598994,0.0052551923564314
149038,6,0,7,2,RETURN_ALIGNED,0.0033305635364004,0.3438991192033029,0.0096847108651559
149038,6,0,7,3,NATIVE,0.000111956215685,0.4953485312983708,0.0002260150342365
149038,6,0,7,3,RETURN_ALIGNED,0.0002493295016181,0.6313650457969373,0.0003949054556263
149039,0,2,1,1,NATIVE,-0.0300315050557476,-0.1045211620873363,0.2873246379583953
149039,0,2,1,1,RETURN_ALIGNED,0.8006706556403305,0.9050960039813988,0.8846251139307402
149039,0,2,1,2,NATIVE,-0.0129559768254344,-0.6001292741819562,0.0215886432849508
149039,0,2,1,2,RETURN_ALIGNED,0.3507277572219733,0.9321539236670546,0.3762551959680186
149039,0,2,1,3,NATIVE,-0.0010356908370115,-0.4137858642471393,0.0025029633093725
149039,0,2,1,3,RETURN_ALIGNED,0.064869855564665,0.6994490587030515,0.0927442174039356
149039,0,2,3,1,NATIVE,-0.0275781259811501,-0.3553409926825759,0.0776103138929831
149039,0,2,3,1,RETURN_ALIGNED,0.0973413690742386,0.7194693657420311,0.1352960580522051
149039,0,2,3,2,NATIVE,-0.0045242917693629,-0.5711268250523833,0.0079216936952755
149039,0,2,3,2,RETURN_ALIGNED,0.0317539345849787,0.6987384324158898,0.0454446658601859
149039,0,2,3,3,NATIVE,9.454479256835816e-05,0.4816131717014356,0.000196308568995
149039,0,2,3,3,RETURN_ALIGNED,0.001805992691456,0.6774887804112938,0.0026657160142609
149039,0,2,4,1,NATIVE,0.0225640863737486,0.2723797269283682,0.0828405499490754
149039,0,2,4,1,RETURN_ALIGNED,0.1746824386685036,0.5512507878444064,0.3168837895933705
149039,0,2,4,2,NATIVE,0.0008281435974263,0.1086025593638435,0.0076254519435593
149039,0,2,4,2,RETURN_ALIGNED,0.0811072367333346,0.6178406797596497,0.1312753261320328
149039,0,2,4,3,NATIVE,-4.678234726234123e-05,-0.4259473833974214,0.0001098312821451
149039,0,2,4,3,RETURN_ALIGNED,0.0050130126110456,0.6032834695071181,0.008309547442294
149039,0,2,5,1,NATIVE,0.0197441069483826,0.0421433869825867,0.4684983424927488
149039,0,2,5,1,RETURN_ALIGNED,1.1600740403055694,0.8120578005087099,1.4285609221153663
149039,0,2,5,2,NATIVE,0.0151774969680021,0.4709011863324113,0.0322307469338766
149039,0,2,5,2,RETURN_ALIGNED,0.342454760707047,0.8256682580273454,0.4147607194258972
149039,0,2,5,3,NATIVE,-0.0006379086585195,-0.2943803462906129,0.0021669539631989
149039,0,2,5,3,RETURN_ALIGNED,0.0591728149397017,0.7618777459254671,0.0776670735628001
149039,0,2,6,1,NATIVE,0.0131255479840715,0.0604512866391846,0.217126031781749
149039,0,2,6,1,RETURN_ALIGNED,0.4804227100343764,0.8208047383505169,0.5853069403568446
149039,0,2,6,2,NATIVE,-0.0030311010568696,-0.2238142505351825,0.0135429314691897
149039,0,2,6,2,RETURN_ALIGNED,0.1559122964812035,0.7934601300060653,0.1964966991849784
149039,0,2,6,3,NATIVE,-0.000240970884616,-0.5759014491285556,0.0004184238205128
149039,0,2,6,3,RETURN_ALIGNED,0.0129768162021111,0.6501122341970845,0.0199608860124
149039,0,2,7,1,NATIVE,0.027048231955274,0.3542332410108813,0.0763571252604016
149039,0,2,7,1,RETURN_ALIGNED,0.162734144728191,0.8062338383959112,0.2018448457236074
149039,0,2,7,2,NATIVE,0.0006803697524681,0.0791011696065387,0.0086012603332522
149039,0,2,7,2,RETURN_ALIGNED,0.0931844778266952,0.7449996926622755,0.1250798876084776
149039,0,2,7,3,NATIVE,-0.0001373065712198,-0.5889436908548045,0.0002331404059937
149039,0,2,7,3,RETURN_ALIGNED,0.0075133496862517,0.6622544791339753,0.0113451096564077
149039,2,4,0,1,NATIVE,0.032244670987279,0.4210681798451155,0.0765782657789865
149039,2,4,0,1,RETURN_ALIGNED,0.2037871771676193,0.7139717621649827,0.285427502832379
149039,2,4,0,2,NATIVE,0.0059461928561197,0.6551491048953839,0.0090760909407655
149039,2,4,0,2,RETURN_ALIGNED,0.0667069276379703,0.7365901295460183,0.0905617995162978
149039,2,4,0,3,NATIVE,-4.596101205377782e-05,-0.1381384817045053,0.0003327169333817
149039,2,4,0,3,RETURN_ALIGNED,0.0024803310910337,0.6710840199542003,0.0036960067846854
149039,2,4,1,1,NATIVE,0.0226529771220491,0.2105698053973507,0.1075794180428578
149039,2,4,1,1,RETURN_ALIGNED,0.2589303982009999,0.7861302425820658,0.329373409360926
149039,2,4,1,2,NATIVE,-0.0028685007180211,-0.2428351330473649,0.0118125440993341
149039,2,4,1,2,RETURN_ALIGNED,0.1571403401117435,0.8039986554450997,0.1954485110732714
149039,2,4,1,3,NATIVE,-0.0002027427280259,-0.523410944912673,0.0003873490418408
149039,2,4,1,3,RETURN_ALIGNED,0.0165181294641965,0.6267152984219937,0.026356671850453
149039,2,4,3,1,NATIVE,-0.059478700646441,-0.2811895146364536,0.211525314958097
149039,2,4,3,1,RETURN_ALIGNED,0.4602623515918582,0.8592342859391826,0.5356657190287439
149039,2,4,3,2,NATIVE,-0.0095974061798602,-0.7999885931552115,0.0119969287831851
149039,2,4,3,2,RETURN_ALIGNED,0.1646348383855302,0.7847317106130324,0.2097976112837175
149039,2,4,3,3,NATIVE,0.0001110039135428,0.121590075891326,0.000912935637373
149039,2,4,3,3,RETURN_ALIGNED,0.0387412764419141,0.711128875518705,0.0544785590558979
149039,2,4,5,1,NATIVE,-0.0455394302153073,-0.347290385460252,0.1311278173017742
149039,2,4,5,1,RETURN_ALIGNED,0.2102727135628951,0.6810905829614863,0.3087294389662185
149039,2,4,5,2,NATIVE,0.0020660025120496,0.1141779160779884,0.0180945894177556
149039,2,4,5,2,RETURN_ALIGNED,0.1079284886462711,0.5427979714637423,0.1988373102335919
149039,2,4,5,3,NATIVE,0.0001690358159772,0.4516504459927224,0.0003742624798704
149039,2,4,5,3,RETURN_ALIGNED,0.0114114965925755,0.6251737460611752,0.0182533202400734
149039,2,4,6,1,NATIVE,-0.091433837072695,-0.4579216929035167,0.1996713378938521
149039,2,4,6,1,RETURN_ALIGNED,0.2527985086082556,0.7630003309851503,0.331321623782008
149039,2,4,6,2,NATIVE,-0.0122385805215181,-0.548088568898744,0.0223295671825023
149039,2,4,6,2,RETURN_ALIGNED,0.0907277533610902,0.6321076407628737,0.1435321257171578
149039,2,4,6,3,NATIVE,-8.68431201232286e-06,-0.0091510186138314,0.0009489994912677
149039,2,4,6,3,RETURN_ALIGNED,0.0177238511204824,0.6331903011716011,0.0279913496581848
149039,2,4,7,1,NATIVE,0.0664165619175789,0.3255864175912261,0.2039905792412686
149039,2,4,7,1,RETURN_ALIGNED,0.490721655701261,0.8864374703238332,0.5535885746367432
149039,2,4,7,2,NATIVE,-0.0011436953756641,-0.053124336067296,0.021528652595717
149039,2,4,7,2,RETURN_ALIGNED,0.2599431318651785,0.7417038907539034,0.3504675317262875
149039,2,4,7,3,NATIVE,-0.0006965142837639,-0.6502818861316693,0.0010710959320958
149039,2,4,7,3,RETURN_ALIGNED,0.0413963745448368,0.8201792729081031,0.0504723490476444
149039,4,6,0,1,NATIVE,0.0045634881618245,0.0518124129845671,0.0880771208856448
149039,4,6,0,1,RETURN_ALIGNED,0.182803162530035,0.4867402729993424,0.3755661338716516
149039,4,6,0,2,NATIVE,0.0022984415528951,0.4343088727492995,0.0052921818939952
149039,4,6,0,2,RETURN_ALIGNED,0.088155233555329,0.6099800508326186,0.1445215026865869
149039,4,6,0,3,NATIVE,4.651917979988797e-05,0.467994488380108,9.940112741767426e-05
149039,4,6,0,3,RETURN_ALIGNED,0.0089601948382846,0.587920203092281,0.0152404948683851
149039,4,6,1,1,NATIVE,-0.0257870971909254,-0.0967611785796528,0.2665025123653938
149039,4,6,1,1,RETURN_ALIGNED,0.7600846379198879,0.919898041599292,0.8262705251534243
149039,4,6,1,2,NATIVE,-0.0138237719112084,-0.5177341339445577,0.0267005225355891
149039,4,6,1,2,RETURN_ALIGNED,0.4141787459941176,0.9065294030892362,0.4568839627069071
149039,4,6,1,3,NATIVE,-0.0005115185080421,-0.4385742465916645,0.0011663213510561
149039,4,6,1,3,RETURN_ALIGNED,0.0342348726845214,0.6138647833485247,0.0557694033162903
149039,4,6,2,1,NATIVE,-0.0348194477807533,-0.1656189098675584,0.2102383587030421
149039,4,6,2,1,RETURN_ALIGNED,0.3119125823564413,0.6105022813607255,0.51091141160227
149039,4,6,2,2,NATIVE,-0.0041005965219699,-0.1995872852024907,0.0205453795201827
149039,4,6,2,2,RETURN_ALIGNED,0.0848100449802872,0.5078014437577476,0.1670141863963823
149039,4,6,2,3,NATIVE,0.000226661565204,0.4420340354846052,0.0005127694859933
149039,4,6,2,3,RETURN_ALIGNED,0.0085010598346954,0.5999722730088954,0.014169087834697
149039,4,6,3,1,NATIVE,-0.0243555482687015,-0.3319007151466617,0.0733820300987559
149039,4,6,3,1,RETURN_ALIGNED,0.090584226356407,0.7131730193297418,0.1270157786416524
149039,4,6,3,2,NATIVE,-0.0029788803574769,-0.4156273041058843,0.0071671912021871
149039,4,6,3,2,RETURN_ALIGNED,0.0237051824760311,0.7278112546567299,0.0325705082522252
149039,4,6,3,3,NATIVE,9.30027914580938e-05,0.4476220008734628,0.0002077708228125
149039,4,6,3,3,RETURN_ALIGNED,0.0008007990842756,0.7045641324944607,0.0011365879233691
149039,4,6,5,1,NATIVE,-0.0273637830588393,-0.0497029480447709,0.550546479339152
149039,4,6,5,1,RETURN_ALIGNED,1.3957361702303237,0.8513317025220337,1.6394739748276774
149039,4,6,5,2,NATIVE,0.0077907521260069,0.1752025960159913,0.0444671043856794
149039,4,6,5,2,RETURN_ALIGNED,0.4499921349923375,0.889388924578418,0.5059565310022004
149039,4,6,5,3,NATIVE,7.755394684698207e-05,0.0573547585227984,0.0013521798157916
149039,4,6,5,3,RETURN_ALIGNED,0.0271282221069473,0.5624762247419853,0.0482299889547932
149039,4,6,7,1,NATIVE,0.0296461453407037,0.3726108797196518,0.0795632842578315
149039,4,6,7,1,RETURN_ALIGNED,0.1656033551294103,0.7974874416068596,0.2076563798869604
149039,4,6,7,2,NATIVE,-0.0003351132507565,-0.0403133094653952,0.0083127199228504
149039,4,6,7,2,RETURN_ALIGNED,0.0929922691729873,0.7231333021572419,0.1285963029160098
149039,4,6,7,3,NATIVE,-0.0001777008401965,-0.625267977055492,0.000284199489946
149039,4,6,7,3,RETURN_ALIGNED,0.0105487717254664,0.6896407028839177,0.0152960399253015
149039,6,0,1,1,NATIVE,0.0349389407243832,0.333245788931112,0.1048443577830158
149039,6,0,1,1,RETURN_ALIGNED,0.2440900859838499,0.7855680635320011,0.3107179343396185
149039,6,0,1,2,NATIVE,-0.0019862650321741,-0.137207652866663,0.0144763429054363
149039,6,0,1,2,RETURN_ALIGNED,0.1810822058901619,0.787726835639675,0.2298794425900111
149039,6,0,1,3,NATIVE,-0.0001906887305667,-0.5294488327091442,0.0003601646065956
149039,6,0,1,3,RETURN_ALIGNED,0.0132082696721837,0.6444854153731145,0.0204942879343689
149039,6,0,2,1,NATIVE,0.0520113404038585,0.3778706408763638,0.137643242891861
149039,6,0,2,1,RETURN_ALIGNED,0.2995858747918977,0.8236432815872408,0.3637325544798341
149039,6,0,2,2,NATIVE,-0.0014366174669602,-0.0570601165078376,0.0251772613666482
149039,6,0,2,2,RETURN_ALIGNED,0.1845083544510018,0.4834853470733828,0.3816213988028604
149039,6,0,2,3,NATIVE,-0.0003901553515154,-0.3760748088126472,0.0010374408023629
149039,6,0,2,3,RETURN_ALIGNED,0.0229227773799511,0.5541949498358201,0.0413622992894156
149039,6,0,3,1,NATIVE,0.0551774082205745,0.2207865167639466,0.2499129431871719
149039,6,0,3,1,RETURN_ALIGNED,0.5332935145867496,0.8030834017475679,0.6640574483623622
149039,6,0,3,2,NATIVE,-0.0089599193086063,-0.6309786014659596,0.014200036716479
149039,6,0,3,2,RETURN_ALIGNED,0.1851951455049425,0.7319956636181384,0.2530003314351999
149039,6,0,3,3,NATIVE,-9.935013843350509e-05,-0.1121406745612528,0.0008859420430912
149039,6,0,3,3,RETURN_ALIGNED,0.0501530921621943,0.7710820945383055,0.0650424805825443
149039,6,0,4,1,NATIVE,-0.0063534095866627,-0.1154544259406301,0.0550295888173667
149039,6,0,4,1,RETURN_ALIGNED,0.149040187837269,0.7681337394819472,0.1940289563868899
149039,6,0,4,2,NATIVE,-0.00230816280555,-0.3045074774185067,0.0075799872796494
149039,6,0,4,2,RETURN_ALIGNED,0.0414876092195053,0.6122394237389819,0.0677637009486186
149039,6,0,4,3,NATIVE,2.8238955600188057e-05,0.1445966676169381,0.0001952946498574
149039,6,0,4,3,RETURN_ALIGNED,0.0041755934917971,0.6926097450868111,0.0060287824727953
149039,6,0,5,1,NATIVE,-0.0502525745832692,-0.4371871822609695,0.1149452148239324
149039,6,0,5,1,RETURN_ALIGNED,0.1923566410876279,0.7484475144648547,0.2570075220640498
149039,6,0,5,2,NATIVE,-0.0007741892443366,-0.0413627318798369,0.0187170723289905
149039,6,0,5,2,RETURN_ALIGNED,0.0878355948910823,0.5130583160020536,0.1712000218130179
149039,6,0,5,3,NATIVE,0.0001515739478319,0.4685087805386457,0.0003235242413972
149039,6,0,5,3,RETURN_ALIGNED,0.0068007876466493,0.5913787208699689,0.0114998856174931
149039,6,0,7,1,NATIVE,-0.0222199699780948,-0.11755643356974,0.1890153461051937
149039,6,0,7,1,RETURN_ALIGNED,0.4725053112468018,0.9251327714543316,0.5107432422958275
149039,6,0,7,2,NATIVE,-0.0038127847401707,-0.3231971073564647,0.0117970880716242
149039,6,0,7,2,RETURN_ALIGNED,0.1562351467418849,0.7761525725686301,0.2012943746671574
149039,6,0,7,3,NATIVE,-0.0007059904538085,-0.5062111196857946,0.0013946561526412
149039,6,0,7,3,RETURN_ALIGNED,0.0450905894530005,0.4603668837406577,0.0979449023040741
149040,0,2,1,1,NATIVE,0.2560980238679963,0.9232805436525208,0.2773783392584114
149040,0,2,1,1,RETURN_ALIGNED,0.4298014192895917,0.8658289191896593,0.4964045549458072
149040,0,2,1,2,NATIVE,0.0137964467018479,0.7874084429684637,0.0175213344801614
149040,0,2,1,2,RETURN_ALIGNED,0.0265312274942316,0.884102277227929,0.0300092287708098
149040,0,2,1,3,NATIVE,-0.0016758033093969,-0.7821759029135288,0.0021424890524706
149040,0,2,1,3,RETURN_ALIGNED,0.0032981613338017,0.9159475730741254,0.0036008189010027
149040,0,2,3,1,NATIVE,0.3606622483658036,0.9430916941938896,0.3824254317858957
149040,0,2,3,1,RETURN_ALIGNED,0.4965416100146937,0.924279070514807,0.5372204411575802
149040,0,2,3,2,NATIVE,0.0196975488150192,0.8991245496219276,0.021907475247214
149040,0,2,3,2,RETURN_ALIGNED,0.0267841826226912,0.8602994815033764,0.0311335566259695
149040,0,2,3,3,NATIVE,0.0020450961238431,0.9323173577788176,0.0021935622100722
149040,0,2,3,3,RETURN_ALIGNED,0.0038147726370998,0.8882973275288703,0.0042944772193428
149040,0,2,4,1,NATIVE,0.3130013749096273,0.9596430780468652,0.3261643647205318
149040,0,2,4,1,RETURN_ALIGNED,0.4681658464001085,0.9009978148528532,0.5196081929194861
149040,0,2,4,2,NATIVE,0.0148848294920508,0.89136630956246,0.0166988917265024
149040,0,2,4,2,RETURN_ALIGNED,0.0235523942080506,0.855558116420467,0.0275286900515607
149040,0,2,4,3,NATIVE,0.0011310476388617,0.9176168616674664,0.0012325924752293
149040,0,2,4,3,RETURN_ALIGNED,0.0029075492783331,0.9185764508419686,0.0031652773981319
149040,0,2,5,1,NATIVE,0.2424312703724755,0.8103968381425072,0.2991513033639791
149040,0,2,5,1,RETURN_ALIGNED,0.4829853331360227,0.8410782307487398,0.5742454333956512
149040,0,2,5,2,NATIVE,0.0198074935646868,0.6481038189273921,0.0305622231901936
149040,0,2,5,2,RETURN_ALIGNED,0.1032853175912379,0.8968875747453477,0.1151597151073206
149040,0,2,5,3,NATIVE,0.0030449109317231,0.7567705187959669,0.0040235591316029
149040,0,2,5,3,RETURN_ALIGNED,0.0181309959734739,0.9565212596952212,0.0189551416545462
149040,0,2,6,1,NATIVE,0.6408539363762472,0.953177603111561,0.6723342368559726
149040,0,2,6,1,RETURN_ALIGNED,0.7569918004343551,0.9106517058036006,0.8312638032850682
149040,0,2,6,2,NATIVE,-0.013623757544386,-0.3591760964111654,0.0379305796808139
149040,0,2,6,2,RETURN_ALIGNED,0.0501625107761411,0.6552147817778867,0.0765588814098414
149040,0,2,6,3,NATIVE,-0.0050757486258505,-0.8442607216046032,0.0060120629751232
149040,0,2,6,3,RETURN_ALIGNED,0.0167960567121349,0.7972401192056949,0.0210677514934121
149040,0,2,7,1,NATIVE,0.4561784687520814,0.9797834294405204,0.4655911245738872
149040,0,2,7,1,RETURN_ALIGNED,0.5647842434233908,0.8946609789936673,0.6312829738686764
149040,0,2,7,2,NATIVE,0.0121810531003311,0.247885230703022,0.049139890528268
149040,0,2,7,2,RETURN_ALIGNED,0.0807704043834694,0.7587210347869949,0.1064559972376615
149040,0,2,7,3,NATIVE,-0.0029944559151156,-0.3564360563284023,0.0084011026995315
149040,0,2,7,3,RETURN_ALIGNED,0.0185612785264834,0.5387861841762364,0.0344501753598921
149040,2,4,0,1,NATIVE,0.3943975126903929,0.9625878292593442,0.4097262615442004
149040,2,4,0,1,RETURN_ALIGNED,0.5533641517567993,0.8891357795135512,0.6223618085187577
149040,2,4,0,2,NATIVE,0.0385394277272784,0.9174468370517722,0.0420072598986399
149040,2,4,0,2,RETURN_ALIGNED,0.054184675112086,0.9205918283200798,0.0588585227949555
149040,2,4,0,3,NATIVE,0.0019224701064315,0.5281699324664987,0.0036398704056426
149040,2,4,0,3,RETURN_ALIGNED,0.0043774126656802,0.7843499034525939,0.0055809437169157
149040,2,4,1,1,NATIVE,0.1521211512578175,0.6791056989516195,0.224002171521488
149040,2,4,1,1,RETURN_ALIGNED,0.3573717408322525,0.7672021878007651,0.4658116810858571
149040,2,4,1,2,NATIVE,0.0028203964825006,0.4141868012436939,0.0068094793798909
149040,2,4,1,2,RETURN_ALIGNED,0.0099694460153384,0.8160810585808901,0.012216244833151
149040,2,4,1,3,NATIVE,-0.0004246811151834,-0.7677561570172352,0.000553145827974
149040,2,4,1,3,RETURN_ALIGNED,0.0009448012613431,0.8938829507257137,0.0010569630627182
149040,2,4,3,1,NATIVE,0.4303790011825101,0.9874948703653044,0.4358291005838682
149040,2,4,3,1,RETURN_ALIGNED,0.5584240605291476,0.9334960849824436,0.5982071799900883
149040,2,4,3,2,NATIVE,0.048612863552999,0.9439165797735336,0.0515012285985936
149040,2,4,3,2,RETURN_ALIGNED,0.0668449959722052,0.8837836081718433,0.0756350257620245
149040,2,4,3,3,NATIVE,0.0051114717527301,0.8778214391301266,0.0058229060315612
149040,2,4,3,3,RETURN_ALIGNED,0.0070090334130981,0.9074922622739532,0.0077235186505544
149040,2,4,5,1,NATIVE,0.2096167680049843,0.8465617883573021,0.2476095317409361
149040,2,4,5,1,RETURN_ALIGNED,0.3722096949365491,0.7943790731070068,0.4685542551878962
149040,2,4,5,2,NATIVE,0.0042699527682367,0.5392452868194276,0.0079183868131842
149040,2,4,5,2,RETURN_ALIGNED,0.0238327126168116,0.8275705521425915,0.028798405833904
149040,2,4,5,3,NATIVE,0.000916052731922,0.8580438881406186,0.001067605916843
149040,2,4,5,3,RETURN_ALIGNED,0.0039269174575127,0.9044821397656974,0.0043416196791859
149040,2,4,6,1,NATIVE,0.5291862446950313,0.9296304791211764,0.5692436474278075
149040,2,4,6,1,RETURN_ALIGNED,0.6599138787202703,0.9379480409359884,0.70357189302481
149040,2,4,6,2,NATIVE,0.0307648046165881,0.7570070113129829,0.0406400524126945
149040,2,4,6,2,RETURN_ALIGNED,0.0641663124785008,0.9356512298917804,0.0685793065070419
149040,2,4,6,3,NATIVE,0.0046111900075199,0.8750025249687019,0.0052699162297203
149040,2,4,6,3,RETURN_ALIGNED,0.005023131236542,0.8586976933306637,0.0058497085475102
149040,2,4,7,1,NATIVE,0.4481287850254324,0.9926393501295676,0.4514517633891192
149040,2,4,7,1,RETURN_ALIGNED,0.5705284624770296,0.915176212593396,0.6234083170281248
149040,2,4,7,2,NATIVE,0.0385786102429594,0.8948293890712175,0.0431128109046274
149040,2,4,7,2,RETURN_ALIGNED,0.0772392194617424,0.926431189465465,0.083372861730054
149040,2,4,7,3,NATIVE,0.004664384767125,0.918069920648756,0.005080642184354
149040,2,4,7,3,RETURN_ALIGNED,0.0072260951897581,0.9490960844388908,0.0076136603112603
149040,4,6,0,1,NATIVE,0.4205658787006547,0.97840891521178,0.429846736024077
149040,4,6,0,1,RETURN_ALIGNED,0.5521286074628966,0.888810004672317,0.6211998116137811
149040,4,6,0,2,NATIVE,-0.0057710508089212,-0.1414384796092996,0.040802551221248
149040,4,6,0,2,RETURN_ALIGNED,0.0426830664381233,0.7428465024597153,0.0574587970687794
149040,4,6,0,3,NATIVE,-0.0024485472867529,-0.8585479985775586,0.0028519631875413
149040,4,6,0,3,RETURN_ALIGNED,0.0111869595537801,0.8944771372050433,0.0125067026180914
149040,4,6,1,1,NATIVE,0.2677869550881884,0.9294329344105372,0.2881186422105458
149040,4,6,1,1,RETURN_ALIGNED,0.4565644118798233,0.8698085999320057,0.5249021588375565
149040,4,6,1,2,NATIVE,0.014436866769533,0.627841667135182,0.0229944387655569
149040,4,6,1,2,RETURN_ALIGNED,0.0308617446471739,0.8003599960898033,0.0385598290741538
149040,4,6,1,3,NATIVE,-0.0016020636112831,-0.7501378867280769,0.0021356921698303
149040,4,6,1,3,RETURN_ALIGNED,0.0022788854171693,0.8827729547415432,0.0025815079682383
149040,4,6,2,1,NATIVE,0.3332767998091983,0.9410478396703588,0.3541550022854433
149040,4,6,2,1,RETURN_ALIGNED,0.4158892888671159,0.9557054367036164,0.435164720106184
149040,4,6,2,2,NATIVE,0.013208279632669,0.8956681545605321,0.01474684520757
149040,4,6,2,2,RETURN_ALIGNED,0.0212558722503326,0.8598118751820822,0.024721538354907
149040,4,6,2,3,NATIVE,0.0016629283168245,0.9627028451357896,0.001727353695071
149040,4,6,2,3,RETURN_ALIGNED,0.003258868942201,0.9185163777088086,0.0035479704241175
149040,4,6,3,1,NATIVE,0.3555619438628561,0.947332360624784,0.3753296716564636
149040,4,6,3,1,RETURN_ALIGNED,0.4834492377391565,0.9191664954169244,0.5259648172008904
149040,4,6,3,2,NATIVE,0.0185850072860139,0.9158758301694802,0.020292059986518
149040,4,6,3,2,RETURN_ALIGNED,0.0272230983058726,0.877354769346503,0.0310286092433708
149040,4,6,3,3,NATIVE,0.0019307293351355,0.9425184138999908,0.0020484791667084
149040,4,6,3,3,RETURN_ALIGNED,0.003214964261188,0.8966994441144321,0.0035853309403373
149040,4,6,5,1,NATIVE,0.2356710145107198,0.81222372626504,0.2901552945200809
149040,4,6,5,1,RETURN_ALIGNED,0.4511914054770305,0.8404582489026688,0.5368397610066383
149040,4,6,5,2,NATIVE,0.0225321880057154,0.8305450829881991,0.0271293978701781
149040,4,6,5,2,RETURN_ALIGNED,0.0872016437954187,0.8972305999621537,0.0971897790811937
149040,4,6,5,3,NATIVE,0.0040307271998144,0.8060690534537652,0.0050004738205463
149040,4,6,5,3,RETURN_ALIGNED,0.0237398896476163,0.9206850975957768,0.0257850265080724
149040,4,6,7,1,NATIVE,0.4443746926097255,0.9787353964066882,0.4540294488594014
149040,4,6,7,1,RETURN_ALIGNED,0.5535244319151207,0.895549514682701,0.6180835596915387
149040,4,6,7,2,NATIVE,0.0110684636177254,0.1981626032659859,0.0558554612994191
149040,4,6,7,2,RETURN_ALIGNED,0.0800740292728657,0.7006289859625884,0.1142887760528764
149040,4,6,7,3,NATIVE,-0.0031899216895909,-0.4183232917875011,0.0076254938516139
149040,4,6,7,3,RETURN_ALIGNED,0.0190844168178149,0.5979901560373637,0.0319142658537556
149040,6,0,1,1,NATIVE,0.1423427748873833,0.6495426286034548,0.219143084101178
149040,6,0,1,1,RETURN_ALIGNED,0.3555421375779923,0.7732124571717122,0.4598246371747255
149040,6,0,1,2,NATIVE,0.0010785154900095,0.1680549120298515,0.006417637407794
149040,6,0,1,2,RETURN_ALIGNED,0.0089134451888315,0.7829063740659962,0.0113850716817193
149040,6,0,1,3,NATIVE,-0.000519599117969,-0.8392940964736919,0.0006190906383408
149040,6,0,1,3,RETURN_ALIGNED,0.0012145896610229,0.882132740422855,0.0013768785641171
149040,6,0,2,1,NATIVE,0.4493930257996831,0.9607571366928122,0.4677488291646524
149040,6,0,2,1,RETURN_ALIGNED,0.5464879024726373,0.9492500138729064,0.575704919131848
149040,6,0,2,2,NATIVE,0.0482462471929975,0.9482647013115286,0.0508784594914482
149040,6,0,2,2,RETURN_ALIGNED,0.0879366904451036,0.901058749293675,0.0975926270222679
149040,6,0,2,3,NATIVE,0.0039192896139028,0.8284062746771235,0.004731120144264
149040,6,0,2,3,RETURN_ALIGNED,0.0073258109649004,0.8330746730501849,0.0087937026556511
149040,6,0,3,1,NATIVE,0.4427103747672959,0.9879081142928028,0.4481291006342191
149040,6,0,3,1,RETURN_ALIGNED,0.5728506229144923,0.9315090455833526,0.614970542294344
149040,6,0,3,2,NATIVE,0.0477999350065029,0.9209672911916452,0.051901881275923
149040,6,0,3,2,RETURN_ALIGNED,0.0793331779645843,0.9233879285449303,0.0859153293129283
149040,6,0,3,3,NATIVE,0.0061078331178674,0.9180824235017008,0.0066528156528365
149040,6,0,3,3,RETURN_ALIGNED,0.006595907416162,0.9239142382009146,0.0071390905597509
149040,6,0,4,1,NATIVE,0.3617902886686729,0.9859969883553712,0.3669283912034234
149040,6,0,4,1,RETURN_ALIGNED,0.5034736651051901,0.894043795152794,0.5631420606404791
149040,6,0,4,2,NATIVE,0.0301922284172943,0.8859876001109126,0.0340774841696011
149040,6,0,4,2,RETURN_ALIGNED,0.0616336124422967,0.9069432186815308,0.067957520573168
149040,6,0,4,3,NATIVE,0.0022487613944954,0.7114254972225236,0.0031609232493877
149040,6,0,4,3,RETURN_ALIGNED,0.0060580697546104,0.8422124532484252,0.0071930422438017
149040,6,0,5,1,NATIVE,0.2186127039130918,0.8644435017602426,0.2528941492045143
149040,6,0,5,1,RETURN_ALIGNED,0.3869823680638428,0.8034144738841897,0.4816721389059535
149040,6,0,5,2,NATIVE,0.0039816501516871,0.5917361902410858,0.006728758891785
149040,6,0,5,2,RETURN_ALIGNED,0.0204055385030365,0.8106904728894128,0.0251705665545728
149040,6,0,5,3,NATIVE,0.0008274214421999,0.8816838854174508,0.0009384558976962
149040,6,0,5,3,RETURN_ALIGNED,0.0040760490327786,0.8966894316046821,0.0045456641832588
149040,6,0,7,1,NATIVE,0.4403866510161847,0.9928894223807692,0.4435404800266758
149040,6,0,7,1,RETURN_ALIGNED,0.5605434733065677,0.914715426137244,0.6128064065495016
149040,6,0,7,2,NATIVE,0.0447224431178021,0.9616051750602234,0.0465081140136
149040,6,0,7,2,RETURN_ALIGNED,0.0795213119510574,0.9050635024714913,0.0878626877935914
149040,6,0,7,3,NATIVE,0.0044570251055699,0.9017764467307872,0.0049424944748267
149040,6,0,7,3,RETURN_ALIGNED,0.00619481013596,0.9313144999018288,0.0066516844057904
149041,0,2,1,1,NATIVE,0.131762982986369,0.2453870729840822,0.536959756616262
149041,0,2,1,1,RETURN_ALIGNED,0.3652961638796906,0.6913814990009666,0.5283568686859093
149041,0,2,1,2,NATIVE,0.0059586729296166,0.2473397008790766,0.0240910493062428
149041,0,2,1,2,RETURN_ALIGNED,0.0469205514505255,0.5648565901968604,0.083066307916185
149041,0,2,1,3,NATIVE,0.0002008700169905,0.3490592593920666,0.0005754610740966
149041,0,2,1,3,RETURN_ALIGNED,0.0017882474525464,0.4902607689377929,0.0036475434399948
149041,0,2,3,1,NATIVE,0.0793102613330915,0.7943930987592419,0.099837550775478
149041,0,2,3,1,RETURN_ALIGNED,0.1150867855858824,0.7485277411482839,0.1537508622049321
149041,0,2,3,2,NATIVE,0.0017932922752842,0.1154363634187376,0.0155348992478984
149041,0,2,3,2,RETURN_ALIGNED,0.0103188521894018,0.4747389867679665,0.0217358432251973
149041,0,2,3,3,NATIVE,-0.000234219330908,-0.3206994100515765,0.000730339138435
149041,0,2,3,3,RETURN_ALIGNED,0.001272106741594,0.6276906019043367,0.0020266461495347
149041,0,2,4,1,NATIVE,0.0161166738088733,0.0902975691575698,0.178484027413186
149041,0,2,4,1,RETURN_ALIGNED,0.1401518769703848,0.7434101596577634,0.1885256411276742
149041,0,2,4,2,NATIVE,0.0104213089078847,0.3986358937052836,0.0261424248839409
149041,0,2,4,2,RETURN_ALIGNED,0.0143693354677631,0.5754173352257201,0.0249720239331764
149041,0,2,4,3,NATIVE,-0.0002668381152499,-0.4831393544732093,0.0005523005166062
149041,0,2,4,3,RETURN_ALIGNED,0.0006748643821509,0.655487736859057,0.0010295606522533
149041,0,2,5,1,NATIVE,0.100845410450969,0.1991424221618757,0.5063984326199745
149041,0,2,5,1,RETURN_ALIGNED,0.355091667338375,0.7282044777257891,0.4876263167828236
149041,0,2,5,2,NATIVE,0.008825422044408,0.3910321093786919,0.0225695584383064
149041,0,2,5,2,RETURN_ALIGNED,0.0360983154660374,0.7083142025101049,0.0509637041544244
149041,0,2,5,3,NATIVE,5.716879304855564e-05,0.1156980590081352,0.0004941205870943
149041,0,2,5,3,RETURN_ALIGNED,0.0029540817233,0.6907125123010582,0.0042768614575039
149041,0,2,6,1,NATIVE,0.1191800954753456,0.3287574259378658,0.3625168165716472
149041,0,2,6,1,RETURN_ALIGNED,0.3605304922922423,0.624762461173846,0.5770681093975657
149041,0,2,6,2,NATIVE,0.0032858275632398,0.129801485439035,0.0253142523907297
149041,0,2,6,2,RETURN_ALIGNED,0.0423806031844336,0.6999096651854855,0.0605515329931192
149041,0,2,6,3,NATIVE,0.0002637570771627,0.3920068142366616,0.0006728379900243
149041,0,2,6,3,RETURN_ALIGNED,0.0009166314434601,0.568203579443728,0.0016132095543534
149041,0,2,7,1,NATIVE,-0.0175836080370833,-0.1470728026460718,0.119557169787448
149041,0,2,7,1,RETURN_ALIGNED,0.1209389759042373,0.5566604775510343,0.2172580608493296
149041,0,2,7,2,NATIVE,0.0001861876837474,0.0173885508575975,0.0107074870854971
149041,0,2,7,2,RETURN_ALIGNED,0.0172058831434758,0.5883124675663529,0.0292461643971436
149041,0,2,7,3,NATIVE,0.0001692538687702,0.2879289789984124,0.0005878320038316
149041,0,2,7,3,RETURN_ALIGNED,0.0009737057267115,0.5456569531245719,0.0017844649847785
149041,2,4,0,1,NATIVE,0.0240205798432764,0.1910124028519826,0.1257540321184325
149041,2,4,0,1,RETURN_ALIGNED,0.0994319073361504,0.7373401373906354,0.1348521561405751
149041,2,4,0,2,NATIVE,0.0007205631303148,0.0549814216066522,0.0131055747420767
149041,2,4,0,2,RETURN_ALIGNED,0.0109940904410164,0.4193197480684881,0.0262188711394669
149041,2,4,0,3,NATIVE,-8.938030360690881e-05,-0.1061208493193525,0.0008422501711245
149041,2,4,0,3,RETURN_ALIGNED,0.0007653127631816,0.4277014977623545,0.0017893618955078
149041,2,4,1,1,NATIVE,-0.0147635408540033,-0.0823889444860859,0.1791932272720509
149041,2,4,1,1,RETURN_ALIGNED,0.1130834701310347,0.7345263662406869,0.1539542694835616
149041,2,4,1,2,NATIVE,0.001570309174965,0.1674635100890523,0.0093770229352826
149041,2,4,1,2,RETURN_ALIGNED,0.0162303695318367,0.5137965084808186,0.0315891004781539
149041,2,4,1,3,NATIVE,-3.4348161194419626e-06,-0.0210827901278979,0.0001629203769486
149041,2,4,1,3,RETURN_ALIGNED,0.0007947138376955,0.4571868562522504,0.0017382692147122
149041,2,4,3,1,NATIVE,0.1758105091342173,0.8320167696294254,0.2113064490423599
149041,2,4,3,1,RETURN_ALIGNED,0.3230194651231183,0.8101839923050399,0.3986988982638421
149041,2,4,3,2,NATIVE,0.0010316167434544,0.0228219591578628,0.0452028126181215
149041,2,4,3,2,RETURN_ALIGNED,0.0404540069376199,0.6673520051711062,0.060618693916158
149041,2,4,3,3,NATIVE,5.721811683055956e-05,0.0204255822707348,0.0028012967259533
149041,2,4,3,3,RETURN_ALIGNED,0.0023951608641181,0.7665272167967939,0.0031246912154744
149041,2,4,5,1,NATIVE,0.0658927639571156,0.3667640591198557,0.1796598175819705
149041,2,4,5,1,RETURN_ALIGNED,0.1066819275772464,0.6667017885368861,0.1600144613550985
149041,2,4,5,2,NATIVE,0.0012608805640905,0.1402791283981163,0.0089883689645192
149041,2,4,5,2,RETURN_ALIGNED,0.0117074387939606,0.6302391807287705,0.0185761836963265
149041,2,4,5,3,NATIVE,-3.940241942956042e-05,-0.1701130090835897,0.0002316249627749
149041,2,4,5,3,RETURN_ALIGNED,0.0011120192885131,0.5598273590045991,0.001986361099575
149041,2,4,6,1,NATIVE,0.1295200051697365,0.6621974637906242,0.1955912129718576
149041,2,4,6,1,RETURN_ALIGNED,0.1704661485562935,0.6575500207784565,0.2592443816737251
149041,2,4,6,2,NATIVE,0.0021258916857702,0.1355609678385389,0.01568218138026
149041,2,4,6,2,RETURN_ALIGNED,0.0133463515773469,0.5724281802009468,0.0233153293964018
149041,2,4,6,3,NATIVE,-0.0001684526623313,-0.1464097082153808,0.0011505566416895
149041,2,4,6,3,RETURN_ALIGNED,0.0019606062308111,0.5083975135479222,0.0038564433894582
149041,2,4,7,1,NATIVE,0.1653261223173387,0.7056864588395382,0.2342770223890437
149041,2,4,7,1,RETURN_ALIGNED,0.380577154659977,0.829573609558387,0.4587623693362782
149041,2,4,7,2,NATIVE,0.0113130958919906,0.3138234746676734,0.0360492340586427
149041,2,4,7,2,RETURN_ALIGNED,0.0393705442721582,0.7326797407585183,0.0537349978177714
149041,2,4,7,3,NATIVE,-0.0012785974021828,-0.3779567684467516,0.0033829197049284
149041,2,4,7,3,RETURN_ALIGNED,0.003307409961358,0.8425768735374128,0.0039253509791866
149041,4,6,0,1,NATIVE,0.0174277768663951,0.1566117655773957,0.1112801251051215
149041,4,6,0,1,RETURN_ALIGNED,0.0960995104993047,0.6505506107281424,0.1477202679000009
149041,4,6,0,2,NATIVE,-0.0020516144583857,-0.1546156200592824,0.0132691280317895
149041,4,6,0,2,RETURN_ALIGNED,0.0097239973185244,0.5524361445754108,0.0176020295080907
149041,4,6,0,3,NATIVE,0.0001150501189455,0.3946700425069509,0.000291509632039
149041,4,6,0,3,RETURN_ALIGNED,0.0002838133189624,0.5706156238247863,0.0004973809110728
149041,4,6,1,1,NATIVE,-0.0011690795422769,-0.003727772148045,0.3136134655895149
149041,4,6,1,1,RETURN_ALIGNED,0.2120450176905196,0.7174025083264407,0.2955732872820367
149041,4,6,1,2,NATIVE,-0.0001661729946704,-0.0089030636276045,0.0186646980874247
149041,4,6,1,2,RETURN_ALIGNED,0.0278319081577943,0.5900546447467733,0.0471683570412654
149041,4,6,1,3,NATIVE,0.0001204024274768,0.1993471295235371,0.0006039837510319
149041,4,6,1,3,RETURN_ALIGNED,0.0023356297920879,0.5942499854260913,0.0039303825798773
149041,4,6,2,1,NATIVE,0.0833278547320686,0.4097266330914221,0.2033742695790137
149041,4,6,2,1,RETURN_ALIGNED,0.1408812228603648,0.6642793973480072,0.2120812769788604
149041,4,6,2,2,NATIVE,0.0041533986142724,0.1698184498841226,0.0244578761433707
149041,4,6,2,2,RETURN_ALIGNED,0.0118390355794687,0.3279953770366259,0.0360951294074655
149041,4,6,2,3,NATIVE,-0.00016341863923,-0.341427722689719,0.0004786331873737
149041,4,6,2,3,RETURN_ALIGNED,0.0008432884730314,0.6395657864226694,0.0013185328090072
149041,4,6,3,1,NATIVE,0.1040616437781466,0.820800530760145,0.1267806731091316
149041,4,6,3,1,RETURN_ALIGNED,0.1446800032495271,0.7881351516268504,0.1835725800972625
149041,4,6,3,2,NATIVE,0.000537404255065,0.0310715058210556,0.0172957261276569
149041,4,6,3,2,RETURN_ALIGNED,0.0091408772563966,0.3712525183375804,0.0246217245803684
149041,4,6,3,3,NATIVE,-0.0002384671711265,-0.3601923936379134,0.0006620549885832
149041,4,6,3,3,RETURN_ALIGNED,0.0009895485012926,0.6217410824888059,0.0015915765083639
149041,4,6,5,1,NATIVE,0.1306144331817416,0.3204134652823083,0.4076433962180716
149041,4,6,5,1,RETURN_ALIGNED,0.1634903202914882,0.5432753502348764,0.3009345449240183
149041,4,6,5,2,NATIVE,0.0073261694159416,0.4411685544433071,0.0166062819796081
149041,4,6,5,2,RETURN_ALIGNED,0.0114605308047997,0.7435533071371849,0.0154131932361176
149041,4,6,5,3,NATIVE,0.0001338076909301,0.2412552258550257,0.0005546312622458
149041,4,6,5,3,RETURN_ALIGNED,0.0015444148258536,0.6914411497895281,0.0022336171703399
149041,4,6,7,1,NATIVE,0.0079797793290313,0.0605462563758231,0.131796411647549
149041,4,6,7,1,RETURN_ALIGNED,0.1690628439211977,0.646890512262541,0.2613469214903775
149041,4,6,7,2,NATIVE,0.0010444075318719,0.094872034458169,0.0110085921295206
149041,4,6,7,2,RETURN_ALIGNED,0.0153255252857965,0.5598846752491968,0.0273726464808758
149041,4,6,7,3,NATIVE,0.0001643288328974,0.3206156030520681,0.0005125415958009
149041,4,6,7,3,RETURN_ALIGNED,0.0006821586418447,0.5414865383831363,0.001259788735954
149041,6,0,1,1,NATIVE,0.0080204443930677,0.0367610590690796,0.2181777292649219
149041,6,0,1,1,RETURN_ALIGNED,0.1512673418530607,0.748549814118577,0.2020805282426412
149041,6,0,1,2,NATIVE,0.0035516836423486,0.3103723853403814,0.0114432978254655
149041,6,0,1,2,RETURN_ALIGNED,0.0239900328370061,0.5240691625312771,0.0457764633984039
149041,6,0,1,3,NATIVE,9.139672807447676e-08,0.0005696706041039,0.0001604378518036
149041,6,0,1,3,RETURN_ALIGNED,0.0011685437324559,0.6236344731846356,0.0018737638513815
149041,6,0,2,1,NATIVE,0.082637365681687,0.2777436427196749,0.2975310789203373
149041,6,0,2,1,RETURN_ALIGNED,0.2778133248631226,0.6992790822497246,0.3972853355905595
149041,6,0,2,2,NATIVE,0.0077621340421591,0.4570868656384574,0.016981748165276
149041,6,0,2,2,RETURN_ALIGNED,0.0397902515900585,0.6191519159023939,0.0642657327996254
149041,6,0,2,3,NATIVE,4.7954635446858336e-05,0.0370784801640332,0.0012933279671325
149041,6,0,2,3,RETURN_ALIGNED,0.003921467811204,0.5740809889882025,0.0068308616472522
149041,6,0,3,1,NATIVE,0.1298954491819513,0.7968646688820012,0.1630081672012333
149041,6,0,3,1,RETURN_ALIGNED,0.2451290566089441,0.7953046545977799,0.3082203218499333
149041,6,0,3,2,NATIVE,0.0083362011179263,0.2836621470986951,0.0293877812138228
149041,6,0,3,2,RETURN_ALIGNED,0.0243058808991323,0.6283301698112941,0.0386832943350013
149041,6,0,3,3,NATIVE,0.0001412569655215,0.0688565561938469,0.0020514671828391
149041,6,0,3,3,RETURN_ALIGNED,0.0022706143059121,0.5356818571990006,0.0042387366197022
149041,6,0,4,1,NATIVE,-0.0586934874019318,-0.2969772165942119,0.19763633074279
149041,6,0,4,1,RETURN_ALIGNED,0.1481266568706761,0.5594677658935505,0.2647635232997171
149041,6,0,4,2,NATIVE,0.0001286999928264,0.0116901674648767,0.0110092514250081
149041,6,0,4,2,RETURN_ALIGNED,0.0133102936725878,0.530189731765646,0.0251047745267125
149041,6,0,4,3,NATIVE,4.263064043209826e-05,0.0551397686526067,0.0007731378168594
149041,6,0,4,3,RETURN_ALIGNED,0.0017706036221758,0.7093690704590796,0.0024960259686555
149041,6,0,5,1,NATIVE,0.0534669871312024,0.2637833616890801,0.2026927960460431
149041,6,0,5,1,RETURN_ALIGNED,0.1292976279579991,0.6459063090380444,0.2001801594886401
149041,6,0,5,2,NATIVE,0.0004077546073567,0.0397417314770834,0.0102601117815199
149041,6,0,5,2,RETURN_ALIGNED,0.0145984358832996,0.6203779496859704,0.0235315196011138
149041,6,0,5,3,NATIVE,-2.794675619338218e-05,-0.1457245888476679,0.0001917779037257
149041,6,0,5,3,RETURN_ALIGNED,0.0012997059227674,0.6788396131710492,0.001914599409704
149041,6,0,7,1,NATIVE,0.135846014886218,0.5470091885219287,0.2483432047150118
149041,6,0,7,1,RETURN_ALIGNED,0.3083258933655178,0.6486986925248818,0.4752990824836375
149041,6,0,7,2,NATIVE,0.000274405686983,0.0090730552639121,0.0302440224366222
149041,6,0,7,2,RETURN_ALIGNED,0.0280096153033576,0.6477923085787017,0.0432385734309298
149041,6,0,7,3,NATIVE,-0.000353489083437,-0.2092715710443472,0.0016891404852871
149041,6,0,7,3,RETURN_ALIGNED,0.0016527269148652,0.72162486936074,0.0022902854152831
149042,0,2,1,1,NATIVE,0.0202200616374045,0.0336656347472854,0.6006142996911754
149042,0,2,1,1,RETURN_ALIGNED,0.547919910364337,0.7066515292541196,0.7753749729270547
149042,0,2,1,2,NATIVE,-0.0098628790438121,-0.3326195887442933,0.0296521292710146
149042,0,2,1,2,RETURN_ALIGNED,0.1327801655955073,0.7042370497011525,0.1885447033088196
149042,0,2,1,3,NATIVE,0.0005879423957004,0.2672772183296417,0.0021997475085574
149042,0,2,1,3,RETURN_ALIGNED,0.0159071276562458,0.5318458214237698,0.0299092838833033
149042,0,2,3,1,NATIVE,0.0311901238227246,0.1704046765305117,0.1830356094547233
149042,0,2,3,1,RETURN_ALIGNED,0.3230610151219282,0.6753696663467361,0.4783469427482328
149042,0,2,3,2,NATIVE,-0.0013744440888774,-0.2978314051693113,0.0046148393518351
149042,0,2,3,2,RETURN_ALIGNED,0.0151157744068104,0.393442284537037,0.0384192929961313
149042,0,2,3,3,NATIVE,-6.45726600521112e-05,-0.3500496457415235,0.0001844671481293
149042,0,2,3,3,RETURN_ALIGNED,0.0024131298735161,0.6493895117157035,0.0037159976094681
149042,0,2,4,1,NATIVE,-0.135638825074735,-0.2381679803523599,0.5695090703377504
149042,0,2,4,1,RETURN_ALIGNED,0.7002822251014262,0.6810107186341541,1.0282983893497553
149042,0,2,4,2,NATIVE,-0.0076667236821794,-0.4758151017551151,0.0161128212487653
149042,0,2,4,2,RETURN_ALIGNED,0.0699888191673874,0.7000629276097337,0.099975039967007
149042,0,2,4,3,NATIVE,-0.0004092901613745,-0.4332981420521624,0.0009445924674633
149042,0,2,4,3,RETURN_ALIGNED,0.007451438922829,0.6436761857254136,0.0115763781350692
149042,0,2,5,1,NATIVE,0.2554303623940109,0.3951305071529752,0.6464455610740019
149042,0,2,5,1,RETURN_ALIGNED,0.4596305443180016,0.7963408614326768,0.5771781489285529
149042,0,2,5,2,NATIVE,-0.0070824836876637,-0.2130011701354072,0.0332509144573177
149042,0,2,5,2,RETURN_ALIGNED,0.0317232556342258,0.5893371944064761,0.0538287010133126
149042,0,2,5,3,NATIVE,-0.0011493484914025,-0.594248483310914,0.0019341210334226
149042,0,2,5,3,RETURN_ALIGNED,0.0048586465269713,0.6896790521878489,0.0070447935321374
149042,0,2,6,1,NATIVE,0.1462865334953989,0.3053427067319632,0.4790896598154113
149042,0,2,6,1,RETURN_ALIGNED,0.4389649868441297,0.6951651184303763,0.631454276410136
149042,0,2,6,2,NATIVE,-0.0057316799569095,-0.4023842202910381,0.0142442960427254
149042,0,2,6,2,RETURN_ALIGNED,0.037186207289305,0.5500363971224721,0.0676068119921419
149042,0,2,6,3,NATIVE,-0.0001412591880824,-0.1411216244627009,0.0010009747869736
149042,0,2,6,3,RETURN_ALIGNED,0.0040289666853386,0.6329243715029029,0.0063656368221879
149042,0,2,7,1,NATIVE,0.1401374924526395,0.6217337274255096,0.2253979256244887
149042,0,2,7,1,RETURN_ALIGNED,0.3029330481870176,0.5565605904500285,0.5442948232141037
149042,0,2,7,2,NATIVE,0.0015339636493556,0.5189717463116892,0.0029557748762231
149042,0,2,7,2,RETURN_ALIGNED,0.0193520083524046,0.4712999686387767,0.0410609158497866
149042,0,2,7,3,NATIVE,6.753952330642881e-05,0.5455948880225704,0.000123790608258
149042,0,2,7,3,RETURN_ALIGNED,0.0030457672534509,0.7284857396992621,0.0041809565886193
149042,2,4,0,1,NATIVE,0.015620693797881,0.0246443616221105,0.6338445295276782
149042,2,4,0,1,RETURN_ALIGNED,0.4960875261044215,0.5446788746958905,0.9107889972442356
149042,2,4,0,2,NATIVE,0.0059342345767977,0.206202573746922,0.0287786639554846
149042,2,4,0,2,RETURN_ALIGNED,0.0430423131856007,0.3374709780642028,0.1275437474126968
149042,2,4,0,3,NATIVE,0.0006390108910646,0.4848639101968721,0.0013179180324922
149042,2,4,0,3,RETURN_ALIGNED,0.0088444492520425,0.628467495845665,0.0140730416606299
149042,2,4,1,1,NATIVE,-0.1476869733027918,-0.2829618055984454,0.521932537822232
149042,2,4,1,1,RETURN_ALIGNED,0.5790421811963069,0.664425469269711,0.8714930537396762
149042,2,4,1,2,NATIVE,-0.0097637990323482,-0.3728784163284531,0.0261849401965053
149042,2,4,1,2,RETURN_ALIGNED,0.0864787192928655,0.5410591354639237,0.1598322874974437
149042,2,4,1,3,NATIVE,0.0003736238395201,0.3412920736826007,0.0010947334209325
149042,2,4,1,3,RETURN_ALIGNED,0.0100956230024059,0.6487739781739579,0.0155610788067062
149042,2,4,3,1,NATIVE,0.1415129609737183,0.5149270901463364,0.2748213556473032
149042,2,4,3,1,RETURN_ALIGNED,0.4498590679281762,0.7058380811751297,0.6373403191551905
149042,2,4,3,2,NATIVE,-0.0008260525172347,-0.1530127364532901,0.0053985866552753
149042,2,4,3,2,RETURN_ALIGNED,0.0322803716108081,0.5156042866248315,0.0626068720679198
149042,2,4,3,3,NATIVE,-8.03736671082478e-05,-0.4078421439010516,0.0001970705264493
149042,2,4,3,3,RETURN_ALIGNED,0.0065197066298549,0.6964726384246076,0.0093610377038475
149042,2,4,5,1,NATIVE,0.2996751239241528,0.6010642145839066,0.4985742232741982
149042,2,4,5,1,RETURN_ALIGNED,0.4234560475766218,0.6222736713059972,0.6804980944924871
149042,2,4,5,2,NATIVE,-0.0025493907640442,-0.1025376165096584,0.0248629805408718
149042,2,4,5,2,RETURN_ALIGNED,0.0179693887900066,0.449700774681964,0.0399585453293197
149042,2,4,5,3,NATIVE,-0.0005088786629315,-0.5288083095988567,0.0009623121526204
149042,2,4,5,3,RETURN_ALIGNED,0.0029260242674358,0.7064267932904434,0.0041420063550298
149042,2,4,6,1,NATIVE,0.241606719525259,0.6061073144411545,0.3986203660121127
149042,2,4,6,1,RETURN_ALIGNED,0.3489150885675867,0.6852842220034833,0.5091538333502038
149042,2,4,6,2,NATIVE,-0.0065837757428651,-0.413288908471118,0.0159302018700606
149042,2,4,6,2,RETURN_ALIGNED,0.0188244037199381,0.5736694384198526,0.0328140257417753
149042,2,4,6,3,NATIVE,-0.0007441588387701,-0.6108997722511625,0.001218135726629
149042,2,4,6,3,RETURN_ALIGNED,0.0038830799008257,0.6878975213009263,0.0056448522922187
149042,2,4,7,1,NATIVE,0.2979573676344215,0.8245543855899184,0.3613556277683789
149042,2,4,7,1,RETURN_ALIGNED,0.4698119270134352,0.7632316890601525,0.6155561066806978
149042,2,4,7,2,NATIVE,0.0014375237201027,0.3035630242470741,0.0047355033553476
149042,2,4,7,2,RETURN_ALIGNED,0.0247867753337304,0.5666076620618437,0.0437459233133838
149042,2,4,7,3,NATIVE,0.0001305244080765,0.6875406167014052,0.0001898424663705
149042,2,4,7,3,RETURN_ALIGNED,0.0046586353176944,0.7454757645345289,0.0062492109569801
149042,4,6,0,1,NATIVE,0.0288617043552683,0.0411080368756122,0.7020939589645893
149042,4,6,0,1,RETURN_ALIGNED,0.4192404566260306,0.4355288782393834,0.9626008229828132
149042,4,6,0,2,NATIVE,0.0044285791053221,0.2343480933113863,0.0188974403104819
149042,4,6,0,2,RETURN_ALIGNED,0.039931042633426,0.5642106344715804,0.0707732896077133
149042,4,6,0,3,NATIVE,0.0004144985124387,0.3655546643255986,0.0011338892717811
149042,4,6,0,3,RETURN_ALIGNED,0.0059582817544232,0.6463962302792101,0.0092176926083014
149042,4,6,1,1,NATIVE,-0.2081276993324861,-0.3417528183170926,0.6090006817129843
149042,4,6,1,1,RETURN_ALIGNED,0.6805460498600704,0.6492982718899004,1.0481254599357166
149042,4,6,1,2,NATIVE,-0.0056080783993373,-0.2116861711510592,0.0264924173776543
149042,4,6,1,2,RETURN_ALIGNED,0.0438381812525121,0.5303972530870626,0.0826515993381631
149042,4,6,1,3,NATIVE,0.0005241439466255,0.4233649994186735,0.0012380426986112
149042,4,6,1,3,RETURN_ALIGNED,0.0032059793487322,0.7167080177779537,0.0044732014555298
149042,4,6,2,1,NATIVE,0.1180115246168049,0.2546255803403224,0.4634708125515822
149042,4,6,2,1,RETURN_ALIGNED,0.3255469147993098,0.544828214045957,0.5975221297400621
149042,4,6,2,2,NATIVE,0.002610366122597,0.2355144518602441,0.011083677039372
149042,4,6,2,2,RETURN_ALIGNED,0.0332234358376761,0.5566674602861152,0.059682733782274
149042,4,6,2,3,NATIVE,0.0004086489154905,0.4941003949988503,0.000827056443032
149042,4,6,2,3,RETURN_ALIGNED,0.0056372341510843,0.7165712477311607,0.0078669555448925
149042,4,6,3,1,NATIVE,0.1120601485756834,0.4864562380796936,0.2303601841306732
149042,4,6,3,1,RETURN_ALIGNED,0.3530743950156666,0.6577925602086371,0.5367564432525175
149042,4,6,3,2,NATIVE,-0.0006594601111034,-0.2023836605903278,0.0032584651799723
149042,4,6,3,2,RETURN_ALIGNED,0.0365465215657962,0.7156156683750943,0.0510700410578331
149042,4,6,3,3,NATIVE,-3.970688790226433e-05,-0.3135317540255818,0.0001266439112436
149042,4,6,3,3,RETURN_ALIGNED,0.0038538436215649,0.6208736957216175,0.0062071298036674
149042,4,6,5,1,NATIVE,0.2541711790027958,0.5800447917436501,0.4381923303520812
149042,4,6,5,1,RETURN_ALIGNED,0.3839462246205195,0.6675821685093862,0.575129538701974
149042,4,6,5,2,NATIVE,-0.0050009248347474,-0.2221441735915989,0.0225120684184295
149042,4,6,5,2,RETURN_ALIGNED,0.0281984057084982,0.5763294825310838,0.0489275779965499
149042,4,6,5,3,NATIVE,-0.0006624373367674,-0.589835020935248,0.0011230891910039
149042,4,6,5,3,RETURN_ALIGNED,0.0046736544371003,0.7870087403661972,0.0059385038526438
149042,4,6,7,1,NATIVE,0.1400059638322685,0.5382322242021953,0.2601218536100027
149042,4,6,7,1,RETURN_ALIGNED,0.2619932891250014,0.6627629178457679,0.3953046890076728
149042,4,6,7,2,NATIVE,0.0005100755603359,0.1044947749075076,0.0048813499117611
149042,4,6,7,2,RETURN_ALIGNED,0.0134835506453001,0.3773622935976061,0.0357310491107571
149042,4,6,7,3,NATIVE,3.6363642674471126e-05,0.3064227071795697,0.0001186715001992
149042,4,6,7,3,RETURN_ALIGNED,0.003196987832862,0.5854369611186747,0.0054608575211035
149042,6,0,1,1,NATIVE,0.0244019603972888,0.0483428768563682,0.504768478503744
149042,6,0,1,1,RETURN_ALIGNED,0.4618314648188028,0.7140277596799267,0.646797632946034
149042,6,0,1,2,NATIVE,-0.0057124927185391,-0.3075049587381317,0.018576912521588
149042,6,0,1,2,RETURN_ALIGNED,0.0518495963202276,0.5283008438272794,0.0981440725031483
149042,6,0,1,3,NATIVE,-0.0002798412539731,-0.1719428660053084,0.0016275246555858
149042,6,0,1,3,RETURN_ALIGNED,0.0089239201671451,0.6567897153443676,0.0135871801246475
149042,6,0,2,1,NATIVE,0.1829706587721203,0.5236718397971681,0.3493994613934145
149042,6,0,2,1,RETURN_ALIGNED,0.3292783130690147,0.8194262659561016,0.4018400760984666
149042,6,0,2,2,NATIVE,0.0012146213399228,0.0833196775829086,0.0145778449354129
149042,6,0,2,2,RETURN_ALIGNED,0.0204226831540612,0.5372338027566456,0.0380145163036085
149042,6,0,2,3,NATIVE,4.79689793755466e-06,0.0067153834036651,0.00071431482701
149042,6,0,2,3,RETURN_ALIGNED,0.0005654934945928,0.5562231968022796,0.0010166665064922
149042,6,0,3,1,NATIVE,0.0432790661989877,0.2301505392651598,0.1880467729388482
149042,6,0,3,1,RETURN_ALIGNED,0.3234809303473163,0.7062117863815778,0.4580508801823529
149042,6,0,3,2,NATIVE,-0.0017938381599838,-0.3103051387607957,0.0057808844769944
149042,6,0,3,2,RETURN_ALIGNED,0.0254554979030307,0.472216812634368,0.0539063777944413
149042,6,0,3,3,NATIVE,-1.4952005209974235e-05,-0.1091544192829826,0.0001369803004341
149042,6,0,3,3,RETURN_ALIGNED,0.0019428995211325,0.5846017870361773,0.0033234580596255
149042,6,0,4,1,NATIVE,-0.0799325337308095,-0.1347867848275064,0.5930294563601267
149042,6,0,4,1,RETURN_ALIGNED,0.5792835575294865,0.5895309237896673,0.9826177629591948
149042,6,0,4,2,NATIVE,-0.0069692309037709,-0.3762126831072099,0.0185247101348671
149042,6,0,4,2,RETURN_ALIGNED,0.0786930535192245,0.7324245188955684,0.1074418612277223
149042,6,0,4,3,NATIVE,-0.0001797523615463,-0.1666966809535692,0.0010783199785152
149042,6,0,4,3,RETURN_ALIGNED,0.0048419199373788,0.5389229725737387,0.0089844378202402
149042,6,0,5,1,NATIVE,0.257426155106648,0.4026431728215554,0.6393406680725826
149042,6,0,5,1,RETURN_ALIGNED,0.3910345844798504,0.6083104886465475,0.6428207170154209
149042,6,0,5,2,NATIVE,-0.0004501336504201,-0.0209079524459309,0.0215293033393025
149042,6,0,5,2,RETURN_ALIGNED,0.0080761345418608,0.3715353162756488,0.0217371920997349
149042,6,0,5,3,NATIVE,-0.0002949054463181,-0.1695346775351727,0.0017394992600978
149042,6,0,5,3,RETURN_ALIGNED,0.0009157246695313,0.4940647428108744,0.0018534507517839
149042,6,0,7,1,NATIVE,0.1283827937125405,0.563901324125878,0.2276688991844601
149042,6,0,7,1,RETURN_ALIGNED,0.2475777963298623,0.4367837818958807,0.5668200299360333
149042,6,0,7,2,NATIVE,0.0021429851955232,0.6197048316101453,0.003458074047321
149042,6,0,7,2,RETURN_ALIGNED,0.0291841409378125,0.4751629897965179,0.0614192215392646
149042,6,0,7,3,NATIVE,6.829156219008782e-05,0.7299875750507778,9.355167710192048e-05
149042,6,0,7,3,RETURN_ALIGNED,0.0046017202205713,0.7895338555679954,0.0058284013887651
149043,0,2,1,1,NATIVE,0.2387390189600358,0.807719194413982,0.2955718034323151
149043,0,2,1,1,RETURN_ALIGNED,0.3474725556697023,0.9256545103793026,0.375380394924145
149043,0,2,1,2,NATIVE,0.009307470917725,0.7351764833102149,0.012660185858061
149043,0,2,1,2,RETURN_ALIGNED,0.0210513652145389,0.8912037632436535,0.0236212705580031
149043,0,2,1,3,NATIVE,0.0001670105963073,0.6274563180280679,0.0002661708729762
149043,0,2,1,3,RETURN_ALIGNED,0.0006799218420447,0.780314515610508,0.0008713433211432
149043,0,2,3,1,NATIVE,0.2971808237763098,0.6812879315847591,0.4362044445506205
149043,0,2,3,1,RETURN_ALIGNED,0.342107874286019,0.730746631003522,0.4681620958222743
149043,0,2,3,2,NATIVE,4.848048585084398e-05,0.0054689394939682,0.0088646959621033
149043,0,2,3,2,RETURN_ALIGNED,0.0030878381244644,0.3860466053880128,0.007998614885481
149043,0,2,3,3,NATIVE,4.097862488344334e-05,0.253705664963803,0.0001615203383035
149043,0,2,3,3,RETURN_ALIGNED,0.0001351747124941,0.6257397719629245,0.0002160238463815
149043,0,2,4,1,NATIVE,0.3118292490423677,0.889366163200302,0.3506196457037526
149043,0,2,4,1,RETURN_ALIGNED,0.3857116421698877,0.8709871926020699,0.4428442179699904
149043,0,2,4,2,NATIVE,0.0099013711284763,0.6232902658001517,0.0158856501880374
149043,0,2,4,2,RETURN_ALIGNED,0.0207501386322498,0.7661897706813695,0.0270822444070892
149043,0,2,4,3,NATIVE,7.070132169014945e-05,0.3446007946614599,0.0002051687712864
149043,0,2,4,3,RETURN_ALIGNED,0.0003776036379524,0.6213547134347547,0.0006077102654419
149043,0,2,5,1,NATIVE,0.234645077944077,0.8210608600958608,0.2857828077646572
149043,0,2,5,1,RETURN_ALIGNED,0.3399596076789384,0.9104398136477526,0.3734015171377977
149043,0,2,5,2,NATIVE,0.0094369829007257,0.7559237813539401,0.0124840402337529
149043,0,2,5,2,RETURN_ALIGNED,0.022388042904721,0.908764783044505,0.0246356849667331
149043,0,2,5,3,NATIVE,0.0001328665637147,0.3683849843791185,0.0003606731241496
149043,0,2,5,3,RETURN_ALIGNED,0.0006255725433982,0.5544858337381834,0.0011282029306599
149043,0,2,6,1,NATIVE,0.0658827364824377,0.36384166069244,0.1810752962060451
149043,0,2,6,1,RETURN_ALIGNED,0.2655997002669037,0.8354576291331983,0.3179092404022845
149043,0,2,6,2,NATIVE,-0.0028880677701447,-0.4727355593678283,0.0061092670361238
149043,0,2,6,2,RETURN_ALIGNED,0.0051099896217745,0.5700232050345184,0.0089645291210022
149043,0,2,6,3,NATIVE,-1.6665473711603595e-05,-0.2020931101851025,8.246433347174652e-05
149043,0,2,6,3,RETURN_ALIGNED,0.0001241039999114,0.6686493635559257,0.0001856040047411
149043,0,2,7,1,NATIVE,0.2620293082252092,0.8721529558291716,0.3004396264137876
149043,0,2,7,1,RETURN_ALIGNED,0.3400959345038549,0.7909186838273624,0.4300011384962169
149043,0,2,7,2,NATIVE,0.0015741027415302,0.1849822254401913,0.0085094810474057
149043,0,2,7,2,RETURN_ALIGNED,0.0081863854177128,0.6230632890749918,0.0131389307653354
149043,0,2,7,3,NATIVE,-6.208316558659489e-05,-0.2786485091842375,0.000222800996473
149043,0,2,7,3,RETURN_ALIGNED,0.0003557755419905,0.5556392696932873,0.0006402994914996
149043,2,4,0,1,NATIVE,0.3309846111189518,0.8848251843605694,0.3740678011532513
149043,2,4,0,1,RETURN_ALIGNED,0.4011850500829979,0.8557930757714909,0.4687874457516358
149043,2,4,0,2,NATIVE,0.0051028474376756,0.3585650751168242,0.0142313007920716
149043,2,4,0,2,RETURN_ALIGNED,0.014599514688532,0.635145799577147,0.0229860839794219
149043,2,4,0,3,NATIVE,0.0001240406159921,0.3780338680187248,0.0003281203784187
149043,2,4,0,3,RETURN_ALIGNED,0.0005825880993814,0.7654291530956508,0.0007611260907635
149043,2,4,1,1,NATIVE,0.2132179201091269,0.7249443661949889,0.2941162522967948
149043,2,4,1,1,RETURN_ALIGNED,0.3151895462349429,0.8825234013592346,0.3571458227048655
149043,2,4,1,2,NATIVE,0.0016578845527359,0.2556122404101945,0.006485935689242
149043,2,4,1,2,RETURN_ALIGNED,0.0061971075264244,0.553904949325081,0.0111880342175358
149043,2,4,1,3,NATIVE,5.5037652085036936e-05,0.4620305627040221,0.0001191212367058
149043,2,4,1,3,RETURN_ALIGNED,0.0002374778026249,0.7096143038448228,0.0003346575755961
149043,2,4,3,1,NATIVE,0.3742573447316598,0.85879071908488,0.4357957490854615
149043,2,4,3,1,RETURN_ALIGNED,0.4339941696398784,0.8014320602503249,0.5415233444791278
149043,2,4,3,2,NATIVE,0.0066541489551507,0.1847886545881033,0.0360095102652085
149043,2,4,3,2,RETURN_ALIGNED,0.0225512343587739,0.6173145679282311,0.0365311877080197
149043,2,4,3,3,NATIVE,2.455343682051664e-06,0.005142525930805,0.0004774586860669
149043,2,4,3,3,RETURN_ALIGNED,0.0003071057218743,0.5785130777937453,0.0005308535498253
149043,2,4,5,1,NATIVE,0.2029968121913953,0.788289679681259,0.2575155015010558
149043,2,4,5,1,RETURN_ALIGNED,0.3060164289909484,0.8792652416291648,0.3480365360784328
149043,2,4,5,2,NATIVE,0.0029397166582472,0.4760656643990511,0.0061750234851836
149043,2,4,5,2,RETURN_ALIGNED,0.0076806091545347,0.6327856126721281,0.0121377746279302
149043,2,4,5,3,NATIVE,-1.2207286291752612e-05,-0.0823943238015647,0.0001481568840084
149043,2,4,5,3,RETURN_ALIGNED,0.0003159267034893,0.5446219866759588,0.000580084372471
149043,2,4,6,1,NATIVE,0.0117591025000213,0.0694536467610682,0.1693086403423906
149043,2,4,6,1,RETURN_ALIGNED,0.2456609083815294,0.8372784408294333,0.2934040773070688
149043,2,4,6,2,NATIVE,-0.0003061678213129,-0.0676105360509895,0.0045284039906673
149043,2,4,6,2,RETURN_ALIGNED,0.0038210931045826,0.5643456028074525,0.0067708388001435
149043,2,4,6,3,NATIVE,1.952495301146004e-05,0.2084199513220079,9.368082442096804e-05
149043,2,4,6,3,RETURN_ALIGNED,0.0001443928897518,0.709693862053231,0.0002034579936165
149043,2,4,7,1,NATIVE,0.3468619773922174,0.9364764982807432,0.3703904775279439
149043,2,4,7,1,RETURN_ALIGNED,0.42586432595697,0.8181492845474201,0.520521540506306
149043,2,4,7,2,NATIVE,0.0080589907261477,0.3956791402631276,0.0203674894771831
149043,2,4,7,2,RETURN_ALIGNED,0.0270275098899345,0.8624263631899746,0.0313389189413128
149043,2,4,7,3,NATIVE,5.817534035180509e-05,0.0759230871119343,0.0007662404456784
149043,2,4,7,3,RETURN_ALIGNED,0.000760245921327,0.4226283199351842,0.0017988522872209
149043,4,6,0,1,NATIVE,0.3194822381395654,0.937750437982418,0.340690044172924
149043,4,6,0,1,RETURN_ALIGNED,0.3995340171023209,0.8726690740210672,0.4578299254507023
149043,4,6,0,2,NATIVE,0.0071467288199069,0.4929647045767114,0.0144974452599658
149043,4,6,0,2,RETURN_ALIGNED,0.0202443998171073,0.756641658824952,0.0267555976870565
149043,4,6,0,3,NATIVE,-1.4154753714907712e-05,-0.0627549594975515,0.0002255559371901
149043,4,6,0,3,RETURN_ALIGNED,0.0004498209193092,0.5333316821241002,0.0008434168347452
149043,4,6,1,1,NATIVE,0.2400219120823727,0.8345526901402133,0.2876054620851454
149043,4,6,1,1,RETURN_ALIGNED,0.3411422756018043,0.921198475563104,0.3703244031022527
149043,4,6,1,2,NATIVE,0.0095329500820606,0.7544013693308195,0.012636443237069
149043,4,6,1,2,RETURN_ALIGNED,0.0224511229594593,0.9501491460892852,0.0236290513454517
149043,4,6,1,3,NATIVE,0.0003018791150961,0.7659863694860463,0.00039410507303
149043,4,6,1,3,RETURN_ALIGNED,0.0010774499266132,0.8118016732125178,0.0013272329450618
149043,4,6,2,1,NATIVE,0.0570736756019188,0.3730323098088604,0.152999282101827
149043,4,6,2,1,RETURN_ALIGNED,0.24416326527881,0.910617916735912,0.26812921291205
149043,4,6,2,2,NATIVE,2.014623916861109e-05,0.0047386352584883,0.004251485515603
149043,4,6,2,2,RETURN_ALIGNED,0.0045455823307368,0.5916609740368473,0.0076827482794699
149043,4,6,2,3,NATIVE,2.4936685428317177e-06,0.0595694406895964,4.186154012732939e-05
149043,4,6,2,3,RETURN_ALIGNED,8.895206194115236e-05,0.6250286063697735,0.0001423167850539
149043,4,6,3,1,NATIVE,0.2981136465521661,0.6672190531605106,0.4468002601839604
149043,4,6,3,1,RETURN_ALIGNED,0.3491375160764801,0.7838049737268076,0.4454392709655776
149043,4,6,3,2,NATIVE,0.0001530004399412,0.0177396566569624,0.0086247689509682
149043,4,6,3,2,RETURN_ALIGNED,0.0028129159481547,0.3623562080771447,0.0077628474008239
149043,4,6,3,3,NATIVE,3.079511555262135e-05,0.2447671550345413,0.0001258139210617
149043,4,6,3,3,RETURN_ALIGNED,0.0001205156351893,0.6242583212151691,0.0001930541107993
149043,4,6,5,1,NATIVE,0.2381282068966272,0.7942863922269829,0.2998014434425145
149043,4,6,5,1,RETURN_ALIGNED,0.3527354883266896,0.9135131230175948,0.3861307292020817
149043,4,6,5,2,NATIVE,0.0114708341759053,0.8165225159374244,0.0140483990962746
149043,4,6,5,2,RETURN_ALIGNED,0.025364439369304,0.9390490904896528,0.0270107703901093
149043,4,6,5,3,NATIVE,0.0002851573643369,0.6454617544127648,0.0004417881632866
149043,4,6,5,3,RETURN_ALIGNED,0.0012512038773598,0.8856644458470462,0.0014127290322319
149043,4,6,7,1,NATIVE,0.2616861454293771,0.8893173000539581,0.2942550936693779
149043,4,6,7,1,RETURN_ALIGNED,0.3454020653132889,0.8014050247747193,0.4309956322151022
149043,4,6,7,2,NATIVE,0.0013928053114203,0.175554829749364,0.0079337339415671
149043,4,6,7,2,RETURN_ALIGNED,0.0078563395628641,0.5993185027279914,0.0131087886107229
149043,4,6,7,3,NATIVE,-4.655328630149967e-05,-0.2652149520717575,0.0001755303986267
149043,4,6,7,3,RETURN_ALIGNED,0.0003101838025634,0.5637805160089637,0.0005501853889325
149043,6,0,1,1,NATIVE,0.2045690616451896,0.6662750159735344,0.3070339675668237
149043,6,0,1,1,RETURN_ALIGNED,0.318688842646575,0.8625979045113426,0.369452372860666
149043,6,0,1,2,NATIVE,0.0012032031693789,0.1791060552579441,0.0067178251880093
149043,6,0,1,2,RETURN_ALIGNED,0.00577260348954,0.5011419601096501,0.0115188987331247
149043,6,0,1,3,NATIVE,4.54180227919783e-05,0.4243791776543139,0.0001070222695523
149043,6,0,1,3,RETURN_ALIGNED,0.0002037838823227,0.6778505101210752,0.0003006324834196
149043,6,0,2,1,NATIVE,0.0509590415156197,0.3634847536369332,0.1401958156578105
149043,6,0,2,1,RETURN_ALIGNED,0.197058568722606,0.7160632406299309,0.2751971579336064
149043,6,0,2,2,NATIVE,-0.0011120125070745,-0.2745601621639049,0.0040501597106442
149043,6,0,2,2,RETURN_ALIGNED,0.0029355139611318,0.5458636227265674,0.0053777424225674
149043,6,0,2,3,NATIVE,-2.730484836205417e-05,-0.3888329059765873,7.022257586961937e-05
149043,6,0,2,3,RETURN_ALIGNED,9.085267135816164e-05,0.6236397395492291,0.0001456813371594
149043,6,0,3,1,NATIVE,0.3864015070179048,0.9366983625111036,0.4125143402425131
149043,6,0,3,1,RETURN_ALIGNED,0.4588197933482392,0.8098784017807839,0.5665292374004739
149043,6,0,3,2,NATIVE,0.0136811835619886,0.4347142848291858,0.0314716678012467
149043,6,0,3,2,RETURN_ALIGNED,0.0365202962567706,0.7847923880537546,0.04653497767081
149043,6,0,3,3,NATIVE,-5.125027626271372e-05,-0.1018192627785702,0.0005033455822432
149043,6,0,3,3,RETURN_ALIGNED,0.001195236247932,0.7965717189478169,0.0015004753725034
149043,6,0,4,1,NATIVE,0.2673358112317319,0.8960707280959617,0.2983423103214862
149043,6,0,4,1,RETURN_ALIGNED,0.3474730660643824,0.8596357765609768,0.4042096380101396
149043,6,0,4,2,NATIVE,0.0056808454062442,0.5464081186822418,0.0103967075376183
149043,6,0,4,2,RETURN_ALIGNED,0.0138968393193157,0.7723527871607776,0.0179928648541899
149043,6,0,4,3,NATIVE,3.657229714458263e-05,0.1014972767460896,0.0003603278655867
149043,6,0,4,3,RETURN_ALIGNED,0.0006356394455799,0.597446960271416,0.0010639261516812
149043,6,0,5,1,NATIVE,0.2025874451988668,0.8166777557079166,0.2480628911253998
149043,6,0,5,1,RETURN_ALIGNED,0.3033886806396273,0.8828755501453259,0.34363697192604
149043,6,0,5,2,NATIVE,0.0033428395459752,0.5356732530477536,0.0062404451348927
149043,6,0,5,2,RETURN_ALIGNED,0.008756907347025,0.6905488548096598,0.0126810830050672
149043,6,0,5,3,NATIVE,-1.036688302272487e-05,-0.0786159364834112,0.0001318674491992
149043,6,0,5,3,RETURN_ALIGNED,0.0002917771002784,0.5271049866221722,0.0005535464615238
149043,6,0,7,1,NATIVE,0.3442267083978366,0.9044404976858076,0.3805963015569074
149043,6,0,7,1,RETURN_ALIGNED,0.4096160258723543,0.8047603560275504,0.5089913075416144
149043,6,0,7,2,NATIVE,0.0073419299980939,0.3050281970804214,0.0240696764030517
149043,6,0,7,2,RETURN_ALIGNED,0.0273568779061081,0.825129211006949,0.0331546593426462
149043,6,0,7,3,NATIVE,0.0002755681587404,0.2977422142471744,0.0009255259887794
149043,6,0,7,3,RETURN_ALIGNED,0.0010627721252134,0.4601647985055077,0.0023095467674908
149044,0,2,1,1,NATIVE,0.0954509517641516,0.3007981450089154,0.3173255997339335
149044,0,2,1,1,RETURN_ALIGNED,0.2030894681428527,0.6302764002124327,0.3222228661483892
149044,0,2,1,2,NATIVE,0.0097848335027908,0.4047307899241102,0.0241761529918102
149044,0,2,1,2,RETURN_ALIGNED,0.0337016440323085,0.8109798396053892,0.0415566976839884
149044,0,2,1,3,NATIVE,0.0002145866277842,0.4887564315053512,0.0004390461353883
149044,0,2,1,3,RETURN_ALIGNED,0.000859766916781,0.5654299947665299,0.0015205541243213
149044,0,2,3,1,NATIVE,0.0799399705212195,0.4446812281583552,0.1797691592519739
149044,0,2,3,1,RETURN_ALIGNED,0.1380243127657186,0.5797330924573397,0.2380825151460643
149044,0,2,3,2,NATIVE,0.0038733269448471,0.47239504028726,0.0081993387190062
149044,0,2,3,2,RETURN_ALIGNED,0.0120505484350313,0.6002183056903134,0.0200769425396451
149044,0,2,3,3,NATIVE,9.125934208242737e-06,0.0888158896676979,0.0001027511431235
149044,0,2,3,3,RETURN_ALIGNED,0.0001452655070326,0.4825587490574974,0.0003010317546248
149044,0,2,4,1,NATIVE,0.0459825961599015,0.3054927111486512,0.150519454251316
149044,0,2,4,1,RETURN_ALIGNED,0.0742632869425763,0.3858638824218622,0.1924598033804122
149044,0,2,4,2,NATIVE,0.0020690264442606,0.2799472134169762,0.0073907734907585
149044,0,2,4,2,RETURN_ALIGNED,0.012122752576012,0.586368324577911,0.0206742964563265
149044,0,2,4,3,NATIVE,7.806700379950712e-05,0.465596501091904,0.0001676709405798
149044,0,2,4,3,RETURN_ALIGNED,0.0003525954025342,0.5809366813787759,0.0006069429133575
149044,0,2,5,1,NATIVE,0.1141346352309914,0.6449329353667148,0.176971323639728
149044,0,2,5,1,RETURN_ALIGNED,0.1454461977042414,0.7798490490116484,0.1865055780836421
149044,0,2,5,2,NATIVE,0.0084480082471472,0.6124320377618409,0.013794197108448
149044,0,2,5,2,RETURN_ALIGNED,0.0168962236038542,0.8221356209516577,0.0205516257532467
149044,0,2,5,3,NATIVE,0.0001460015342352,0.37745451518051,0.0003868056300868
149044,0,2,5,3,RETURN_ALIGNED,0.0005809402206141,0.543180158198321,0.0010695166382977
149044,0,2,6,1,NATIVE,0.056556879171191,0.3754517513461566,0.1506368766914966
149044,0,2,6,1,RETURN_ALIGNED,0.088203172459734,0.5832939861372807,0.1512156383503187
149044,0,2,6,2,NATIVE,0.0047635502655584,0.5299072155716693,0.0089894044183036
149044,0,2,6,2,RETURN_ALIGNED,0.0084231049279676,0.7666973557263511,0.0109862188309108
149044,0,2,6,3,NATIVE,6.746123430954166e-05,0.2299469436600585,0.0002933773887976
149044,0,2,6,3,RETURN_ALIGNED,0.000199694155119,0.5143365494417316,0.0003882558111107
149044,0,2,7,1,NATIVE,0.0892694436993502,0.5386147186793024,0.1657389607142318
149044,0,2,7,1,RETURN_ALIGNED,0.1238059591291464,0.6794633571338874,0.1822113846599725
149044,0,2,7,2,NATIVE,0.0037220345114059,0.6507144267039778,0.0057199200729604
149044,0,2,7,2,RETURN_ALIGNED,0.0066184116770727,0.7467565933860356,0.0088628767865006
149044,0,2,7,3,NATIVE,1.447595225398804e-05,0.1426585133797032,0.0001014727539652
149044,0,2,7,3,RETURN_ALIGNED,7.840938848056728e-05,0.5653053762604496,0.0001387027112693
149044,2,4,0,1,NATIVE,0.2104991216208998,0.7400672289284328,0.2844324318011616
149044,2,4,0,1,RETURN_ALIGNED,0.279333193222046,0.8566797171543495,0.3260649080725676
149044,2,4,0,2,NATIVE,0.0014913441846373,0.3253130403562976,0.0045843356993215
149044,2,4,0,2,RETURN_ALIGNED,0.0049799147446941,0.6128008262759204,0.0081264817713082
149044,2,4,0,3,NATIVE,1.042004498143249e-05,0.1394972074154422,7.469715801057157e-05
149044,2,4,0,3,RETURN_ALIGNED,5.612879244267069e-05,0.541852491507386,0.0001035868491486
149044,2,4,1,1,NATIVE,-0.0085703460857712,-0.1101379057578437,0.0778146817554421
149044,2,4,1,1,RETURN_ALIGNED,0.0198043365653652,0.2945289659128898,0.0672407092590862
149044,2,4,1,2,NATIVE,0.000936951040576,0.1679121634395398,0.0055800069584607
149044,2,4,1,2,RETURN_ALIGNED,0.0023327883175994,0.4960530573436031,0.0047026992023386
149044,2,4,1,3,NATIVE,2.1268114079296167e-05,0.3599556772412903,5.908536895327252e-05
149044,2,4,1,3,RETURN_ALIGNED,3.569292129838404e-05,0.5210867613331226,6.849707923378127e-05
149044,2,4,3,1,NATIVE,0.2265465660306444,0.7673353380348937,0.2952380201993561
149044,2,4,3,1,RETURN_ALIGNED,0.3325042259937408,0.9173459076689464,0.362463301153677
149044,2,4,3,2,NATIVE,0.0086242126991904,0.8722756835649906,0.0098870263845349
149044,2,4,3,2,RETURN_ALIGNED,0.022562009169531,0.9263262629132394,0.0243564390556344
149044,2,4,3,3,NATIVE,0.0002386394265502,0.4418344954153281,0.0005401104411761
149044,2,4,3,3,RETURN_ALIGNED,0.0011325749754093,0.7367114779577434,0.001537338572096
149044,2,4,5,1,NATIVE,0.0394967007797254,0.4420695222477731,0.0893449984492455
149044,2,4,5,1,RETURN_ALIGNED,0.0508312268535548,0.5403733197014553,0.0940668700697325
149044,2,4,5,2,NATIVE,0.0019344346653831,0.2326252313259985,0.0083156700333269
149044,2,4,5,2,RETURN_ALIGNED,0.0050583988245655,0.4864272719819179,0.0103990855681962
149044,2,4,5,3,NATIVE,-1.658487931953662e-05,-0.2148056995415461,7.720874865854614e-05
149044,2,4,5,3,RETURN_ALIGNED,7.570696356273173e-05,0.4812631741118396,0.0001573088644965
149044,2,4,6,1,NATIVE,0.1905588217872841,0.715536689394456,0.2663159340554178
149044,2,4,6,1,RETURN_ALIGNED,0.2561410410080337,0.8480752246683977,0.3020263221436187
149044,2,4,6,2,NATIVE,0.0033593592265385,0.3533188822752546,0.0095080093215926
149044,2,4,6,2,RETURN_ALIGNED,0.0092431632477049,0.6480002352000782,0.0142641356359604
149044,2,4,6,3,NATIVE,-4.737701460626937e-06,-0.0417706626690692,0.0001134217449839
149044,2,4,6,3,RETURN_ALIGNED,7.988394406798706e-05,0.5429194967944886,0.0001471377329223
149044,2,4,7,1,NATIVE,0.2076532122263689,0.7894666067829761,0.2630297601469847
149044,2,4,7,1,RETURN_ALIGNED,0.2810941321597998,0.9021231901260712,0.3115917373993173
149044,2,4,7,2,NATIVE,0.0083095090485504,0.8709944494022602,0.0095402548811542
149044,2,4,7,2,RETURN_ALIGNED,0.0194627301009381,0.9436375599448332,0.020625217695668
149044,2,4,7,3,NATIVE,0.0002168226308577,0.6392811003643245,0.0003391663377081
149044,2,4,7,3,RETURN_ALIGNED,0.0006222793790014,0.8648872290141892,0.0007194919249508
149044,4,6,0,1,NATIVE,0.0601913211768348,0.5325644245221662,0.1130216710040144
149044,4,6,0,1,RETURN_ALIGNED,0.0835560370235768,0.6399651631467943,0.1305634147531776
149044,4,6,0,2,NATIVE,0.0029743980517683,0.5074422134043685,0.005861550286143
149044,4,6,0,2,RETURN_ALIGNED,0.0073420280562954,0.7659026781104505,0.0095861109580217
149044,4,6,0,3,NATIVE,-4.359285523254067e-06,-0.0200591442174489,0.0002173216084658
149044,4,6,0,3,RETURN_ALIGNED,0.0001100541294094,0.4234910291304781,0.0002598735771201
149044,4,6,1,1,NATIVE,0.232030139504695,0.7465102366021,0.3108197692774199
149044,4,6,1,1,RETURN_ALIGNED,0.2745396316061702,0.8393863612887025,0.3270718280242186
149044,4,6,1,2,NATIVE,0.0117101357946402,0.505966672997686,0.0231440852015388
149044,4,6,1,2,RETURN_ALIGNED,0.0304166274002343,0.8142955061861907,0.0373533037579223
149044,4,6,1,3,NATIVE,0.0003358994478345,0.5463846743788199,0.0006147673091546
149044,4,6,1,3,RETURN_ALIGNED,0.0014579885828609,0.6573146956664734,0.0022180982386307
149044,4,6,2,1,NATIVE,0.0524737722914949,0.3883028829299796,0.1351361903251978
149044,4,6,2,1,RETURN_ALIGNED,0.1022992619946426,0.6292603407900359,0.1625706490037705
149044,4,6,2,2,NATIVE,0.0052996793688763,0.592064676758063,0.0089511831669052
149044,4,6,2,2,RETURN_ALIGNED,0.0147935914694059,0.793559374523729,0.0186420725954382
149044,4,6,2,3,NATIVE,0.0001203413708705,0.4259676880296326,0.0002825129074486
149044,4,6,2,3,RETURN_ALIGNED,0.0004738283230048,0.4516670288826361,0.0010490655545091
149044,4,6,3,1,NATIVE,0.0513111679519439,0.3133468055013754,0.1637520059277717
149044,4,6,3,1,RETURN_ALIGNED,0.1175060900818762,0.532281784236773,0.2207591797459511
149044,4,6,3,2,NATIVE,0.0035836669101659,0.4378186449144088,0.0081852770581259
149044,4,6,3,2,RETURN_ALIGNED,0.0114822492484621,0.5678415560066978,0.0202208681745476
149044,4,6,3,3,NATIVE,3.655676171856168e-06,0.0334886513460221,0.0001091616418517
149044,4,6,3,3,RETURN_ALIGNED,0.0001497771153381,0.4610089156402328,0.0003248898451922
149044,4,6,5,1,NATIVE,0.1840723989201909,0.6334745292905523,0.2905758486070053
149044,4,6,5,1,RETURN_ALIGNED,0.2548483105020774,0.797598013219206,0.3195197408688027
149044,4,6,5,2,NATIVE,0.0073544612481995,0.5288532396354866,0.0139064313019544
149044,4,6,5,2,RETURN_ALIGNED,0.0187099363225073,0.7901656921925083,0.0236784974390018
149044,4,6,5,3,NATIVE,0.0002966684810757,0.5965534193312277,0.0004973041215371
149044,4,6,5,3,RETURN_ALIGNED,0.000948223887276,0.6232852253802847,0.0015213321950142
149044,4,6,7,1,NATIVE,0.0755198515658695,0.5449379511638262,0.1385843129562593
149044,4,6,7,1,RETURN_ALIGNED,0.1079086968701819,0.7035097062737213,0.1533862232572341
149044,4,6,7,2,NATIVE,0.0035868370046118,0.6522521799086787,0.0054991567905535
149044,4,6,7,2,RETURN_ALIGNED,0.0062681675786253,0.750972957194458,0.0083467287579599
149044,4,6,7,3,NATIVE,1.9789364421291825e-05,0.1963818576881053,0.0001007698196821
149044,4,6,7,3,RETURN_ALIGNED,7.759850907682746e-05,0.5831039933915302,0.0001330783356959
149044,6,0,1,1,NATIVE,-0.0135907328393902,-0.1407855444687346,0.096535002159844
149044,6,0,1,1,RETURN_ALIGNED,0.0308378773699054,0.3637843839913902,0.0847696567716519
149044,6,0,1,2,NATIVE,0.00083901845802,0.145955812683627,0.0057484415484294
149044,6,0,1,2,RETURN_ALIGNED,0.0023336174053877,0.4931477240937483,0.0047320859264895
149044,6,0,1,3,NATIVE,2.2952796591851747e-05,0.3651521562694408,6.285817050270364e-05
149044,6,0,1,3,RETURN_ALIGNED,3.3173436474606575e-05,0.517805204064482,6.406547497288751e-05
149044,6,0,2,1,NATIVE,0.1759904251488961,0.7028764155312577,0.2503860156064484
149044,6,0,2,1,RETURN_ALIGNED,0.2391455906135371,0.8336146167080876,0.2868778759633496
149044,6,0,2,2,NATIVE,0.0038914196533412,0.6252660255708467,0.0062236224163193
149044,6,0,2,2,RETURN_ALIGNED,0.0093256383977269,0.7466403386286673,0.0124901346936839
149044,6,0,2,3,NATIVE,3.707451507679653e-05,0.3638773629327946,0.0001018873905068
149044,6,0,2,3,RETURN_ALIGNED,0.0001627442759598,0.6133161605156048,0.000265351357527
149044,6,0,3,1,NATIVE,0.2242591742994158,0.7887493434891354,0.2843224861616525
149044,6,0,3,1,RETURN_ALIGNED,0.3108352931403241,0.9067026501706952,0.3428194381935242
149044,6,0,3,2,NATIVE,0.008861952462279,0.8799362719317267,0.0100711298575669
149044,6,0,3,2,RETURN_ALIGNED,0.0212171841883433,0.9390777744419574,0.0225936389556355
149044,6,0,3,3,NATIVE,0.000268197747881,0.6173167723748585,0.000434457247436
149044,6,0,3,3,RETURN_ALIGNED,0.000720276580022,0.7824403451453521,0.0009205514283048
149044,6,0,4,1,NATIVE,0.1627454028684133,0.7526930617291,0.2162174877689753
149044,6,0,4,1,RETURN_ALIGNED,0.2058202945457574,0.8485872287006576,0.2425446525523105
149044,6,0,4,2,NATIVE,0.002058544107252,0.3119172435860416,0.0065996483016492
149044,6,0,4,2,RETURN_ALIGNED,0.0060997147089936,0.6832694836059285,0.0089272459176817
149044,6,0,4,3,NATIVE,1.04271617558092e-07,0.0012030929677757,8.666962572876743e-05
149044,6,0,4,3,RETURN_ALIGNED,6.503064392227831e-05,0.6093372827900327,0.0001067235595045
149044,6,0,5,1,NATIVE,0.0477358937652872,0.4984805797721611,0.0957627953872397
149044,6,0,5,1,RETURN_ALIGNED,0.0606655971276847,0.603528366230706,0.100518220057333
149044,6,0,5,2,NATIVE,0.0017655458590464,0.2367127027610454,0.0074586020869857
149044,6,0,5,2,RETURN_ALIGNED,0.0050997411121752,0.5291851399891712,0.0096369696091538
149044,6,0,5,3,NATIVE,-1.7017160164239107e-05,-0.2154127880896586,7.899791027723326e-05
149044,6,0,5,3,RETURN_ALIGNED,7.847144547219696e-05,0.470660427813055,0.0001667262440348
149044,6,0,7,1,NATIVE,0.2110740370683397,0.7689005935722898,0.27451407741474
149044,6,0,7,1,RETURN_ALIGNED,0.2976360381200598,0.9046684879325612,0.3290001167168233
149044,6,0,7,2,NATIVE,0.0081040644646532,0.8718321380880076,0.0092954413005153
149044,6,0,7,2,RETURN_ALIGNED,0.0206193588202324,0.9339434605032776,0.02207773777644
149044,6,0,7,3,NATIVE,0.0001577997539543,0.4487375255951512,0.0003516526788882
149044,6,0,7,3,RETURN_ALIGNED,0.0007601250350275,0.827527167677464,0.0009185499436706
149045,0,2,1,1,NATIVE,0.3437764071131317,0.9771036054912314,0.3518320935273551
149045,0,2,1,1,RETURN_ALIGNED,0.4845498454775561,0.9298032066227584,0.521131613685787
149045,0,2,1,2,NATIVE,0.0320562412080387,0.9681274739344212,0.033111591263552
149045,0,2,1,2,RETURN_ALIGNED,0.094483417263656,0.8758301124909349,0.1078787037760635
149045,0,2,1,3,NATIVE,0.0020854489155687,0.9441377105082084,0.0022088397613595
149045,0,2,1,3,RETURN_ALIGNED,0.016485495562922,0.8796144769031321,0.0187417283314805
149045,0,2,3,1,NATIVE,0.2500685589387739,0.9098048763121008,0.2748595500524149
149045,0,2,3,1,RETURN_ALIGNED,0.3298251776630629,0.7878186720944299,0.418656207761768
149045,0,2,3,2,NATIVE,0.0079055890754366,0.6071259134289619,0.0130213336319852
149045,0,2,3,2,RETURN_ALIGNED,0.0317108681053945,0.8331199959752714,0.0380627859834286
149045,0,2,3,3,NATIVE,0.0002153608589332,0.5615959580144042,0.0003834800728814
149045,0,2,3,3,RETURN_ALIGNED,0.0024291263756944,0.8616747181435035,0.0028190758351266
149045,0,2,4,1,NATIVE,0.3202323075148451,0.9604620062794272,0.3334148622445948
149045,0,2,4,1,RETURN_ALIGNED,0.4657191295462671,0.9420843195414104,0.4943497305771447
149045,0,2,4,2,NATIVE,0.0283504722621465,0.8375096114033012,0.0338509216802477
149045,0,2,4,2,RETURN_ALIGNED,0.0936205227083119,0.8652728341970566,0.1081976909573416
149045,0,2,4,3,NATIVE,0.0013602893080496,0.7155326078572991,0.0019010863976633
149045,0,2,4,3,RETURN_ALIGNED,0.0153425445439839,0.8923214770829185,0.0171939653340343
149045,0,2,5,1,NATIVE,0.3292225184494101,0.968136638270898,0.3400579065341342
149045,0,2,5,1,RETURN_ALIGNED,0.5042125109892467,0.9390563866625876,0.5369352875403045
149045,0,2,5,2,NATIVE,0.0282113832600884,0.9662792699134122,0.0291958899858887
149045,0,2,5,2,RETURN_ALIGNED,0.0960271875635448,0.8862100992831178,0.1083571352224265
149045,0,2,5,3,NATIVE,0.0016890539664574,0.9822659416531324,0.001719548540435
149045,0,2,5,3,RETURN_ALIGNED,0.0142816682636556,0.8562368714995304,0.0166795763402468
149045,0,2,6,1,NATIVE,0.2926221874130708,0.9710150566423992,0.3013570030776626
149045,0,2,6,1,RETURN_ALIGNED,0.4298646297528186,0.8611644585175022,0.4991667102620689
149045,0,2,6,2,NATIVE,0.0175372408191075,0.8100986113537539,0.0216482790776446
149045,0,2,6,2,RETURN_ALIGNED,0.0598790659344494,0.7027709037066663,0.0852042473849397
149045,0,2,6,3,NATIVE,0.0008820347114445,0.7347873664268065,0.0012003944968773
149045,0,2,6,3,RETURN_ALIGNED,0.0084220886589361,0.74469691664845,0.0113094179259233
149045,0,2,7,1,NATIVE,0.2012225760548833,0.9063528608903524,0.2220135057080166
149045,0,2,7,1,RETURN_ALIGNED,0.2395973053875206,0.7322237423583309,0.3272187058777163
149045,0,2,7,2,NATIVE,-0.00475407967462,-0.3194126593960191,0.0148838173275397
149045,0,2,7,2,RETURN_ALIGNED,0.0204657803966124,0.5607591955157077,0.0364965578097697
149045,0,2,7,3,NATIVE,-0.0002586364700031,-0.5817688504592996,0.0004445691269867
149045,0,2,7,3,RETURN_ALIGNED,0.0013277619973732,0.7542705245624235,0.0017603259759931
149045,2,4,0,1,NATIVE,0.3539827575928559,0.9518608729047175,0.3718849757030075
149045,2,4,0,1,RETURN_ALIGNED,0.4905732158235887,0.9278591167553688,0.5287151971293252
149045,2,4,0,2,NATIVE,0.0164685174610317,0.8167585214207624,0.0201632637175814
149045,2,4,0,2,RETURN_ALIGNED,0.0553016727249553,0.9026021483140516,0.0612691569903818
149045,2,4,0,3,NATIVE,0.0004516251141943,0.6887330756023643,0.0006557331572488
149045,2,4,0,3,RETURN_ALIGNED,0.0052010415167121,0.8775036596284643,0.0059270881204972
149045,2,4,1,1,NATIVE,0.3393392193395161,0.9722686632413784,0.3490179537497314
149045,2,4,1,1,RETURN_ALIGNED,0.4749756483930833,0.9129783079165452,0.52024855823462
149045,2,4,1,2,NATIVE,0.0170646239449376,0.8292674416850264,0.0205779499918937
149045,2,4,1,2,RETURN_ALIGNED,0.0596165311162297,0.8311704249170654,0.071726001466116
149045,2,4,1,3,NATIVE,0.0003949546939664,0.6279757626961228,0.0006289330216293
149045,2,4,1,3,RETURN_ALIGNED,0.0060293712982808,0.8603571587039363,0.007007986435925
149045,2,4,3,1,NATIVE,0.2367778102460578,0.9280799329181548,0.2551265271962412
149045,2,4,3,1,RETURN_ALIGNED,0.3129633172826094,0.7930403931946832,0.39463729712654
149045,2,4,3,2,NATIVE,0.0155121053355914,0.5893774430354466,0.026319475776796
149045,2,4,3,2,RETURN_ALIGNED,0.0729711027122312,0.9197800519275368,0.0793353830178953
149045,2,4,3,3,NATIVE,0.0010422817492913,0.5941497475811527,0.0017542408340269
149045,2,4,3,3,RETURN_ALIGNED,0.0134678048089966,0.9428531002866316,0.0142840966466867
149045,2,4,5,1,NATIVE,0.311864255139071,0.9539544338970088,0.3269173495688441
149045,2,4,5,1,RETURN_ALIGNED,0.4880127178160507,0.9387008929252936,0.5198809562173053
149045,2,4,5,2,NATIVE,0.0267470836442315,0.8524983675028857,0.0313749382565028
149045,2,4,5,2,RETURN_ALIGNED,0.0810003754904154,0.7061806029176976,0.1147020679351773
149045,2,4,5,3,NATIVE,0.0002088681426191,0.1888507211943987,0.0011059960019343
149045,2,4,5,3,RETURN_ALIGNED,0.0075709312047365,0.653375791433176,0.0115874069776532
149045,2,4,6,1,NATIVE,0.2839050175458029,0.9649763174852976,0.294209311048815
149045,2,4,6,1,RETURN_ALIGNED,0.4363956456099987,0.8802941848800485,0.4957384168900781
149045,2,4,6,2,NATIVE,0.0141538937239235,0.5954879302700506,0.0237685652459782
149045,2,4,6,2,RETURN_ALIGNED,0.0535907826413516,0.7674420836142392,0.0698303934400308
149045,2,4,6,3,NATIVE,-3.244344256159215e-05,-0.0778206872223036,0.0004168999749736
149045,2,4,6,3,RETURN_ALIGNED,0.0028527383803263,0.7894353471078359,0.0036136440947508
149045,2,4,7,1,NATIVE,0.2396294132726636,0.9282062195778557,0.2581639814711494
149045,2,4,7,1,RETURN_ALIGNED,0.2869848432925241,0.748644463291074,0.3833392983777862
149045,2,4,7,2,NATIVE,0.0079767448081975,0.2960668571487052,0.0269423767484434
149045,2,4,7,2,RETURN_ALIGNED,0.0566969590019217,0.7956793693941022,0.0712560375225764
149045,2,4,7,3,NATIVE,0.0004798676222889,0.2105139106904917,0.0022795055220439
149045,2,4,7,3,RETURN_ALIGNED,0.0127416912102584,0.8770580179752808,0.0145277632123069
149045,4,6,0,1,NATIVE,0.3522850255893952,0.9317162071870582,0.3781033568718685
149045,4,6,0,1,RETURN_ALIGNED,0.4982865735622708,0.9283818633658988,0.5367258810460513
149045,4,6,0,2,NATIVE,0.0175378980927884,0.7758976665552848,0.0226033649135729
149045,4,6,0,2,RETURN_ALIGNED,0.0571079237332605,0.84902642057487,0.0672628346412836
149045,4,6,0,3,NATIVE,0.0009363664679935,0.8355648054838131,0.0011206389519472
149045,4,6,0,3,RETURN_ALIGNED,0.0077928653919487,0.853735286931719,0.0091279645004044
149045,4,6,1,1,NATIVE,0.3506698488212499,0.973401775907766,0.3602519098490456
149045,4,6,1,1,RETURN_ALIGNED,0.4980852945279929,0.928538378529116,0.5364186403549457
149045,4,6,1,2,NATIVE,0.0248533529477168,0.9346659218031412,0.0265906270549631
149045,4,6,1,2,RETURN_ALIGNED,0.0822218660697982,0.9035900802092384,0.0909946532953287
149045,4,6,1,3,NATIVE,0.0008986384594197,0.81719427243821,0.0010996631885975
149045,4,6,1,3,RETURN_ALIGNED,0.0098775444681387,0.8893062162342813,0.0111070228541426
149045,4,6,2,1,NATIVE,0.3528607318475957,0.9723702607356736,0.3628872108661296
149045,4,6,2,1,RETURN_ALIGNED,0.5149650090075638,0.8706989275265482,0.5914386623518921
149045,4,6,2,2,NATIVE,0.0118507083222208,0.8242304207715775,0.0143779069826798
149045,4,6,2,2,RETURN_ALIGNED,0.049389308039013,0.7467372178547778,0.0661401452318609
149045,4,6,2,3,NATIVE,0.0004235689497285,0.8567314132714767,0.0004944010958901
149045,4,6,2,3,RETURN_ALIGNED,0.0059961441901569,0.8034119584859322,0.0074633494394853
149045,4,6,3,1,NATIVE,0.2325925647302922,0.9230071444007072,0.2519943276074903
149045,4,6,3,1,RETURN_ALIGNED,0.3063234250447975,0.7852644325334057,0.3900895193437616
149045,4,6,3,2,NATIVE,0.0088777798097485,0.529165430999084,0.0167769459031065
149045,4,6,3,2,RETURN_ALIGNED,0.037774087873093,0.7534702791631979,0.0501334809316308
149045,4,6,3,3,NATIVE,0.0002708804498801,0.4668792922887035,0.0005801937552332
149045,4,6,3,3,RETURN_ALIGNED,0.0037939701994015,0.8525570780075984,0.0044501069748704
149045,4,6,5,1,NATIVE,0.3157461728669503,0.9657311462769912,0.3269503878840154
149045,4,6,5,1,RETURN_ALIGNED,0.4879996932214349,0.9375884003847476,0.520483927724756
149045,4,6,5,2,NATIVE,0.0317097662390013,0.9783231657399846,0.0324123636742787
149045,4,6,5,2,RETURN_ALIGNED,0.1015326208909148,0.8448256295952652,0.120181747965559
149045,4,6,5,3,NATIVE,0.0016799190127881,0.7739647189618061,0.0021705369397479
149045,4,6,5,3,RETURN_ALIGNED,0.012338544751478,0.8339668498796553,0.0147950062439824
149045,4,6,7,1,NATIVE,0.2049673179813628,0.8668012564928057,0.236464029609924
149045,4,6,7,1,RETURN_ALIGNED,0.2439318847441452,0.7196206324910762,0.3389728889507295
149045,4,6,7,2,NATIVE,-0.0001085348618774,-0.0063083210228764,0.0172050314944959
149045,4,6,7,2,RETURN_ALIGNED,0.0191008590093558,0.6034550037556421,0.0316524991761404
149045,4,6,7,3,NATIVE,-0.0003375354841028,-0.4037970706832202,0.000835903745984
149045,4,6,7,3,RETURN_ALIGNED,0.0017532880953895,0.6110912996890832,0.0028691098959001
149045,6,0,1,1,NATIVE,0.327053519907631,0.9724952624720062,0.3363034582567158
149045,6,0,1,1,RETURN_ALIGNED,0.4553810303826157,0.913742341800908,0.498369189595703
149045,6,0,1,2,NATIVE,0.01881491730675,0.8302990516342391,0.022660410450514
149045,6,0,1,2,RETURN_ALIGNED,0.0629424816821091,0.8221593119630727,0.0765575245164809
149045,6,0,1,3,NATIVE,0.0005885883653333,0.6668683723099446,0.0008826155051337
149045,6,0,1,3,RETURN_ALIGNED,0.0076791895588985,0.8559768031919309,0.0089712589525793
149045,6,0,2,1,NATIVE,0.3209538592647512,0.9777104057979958,0.3282708840587052
149045,6,0,2,1,RETURN_ALIGNED,0.4607429617732915,0.8609260456301016,0.535171358924387
149045,6,0,2,2,NATIVE,0.0141906165175571,0.9205735224148706,0.0154149735702153
149045,6,0,2,2,RETURN_ALIGNED,0.0598142354446661,0.8554874083570644,0.0699183119006465
149045,6,0,2,3,NATIVE,0.0003227122926234,0.720273301935642,0.0004480414471448
149045,6,0,2,3,RETURN_ALIGNED,0.0058668734310819,0.826398362626761,0.0070993284792305
149045,6,0,3,1,NATIVE,0.2467454839074424,0.8995557875153523,0.2742970334156115
149045,6,0,3,1,RETURN_ALIGNED,0.3169161276648927,0.776782882649175,0.4079854676817402
149045,6,0,3,2,NATIVE,0.0120022245595095,0.6270621477042421,0.0191404067416983
149045,6,0,3,2,RETURN_ALIGNED,0.0492486329598604,0.8927836034229223,0.0551630123703734
149045,6,0,3,3,NATIVE,0.0004590456434897,0.6337071152644151,0.000724381393759
149045,6,0,3,3,RETURN_ALIGNED,0.004947171342781,0.9054265301413724,0.0054639125074754
149045,6,0,4,1,NATIVE,0.3202871876291212,0.9501731907580474,0.3370829557647001
149045,6,0,4,1,RETURN_ALIGNED,0.47201415377712,0.9452198095294456,0.4993697222787603
149045,6,0,4,2,NATIVE,0.0434812327624203,0.9028784039598244,0.0481584591807158
149045,6,0,4,2,RETURN_ALIGNED,0.1271517709411343,0.8292557679418197,0.1533323925579424
149045,6,0,4,3,NATIVE,0.0004468002083815,0.1768081183704863,0.0025270344621314
149045,6,0,4,3,RETURN_ALIGNED,0.0101091279078462,0.4896977803192233,0.0206436057379167
149045,6,0,5,1,NATIVE,0.3312440572367073,0.9556742266894483,0.3466077121114327
149045,6,0,5,1,RETURN_ALIGNED,0.5146720685914389,0.9408995624123996,0.5470000084513217
149045,6,0,5,2,NATIVE,0.0252324741047909,0.8604169231685902,0.0293258691516888
149045,6,0,5,2,RETURN_ALIGNED,0.0782227332975856,0.7317298796084162,0.1069011058280232
149045,6,0,5,3,NATIVE,0.0007672702046311,0.5255814391008218,0.001459850267681
149045,6,0,5,3,RETURN_ALIGNED,0.0076043841138429,0.6697606159966143,0.0113538836595176
149045,6,0,7,1,NATIVE,0.2309694065863506,0.9589314431246252,0.2408612296970838
149045,6,0,7,1,RETURN_ALIGNED,0.2855301965714921,0.7459962469278457,0.3827501783651864
149045,6,0,7,2,NATIVE,-0.0023759035545762,-0.0804065162338175,0.0295486443860507
149045,6,0,7,2,RETURN_ALIGNED,0.0479463672267528,0.7517305662319723,0.0637813192385179
149045,6,0,7,3,NATIVE,-0.0008105226129847,-0.672654519985631,0.0012049612223035
149045,6,0,7,3,RETURN_ALIGNED,0.0033509784738157,0.6816456021283782,0.0049160127534804
149046,0,2,1,1,NATIVE,0.1995260980734507,0.733662903524947,0.2719588207537719
149046,0,2,1,1,RETURN_ALIGNED,0.2689887649250149,0.7800599357783786,0.3448308938679033
149046,0,2,1,2,NATIVE,0.0050883825240397,0.7841662512084846,0.0064889078255841
149046,0,2,1,2,RETURN_ALIGNED,0.0135748154384049,0.8649907356463626,0.0156935963345849
149046,0,2,1,3,NATIVE,0.0003044152035703,0.7009987964376215,0.0004342592385181
149046,0,2,1,3,RETURN_ALIGNED,0.0013728535068226,0.8517645904265377,0.0016117757444015
149046,0,2,3,1,NATIVE,0.1062642348594935,0.545962942658077,0.1946363508520711
149046,0,2,3,1,RETURN_ALIGNED,0.2398490655512018,0.7342629323312928,0.3266528310091888
149046,0,2,3,2,NATIVE,-0.0002320274350768,-0.0555200494601469,0.0041791647761262
149046,0,2,3,2,RETURN_ALIGNED,0.0077370709157308,0.6833042812669129,0.0113230242042882
149046,0,2,3,3,NATIVE,-5.047404752185341e-05,-0.2646905276271099,0.0001906907963723
149046,0,2,3,3,RETURN_ALIGNED,0.0003298934190468,0.7349468148862162,0.0004488670640096
149046,0,2,4,1,NATIVE,0.1138279236293343,0.4545833526829967,0.2504005546122235
149046,0,2,4,1,RETURN_ALIGNED,0.2671716428643308,0.6884240339681975,0.38809168431304
149046,0,2,4,2,NATIVE,-0.0015577382073839,-0.2802556775900278,0.0055582752890658
149046,0,2,4,2,RETURN_ALIGNED,0.010934985904963,0.6446263420755827,0.0169632936031136
149046,0,2,4,3,NATIVE,-0.000110157451031,-0.350513187240751,0.0003142747691289
149046,0,2,4,3,RETURN_ALIGNED,0.0011232986420215,0.7135814091267103,0.0015741702734751
149046,0,2,5,1,NATIVE,0.1365435661978215,0.4647519084026688,0.2937988284267656
149046,0,2,5,1,RETURN_ALIGNED,0.2219283066098094,0.64387785649335,0.3446745440485315
149046,0,2,5,2,NATIVE,-0.0040730031520314,-0.390515290116372,0.0104298173595264
149046,0,2,5,2,RETURN_ALIGNED,0.0111285909523481,0.6594929461191427,0.0168744654780765
149046,0,2,5,3,NATIVE,-0.0001659672851536,-0.2403902124089827,0.0006904078309624
149046,0,2,5,3,RETURN_ALIGNED,0.0010921207829324,0.6743377315136297,0.0016195457140232
149046,0,2,6,1,NATIVE,0.145296181907051,0.4408871585086034,0.3295541253651465
149046,0,2,6,1,RETURN_ALIGNED,0.2264855136408556,0.6542532710745983,0.3461740638588223
149046,0,2,6,2,NATIVE,-0.0042705546665162,-0.3447721542074908,0.0123865997133904
149046,0,2,6,2,RETURN_ALIGNED,0.0089565790009661,0.6017667714597489,0.0148838045331026
149046,0,2,6,3,NATIVE,-9.694465603689064e-05,-0.1147766797460835,0.0008446372227701
149046,0,2,6,3,RETURN_ALIGNED,0.0009171979201123,0.6825401708089067,0.0013438006424179
149046,0,2,7,1,NATIVE,0.1501118200310108,0.5492357079680406,0.2733103799574154
149046,0,2,7,1,RETURN_ALIGNED,0.2262980274590886,0.6427949567595128,0.3520532093154903
149046,0,2,7,2,NATIVE,0.0007078715469566,0.1224504722522458,0.0057808804974645
149046,0,2,7,2,RETURN_ALIGNED,0.0083618212288323,0.7197930499650775,0.0116169796710169
149046,0,2,7,3,NATIVE,8.333278105536805e-05,0.3083076294942589,0.0002702910115254
149046,0,2,7,3,RETURN_ALIGNED,0.0003860597217851,0.7577548363165997,0.0005094784001864
149046,2,4,0,1,NATIVE,0.1258223018675548,0.6436291303674636,0.1954888241240628
149046,2,4,0,1,RETURN_ALIGNED,0.2287023981538093,0.7531992997740037,0.3036412782412355
149046,2,4,0,2,NATIVE,0.0014553164425775,0.4345920718768735,0.0033486953323407
149046,2,4,0,2,RETURN_ALIGNED,0.0118149219590637,0.7789870194805922,0.0151670331643288
149046,2,4,0,3,NATIVE,7.766795097646235e-05,0.6047788911381083,0.0001284237133617
149046,2,4,0,3,RETURN_ALIGNED,0.0008771145323985,0.824423539861842,0.0010639125279305
149046,2,4,1,1,NATIVE,0.2561241526433157,0.8572595990911459,0.2987708191484022
149046,2,4,1,1,RETURN_ALIGNED,0.3540445479819452,0.8951755784401929,0.3955029119525712
149046,2,4,1,2,NATIVE,0.0048263842713455,0.6782920714191732,0.0071154956318939
149046,2,4,1,2,RETURN_ALIGNED,0.017273945637278,0.8577411221170752,0.0201388801257713
149046,2,4,1,3,NATIVE,0.0002010169665326,0.6271098434321707,0.0003205450665859
149046,2,4,1,3,RETURN_ALIGNED,0.0012496029521389,0.8488348984383587,0.001472138992424
149046,2,4,3,1,NATIVE,0.082548704238015,0.5228955107448509,0.1578684508505203
149046,2,4,3,1,RETURN_ALIGNED,0.1192201819714341,0.5664229583585091,0.2104790778906613
149046,2,4,3,2,NATIVE,-0.0018312901170542,-0.3512406860852567,0.0052137755948372
149046,2,4,3,2,RETURN_ALIGNED,0.0041729367137414,0.5378259821748639,0.0077588975839777
149046,2,4,3,3,NATIVE,-6.065829020209609e-05,-0.1464507715122098,0.0004141889424394
149046,2,4,3,3,RETURN_ALIGNED,0.0003046984524881,0.5378457748659788,0.0005665164004568
149046,2,4,5,1,NATIVE,0.2716359305595106,0.607965277389517,0.446795138903041
149046,2,4,5,1,RETURN_ALIGNED,0.3960520814627436,0.7852494085369395,0.5043646988548743
149046,2,4,5,2,NATIVE,-0.0015921311203504,-0.1575721349902969,0.0101041413219533
149046,2,4,5,2,RETURN_ALIGNED,0.0079264412116152,0.6701103541880925,0.0118285610154333
149046,2,4,5,3,NATIVE,-0.0001263412876631,-0.3067375176244146,0.0004118872990536
149046,2,4,5,3,RETURN_ALIGNED,0.0005649617218272,0.7511585772560191,0.0007521204428837
149046,2,4,6,1,NATIVE,0.1082745633396803,0.3101911382087949,0.3490575648450027
149046,2,4,6,1,RETURN_ALIGNED,0.2050695500395103,0.6291067187887458,0.3259694164994822
149046,2,4,6,2,NATIVE,-0.0008966298612926,-0.102615333672842,0.008737776599229
149046,2,4,6,2,RETURN_ALIGNED,0.0031887408561757,0.6076060472892738,0.0052480400258987
149046,2,4,6,3,NATIVE,-0.0001065360502507,-0.2724978178737116,0.0003909611132751
149046,2,4,6,3,RETURN_ALIGNED,0.0002492178618578,0.7446071485377987,0.0003346971115177
149046,2,4,7,1,NATIVE,0.0465694206872301,0.2509240211409296,0.1855917200571633
149046,2,4,7,1,RETURN_ALIGNED,0.0927713952887708,0.460648763263938,0.2013929107969197
149046,2,4,7,2,NATIVE,0.0028120238648673,0.4833187735354859,0.0058181556744744
149046,2,4,7,2,RETURN_ALIGNED,0.0038916053099583,0.5619017959168581,0.0069257748207759
149046,2,4,7,3,NATIVE,0.000130576733332,0.2751648754343515,0.0004745399755767
149046,2,4,7,3,RETURN_ALIGNED,0.0003553701046573,0.6028258653940124,0.0005895070615212
149046,4,6,0,1,NATIVE,0.2319343087844104,0.7179517803108415,0.3230499807158375
149046,4,6,0,1,RETURN_ALIGNED,0.414266488221465,0.7790649719675626,0.5317483176982591
149046,4,6,0,2,NATIVE,0.0025532017864597,0.3905180139750773,0.0065379872247363
149046,4,6,0,2,RETURN_ALIGNED,0.0261749481741263,0.7562073556470469,0.0346134535435909
149046,4,6,0,3,NATIVE,0.0001730299698956,0.6946739475016508,0.0002490808391606
149046,4,6,0,3,RETURN_ALIGNED,0.0020636943248899,0.8195479692310206,0.0025180885100577
149046,4,6,1,1,NATIVE,0.2888665637104022,0.8099252952098568,0.3566582812252126
149046,4,6,1,1,RETURN_ALIGNED,0.4017210654469754,0.8426915560325805,0.4767118675524214
149046,4,6,1,2,NATIVE,0.0076325229554597,0.7361664722906144,0.0103679306824103
149046,4,6,1,2,RETURN_ALIGNED,0.025191339213702,0.8569235071493384,0.0293974187934963
149046,4,6,1,3,NATIVE,0.0003943784063371,0.6941083173518672,0.0005681799172074
149046,4,6,1,3,RETURN_ALIGNED,0.002108732334302,0.8371992505653484,0.0025187938627708
149046,4,6,2,1,NATIVE,0.3174818302831851,0.8783267946363653,0.3614620801982576
149046,4,6,2,1,RETURN_ALIGNED,0.3570687119125053,0.8750801405119689,0.408041155754658
149046,4,6,2,2,NATIVE,0.0082502225735423,0.6047373159297933,0.0136426550109526
149046,4,6,2,2,RETURN_ALIGNED,0.0199925378092265,0.7824074357691931,0.0255525917765485
149046,4,6,2,3,NATIVE,0.0004137847114157,0.6026321321998983,0.0006866290216427
149046,4,6,2,3,RETURN_ALIGNED,0.0016712911722956,0.8384642373954783,0.0019932766332239
149046,4,6,3,1,NATIVE,0.0580218860389657,0.3696517966656625,0.1569636251258765
149046,4,6,3,1,RETURN_ALIGNED,0.1618592353795312,0.6348465799164069,0.2549580331688923
149046,4,6,3,2,NATIVE,-0.0011982186646901,-0.4676293745822031,0.0025623254863903
149046,4,6,3,2,RETURN_ALIGNED,0.0053979935854891,0.6373068886810084,0.0084700066503956
149046,4,6,3,3,NATIVE,-6.913914737499853e-05,-0.3980206878615934,0.0001737074214047
149046,4,6,3,3,RETURN_ALIGNED,0.0005822845022577,0.7645707872208666,0.000761583507963
149046,4,6,5,1,NATIVE,0.2982067540898641,0.7958183704400283,0.3747171027541679
149046,4,6,5,1,RETURN_ALIGNED,0.3666634201095095,0.8095132155667876,0.4529430935265909
149046,4,6,5,2,NATIVE,0.0045082103553422,0.2247668111517274,0.020057277728009
149046,4,6,5,2,RETURN_ALIGNED,0.0173889576824353,0.5995367090347878,0.0290039916160312
149046,4,6,5,3,NATIVE,5.462505551256072e-05,0.0600668340531643,0.0009094046051305
149046,4,6,5,3,RETURN_ALIGNED,0.0007626821007545,0.6431747957961034,0.0011858084390794
149046,4,6,7,1,NATIVE,0.1158235266619065,0.5761463168025786,0.2010314451103953
149046,4,6,7,1,RETURN_ALIGNED,0.1836425967562249,0.7477257643417752,0.2456015367048655
149046,4,6,7,2,NATIVE,0.0018059987659307,0.524564178871315,0.0034428556860356
149046,4,6,7,2,RETURN_ALIGNED,0.0045867350552781,0.6702994277490172,0.0068428151142313
149046,4,6,7,3,NATIVE,0.0001039723578861,0.4670040337064337,0.0002226369589169
149046,4,6,7,3,RETURN_ALIGNED,0.0004852398577867,0.7939171584602446,0.0006111970910092
149046,6,0,1,1,NATIVE,0.2003508142849712,0.711716189839885,0.2815038032646497
149046,6,0,1,1,RETURN_ALIGNED,0.3058827680216565,0.797511338912379,0.3835466069219676
149046,6,0,1,2,NATIVE,0.004036514396948,0.6701759791798375,0.0060230663621772
149046,6,0,1,2,RETURN_ALIGNED,0.0149756205606836,0.8435333566584774,0.0177534420452486
149046,6,0,1,3,NATIVE,0.0001711615924166,0.5744909494547501,0.0002979360990245
149046,6,0,1,3,RETURN_ALIGNED,0.0011136411141435,0.8077943196502777,0.0013786196399722
149046,6,0,2,1,NATIVE,0.2446702552985093,0.8237219202455264,0.2970301618603832
149046,6,0,2,1,RETURN_ALIGNED,0.3165983744649047,0.8878359983200524,0.3565955593870169
149046,6,0,2,2,NATIVE,0.0039322862253105,0.6223760667978149,0.0063181835470149
149046,6,0,2,2,RETURN_ALIGNED,0.0112951482315036,0.8074354619220655,0.0139889177081715
149046,6,0,2,3,NATIVE,0.0001578861146483,0.5152643773722206,0.0003064176790995
149046,6,0,2,3,RETURN_ALIGNED,0.0008370156450433,0.8129925231255322,0.0010295490071761
149046,6,0,3,1,NATIVE,0.1841906593128822,0.6669151069120809,0.276183066485856
149046,6,0,3,1,RETURN_ALIGNED,0.292990622677491,0.7207821810909769,0.4064898250312942
149046,6,0,3,2,NATIVE,-0.0011536802893173,-0.1734607324782286,0.0066509594004478
149046,6,0,3,2,RETURN_ALIGNED,0.0064837781988501,0.5397681940689669,0.0120121531242361
149046,6,0,3,3,NATIVE,-0.000209138370384,-0.3427060788938134,0.000610255793659
149046,6,0,3,3,RETURN_ALIGNED,0.0006041296637038,0.662508141075403,0.0009118826257802
149046,6,0,4,1,NATIVE,0.1542771146816844,0.5348240426638562,0.2884633119955103
149046,6,0,4,1,RETURN_ALIGNED,0.2664673450192726,0.7347917404206656,0.3626433591464576
149046,6,0,4,2,NATIVE,-0.0007691319017817,-0.1792894545015238,0.0042898892403622
149046,6,0,4,2,RETURN_ALIGNED,0.0049092267676531,0.6892372935928295,0.0071226946267551
149046,6,0,4,3,NATIVE,-6.199491113410426e-05,-0.3355733503991853,0.0001847432492782
149046,6,0,4,3,RETURN_ALIGNED,0.0003775245016034,0.7510498616612653,0.0005026623675099
149046,6,0,5,1,NATIVE,0.1489999147242809,0.5152261782298091,0.2891932145920699
149046,6,0,5,1,RETURN_ALIGNED,0.2068220595063335,0.662943146940333,0.3119755599870897
149046,6,0,5,2,NATIVE,-0.0025094658795757,-0.280803663311817,0.0089367277120619
149046,6,0,5,2,RETURN_ALIGNED,0.0062993223542707,0.6576843143103318,0.0095780334382103
149046,6,0,5,3,NATIVE,-9.23672696308784e-05,-0.2358898328493362,0.0003915695242503
149046,6,0,5,3,RETURN_ALIGNED,0.0004311389000152,0.7032436840713067,0.000613071840901
149046,6,0,7,1,NATIVE,0.303648894539387,0.8550050445723443,0.3551428105211642
149046,6,0,7,1,RETURN_ALIGNED,0.3897175483551142,0.9022982065056796,0.4319165720878347
149046,6,0,7,2,NATIVE,0.0032880684290506,0.3453166003202408,0.0095218950549669
149046,6,0,7,2,RETURN_ALIGNED,0.0056203834461073,0.5186199065980742,0.0108371918904534
149046,6,0,7,3,NATIVE,0.0003732176672599,0.4975001232378482,0.0007501860795631
149046,6,0,7,3,RETURN_ALIGNED,0.0006683588299971,0.7157804454799103,0.0009337483775824
149047,0,2,1,1,NATIVE,0.0742101643643007,0.5846658803151566,0.1269274757820155
149047,0,2,1,1,RETURN_ALIGNED,0.3914630561953628,0.937018979633436,0.4177749487512751
149047,0,2,1,2,NATIVE,0.0106133028138028,0.709230680390633,0.0149645286180167
149047,0,2,1,2,RETURN_ALIGNED,0.108126730722289,0.8208415404999849,0.1317266797390606
149047,0,2,1,3,NATIVE,0.0001306923727973,0.308180572214865,0.0004240772597425
149047,0,2,1,3,RETURN_ALIGNED,0.0147094930098413,0.841288704138991,0.0174844770134971
149047,0,2,3,1,NATIVE,0.2026323652080399,0.664087755705293,0.3051288982023096
149047,0,2,3,1,RETURN_ALIGNED,0.6092608349073475,0.7782996569942957,0.7828101033221881
149047,0,2,3,2,NATIVE,-0.0004484322399394,-0.0725594708966009,0.006180202727388
149047,0,2,3,2,RETURN_ALIGNED,0.0474029401586029,0.6787990307715694,0.0698335413129045
149047,0,2,3,3,NATIVE,0.0001102104143636,0.4426858612046976,0.0002489585140474
149047,0,2,3,3,RETURN_ALIGNED,0.0077776528151592,0.7801587675142689,0.0099693205264441
149047,0,2,4,1,NATIVE,0.3568925189729284,0.7095939742165985,0.5029531421357001
149047,0,2,4,1,RETURN_ALIGNED,0.5171316070623123,0.7887920784467601,0.6555993920229394
149047,0,2,4,2,NATIVE,0.0022735097904191,0.1043717040408486,0.0217828175868004
149047,0,2,4,2,RETURN_ALIGNED,0.0460083788393705,0.6942242023992207,0.0662730839401694
149047,0,2,4,3,NATIVE,0.0003124890973652,0.4825021858264865,0.0006476428620438
149047,0,2,4,3,RETURN_ALIGNED,0.0021054896576258,0.6045191060343845,0.0034829166450099
149047,0,2,5,1,NATIVE,-0.0301297151191246,-0.1574628388281938,0.1913449252111204
149047,0,2,5,1,RETURN_ALIGNED,0.5189481880131546,0.8387566819624328,0.6187112414996655
149047,0,2,5,2,NATIVE,-0.0044984182626599,-0.1973506213225222,0.0227940415505986
149047,0,2,5,2,RETURN_ALIGNED,0.0596148100958466,0.6096617900286909,0.0977834121644318
149047,0,2,5,3,NATIVE,-0.0002831811262916,-0.3704345196228121,0.0007644566324189
149047,0,2,5,3,RETURN_ALIGNED,0.0063450056354084,0.5794296909164223,0.0109504323535725
149047,0,2,6,1,NATIVE,0.3556159054984651,0.6355365382627096,0.5595522587425474
149047,0,2,6,1,RETURN_ALIGNED,0.9222201388769392,0.5520502228632554,1.6705366662002756
149047,0,2,6,2,NATIVE,0.0003803722523055,0.0336747396846183,0.011295477139611
149047,0,2,6,2,RETURN_ALIGNED,0.1016987467602201,0.6673804667165444,0.1523849615501973
149047,0,2,6,3,NATIVE,-2.787757797773755e-05,-0.0631042020526072,0.0004417705476562
149047,0,2,6,3,RETURN_ALIGNED,0.0181247735793789,0.6437745032144129,0.0281539164538373
149047,0,2,7,1,NATIVE,0.0412089662400972,0.1405208605779688,0.2932587095652104
149047,0,2,7,1,RETURN_ALIGNED,0.5188138494364911,0.5977752699342355,0.8679078502085852
149047,0,2,7,2,NATIVE,0.0015636835937278,0.296295709429862,0.0052774425816353
149047,0,2,7,2,RETURN_ALIGNED,0.0403724188113682,0.7557478520004018,0.0534204876724961
149047,0,2,7,3,NATIVE,-6.43940896410921e-05,-0.3463933431174952,0.0001858987501223
149047,0,2,7,3,RETURN_ALIGNED,0.0063923247205806,0.8687619552705392,0.0073579703640784
149047,2,4,0,1,NATIVE,0.2011706031373569,0.7222027726855368,0.2785514134614097
149047,2,4,0,1,RETURN_ALIGNED,0.4336581200741415,0.8109524923790548,0.5347515719470795
149047,2,4,0,2,NATIVE,-0.0001450806836423,-0.0125654637993208,0.0115459871563042
149047,2,4,0,2,RETURN_ALIGNED,0.0417000618686306,0.7970352946937358,0.0523189652278945
149047,2,4,0,3,NATIVE,-8.946270823498854e-06,-0.0278348893679939,0.0003214049351214
149047,2,4,0,3,RETURN_ALIGNED,0.0062271901610623,0.8219257845752744,0.0075763411704213
149047,2,4,1,1,NATIVE,0.0702960556729112,0.730956798004685,0.0961699184750483
149047,2,4,1,1,RETURN_ALIGNED,0.2705249207400339,0.9204856090487602,0.2938936992394463
149047,2,4,1,2,NATIVE,0.001022108105905,0.1321987435282859,0.0077316022725446
149047,2,4,1,2,RETURN_ALIGNED,0.0347658566843027,0.7474525598295434,0.0465124591882507
149047,2,4,1,3,NATIVE,-5.670296935854112e-06,-0.0242907049175589,0.0002334348447342
149047,2,4,1,3,RETURN_ALIGNED,0.0064384569940652,0.8879973701427731,0.0072505361055864
149047,2,4,3,1,NATIVE,0.4913795117576378,0.8693314146041381,0.5652384159857808
149047,2,4,3,1,RETURN_ALIGNED,0.7885705840899048,0.6357113766296698,1.2404537862302767
149047,2,4,3,2,NATIVE,0.004284608145131,0.2386007972340887,0.0179572247645515
149047,2,4,3,2,RETURN_ALIGNED,0.1618872484978774,0.7220843044747552,0.2241943876832472
149047,2,4,3,3,NATIVE,0.0003220536234648,0.4254252642649072,0.0007570157415476
149047,2,4,3,3,RETURN_ALIGNED,0.0149133983194224,0.4606712808941633,0.0323731887276201
149047,2,4,5,1,NATIVE,-0.0597455777552013,-0.4525717847973157,0.1320134833017441
149047,2,4,5,1,RETURN_ALIGNED,0.386749330868447,0.9025824684330834,0.4284919598979462
149047,2,4,5,2,NATIVE,0.0017125088785541,0.181148858005118,0.0094536001903643
149047,2,4,5,2,RETURN_ALIGNED,0.0407504373655765,0.7182241689001655,0.0567377695293306
149047,2,4,5,3,NATIVE,3.229151771926325e-05,0.1058210215778128,0.0003051522012926
149047,2,4,5,3,RETURN_ALIGNED,0.0044240507217333,0.8468803829463604,0.0052239381269042
149047,2,4,6,1,NATIVE,0.0851008247809133,0.2379262629072028,0.357677306157967
149047,2,4,6,1,RETURN_ALIGNED,0.8509121944860724,0.6873871758294499,1.2378936128090017
149047,2,4,6,2,NATIVE,0.0016504310186296,0.1785233244804286,0.0092449041231939
149047,2,4,6,2,RETURN_ALIGNED,0.0932870813038329,0.6755204315736196,0.1380966095819503
149047,2,4,6,3,NATIVE,0.0001758658602137,0.4561257377839496,0.0003855644293653
149047,2,4,6,3,RETURN_ALIGNED,0.0131535771901367,0.7162913052437655,0.0183634466776524
149047,2,4,7,1,NATIVE,0.3728865751771241,0.6128912497964897,0.6084057739457766
149047,2,4,7,1,RETURN_ALIGNED,0.6701768846528211,0.4623055946743691,1.4496404377821417
149047,2,4,7,2,NATIVE,0.0084570123012359,0.5324699679425344,0.0158826089920396
149047,2,4,7,2,RETURN_ALIGNED,0.0695024499211334,0.5895371873670874,0.1178932413596106
149047,2,4,7,3,NATIVE,-6.962309873206309e-05,-0.1416553430686633,0.0004914964514521
149047,2,4,7,3,RETURN_ALIGNED,0.0166721694624853,0.7897154823865975,0.0211116153004191
149047,4,6,0,1,NATIVE,-0.1207149941436326,-0.3798170497786104,0.3178240529590641
149047,4,6,0,1,RETURN_ALIGNED,0.6421088446087544,0.9429329215965128,0.6809698016710721
149047,4,6,0,2,NATIVE,0.0065156518444974,0.233771585777461,0.0278718725482057
149047,4,6,0,2,RETURN_ALIGNED,0.0798060949114445,0.5684210282578361,0.1403996174373802
149047,4,6,0,3,NATIVE,-0.0002252720320188,-0.3892289958717595,0.0005787647727458
149047,4,6,0,3,RETURN_ALIGNED,0.0098209068393866,0.6408287442483847,0.0153253219778816
149047,4,6,1,1,NATIVE,0.313119691743667,0.7795314619526174,0.4016767853847667
149047,4,6,1,1,RETURN_ALIGNED,1.0287701625062355,0.8383078831565441,1.227198483011523
149047,4,6,1,2,NATIVE,0.0039192541329879,0.1816726694482909,0.0215731631219457
149047,4,6,1,2,RETURN_ALIGNED,0.1134142053730078,0.7181225679632867,0.1579315432100283
149047,4,6,1,3,NATIVE,8.063157231969484e-05,0.1133174174703214,0.00071155497417
149047,4,6,1,3,RETURN_ALIGNED,0.021875644429458,0.8194820761441204,0.0266944757725102
149047,4,6,2,1,NATIVE,0.1185774118292322,0.4960807090767958,0.2390284678674023
149047,4,6,2,1,RETURN_ALIGNED,0.6273047686507575,0.7749538452504205,0.8094737157514604
149047,4,6,2,2,NATIVE,0.0030929120207299,0.1921583643067436,0.0160956408619124
149047,4,6,2,2,RETURN_ALIGNED,0.1303712645900832,0.4804709162967265,0.2713405955858682
149047,4,6,2,3,NATIVE,-3.4017111568118144e-05,-0.0754012687935262,0.0004511477324643
149047,4,6,2,3,RETURN_ALIGNED,0.0100183804124445,0.5502379586864685,0.0182073596584464
149047,4,6,3,1,NATIVE,0.1096355182322992,0.5777956007354524,0.1897479283205583
149047,4,6,3,1,RETURN_ALIGNED,0.464670431802919,0.8824278471599667,0.5265817860331738
149047,4,6,3,2,NATIVE,-0.0002790285612053,-0.0374028752782516,0.0074600831921294
149047,4,6,3,2,RETURN_ALIGNED,0.0543364724437806,0.7382119602402732,0.0736055162612198
149047,4,6,3,3,NATIVE,0.0001092414296082,0.4809859510460768,0.000227119792637
149047,4,6,3,3,RETURN_ALIGNED,0.0060330787363354,0.8266884577467932,0.0072978867426443
149047,4,6,5,1,NATIVE,0.4383195632087002,0.8471758090756679,0.517389139907826
149047,4,6,5,1,RETURN_ALIGNED,0.655466199054026,0.5528997929039831,1.1855063204335738
149047,4,6,5,2,NATIVE,0.0185709974221953,0.7264137742038176,0.0255653156379477
149047,4,6,5,2,RETURN_ALIGNED,0.156392596434978,0.8745015347118993,0.1788362744103825
149047,4,6,5,3,NATIVE,-1.901303038011259e-06,-0.0016155900048401,0.0011768474814882
149047,4,6,5,3,RETURN_ALIGNED,0.0093583613523452,0.3509341912704095,0.026666997924636
149047,4,6,7,1,NATIVE,-0.0190554199697691,-0.1017822113352858,0.1872175866467902
149047,4,6,7,1,RETURN_ALIGNED,0.5063008220349449,0.8940586910946293,0.5662948384462809
149047,4,6,7,2,NATIVE,0.0018745561057152,0.3519387528609817,0.0053263702574429
149047,4,6,7,2,RETURN_ALIGNED,0.0463848811537155,0.7114440033428896,0.0651982179000713
149047,4,6,7,3,NATIVE,-5.2205280752542456e-05,-0.3454270065051442,0.0001511325973178
149047,4,6,7,3,RETURN_ALIGNED,0.009635754432316,0.8996557349118419,0.0107104907557389
149047,6,0,1,1,NATIVE,0.0969066322782995,0.7541064065308813,0.1285052499740309
149047,6,0,1,1,RETURN_ALIGNED,0.3513856948600916,0.8714759446989107,0.4032075664251034
149047,6,0,1,2,NATIVE,-0.000374407954961,-0.045791749626512,0.0081763190533128
149047,6,0,1,2,RETURN_ALIGNED,0.0303946537354263,0.7136344702908685,0.0425913475325237
149047,6,0,1,3,NATIVE,-2.8308442979847117e-05,-0.1179538916270017,0.0002399958370563
149047,6,0,1,3,RETURN_ALIGNED,0.0050268176873643,0.8836850686114633,0.0056884719067148
149047,6,0,2,1,NATIVE,0.1440525659725698,0.5488680022396012,0.262453933158314
149047,6,0,2,1,RETURN_ALIGNED,0.3024722956647875,0.3767016159408088,0.8029492916014064
149047,6,0,2,2,NATIVE,0.0007954429884179,0.1250784662488537,0.0063595518257756
149047,6,0,2,2,RETURN_ALIGNED,0.0424999229259865,0.7571306406575096,0.0561328793786028
149047,6,0,2,3,NATIVE,-0.0001231346949296,-0.4938406249232412,0.0002493409584406
149047,6,0,2,3,RETURN_ALIGNED,0.0064726827242429,0.8764439310101831,0.0073851646350497
149047,6,0,3,1,NATIVE,0.2347261328680596,0.6814423613000465,0.3444548595719891
149047,6,0,3,1,RETURN_ALIGNED,0.676735144382671,0.7315732378448611,0.9250408699698344
149047,6,0,3,2,NATIVE,0.0085535100440413,0.4827384652426023,0.0177187248572717
149047,6,0,3,2,RETURN_ALIGNED,0.170302337395242,0.8257802032222901,0.20623204180745
149047,6,0,3,3,NATIVE,0.0003800222225239,0.5694604008911588,0.0006673373957093
149047,6,0,3,3,RETURN_ALIGNED,0.0106407295848515,0.5874556307386628,0.0181132480929931
149047,6,0,4,1,NATIVE,0.0483966354172917,0.1630608701930641,0.2968010373057287
149047,6,0,4,1,RETURN_ALIGNED,0.1481569229129125,0.3246829500452818,0.4563126055501992
149047,6,0,4,2,NATIVE,0.0057220032858597,0.5420277435581038,0.0105566612664407
149047,6,0,4,2,RETURN_ALIGNED,0.0172457788285128,0.6607882827454905,0.0260987963599087
149047,6,0,4,3,NATIVE,9.161123282599386e-05,0.2793114509001846,0.0003279895342073
149047,6,0,4,3,RETURN_ALIGNED,0.0026807498489787,0.8461752187972769,0.0031680788907368
149047,6,0,5,1,NATIVE,-0.076706806265238,-0.4248578005610131,0.180547011644635
149047,6,0,5,1,RETURN_ALIGNED,0.4767517960040533,0.823206320300379,0.5791401064924442
149047,6,0,5,2,NATIVE,0.0031889727424234,0.3732725203001637,0.0085432829070927
149047,6,0,5,2,RETURN_ALIGNED,0.0366754339612992,0.5936177965218443,0.0617829084237461
149047,6,0,5,3,NATIVE,5.3011209958178615e-05,0.1802312265768562,0.0002941288859608
149047,6,0,5,3,RETURN_ALIGNED,0.0066827882897911,0.8207766558935781,0.0081420301631266
149047,6,0,7,1,NATIVE,0.1170457167523817,0.2449933450753232,0.4777505965166665
149047,6,0,7,1,RETURN_ALIGNED,1.1760904021527756,0.816412738613984,1.440558612729979
149047,6,0,7,2,NATIVE,0.0047946633804974,0.3137373488206945,0.0152824118591421
149047,6,0,7,2,RETURN_ALIGNED,0.2021470157522185,0.8249146372044219,0.2450520413079628
149047,6,0,7,3,NATIVE,-0.0001518451771545,-0.2953183232401291,0.0005141745856203
149047,6,0,7,3,RETURN_ALIGNED,0.0421329257875132,0.8228842446396663,0.0512015220368832
149048,0,2,1,1,NATIVE,0.3517761577629024,0.9244264970982854,0.3805344815048596
149048,0,2,1,1,RETURN_ALIGNED,0.4924044755659692,0.8229496079141773,0.5983409808212322
149048,0,2,1,2,NATIVE,0.0098398452536209,0.3578813845019574,0.0274947110385567
149048,0,2,1,2,RETURN_ALIGNED,0.0380957586183075,0.9323318846979416,0.0408607270027572
149048,0,2,1,3,NATIVE,-0.0005960965095346,-0.7575087713253824,0.0007869169685489
149048,0,2,1,3,RETURN_ALIGNED,0.0020595879845278,0.7475863365379581,0.0027549834452099
149048,0,2,3,1,NATIVE,0.0841677370071479,0.2712689818621353,0.3102740918970561
149048,0,2,3,1,RETURN_ALIGNED,0.3358824175746325,0.8389319165222473,0.4003691014247281
149048,0,2,3,2,NATIVE,0.0015351308409366,0.1930071564794553,0.0079537508810239
149048,0,2,3,2,RETURN_ALIGNED,0.0105301743171547,0.6018640929783429,0.0174959337828399
149048,0,2,3,3,NATIVE,8.758335436676262e-05,0.4894875948718679,0.0001789286493327
149048,0,2,3,3,RETURN_ALIGNED,0.0003967308291295,0.5556800794373166,0.000713955464014
149048,0,2,4,1,NATIVE,-0.0201316483244626,-0.1024207894494354,0.1965582225313075
149048,0,2,4,1,RETURN_ALIGNED,0.1783757516654237,0.7603971115144111,0.2345823635625976
149048,0,2,4,2,NATIVE,0.0002965785259997,0.0802398208654445,0.0036961513964728
149048,0,2,4,2,RETURN_ALIGNED,0.0072751709008431,0.5562873992054443,0.0130780796236894
149048,0,2,4,3,NATIVE,2.0548775447278977e-05,0.1794670001703001,0.0001144989066268
149048,0,2,4,3,RETURN_ALIGNED,0.0003728079283596,0.5714992446286685,0.0006523331944516
149048,0,2,5,1,NATIVE,0.2992565501516349,0.8659326085383483,0.3455887296547764
149048,0,2,5,1,RETURN_ALIGNED,0.3678329265426633,0.8073778822224164,0.4555895506203119
149048,0,2,5,2,NATIVE,0.0091637478647942,0.3188099185164275,0.0287436096930552
149048,0,2,5,2,RETURN_ALIGNED,0.0378561079347195,0.9336583420288548,0.0405459965692378
149048,0,2,5,3,NATIVE,-0.000382861080597,-0.3624907818497908,0.0010561953476978
149048,0,2,5,3,RETURN_ALIGNED,0.0019554482975893,0.6834269629711552,0.0028612396019915
149048,0,2,6,1,NATIVE,0.1680323854757067,0.6738358385774154,0.2493669464515089
149048,0,2,6,1,RETURN_ALIGNED,0.3221350121999632,0.7383163555776103,0.4363102750824075
149048,0,2,6,2,NATIVE,0.0045493680668565,0.3037874866016562,0.0149754952634584
149048,0,2,6,2,RETURN_ALIGNED,0.0217921444740082,0.659433752564976,0.0330467532013828
149048,0,2,6,3,NATIVE,-0.0001310156980498,-0.3914496139781162,0.0003346936440286
149048,0,2,6,3,RETURN_ALIGNED,0.0010750185140033,0.566627660047862,0.0018972220902306
149048,0,2,7,1,NATIVE,0.1339114777769297,0.6912051086299961,0.1937362384984321
149048,0,2,7,1,RETURN_ALIGNED,0.2644770938563116,0.7953406799631807,0.3325330899313516
149048,0,2,7,2,NATIVE,-0.0012408825826178,-0.1762864671300963,0.0070390121418139
149048,0,2,7,2,RETURN_ALIGNED,0.0081908889781732,0.5225308027699481,0.0156754184339019
149048,0,2,7,3,NATIVE,-7.702181481754145e-05,-0.581673712891137,0.0001324141231621
149048,0,2,7,3,RETURN_ALIGNED,0.0001775819652256,0.6419141089541461,0.0002766444335364
149048,2,4,0,1,NATIVE,0.1842171963680014,0.6707081706029965,0.2746607309137258
149048,2,4,0,1,RETURN_ALIGNED,0.2721043009569052,0.7696969374453393,0.3535213507015461
149048,2,4,0,2,NATIVE,0.0005918268400725,0.1022200346747484,0.0057897342907666
149048,2,4,0,2,RETURN_ALIGNED,0.0068948223492159,0.6506370685937559,0.0105970327872696
149048,2,4,0,3,NATIVE,-4.935994721136189e-05,-0.3301973015448859,0.0001494862209774
149048,2,4,0,3,RETURN_ALIGNED,0.000258797074782,0.7072290568219521,0.0003659310535567
149048,2,4,1,1,NATIVE,0.1137776202714842,0.4886772305120945,0.232827750440095
149048,2,4,1,1,RETURN_ALIGNED,0.3195664462156993,0.7999184335107143,0.399498789911738
149048,2,4,1,2,NATIVE,0.0008615439624599,0.0642773036183262,0.0134035485923605
149048,2,4,1,2,RETURN_ALIGNED,0.0114725509709539,0.5072020668760926,0.0226192906535517
149048,2,4,1,3,NATIVE,-0.0001102100595732,-0.4985305314298577,0.0002210698291704
149048,2,4,1,3,RETURN_ALIGNED,0.0004211425367415,0.6516861028707153,0.0006462352575655
149048,2,4,3,1,NATIVE,0.4074846572890929,0.8965078254200951,0.4545243730560607
149048,2,4,3,1,RETURN_ALIGNED,0.4882493370903343,0.6717452059301214,0.7268370995133742
149048,2,4,3,2,NATIVE,0.0053123067842723,0.2699383194245974,0.0196797060724105
149048,2,4,3,2,RETURN_ALIGNED,0.0314056789990271,0.7742266672652734,0.0405639334396366
149048,2,4,3,3,NATIVE,0.0002784309868354,0.3045665474325514,0.0009141876781628
149048,2,4,3,3,RETURN_ALIGNED,0.0021026853339128,0.5334146181080898,0.0039419342085004
149048,2,4,5,1,NATIVE,0.0928989448985198,0.5149720825714359,0.1803960797925132
149048,2,4,5,1,RETURN_ALIGNED,0.2013660485467209,0.9180687086637838,0.2193365775854868
149048,2,4,5,2,NATIVE,0.0021555945490625,0.1947927053562585,0.011066094826585
149048,2,4,5,2,RETURN_ALIGNED,0.0112346728056977,0.6035056376211627,0.0186156882473993
149048,2,4,5,3,NATIVE,7.323324028679489e-05,0.3076153050159736,0.0002380676089794
149048,2,4,5,3,RETURN_ALIGNED,0.0003179804128262,0.5351010189324307,0.0005942437060274
149048,2,4,6,1,NATIVE,0.2955061147136855,0.7935991176418787,0.3723619496851447
149048,2,4,6,1,RETURN_ALIGNED,0.3889095857050719,0.7279618413655972,0.5342444666816702
149048,2,4,6,2,NATIVE,0.0067414120640812,0.4222646968942646,0.0159648962213412
149048,2,4,6,2,RETURN_ALIGNED,0.0238886337330777,0.8017499972502071,0.0297956143618111
149048,2,4,6,3,NATIVE,0.0002492216757432,0.4379999041294522,0.0005689993822736
149048,2,4,6,3,RETURN_ALIGNED,0.0015314494294877,0.5693853509389011,0.0026896537219472
149048,2,4,7,1,NATIVE,0.3606260089236425,0.914781397907696,0.3942209687999969
149048,2,4,7,1,RETURN_ALIGNED,0.4702655164194745,0.6885961473108201,0.6829337025132927
149048,2,4,7,2,NATIVE,-0.0091843777834966,-0.425117305547383,0.0216043375849138
149048,2,4,7,2,RETURN_ALIGNED,0.0333254766107172,0.623521457552516,0.0534472009026547
149048,2,4,7,3,NATIVE,-0.0002788682408679,-0.6670987927568661,0.0004180313950764
149048,2,4,7,3,RETURN_ALIGNED,0.0012464297819876,0.6761570656970001,0.0018434027289235
149048,4,6,0,1,NATIVE,0.1063542263437215,0.745586236661476,0.1426451040993482
149048,4,6,0,1,RETURN_ALIGNED,0.1492898695098656,0.8689079028697667,0.1718132255635888
149048,4,6,0,2,NATIVE,0.0008437614963799,0.1871319716959627,0.0045089114839599
149048,4,6,0,2,RETURN_ALIGNED,0.016457137487163,0.7576618853529009,0.0217209520560286
149048,4,6,0,3,NATIVE,-7.069732758174323e-05,-0.4717413943147467,0.0001498645817706
149048,4,6,0,3,RETURN_ALIGNED,0.0005713110903878,0.4515563846889792,0.0012652043221542
149048,4,6,1,1,NATIVE,0.3406087450964056,0.8964955774031266,0.3799335475617241
149048,4,6,1,1,RETURN_ALIGNED,0.4566940221159791,0.7527404655975674,0.6067084778726446
149048,4,6,1,2,NATIVE,-0.0005701144080402,-0.0239755246709889,0.0237790169696627
149048,4,6,1,2,RETURN_ALIGNED,0.0227439869312484,0.6505765539925222,0.0349597396198893
149048,4,6,1,3,NATIVE,-0.0003501493063643,-0.6973574683901462,0.0005021087763154
149048,4,6,1,3,RETURN_ALIGNED,0.0007909881908959,0.7794994912824373,0.0010147385576747
149048,4,6,2,1,NATIVE,0.214378905135208,0.6309971983816149,0.3397462075663313
149048,4,6,2,1,RETURN_ALIGNED,0.3604857570870953,0.8011748418223712,0.4499464265091569
149048,4,6,2,2,NATIVE,-0.0088590646726026,-0.4211546245011466,0.0210351831771651
149048,4,6,2,2,RETURN_ALIGNED,0.0446801032745104,0.7287919824611511,0.061307073004711
149048,4,6,2,3,NATIVE,-0.000206011986213,-0.3633264437528657,0.0005670162169227
149048,4,6,2,3,RETURN_ALIGNED,0.0023273930987685,0.6295612993208062,0.0036968490602864
149048,4,6,3,1,NATIVE,0.1511472539573448,0.4276385251780853,0.3534462988205679
149048,4,6,3,1,RETURN_ALIGNED,0.3540084500382598,0.813197425481531,0.4353290344328466
149048,4,6,3,2,NATIVE,0.0009315435979841,0.0757998098229459,0.0122895242101745
149048,4,6,3,2,RETURN_ALIGNED,0.0183351600246851,0.5611756856582059,0.0326727627247437
149048,4,6,3,3,NATIVE,0.000109038294755,0.4660855980104746,0.0002339447839528
149048,4,6,3,3,RETURN_ALIGNED,0.0004970676276986,0.5452363864191163,0.00091165527433
149048,4,6,5,1,NATIVE,0.2521490549652919,0.8024605844788228,0.3142198630589202
149048,4,6,5,1,RETURN_ALIGNED,0.3626709931998947,0.8895178927182228,0.4077163553073239
149048,4,6,5,2,NATIVE,0.00673386827572,0.407272655276191,0.0165340544919844
149048,4,6,5,2,RETURN_ALIGNED,0.0188181738046858,0.7935349557311907,0.0237143602411167
149048,4,6,5,3,NATIVE,8.889193492796103e-05,0.1258942246061334,0.0007060842919123
149048,4,6,5,3,RETURN_ALIGNED,0.0011764537722358,0.5187540336805622,0.0022678450553309
149048,4,6,7,1,NATIVE,0.1525259604173487,0.7079939489321018,0.2154339887330134
149048,4,6,7,1,RETURN_ALIGNED,0.3032089362968576,0.7850263016864424,0.3862404809181857
149048,4,6,7,2,NATIVE,-0.0007912218816446,-0.0801106224741355,0.0098766163232891
149048,4,6,7,2,RETURN_ALIGNED,0.0157671807883324,0.5064801627194431,0.0311308950450856
149048,4,6,7,3,NATIVE,-8.921422019951108e-05,-0.5890970839626231,0.0001514423045312
149048,4,6,7,3,RETURN_ALIGNED,0.0004208785813683,0.634233239824542,0.0006636022124243
149048,6,0,1,1,NATIVE,0.1268848298045329,0.5192646621379731,0.2443548330095102
149048,6,0,1,1,RETURN_ALIGNED,0.3327283465601306,0.7899417178692627,0.4212061966514792
149048,6,0,1,2,NATIVE,0.0008585859069976,0.0599478146977307,0.0143222219408378
149048,6,0,1,2,RETURN_ALIGNED,0.0113740116396777,0.4970714731574461,0.0228820446427844
149048,6,0,1,3,NATIVE,-9.719406684631707e-05,-0.4680564174889162,0.0002076545969271
149048,6,0,1,3,RETURN_ALIGNED,0.0003621489403027,0.6382465988023079,0.0005674122522553
149048,6,0,2,1,NATIVE,0.3365741895738935,0.8607274860025933,0.3910345551260276
149048,6,0,2,1,RETURN_ALIGNED,0.5059803881903887,0.7036005056476712,0.7191302225182112
149048,6,0,2,2,NATIVE,-0.0087814577402369,-0.3427598985323348,0.0256198516146927
149048,6,0,2,2,RETURN_ALIGNED,0.0347438835275756,0.585710779014299,0.059319180680665
149048,6,0,2,3,NATIVE,-0.0002540629897909,-0.6772018479455907,0.0003751658240648
149048,6,0,2,3,RETURN_ALIGNED,0.0010427035394592,0.6881213300497089,0.0015152902452958
149048,6,0,3,1,NATIVE,0.4306139188416015,0.9095271583181216,0.4734481152137246
149048,6,0,3,1,RETURN_ALIGNED,0.5085856038708003,0.682656475333577,0.745009565202184
149048,6,0,3,2,NATIVE,0.0047515300134076,0.2460919742323948,0.0193079438203183
149048,6,0,3,2,RETURN_ALIGNED,0.0293616590242096,0.8049489287230245,0.036476424746391
149048,6,0,3,3,NATIVE,0.0003320639070671,0.3065763315791626,0.0010831361387962
149048,6,0,3,3,RETURN_ALIGNED,0.0028212194295345,0.5933784825911785,0.0047545024069014
149048,6,0,4,1,NATIVE,0.1639137470295354,0.7599386585653521,0.2156933920676738
149048,6,0,4,1,RETURN_ALIGNED,0.2180974442343919,0.801867110167352,0.2719870181340409
149048,6,0,4,2,NATIVE,0.0008750633698064,0.1857659099297558,0.0047105702546119
149048,6,0,4,2,RETURN_ALIGNED,0.0114590120313347,0.7802404783838537,0.0146865131303639
149048,6,0,4,3,NATIVE,-8.028976377522984e-06,-0.0624426794824389,0.0001285815467938
149048,6,0,4,3,RETURN_ALIGNED,0.0003593053402997,0.604958342443115,0.0005939340190461
149048,6,0,5,1,NATIVE,0.0976407453965972,0.5294884324365078,0.1844058140179626
149048,6,0,5,1,RETURN_ALIGNED,0.2025800015662096,0.9090621939541446,0.2228450406511453
149048,6,0,5,2,NATIVE,0.0022063497445973,0.1919800277473779,0.0114926004044335
149048,6,0,5,2,RETURN_ALIGNED,0.0110787268926602,0.6013471029173846,0.0184231816179233
149048,6,0,5,3,NATIVE,5.759339158447943e-05,0.2619912434912823,0.0002198294520185
149048,6,0,5,3,RETURN_ALIGNED,0.0002562685289058,0.5251616807407645,0.0004879802508737
149048,6,0,7,1,NATIVE,0.3538987980271816,0.9156504145121052,0.386499904786829
149048,6,0,7,1,RETURN_ALIGNED,0.4654181091476806,0.6946236732707556,0.6700291496776631
149048,6,0,7,2,NATIVE,-0.0075088997715902,-0.3736229765684255,0.0200975321156388
149048,6,0,7,2,RETURN_ALIGNED,0.0267266955345838,0.7772570379909396,0.0343859164040406
149048,6,0,7,3,NATIVE,-0.000414423326601,-0.7700487008552437,0.000538178069563
149048,6,0,7,3,RETURN_ALIGNED,0.0011361216310642,0.7480986968678982,0.0015186787954758
149049,0,2,1,1,NATIVE,0.5661025410559041,0.94455136258592,0.5993348413643287
149049,0,2,1,1,RETURN_ALIGNED,0.6648114805748233,0.7882259207590088,0.843427579664785
149049,0,2,1,2,NATIVE,-0.0755761556851593,-0.6790456277341292,0.1112976103495187
149049,0,2,1,2,RETURN_ALIGNED,0.309623429443016,0.913933139349261,0.338781269780205
149049,0,2,1,3,NATIVE,-0.0065707078961386,-0.2113166808767564,0.031094127868459
149049,0,2,1,3,RETURN_ALIGNED,0.1519450359630295,0.7978325844232034,0.1904472679217353
149049,0,2,3,1,NATIVE,0.0708484806730409,0.7520422204262969,0.0942081159125247
149049,0,2,3,1,RETURN_ALIGNED,0.1787301004659177,0.9357663148638484,0.190998647447481
149049,0,2,3,2,NATIVE,0.0114421516102331,0.7196449070235136,0.0158997187342445
149049,0,2,3,2,RETURN_ALIGNED,0.0582130880085489,0.7801832021181794,0.0746146390366688
149049,0,2,3,3,NATIVE,0.0006021585164147,0.2139371065681698,0.0028146520537835
149049,0,2,3,3,RETURN_ALIGNED,0.0115427662997448,0.6318223582577498,0.0182690057557956
149049,0,2,4,1,NATIVE,0.327719220662894,0.8485846109356664,0.3861951023381503
149049,0,2,4,1,RETURN_ALIGNED,0.5948130419845907,0.845169423389361,0.7037796511842775
149049,0,2,4,2,NATIVE,0.0249428373417195,0.1463984148352038,0.1703764167783403
149049,0,2,4,2,RETURN_ALIGNED,0.4462749537750191,0.7749406188181474,0.575882774676895
149049,0,2,4,3,NATIVE,-0.0091014004957975,-0.4383058123909688,0.0207649550565885
149049,0,2,4,3,RETURN_ALIGNED,0.0693503816718944,0.7871353759794949,0.0881047705228968
149049,0,2,5,1,NATIVE,0.5222028012462815,0.9382380394375532,0.556578159588699
149049,0,2,5,1,RETURN_ALIGNED,0.6380256166618339,0.781634642913271,0.8162709041193545
149049,0,2,5,2,NATIVE,-0.0708178776582609,-0.6410217104137378,0.1104765665618998
149049,0,2,5,2,RETURN_ALIGNED,0.3077298352183254,0.8696763265059957,0.3538440979008153
149049,0,2,5,3,NATIVE,-0.0063514010057058,-0.1576044260505979,0.0402996360211955
149049,0,2,5,3,RETURN_ALIGNED,0.1853520100186365,0.8734226020116721,0.2122134343550064
149049,0,2,6,1,NATIVE,0.2991953965788766,0.8588349422282328,0.3483735719957936
149049,0,2,6,1,RETURN_ALIGNED,0.328172466695142,0.7096568508206047,0.4624382422513703
149049,0,2,6,2,NATIVE,-0.0891906850429565,-0.8078496455361652,0.1104050556129825
149049,0,2,6,2,RETURN_ALIGNED,0.1947321221957363,0.6820095668009333,0.2855269657121381
149049,0,2,6,3,NATIVE,0.0009682325034655,0.1071273103067435,0.0090381481678521
149049,0,2,6,3,RETURN_ALIGNED,0.0350368972450815,0.7151208561221933,0.0489943719925836
149049,0,2,7,1,NATIVE,-0.0794837041105924,-0.2800072748282476,0.2838629966286998
149049,0,2,7,1,RETURN_ALIGNED,0.4175143735431663,0.7732574790990714,0.5399422376484426
149049,0,2,7,2,NATIVE,-0.0151809671502568,-0.5861630300406496,0.0258988820041742
149049,0,2,7,2,RETURN_ALIGNED,0.0972690963676183,0.8755684108179715,0.1110925144920584
149049,0,2,7,3,NATIVE,-0.0018589177790952,-0.4868568396797544,0.0038182020412017
149049,0,2,7,3,RETURN_ALIGNED,0.0171544131508943,0.615952555405048,0.0278502183330388
149049,2,4,0,1,NATIVE,0.3167048867482253,0.8300340852479727,0.3815564834950132
149049,2,4,0,1,RETURN_ALIGNED,0.6653977460238386,0.9122301269706686,0.729418735855045
149049,2,4,0,2,NATIVE,0.020435807459693,0.2926706754509968,0.0698252649609853
149049,2,4,0,2,RETURN_ALIGNED,0.1518622062722723,0.7130316144057534,0.2129810280555378
149049,2,4,0,3,NATIVE,0.0026025280616304,0.2733522745008554,0.0095207843663994
149049,2,4,0,3,RETURN_ALIGNED,0.0147473762238302,0.6671727189771387,0.0221042854485062
149049,2,4,1,1,NATIVE,0.3480844027933251,0.908752992598893,0.3830352203824388
149049,2,4,1,1,RETURN_ALIGNED,0.6390864660498528,0.8866299557209458,0.7208040535131564
149049,2,4,1,2,NATIVE,0.0292235288843845,0.3157688695272209,0.0925472131819475
149049,2,4,1,2,RETURN_ALIGNED,0.2347563724732962,0.6678455241062858,0.3515129831668886
149049,2,4,1,3,NATIVE,0.0020787119018522,0.2506077403179846,0.008294683552824
149049,2,4,1,3,RETURN_ALIGNED,0.0299269218530838,0.6463318555321337,0.0463027183278458
149049,2,4,3,1,NATIVE,0.211083308233746,0.8031618946136916,0.2628153920763817
149049,2,4,3,1,RETURN_ALIGNED,0.4181571406685925,0.8575878863331307,0.4875968368169417
149049,2,4,3,2,NATIVE,0.0173895819331228,0.2527856412002809,0.0687918105254421
149049,2,4,3,2,RETURN_ALIGNED,0.1740186682115364,0.7723427097432876,0.2253127607938026
149049,2,4,3,3,NATIVE,-0.0138971186089962,-0.8431480845999106,0.0164824173351599
149049,2,4,3,3,RETURN_ALIGNED,0.0613707660811907,0.6620581673440247,0.0926969397945992
149049,2,4,5,1,NATIVE,0.1604073850222466,0.3660251416904972,0.4382414395945485
149049,2,4,5,1,RETURN_ALIGNED,0.533809064093623,0.7689433205678325,0.6942111984267197
149049,2,4,5,2,NATIVE,-0.0315883211419904,-0.7435304244980223,0.0424842348089501
149049,2,4,5,2,RETURN_ALIGNED,0.1411536040719339,0.8941486361173415,0.1578636910803164
149049,2,4,5,3,NATIVE,-0.0035006439085206,-0.408720980508885,0.0085648745119519
149049,2,4,5,3,RETURN_ALIGNED,0.029621550311174,0.5852733873502778,0.0506114765361153
149049,2,4,6,1,NATIVE,0.0941985259090879,0.3452693823618885,0.272826177822945
149049,2,4,6,1,RETURN_ALIGNED,0.376682986727109,0.7770739156205231,0.4847453751247132
149049,2,4,6,2,NATIVE,-0.0203570031160762,-0.7612698884607381,0.0267408489743543
149049,2,4,6,2,RETURN_ALIGNED,0.1099360432794451,0.8263292757963832,0.1330414478822251
149049,2,4,6,3,NATIVE,-0.0019093590280119,-0.3693043500401436,0.0051701503860826
149049,2,4,6,3,RETURN_ALIGNED,0.0251191107413292,0.6580175266753433,0.0381739235246874
149049,2,4,7,1,NATIVE,0.2635824684551445,0.7750827555615168,0.3400700977589743
149049,2,4,7,1,RETURN_ALIGNED,0.5277204835593732,0.8253577589488758,0.6393839251374047
149049,2,4,7,2,NATIVE,0.0275808077896949,0.3749111351290606,0.0735662539872079
149049,2,4,7,2,RETURN_ALIGNED,0.172686795484711,0.8472778396608147,0.2038136575760464
149049,2,4,7,3,NATIVE,-0.0171089044327935,-0.9412921639657592,0.018175976688509
149049,2,4,7,3,RETURN_ALIGNED,0.0573782894965683,0.7843810488976316,0.0731510400136144
149049,4,6,0,1,NATIVE,0.6027713031627848,0.893735862764514,0.6744400983286837
149049,4,6,0,1,RETURN_ALIGNED,0.8061905423839442,0.7538819773488107,1.0693856155297476
149049,4,6,0,2,NATIVE,-0.0396089293328497,-0.4286475632054386,0.0924044196976647
149049,4,6,0,2,RETURN_ALIGNED,0.280046003457655,0.8841039019798781,0.3167568911645583
149049,4,6,0,3,NATIVE,-0.0218698009946691,-0.6966910802236891,0.031390958797398
149049,4,6,0,3,RETURN_ALIGNED,0.1312814716588611,0.5651686221638604,0.2322872617302631
149049,4,6,1,1,NATIVE,0.5290784467176003,0.9602263456722244,0.5509934705521943
149049,4,6,1,1,RETURN_ALIGNED,0.6596640461305513,0.7739983076601601,0.852280992867733
149049,4,6,1,2,NATIVE,-0.0788224384096695,-0.5728997465726892,0.1375850467400977
149049,4,6,1,2,RETURN_ALIGNED,0.4324512177731565,0.8992577642237516,0.4808979527092287
149049,4,6,1,3,NATIVE,-0.0142326713036374,-0.4136182184245113,0.0344101653871623
149049,4,6,1,3,RETURN_ALIGNED,0.1668134586790574,0.8573779920152346,0.1945623286714974
149049,4,6,2,1,NATIVE,0.2869460352905325,0.6833521816692374,0.4199094449213423
149049,4,6,2,1,RETURN_ALIGNED,0.4149091067224112,0.9112949209511918,0.4552961913683426
149049,4,6,2,2,NATIVE,-0.0517603539749292,-0.7307059882013061,0.0708360884002608
149049,4,6,2,2,RETURN_ALIGNED,0.071888455515067,0.8221777862466042,0.0874366307598006
149049,4,6,2,3,NATIVE,0.0062202820282656,0.2155742571340526,0.0288544750668742
149049,4,6,2,3,RETURN_ALIGNED,0.0263751482835111,0.3848860207043132,0.068527166130881
149049,4,6,3,1,NATIVE,0.0833897707210356,0.7600354173226397,0.1097182694653621
149049,4,6,3,1,RETURN_ALIGNED,0.2090281133996121,0.9336554477685114,0.2238814263861347
149049,4,6,3,2,NATIVE,0.0128556381326888,0.6607128031968384,0.0194572256969244
149049,4,6,3,2,RETURN_ALIGNED,0.0679826041441689,0.7499613174225453,0.0906481475308187
149049,4,6,3,3,NATIVE,0.0008452428942198,0.2987307662291986,0.0028294470798608
149049,4,6,3,3,RETURN_ALIGNED,0.0122185923576272,0.5987931175407668,0.0204053653918301
149049,4,6,5,1,NATIVE,0.48164846932873,0.8284466253301961,0.5813874480287031
149049,4,6,5,1,RETURN_ALIGNED,0.5807692757316474,0.8357625474831797,0.6948974651718557
149049,4,6,5,2,NATIVE,-0.0662930498137927,-0.7452842329482173,0.088950023203186
149049,4,6,5,2,RETURN_ALIGNED,0.1594881849048066,0.890479447871693,0.1791037236018272
149049,4,6,5,3,NATIVE,0.0037112582146114,0.1127059193571789,0.0329286894206352
149049,4,6,5,3,RETURN_ALIGNED,0.1071947133458958,0.7561600101487072,0.1417619444374362
149049,4,6,7,1,NATIVE,-0.00353272968364,-0.0084959222980543,0.4158147355524493
149049,4,6,7,1,RETURN_ALIGNED,0.501214236438138,0.6870853582988878,0.7294788491477124
149049,4,6,7,2,NATIVE,-0.0160820945248433,-0.4606915036404823,0.0349085980482142
149049,4,6,7,2,RETURN_ALIGNED,0.1110606600175431,0.8513389520980827,0.130454103790022
149049,4,6,7,3,NATIVE,-0.0022587947871485,-0.5636524507292549,0.0040074247599975
149049,4,6,7,3,RETURN_ALIGNED,0.0178715844398116,0.6165754111327126,0.028985237031935
149049,6,0,1,1,NATIVE,0.4068754423516966,0.9356401624243758,0.4348631650199968
149049,6,0,1,1,RETURN_ALIGNED,0.6423598261115232,0.821931888584159,0.7815244000546475
149049,6,0,1,2,NATIVE,-0.0265107063620695,-0.1912226413637803,0.138637904868206
149049,6,0,1,2,RETURN_ALIGNED,0.3629892300405787,0.7471921451064909,0.4858043977279357
149049,6,0,1,3,NATIVE,0.0025622932961189,0.2148391162501925,0.0119265678466782
149049,6,0,1,3,RETURN_ALIGNED,0.0488249746810684,0.6708046832360276,0.0727856794997498
149049,6,0,2,1,NATIVE,0.4139954573861104,0.9603417426487176,0.4310918072187977
149049,6,0,2,1,RETURN_ALIGNED,0.5497725774307142,0.7706130476055184,0.7134223578733558
149049,6,0,2,2,NATIVE,-0.0227586178621994,-0.3196834402588747,0.0711911065637687
149049,6,0,2,2,RETURN_ALIGNED,0.1435387257401782,0.6574354186486209,0.2183312940990086
149049,6,0,2,3,NATIVE,0.003196591203117,0.4823305377647593,0.0066273871395541
149049,6,0,2,3,RETURN_ALIGNED,0.0224667980922004,0.6734340497612579,0.0333615416387114
149049,6,0,3,1,NATIVE,0.1511374295108702,0.7831874987598366,0.1929773263109677
149049,6,0,3,1,RETURN_ALIGNED,0.351304090123503,0.9224652123303484,0.3808318031159251
149049,6,0,3,2,NATIVE,0.0255104122601598,0.7022683746111192,0.036325731276439
149049,6,0,3,2,RETURN_ALIGNED,0.1105193674810364,0.7390889060337759,0.1495346048069307
149049,6,0,3,3,NATIVE,-0.001219828391961,-0.1419300295559064,0.008594575761273
149049,6,0,3,3,RETURN_ALIGNED,0.0387222627298668,0.5838427839933531,0.0663230989419102
149049,6,0,4,1,NATIVE,0.5685206640948705,0.8046918962416773,0.7065072566905821
149049,6,0,4,1,RETURN_ALIGNED,0.6567859160839286,0.7855018156726657,0.8361354524960264
149049,6,0,4,2,NATIVE,-0.0450481545326859,-0.5629424551239978,0.0800226632804072
149049,6,0,4,2,RETURN_ALIGNED,0.152724708666048,0.8702667047595267,0.1754918438574247
149049,6,0,4,3,NATIVE,-0.008065809697553,-0.6711939234584599,0.0120171077470271
149049,6,0,4,3,RETURN_ALIGNED,0.0302299407063876,0.6288763662663266,0.0480697674897229
149049,6,0,5,1,NATIVE,0.2197871314978851,0.470521359351653,0.4671140366523005
149049,6,0,5,1,RETURN_ALIGNED,0.4849605625112942,0.7950950443362796,0.6099403662063001
149049,6,0,5,2,NATIVE,-0.0477566047237157,-0.75450737955371,0.0632950797007744
149049,6,0,5,2,RETURN_ALIGNED,0.1385513123297556,0.8926067518158445,0.1552209996707438
149049,6,0,5,3,NATIVE,-0.0059743482813547,-0.4590811571216084,0.0130137083357073
149049,6,0,5,3,RETURN_ALIGNED,0.0310867628204231,0.5172901834608514,0.0600954045025076
149049,6,0,7,1,NATIVE,0.2495354356156505,0.6104099646797356,0.408799741246905
149049,6,0,7,1,RETURN_ALIGNED,0.4273200315961522,0.8097263488048906,0.5277338846967318
149049,6,0,7,2,NATIVE,-0.0181418464247689,-0.3990082917752921,0.0454673419040791
149049,6,0,7,2,RETURN_ALIGNED,0.0792814637114481,0.8892394147924317,0.0891564885591895
149049,6,0,7,3,NATIVE,-0.0048988167138394,-0.6163867783561261,0.0079476343190294
149049,6,0,7,3,RETURN_ALIGNED,0.0167355247877866,0.6547941358989431,0.0255584524507294
149050,0,2,1,1,NATIVE,0.3946145200341331,0.9218794107005028,0.4280543804901277
149050,0,2,1,1,RETURN_ALIGNED,0.715461005637344,0.8450281978038022,0.8466711613846275
149050,0,2,1,2,NATIVE,0.0043718898978776,0.1962955525159647,0.0222719763216562
149050,0,2,1,2,RETURN_ALIGNED,0.0666393318581672,0.629769852443492,0.105815373027198
149050,0,2,1,3,NATIVE,-7.577700406294751e-06,-0.0132917233156942,0.0005701066905657
149050,0,2,1,3,RETURN_ALIGNED,0.0028828597094438,0.6735820952046202,0.0042798936153689
149050,0,2,3,1,NATIVE,0.2272553266812698,0.725597298941928,0.3131975918495803
149050,0,2,3,1,RETURN_ALIGNED,0.5239722072863959,0.8399105496984511,0.6238428693084611
149050,0,2,3,2,NATIVE,-0.0026606884474275,-0.257167180748609,0.0103461430793385
149050,0,2,3,2,RETURN_ALIGNED,0.0329667382473057,0.5240766624583463,0.0629044195413822
149050,0,2,3,3,NATIVE,1.5877566737529814e-05,0.0900394384634442,0.0001763401348851
149050,0,2,3,3,RETURN_ALIGNED,0.0010262161398475,0.4986208686272364,0.0020581090851571
149050,0,2,4,1,NATIVE,0.4351337887582264,0.9008456699999988,0.4830281181882863
149050,0,2,4,1,RETURN_ALIGNED,0.8287548905043133,0.8424091345410933,0.9837914340230546
149050,0,2,4,2,NATIVE,-0.0018622283347478,-0.0797507608500382,0.0233506027386113
149050,0,2,4,2,RETURN_ALIGNED,0.0669839823534061,0.5352905589081097,0.1251357440150249
149050,0,2,4,3,NATIVE,0.0001058820285054,0.2895325042516445,0.0003656999711501
149050,0,2,4,3,RETURN_ALIGNED,0.0013947745418476,0.5576504922605566,0.0025011625760261
149050,0,2,5,1,NATIVE,0.4005718377801761,0.8972489767058776,0.4464444632199668
149050,0,2,5,1,RETURN_ALIGNED,0.7157421817671218,0.7994643836575164,0.895277133538601
149050,0,2,5,2,NATIVE,0.0061612560175208,0.2726713879601563,0.022595902208509
149050,0,2,5,2,RETURN_ALIGNED,0.0679171563737845,0.638742830085935,0.1063294226948898
149050,0,2,5,3,NATIVE,-0.0001963660049027,-0.2069624114248376,0.0009488003318366
149050,0,2,5,3,RETURN_ALIGNED,0.005006915085312,0.6336944157761414,0.0079011507121666
149050,0,2,6,1,NATIVE,0.2384647101622262,0.6362064639768568,0.3748228345108705
149050,0,2,6,1,RETURN_ALIGNED,0.4472214110361985,0.7119659308061348,0.6281500162930959
149050,0,2,6,2,NATIVE,0.0008909897782736,0.159718722652395,0.0055784930122194
149050,0,2,6,2,RETURN_ALIGNED,0.0039812012181225,0.6953691572671231,0.0057253060138723
149050,0,2,6,3,NATIVE,5.441777441319935e-05,0.4725125584927707,0.0001151668317422
149050,0,2,6,3,RETURN_ALIGNED,0.0001342935589594,0.6261843548793463,0.0002144632931013
149050,0,2,7,1,NATIVE,0.2676838196647247,0.8856590440572937,0.3022425181119876
149050,0,2,7,1,RETURN_ALIGNED,0.3810206391549707,0.7134017917445662,0.5340898264680664
149050,0,2,7,2,NATIVE,0.0019854008378694,0.3453252957878003,0.00574936404028
149050,0,2,7,2,RETURN_ALIGNED,0.0114319624248117,0.6443234910415115,0.0177425820781531
149050,0,2,7,3,NATIVE,-2.447368182650449e-05,-0.1793537900976026,0.0001364547790425
149050,0,2,7,3,RETURN_ALIGNED,0.0004592130307732,0.5526373211001823,0.0008309482786502
149050,2,4,0,1,NATIVE,0.2529320288360001,0.7990277825551265,0.3165497300070301
149050,2,4,0,1,RETURN_ALIGNED,0.5359477181005472,0.8616292538018963,0.6220166222718944
149050,2,4,0,2,NATIVE,0.0004474681976473,0.0423701176149976,0.0105609382939422
149050,2,4,0,2,RETURN_ALIGNED,0.0393368734419351,0.687108044742214,0.0572499095925527
149050,2,4,0,3,NATIVE,-6.321148407677942e-05,-0.1594958557852218,0.0003963205419671
149050,2,4,0,3,RETURN_ALIGNED,0.0029120672114923,0.563704339353335,0.0051659478346132
149050,2,4,1,1,NATIVE,0.3335703117894608,0.808656918785733,0.4124991749161676
149050,2,4,1,1,RETURN_ALIGNED,0.7329055444473714,0.8790476573956737,0.8337494995648919
149050,2,4,1,2,NATIVE,-0.0010356045594747,-0.1123910538166645,0.0092142970840568
149050,2,4,1,2,RETURN_ALIGNED,0.0206575098615299,0.4602536461442899,0.0448828815035251
149050,2,4,1,3,NATIVE,3.85551922530059e-05,0.2267767426424549,0.000170013872598
149050,2,4,1,3,RETURN_ALIGNED,0.0006118551749299,0.561397656395725,0.001089878391737
149050,2,4,3,1,NATIVE,0.276650315345639,0.8304285081384901,0.3331416402908204
149050,2,4,3,1,RETURN_ALIGNED,0.5338600755224261,0.8146894289297014,0.6552927490709147
149050,2,4,3,2,NATIVE,0.0018969407180845,0.1208987659457024,0.0156903232480992
149050,2,4,3,2,RETURN_ALIGNED,0.0592156395048505,0.7308671009678321,0.0810210767810847
149050,2,4,3,3,NATIVE,-0.0002792342964427,-0.3961400045869488,0.0007048878987577
149050,2,4,3,3,RETURN_ALIGNED,0.0062508529246824,0.7511519203510113,0.0083216893326823
149050,2,4,5,1,NATIVE,0.3904465856597821,0.90752296841145,0.4302332825175481
149050,2,4,5,1,RETURN_ALIGNED,0.605433960118366,0.7326274271236125,0.8263872436435497
149050,2,4,5,2,NATIVE,0.0033049323258723,0.2917130682114615,0.0113293941409749
149050,2,4,5,2,RETURN_ALIGNED,0.0191481329128659,0.5790296044584501,0.0330693504535286
149050,2,4,5,3,NATIVE,-8.799161836960555e-05,-0.3334486942078579,0.0002638835295026
149050,2,4,5,3,RETURN_ALIGNED,0.0009109588240215,0.5475834207750466,0.0016635982562737
149050,2,4,6,1,NATIVE,0.2188219098783582,0.6526300629600656,0.3352924149489029
149050,2,4,6,1,RETURN_ALIGNED,0.3320738773159676,0.7996006427854861,0.4152996627903067
149050,2,4,6,2,NATIVE,0.0033305693585721,0.4260607691609491,0.0078171228131584
149050,2,4,6,2,RETURN_ALIGNED,0.0096183663965184,0.5684138072201236,0.016921415831417
149050,2,4,6,3,NATIVE,-4.964375615210647e-06,-0.0248813891741616,0.0001995216411386
149050,2,4,6,3,RETURN_ALIGNED,0.0005962938761327,0.5117143797172843,0.0011652865338422
149050,2,4,7,1,NATIVE,0.2844608101272446,0.8748269209260591,0.3251623873507829
149050,2,4,7,1,RETURN_ALIGNED,0.5115876161053687,0.8096395826222325,0.6318708065734049
149050,2,4,7,2,NATIVE,0.0017758744293944,0.1350308137393826,0.0131516235449608
149050,2,4,7,2,RETURN_ALIGNED,0.0527902852870024,0.7362675447837397,0.0716998673381274
149050,2,4,7,3,NATIVE,-0.0002813840996256,-0.2989919102910314,0.0009411094008603
149050,2,4,7,3,RETURN_ALIGNED,0.0060298270668987,0.5630088153869682,0.0107100047072886
149050,4,6,0,1,NATIVE,0.2575651720691049,0.8385599649896044,0.3071517635262226
149050,4,6,0,1,RETURN_ALIGNED,0.4664101329598715,0.8035048633919925,0.5804695829604376
149050,4,6,0,2,NATIVE,0.0019306471417221,0.2721636064306347,0.0070937006127224
149050,4,6,0,2,RETURN_ALIGNED,0.0181071473667353,0.6353660361928254,0.0284987650192625
149050,4,6,0,3,NATIVE,-5.543988721390396e-05,-0.2788618081860199,0.0001988077447538
149050,4,6,0,3,RETURN_ALIGNED,0.0009887402585487,0.6173901675199757,0.0016014836492345
149050,4,6,1,1,NATIVE,0.3860255478433795,0.9067256362717822,0.4257357820282855
149050,4,6,1,1,RETURN_ALIGNED,0.6936524617342906,0.8277661831147604,0.8379811544416336
149050,4,6,1,2,NATIVE,0.0112311089322214,0.4269186405886612,0.0263073753729049
149050,4,6,1,2,RETURN_ALIGNED,0.0844919757285518,0.6867020144756841,0.1230402328035143
149050,4,6,1,3,NATIVE,8.844960470502308e-05,0.0773363765360959,0.0011436998775745
149050,4,6,1,3,RETURN_ALIGNED,0.00506080648667,0.6186792696766679,0.0081800162573802
149050,4,6,2,1,NATIVE,0.2074982199053581,0.7531906893704461,0.2754922794897279
149050,4,6,2,1,RETURN_ALIGNED,0.3474403603002348,0.6645796150808648,0.5227971975303609
149050,4,6,2,2,NATIVE,0.0006657214670981,0.1419598734528171,0.0046895045119397
149050,4,6,2,2,RETURN_ALIGNED,0.0078161666734404,0.6212178804362845,0.012582005314842
149050,4,6,2,3,NATIVE,-3.680506885168439e-05,-0.4121966818145616,8.929006569559558e-05
149050,4,6,2,3,RETURN_ALIGNED,0.0002755831781713,0.5548880808712308,0.0004966464186208
149050,4,6,3,1,NATIVE,0.2352011527715888,0.7346000903142682,0.3201757743738657
149050,4,6,3,1,RETURN_ALIGNED,0.552423618504149,0.853537060701924,0.647216909421346
149050,4,6,3,2,NATIVE,-0.0021608171485318,-0.2750320096238112,0.0078566024057657
149050,4,6,3,2,RETURN_ALIGNED,0.0223799144791071,0.476693507056183,0.0469482259517566
149050,4,6,3,3,NATIVE,6.024874543885277e-06,0.0412510271741558,0.0001460539276745
149050,4,6,3,3,RETURN_ALIGNED,0.0008768823517746,0.5177303635951398,0.0016937047030219
149050,4,6,5,1,NATIVE,0.4230854477170532,0.9189262112514996,0.4604128629009139
149050,4,6,5,1,RETURN_ALIGNED,0.7525905563876037,0.8092634999556853,0.929969727324661
149050,4,6,5,2,NATIVE,0.0063603057617882,0.2219239922341278,0.0286598384321037
149050,4,6,5,2,RETURN_ALIGNED,0.109978494244228,0.7579897495975618,0.1450923238766266
149050,4,6,5,3,NATIVE,-0.0006430764045217,-0.4352288259151601,0.0014775593087751
149050,4,6,5,3,RETURN_ALIGNED,0.0102212747668777,0.7512384794161238,0.0136058988518939
149050,4,6,7,1,NATIVE,0.2516412492809429,0.8521332262078378,0.2953074021073373
149050,4,6,7,1,RETURN_ALIGNED,0.3556229314646543,0.7052965632592341,0.50421758730993
149050,4,6,7,2,NATIVE,0.0016785638287373,0.3374585865271513,0.0049741328142428
149050,4,6,7,2,RETURN_ALIGNED,0.0087252051742136,0.6565471553867055,0.0132895331318406
149050,4,6,7,3,NATIVE,-1.2500069394494514e-05,-0.1061695987358902,0.0001177368053763
149050,4,6,7,3,RETURN_ALIGNED,0.0003280211016302,0.5399450637447969,0.0006075082885249
149050,6,0,1,1,NATIVE,0.3796552136773503,0.8676499465321236,0.43756726453411
149050,6,0,1,1,RETURN_ALIGNED,0.7665991779606888,0.8742203664493587,0.8768946679590522
149050,6,0,1,2,NATIVE,-0.0005750385315072,-0.0618479156476097,0.0092976218434347
149050,6,0,1,2,RETURN_ALIGNED,0.0177175004463048,0.4735790530096788,0.0374119174689514
149050,6,0,1,3,NATIVE,3.584074150173781e-05,0.2170259090506409,0.000165144989539
149050,6,0,1,3,RETURN_ALIGNED,0.0003390395593946,0.5835780959592836,0.0005809669034588
149050,6,0,2,1,NATIVE,0.2890132534540418,0.8354190260660513,0.3459500495393445
149050,6,0,2,1,RETURN_ALIGNED,0.5357872349253819,0.7622714958147877,0.7028824216396987
149050,6,0,2,2,NATIVE,0.0011839356924092,0.1189308252665655,0.0099548261744459
149050,6,0,2,2,RETURN_ALIGNED,0.0185561733220812,0.5054815784340715,0.0367098903567645
149050,6,0,2,3,NATIVE,4.35586522044925e-05,0.1435810930788855,0.0003033731742786
149050,6,0,2,3,RETURN_ALIGNED,0.0011145657362485,0.6307275113815319,0.0017671113359159
149050,6,0,3,1,NATIVE,0.2208430166079631,0.7543448025788728,0.2927613683462479
149050,6,0,3,1,RETURN_ALIGNED,0.465056435095771,0.8172737690040939,0.5690338448796789
149050,6,0,3,2,NATIVE,0.0002978857190364,0.0282601913573187,0.0105408245563271
149050,6,0,3,2,RETURN_ALIGNED,0.0400965682487742,0.7147816632013373,0.0560962463263691
149050,6,0,3,3,NATIVE,-7.468510830784924e-05,-0.201875229336934,0.0003699567718632
149050,6,0,3,3,RETURN_ALIGNED,0.0025628421788659,0.6050445338836341,0.004235790978869
149050,6,0,4,1,NATIVE,0.4196799727515881,0.9113102378828686,0.460523711142016
149050,6,0,4,1,RETURN_ALIGNED,0.7331244463854384,0.8009201209165352,0.9153527639516296
149050,6,0,4,2,NATIVE,0.0051009496414005,0.199300789557944,0.0255942269602107
149050,6,0,4,2,RETURN_ALIGNED,0.0684645322309919,0.5530766932560196,0.1237884963614541
149050,6,0,4,3,NATIVE,-8.053274582690895e-05,-0.0528458954857413,0.0015239167567618
149050,6,0,4,3,RETURN_ALIGNED,0.0062695563638503,0.6196032734931515,0.0101186624249526
149050,6,0,5,1,NATIVE,0.3643903727997942,0.8757904461456387,0.4160702761755726
149050,6,0,5,1,RETURN_ALIGNED,0.6123603694099268,0.7580686718197377,0.8077901015747576
149050,6,0,5,2,NATIVE,0.0026706549076656,0.2335629733889329,0.0114344104670771
149050,6,0,5,2,RETURN_ALIGNED,0.0234926243934993,0.5744850508777238,0.0408933606845732
149050,6,0,5,3,NATIVE,-8.495065603765552e-05,-0.3205633963954449,0.000265004229925
149050,6,0,5,3,RETURN_ALIGNED,0.0012501182734178,0.5673719243406872,0.002203348843549
149050,6,0,7,1,NATIVE,0.3312606511222052,0.9263764100978676,0.3575875286882014
149050,6,0,7,1,RETURN_ALIGNED,0.5161612087176577,0.7559055905964945,0.6828381945293398
149050,6,0,7,2,NATIVE,0.0028225244548144,0.2147632498233592,0.0131424927538073
149050,6,0,7,2,RETURN_ALIGNED,0.0270674225984783,0.4843996711319482,0.0558782844231436
149050,6,0,7,3,NATIVE,-4.235734348689457e-05,-0.099019495220568,0.0004277677161432
149050,6,0,7,3,RETURN_ALIGNED,0.0014347752959608,0.5352651527446817,0.0026804944945994
149051,0,2,1,1,NATIVE,0.3474181525870812,0.9750277911061213,0.3563161540170726
149051,0,2,1,1,RETURN_ALIGNED,0.4669341808240059,0.8213056308012403,0.5685267010385094
149051,0,2,1,2,NATIVE,-0.0012975866418487,-0.1359135880646426,0.0095471443306649
149051,0,2,1,2,RETURN_ALIGNED,0.021001359587187,0.7446693434853929,0.0282022615411679
149051,0,2,1,3,NATIVE,3.61179354604659e-05,0.1439371402118559,0.000250928531431
149051,0,2,1,3,RETURN_ALIGNED,0.0010793219974395,0.554458335076786,0.0019466241702969
149051,0,2,3,1,NATIVE,0.0956770148250834,0.5701069002605799,0.1678229377353933
149051,0,2,3,1,RETURN_ALIGNED,0.1424206863014065,0.8551730949563827,0.1665401860058157
149051,0,2,3,2,NATIVE,0.0009024338172089,0.5524388815490877,0.0016335450804065
149051,0,2,3,2,RETURN_ALIGNED,0.0011566242480673,0.6132636682870851,0.0018860146260834
149051,0,2,3,3,NATIVE,2.0186291744735456e-05,0.1565005605353908,0.0001289854269119
149051,0,2,3,3,RETURN_ALIGNED,0.000137434243005,0.5098185944863063,0.0002695747939779
149051,0,2,4,1,NATIVE,0.0653647321253906,0.3361603606062402,0.1944450916436149
149051,0,2,4,1,RETURN_ALIGNED,0.2186900495278803,0.6167533392893206,0.3545826760814006
149051,0,2,4,2,NATIVE,0.0010420567699216,0.3455646120066947,0.0030155193368126
149051,0,2,4,2,RETURN_ALIGNED,0.0040480048681313,0.552623522586789,0.0073250679752276
149051,0,2,4,3,NATIVE,7.171402857239865e-06,0.1495728109827671,4.794589740790969e-05
149051,0,2,4,3,RETURN_ALIGNED,0.0001386028278632,0.4650347720409249,0.0002980483085426
149051,0,2,5,1,NATIVE,0.3573365066072419,0.8624970254974637,0.4143046248775445
149051,0,2,5,1,RETURN_ALIGNED,0.4466976665276684,0.8394697260737578,0.5321188515236738
149051,0,2,5,2,NATIVE,0.0008051533167675,0.083917478398121,0.0095945842518102
149051,0,2,5,2,RETURN_ALIGNED,0.0066237524259592,0.4224867582299569,0.0156780119058002
149051,0,2,5,3,NATIVE,7.785099762168626e-05,0.2751183034492263,0.0002829728006415
149051,0,2,5,3,RETURN_ALIGNED,0.0003538706356658,0.4755877917853741,0.0007440700548214
149051,0,2,6,1,NATIVE,0.2991360843044318,0.7813565975672855,0.3828419510826384
149051,0,2,6,1,RETURN_ALIGNED,0.3977791730489067,0.7540241912104165,0.5275416593862875
149051,0,2,6,2,NATIVE,0.0024288256399038,0.3313761724839567,0.0073295120209065
149051,0,2,6,2,RETURN_ALIGNED,0.0125985803306054,0.7463215553124818,0.0168809010544969
149051,0,2,6,3,NATIVE,3.706026955288284e-05,0.193392597834637,0.0001916323048732
149051,0,2,6,3,RETURN_ALIGNED,0.000437587575097,0.6185008927513852,0.0007074970777186
149051,0,2,7,1,NATIVE,0.082263237406975,0.5129466718573111,0.1603738593505718
149051,0,2,7,1,RETURN_ALIGNED,0.2201604345423194,0.6930505893378125,0.3176686347709018
149051,0,2,7,2,NATIVE,-0.0005777653895739,-0.6671839829282924,0.0008659761090318
149051,0,2,7,2,RETURN_ALIGNED,0.0034013301950587,0.6422166303945056,0.0052962349993042
149051,0,2,7,3,NATIVE,-7.49909415846034e-06,-0.0909960416839828,8.24112119584793e-05
149051,0,2,7,3,RETURN_ALIGNED,0.0005618284498047,0.5853468457971068,0.0009598214346341
149051,2,4,0,1,NATIVE,0.0142671778708859,0.0718709768640094,0.1985109774952786
149051,2,4,0,1,RETURN_ALIGNED,0.2657310317093913,0.6344171502518736,0.4188585248734719
149051,2,4,0,2,NATIVE,-0.0003666785084956,-0.3211924107479033,0.0011416163526811
149051,2,4,0,2,RETURN_ALIGNED,0.0032546010000891,0.6120102591633771,0.0053178863447218
149051,2,4,0,3,NATIVE,-3.365472149566705e-06,-0.0363605512554458,9.255833368749756e-05
149051,2,4,0,3,RETURN_ALIGNED,0.0006660142429809,0.6215789216605825,0.0010714878156822
149051,2,4,1,1,NATIVE,0.1643033418361933,0.6012727447935419,0.2732592542381118
149051,2,4,1,1,RETURN_ALIGNED,0.3575887091188633,0.7461452737240818,0.4792481058466202
149051,2,4,1,2,NATIVE,-0.0010136475957551,-0.4058800159719937,0.0024974070066029
149051,2,4,1,2,RETURN_ALIGNED,0.0061146528076776,0.646370192692032,0.0094599857431064
149051,2,4,1,3,NATIVE,2.5474590181028933e-06,0.0240286715077353,0.0001060174719974
149051,2,4,1,3,RETURN_ALIGNED,0.0005176209745686,0.5232214640910235,0.0009892961391856
149051,2,4,3,1,NATIVE,0.2254840114851339,0.8721914083435611,0.2585258342693537
149051,2,4,3,1,RETURN_ALIGNED,0.2791762135067037,0.8901061008227131,0.3136437479174014
149051,2,4,3,2,NATIVE,0.0022007548515846,0.4300412517735811,0.0051175435895439
149051,2,4,3,2,RETURN_ALIGNED,0.006275201172258,0.6638576357803129,0.0094526308556693
149051,2,4,3,3,NATIVE,6.811345902849335e-05,0.1712742590747979,0.0003976864796187
149051,2,4,3,3,RETURN_ALIGNED,0.0007183334160366,0.8102967132860691,0.0008865066281672
149051,2,4,5,1,NATIVE,0.1632914797846713,0.6418673701766885,0.2544006556051961
149051,2,4,5,1,RETURN_ALIGNED,0.2362862541719614,0.8483482218539097,0.2785250774209478
149051,2,4,5,2,NATIVE,0.0013153147796087,0.4085182898855891,0.0032197206640283
149051,2,4,5,2,RETURN_ALIGNED,0.002210550544675,0.5952620375668931,0.0037135755434128
149051,2,4,5,3,NATIVE,2.3454216790454667e-05,0.1686065194642859,0.0001391062266383
149051,2,4,5,3,RETURN_ALIGNED,0.0001599042526296,0.4563871938441881,0.0003503697180087
149051,2,4,6,1,NATIVE,0.1969252090413543,0.72695692336392,0.2708897910070248
149051,2,4,6,1,RETURN_ALIGNED,0.2517461601109891,0.8832321115890686,0.2850283145365153
149051,2,4,6,2,NATIVE,0.0017725275244778,0.5749771607590991,0.0030827790134998
149051,2,4,6,2,RETURN_ALIGNED,0.0027371173958236,0.6403902399193501,0.0042741397747021
149051,2,4,6,3,NATIVE,0.0001062703744386,0.377398210382915,0.0002815868510533
149051,2,4,6,3,RETURN_ALIGNED,0.0003417395145208,0.5578381819966531,0.0006126140597613
149051,2,4,7,1,NATIVE,0.2279331905674815,0.930401844691437,0.2449835969988515
149051,2,4,7,1,RETURN_ALIGNED,0.3274566512323403,0.8276590914437946,0.3956419431830054
149051,2,4,7,2,NATIVE,-0.0021440035549856,-0.601126993462367,0.0035666399579857
149051,2,4,7,2,RETURN_ALIGNED,0.0094336420475974,0.6790942743907327,0.0138915057938738
149051,2,4,7,3,NATIVE,1.6144978402583937e-05,0.0470816786145847,0.0003429142379186
149051,2,4,7,3,RETURN_ALIGNED,0.001443970064509,0.5780605264654429,0.0024979565162421
149051,4,6,0,1,NATIVE,0.0796368891978089,0.2794847500186181,0.2849418052047083
149051,4,6,0,1,RETURN_ALIGNED,0.3031632621621282,0.5525535426444105,0.5486586163412249
149051,4,6,0,2,NATIVE,-0.0002978383894146,-0.1067384838633194,0.0027903561920792
149051,4,6,0,2,RETURN_ALIGNED,0.004636160625376,0.4121119693384411,0.0112497597016898
149051,4,6,0,3,NATIVE,8.026495001570001e-07,0.0170447667786546,4.709067025622349e-05
149051,4,6,0,3,RETURN_ALIGNED,0.0002387766737186,0.4543787229353697,0.0005255014406437
149051,4,6,1,1,NATIVE,0.399759813720154,0.9615167490353128,0.4157595945372255
149051,4,6,1,1,RETURN_ALIGNED,0.5000446078670078,0.8091168791781471,0.6180128245188145
149051,4,6,1,2,NATIVE,0.0015591711440282,0.1308019570526952,0.0119200903335975
149051,4,6,1,2,RETURN_ALIGNED,0.0217206832038072,0.7782186263046332,0.0279107727170149
149051,4,6,1,3,NATIVE,0.0001954503135042,0.3963628866557561,0.0004931095149472
149051,4,6,1,3,RETURN_ALIGNED,0.0014142442898388,0.6686662574091732,0.0021150226582888
149051,4,6,2,1,NATIVE,0.2313621065589044,0.8369310934145711,0.276441045600018
149051,4,6,2,1,RETURN_ALIGNED,0.2673531380211782,0.8615826402650771,0.3103046945545615
149051,4,6,2,2,NATIVE,-0.0001845375525068,-0.0263789922947749,0.006995625550612
149051,4,6,2,2,RETURN_ALIGNED,0.0023711475958167,0.3279562948692198,0.0072300719113714
149051,4,6,2,3,NATIVE,9.40229200886295e-06,0.0698682623452456,0.000134571716301
149051,4,6,2,3,RETURN_ALIGNED,9.169175389517688e-05,0.4432195344069403,0.0002068766076093
149051,4,6,3,1,NATIVE,0.0845634611711379,0.5292499824545659,0.1597798091155934
149051,4,6,3,1,RETURN_ALIGNED,0.1390811193026771,0.8493687593418591,0.1637464502582596
149051,4,6,3,2,NATIVE,0.0008135810357127,0.5465455588094521,0.001488587772006
149051,4,6,3,2,RETURN_ALIGNED,0.0012186860565755,0.6018182688750943,0.0020250067496724
149051,4,6,3,3,NATIVE,9.937939745131587e-06,0.1199783300722639,8.283112205176277e-05
149051,4,6,3,3,RETURN_ALIGNED,9.629699510055194e-05,0.4432766164515773,0.0002172390587874
149051,4,6,5,1,NATIVE,0.3610012120563342,0.9494979312867208,0.3802022102003477
149051,4,6,5,1,RETURN_ALIGNED,0.4584609155486731,0.8106535064317232,0.5655448498167962
149051,4,6,5,2,NATIVE,-0.0069946027622451,-0.3401700174074334,0.0205620789693868
149051,4,6,5,2,RETURN_ALIGNED,0.0348816500633359,0.719423294946443,0.0484855721321465
149051,4,6,5,3,NATIVE,0.0002186069780283,0.3809531290833979,0.0005738421797136
149051,4,6,5,3,RETURN_ALIGNED,0.0025215723823275,0.8255464334482847,0.0030544282809199
149051,4,6,7,1,NATIVE,0.0779689301992884,0.5273718125229261,0.1478443260479272
149051,4,6,7,1,RETURN_ALIGNED,0.2069709557800735,0.715291739738859,0.2893518046992253
149051,4,6,7,2,NATIVE,-0.0005411758992869,-0.6550687017535198,0.0008261360950594
149051,4,6,7,2,RETURN_ALIGNED,0.0030928973390284,0.6329217782923812,0.0048866976063762
149051,4,6,7,3,NATIVE,-4.130933790269058e-06,-0.0757486253819428,5.4534768673301785e-05
149051,4,6,7,3,RETURN_ALIGNED,0.0003241099507462,0.5174716504081589,0.0006263337330675
149051,6,0,1,1,NATIVE,0.1385879173885389,0.6112427013012341,0.2267314065155531
149051,6,0,1,1,RETURN_ALIGNED,0.3057308404754249,0.7722931016221457,0.3958741050944445
149051,6,0,1,2,NATIVE,-0.000906444401009,-0.4451679212534355,0.0020361853532461
149051,6,0,1,2,RETURN_ALIGNED,0.005144025629998,0.6651110644932311,0.0077340851845412
149051,6,0,1,3,NATIVE,-3.1180837937128267e-06,-0.0219242940207258,0.0001422204873353
149051,6,0,1,3,RETURN_ALIGNED,0.0007819313089458,0.6059115029735941,0.0012905041490926
149051,6,0,2,1,NATIVE,0.19382310475815,0.808006555876892,0.2398781338446018
149051,6,0,2,1,RETURN_ALIGNED,0.2943587652715635,0.788446640397097,0.3733401224503287
149051,6,0,2,2,NATIVE,-0.0012106601944311,-0.5719061174781235,0.0021168862465486
149051,6,0,2,2,RETURN_ALIGNED,0.0047237828902008,0.6722533616248721,0.0070267895407087
149051,6,0,2,3,NATIVE,-4.072440964707218e-05,-0.1364286617587999,0.0002985033261944
149051,6,0,2,3,RETURN_ALIGNED,0.0012252375129827,0.6525209096519855,0.0018776984665363
149051,6,0,3,1,NATIVE,0.2464734107783885,0.9401873280928492,0.2621535128300076
149051,6,0,3,1,RETURN_ALIGNED,0.3126215266570645,0.8506236345245889,0.3675203861826946
149051,6,0,3,2,NATIVE,-0.0025330652305219,-0.3078137743225739,0.0082292133791889
149051,6,0,3,2,RETURN_ALIGNED,0.0132423245394033,0.6352427066024405,0.0208460867013675
149051,6,0,3,3,NATIVE,6.163774365326046e-06,0.0248651637064843,0.0002478879423442
149051,6,0,3,3,RETURN_ALIGNED,0.000277098766045,0.3351351153864798,0.0008268270079799
149051,6,0,4,1,NATIVE,0.0291501813328924,0.1704686243162758,0.1710002732158802
149051,6,0,4,1,RETURN_ALIGNED,0.2403072999985937,0.6292314859417705,0.381906031988718
149051,6,0,4,2,NATIVE,0.0003343149661932,0.323349906016874,0.0010339108190838
149051,6,0,4,2,RETURN_ALIGNED,0.0034408263737618,0.6521937400078284,0.0052757733824539
149051,6,0,4,3,NATIVE,6.469929544609821e-05,0.4916715410449997,0.0001315904796755
149051,6,0,4,3,RETURN_ALIGNED,0.0010499347370546,0.6986498612170391,0.0015028053295147
149051,6,0,5,1,NATIVE,0.1130644777214601,0.4810977220330551,0.2350135378807613
149051,6,0,5,1,RETURN_ALIGNED,0.2218743292505239,0.7963025948034228,0.2786306746936376
149051,6,0,5,2,NATIVE,0.0010066013901458,0.4301787794192043,0.0023399605891457
149051,6,0,5,2,RETURN_ALIGNED,0.0025024922079757,0.6298792246165542,0.0039729715001678
149051,6,0,5,3,NATIVE,3.7105538794313e-05,0.2362368231989829,0.0001570692415552
149051,6,0,5,3,RETURN_ALIGNED,0.0003071068472634,0.5503272457658507,0.0005580440533953
149051,6,0,7,1,NATIVE,0.2524424790823226,0.9483336158709844,0.2661958564547196
149051,6,0,7,1,RETURN_ALIGNED,0.3229797419303094,0.8328677293343099,0.387792359523773
149051,6,0,7,2,NATIVE,-0.0034304635432737,-0.3498426503444294,0.0098057327730794
149051,6,0,7,2,RETURN_ALIGNED,0.0155997694843526,0.6471029288291583,0.0241070914484646
149051,6,0,7,3,NATIVE,2.148033488736379e-05,0.1045909609281392,0.0002053746738975
149051,6,0,7,3,RETURN_ALIGNED,0.0004924895380385,0.5803128406569812,0.0008486621376422
149052,0,2,1,1,NATIVE,0.2639388049718124,0.7935134034116785,0.332620474760652
149052,0,2,1,1,RETURN_ALIGNED,0.9783464573668704,0.8175962983275261,1.1966131199079375
149052,0,2,1,2,NATIVE,0.0189115864328946,0.8513407783801961,0.0222138853357545
149052,0,2,1,2,RETURN_ALIGNED,0.2013255583521121,0.7738818725692502,0.2601502444856446
149052,0,2,1,3,NATIVE,0.0003459511153761,0.375130847473708,0.0009222145220252
149052,0,2,1,3,RETURN_ALIGNED,0.0282972977340421,0.6851656488418777,0.0412999364191171
149052,0,2,3,1,NATIVE,0.0987037724858194,0.6882439029827058,0.1434139438911442
149052,0,2,3,1,RETURN_ALIGNED,0.4614651527691045,0.8675708948262898,0.5319048339691874
149052,0,2,3,2,NATIVE,0.0064297659123589,0.7583061797528463,0.0084791158030673
149052,0,2,3,2,RETURN_ALIGNED,0.076476677141494,0.9309227181741462,0.0821514779351715
149052,0,2,3,3,NATIVE,0.0002138760323313,0.3569134876476247,0.000599237741607
149052,0,2,3,3,RETURN_ALIGNED,0.0034997687607272,0.424461121391936,0.0082452045294468
149052,0,2,4,1,NATIVE,0.1425795688593101,0.4579696663366447,0.3113297219000083
149052,0,2,4,1,RETURN_ALIGNED,0.2692576619163649,0.4441215889354703,0.606270149041186
149052,0,2,4,2,NATIVE,-0.0009900961039753,-0.1548937531898895,0.006392098348394
149052,0,2,4,2,RETURN_ALIGNED,0.062342466517871,0.6966826230765033,0.0894847444915894
149052,0,2,4,3,NATIVE,-6.417505018908877e-05,-0.3910426520055137,0.0001641126608762
149052,0,2,4,3,RETURN_ALIGNED,0.0050645392687596,0.5502943511444294,0.0092033277429689
149052,0,2,5,1,NATIVE,0.2624096883604982,0.8330763899059795,0.3149887471784657
149052,0,2,5,1,RETURN_ALIGNED,0.937300997758058,0.8470418799216662,1.106558034467833
149052,0,2,5,2,NATIVE,0.0171637835841487,0.8748073085814188,0.0196200733757232
149052,0,2,5,2,RETURN_ALIGNED,0.19557449511984,0.8736918763291881,0.2238483616688922
149052,0,2,5,3,NATIVE,0.0007075804204186,0.6956714337987455,0.0010171186939411
149052,0,2,5,3,RETURN_ALIGNED,0.0284053593755291,0.6852785779183959,0.0414508205722204
149052,0,2,6,1,NATIVE,0.2023630205266961,0.6177306588222955,0.3275910263422158
149052,0,2,6,1,RETURN_ALIGNED,0.787850605615219,0.7524572250367518,1.047037066561138
149052,0,2,6,2,NATIVE,0.012376349415758,0.3880587140512435,0.0318929815707844
149052,0,2,6,2,RETURN_ALIGNED,0.0535600963851252,0.5026820781277885,0.1065486491669632
149052,0,2,6,3,NATIVE,0.0002037740559928,0.2748210393621316,0.0007414790964847
149052,0,2,6,3,RETURN_ALIGNED,0.0045928682838072,0.7224408055525127,0.0063574319839424
149052,0,2,7,1,NATIVE,0.0721754476915996,0.2283423165267798,0.3160844156676199
149052,0,2,7,1,RETURN_ALIGNED,0.2465248372368968,0.2445576380446276,1.0080439082091015
149052,0,2,7,2,NATIVE,-0.0056268847348501,-0.2859944973449754,0.0196748006936869
149052,0,2,7,2,RETURN_ALIGNED,0.0803519215575594,0.612674327009977,0.1311494835266148
149052,0,2,7,3,NATIVE,6.159486086829683e-05,0.1084687311158542,0.0005678582225534
149052,0,2,7,3,RETURN_ALIGNED,0.0066010192657882,0.6179942710258902,0.0106813599659266
149052,2,4,0,1,NATIVE,0.2797782372822447,0.6516494410962583,0.4293385670850169
149052,2,4,0,1,RETURN_ALIGNED,0.603184288106028,0.4276132780140887,1.4105836257176352
149052,2,4,0,2,NATIVE,0.0014119112092256,0.0979302206720831,0.014417523000957
149052,2,4,0,2,RETURN_ALIGNED,0.1165544325359216,0.3867247044318369,0.3013886395145165
149052,2,4,0,3,NATIVE,7.183348374495326e-05,0.2115549220144824,0.0003395500461944
149052,2,4,0,3,RETURN_ALIGNED,0.0110673259274527,0.4617513314449447,0.0239681516291219
149052,2,4,1,1,NATIVE,0.1680523587921808,0.4833711445535233,0.3476673373776973
149052,2,4,1,1,RETURN_ALIGNED,0.4885746318793882,0.4075884797385963,1.198695881180787
149052,2,4,1,2,NATIVE,0.0056304893020428,0.1973834321082131,0.0285256429164183
149052,2,4,1,2,RETURN_ALIGNED,0.0835116264458262,0.3439635453395702,0.2427920853160014
149052,2,4,1,3,NATIVE,-6.082279486466225e-05,-0.126985667734733,0.0004789736978554
149052,2,4,1,3,RETURN_ALIGNED,0.0063867552162758,0.5014617566043278,0.0127362757620142
149052,2,4,3,1,NATIVE,0.1681892327309669,0.7087746467520794,0.2372957801208118
149052,2,4,3,1,RETURN_ALIGNED,0.8039039527850848,0.931041598339328,0.8634457947088049
149052,2,4,3,2,NATIVE,0.0131309240659638,0.8155780311160054,0.0161001443942973
149052,2,4,3,2,RETURN_ALIGNED,0.1414229045667894,0.9449044653151624,0.1496689980393285
149052,2,4,3,3,NATIVE,0.0004967456930345,0.3318533274019042,0.0014968832666847
149052,2,4,3,3,RETURN_ALIGNED,0.0088376438916782,0.3923325675448013,0.0225258992560593
149052,2,4,5,1,NATIVE,0.1595755225080982,0.7692877426538127,0.2074328156556645
149052,2,4,5,1,RETURN_ALIGNED,0.6027052174690387,0.8353904180885926,0.7214653225829892
149052,2,4,5,2,NATIVE,0.0094822280663131,0.8343479478627011,0.0113648365655448
149052,2,4,5,2,RETURN_ALIGNED,0.1190885733889789,0.925341370195291,0.1286969082164672
149052,2,4,5,3,NATIVE,0.0003750580248919,0.675286930788211,0.0005554054250388
149052,2,4,5,3,RETURN_ALIGNED,0.0075364233821432,0.439452605285756,0.0171495703778909
149052,2,4,6,1,NATIVE,0.1996828545973226,0.7955911955046384,0.2509867576785129
149052,2,4,6,1,RETURN_ALIGNED,0.7268288100732285,0.9258146384646544,0.7850694727386924
149052,2,4,6,2,NATIVE,0.0228268782013999,0.9040571396150912,0.0252493755106084
149052,2,4,6,2,RETURN_ALIGNED,0.1553908493323712,0.7685829033151356,0.2021783839608881
149052,2,4,6,3,NATIVE,0.000793128351957,0.7885613442509503,0.0010057915691361
149052,2,4,6,3,RETURN_ALIGNED,0.0205208930935185,0.8113195654539362,0.0252932308884642
149052,2,4,7,1,NATIVE,0.2517020440004386,0.7861990745271853,0.3201505218657932
149052,2,4,7,1,RETURN_ALIGNED,0.9202668904058589,0.7804601632030992,1.1791337134095363
149052,2,4,7,2,NATIVE,0.0179638648956885,0.6034864776937299,0.029766805983496
149052,2,4,7,2,RETURN_ALIGNED,0.152768699948271,0.5761775882401613,0.2651416908014427
149052,2,4,7,3,NATIVE,0.0006808036159288,0.6909278848861333,0.0009853468510055
149052,2,4,7,3,RETURN_ALIGNED,0.0200062329292201,0.801837660524292,0.02495047802546
149052,4,6,0,1,NATIVE,0.120003594677751,0.5248645855850839,0.2286372484893531
149052,4,6,0,1,RETURN_ALIGNED,0.3207692011753444,0.3867481620769203,0.8294007124758638
149052,4,6,0,2,NATIVE,0.0005886525678674,0.1598070101062595,0.0036835215642183
149052,4,6,0,2,RETURN_ALIGNED,0.105157762037365,0.8092859690502587,0.1299389413122399
149052,4,6,0,3,NATIVE,6.531922193496956e-05,0.4792824997466346,0.0001362854305948
149052,4,6,0,3,RETURN_ALIGNED,0.0092580576824899,0.5623198809977782,0.0164640411894552
149052,4,6,1,1,NATIVE,0.3212488146245323,0.8377090460993788,0.3834849535411746
149052,4,6,1,1,RETURN_ALIGNED,1.0427886031916866,0.7688027838684005,1.3563798480862652
149052,4,6,1,2,NATIVE,0.0202502762101738,0.8356244115738909,0.0242337058723855
149052,4,6,1,2,RETURN_ALIGNED,0.2483135450047016,0.863036872018443,0.287720667627697
149052,4,6,1,3,NATIVE,0.0002102351733802,0.1569541096540792,0.0013394690569868
149052,4,6,1,3,RETURN_ALIGNED,0.028784012957488,0.5318950983513765,0.0541159582900485
149052,4,6,2,1,NATIVE,0.1848492039995163,0.7920634215039185,0.2333767713303869
149052,4,6,2,1,RETURN_ALIGNED,0.5947476657615954,0.8353233940133814,0.7119968984755279
149052,4,6,2,2,NATIVE,0.0085622504270975,0.7268474497899492,0.0117799827591601
149052,4,6,2,2,RETURN_ALIGNED,0.0899358560496455,0.9253542100079376,0.0971907352632412
149052,4,6,2,3,NATIVE,0.0003002197302587,0.3427246175492082,0.0008759794740181
149052,4,6,2,3,RETURN_ALIGNED,0.0045842456207576,0.3930458305086505,0.0116633869764603
149052,4,6,3,1,NATIVE,0.1045319057539057,0.6471475629895537,0.1615271566054835
149052,4,6,3,1,RETURN_ALIGNED,0.4748710124549429,0.840851721185879,0.56475000346695
149052,4,6,3,2,NATIVE,0.0062686950986161,0.6953286079436485,0.0090154425216478
149052,4,6,3,2,RETURN_ALIGNED,0.0748393252734418,0.9280367188651092,0.080642633801073
149052,4,6,3,3,NATIVE,9.384045114013774e-05,0.1548113757769264,0.0006061599197918
149052,4,6,3,3,RETURN_ALIGNED,0.0042357848547055,0.3516212551209126,0.0120464414280424
149052,4,6,5,1,NATIVE,0.2322403556948312,0.8151599483130055,0.2849015781202314
149052,4,6,5,1,RETURN_ALIGNED,0.9019489803760644,0.8923937723868436,1.0107073898147636
149052,4,6,5,2,NATIVE,0.0171276749037307,0.903819654625381,0.0189503235694304
149052,4,6,5,2,RETURN_ALIGNED,0.180109948506131,0.8330946618848507,0.2161938573685146
149052,4,6,5,3,NATIVE,0.0005868009060305,0.7557628390836929,0.0007764352459597
149052,4,6,5,3,RETURN_ALIGNED,0.0257904687371936,0.78616459530996,0.0328054314463808
149052,4,6,7,1,NATIVE,0.0813540388630132,0.3461427986631908,0.2350302799225134
149052,4,6,7,1,RETURN_ALIGNED,0.2582938542035201,0.3220218198334871,0.8021004736171832
149052,4,6,7,2,NATIVE,-0.0031497870872852,-0.1993471015314883,0.0158005161000121
149052,4,6,7,2,RETURN_ALIGNED,0.0723247973614645,0.602138638646355,0.1201131977245795
149052,4,6,7,3,NATIVE,0.0001239257693002,0.2692782489370064,0.0004602145541474
149052,4,6,7,3,RETURN_ALIGNED,0.0061568037483287,0.6571860631220215,0.0093684332242558
149052,6,0,1,1,NATIVE,0.2708568959560485,0.7570955509349663,0.3577578756360133
149052,6,0,1,1,RETURN_ALIGNED,0.8611324477606443,0.6741537935857052,1.2773531143100905
149052,6,0,1,2,NATIVE,0.0143117896929941,0.657047828127546,0.0217819602776459
149052,6,0,1,2,RETURN_ALIGNED,0.104680002475205,0.487132219678021,0.2148903280186857
149052,6,0,1,3,NATIVE,-3.111069650963947e-05,-0.0739576509962741,0.0004206555519786
149052,6,0,1,3,RETURN_ALIGNED,0.0092984785018202,0.557269426313931,0.0166857861973067
149052,6,0,2,1,NATIVE,0.2255271143438293,0.8627147328273934,0.2614156287845672
149052,6,0,2,1,RETURN_ALIGNED,0.7102596451214189,0.8775743644343921,0.8093441124834734
149052,6,0,2,2,NATIVE,0.0131723228407596,0.8856430594167471,0.014873173453609
149052,6,0,2,2,RETURN_ALIGNED,0.1142056565357681,0.9359078834959044,0.1220265995720737
149052,6,0,2,3,NATIVE,0.0003602218003891,0.3444853234847645,0.0010456811241491
149052,6,0,2,3,RETURN_ALIGNED,0.0159988115507519,0.5879925261139487,0.0272092090291759
149052,6,0,3,1,NATIVE,0.1247372423005711,0.7179641253921587,0.1737374304494565
149052,6,0,3,1,RETURN_ALIGNED,0.5631782699816179,0.895414931464432,0.628957872145958
149052,6,0,3,2,NATIVE,0.00939602795486,0.8786585552812286,0.0106936054947641
149052,6,0,3,2,RETURN_ALIGNED,0.0928026566726095,0.9365895765459684,0.0990857244159956
149052,6,0,3,3,NATIVE,0.0005850183761535,0.455253622570838,0.0012850383761942
149052,6,0,3,3,RETURN_ALIGNED,0.0165363177606955,0.5484317820988438,0.0301520048621544
149052,6,0,4,1,NATIVE,0.2556067840454826,0.6429611355297331,0.397546243342836
149052,6,0,4,1,RETURN_ALIGNED,0.6360036399513941,0.4218062682887399,1.507809835381865
149052,6,0,4,2,NATIVE,-0.0006232052867937,-0.0647770734009385,0.0096207694177051
149052,6,0,4,2,RETURN_ALIGNED,0.1630208523245079,0.7186408861661664,0.2268460582499893
149052,6,0,4,3,NATIVE,-2.0439454337690224e-05,-0.091049082090952,0.0002244883071184
149052,6,0,4,3,RETURN_ALIGNED,0.0078798095855498,0.4010572813843264,0.0196475913819653
149052,6,0,5,1,NATIVE,0.2091350423054218,0.776431690160986,0.2693540783504281
149052,6,0,5,1,RETURN_ALIGNED,0.8071504180888913,0.855509280382352,0.943473597069738
149052,6,0,5,2,NATIVE,0.0110213030447994,0.7344399572551488,0.0150064044525832
149052,6,0,5,2,RETURN_ALIGNED,0.1516005965710237,0.8784785566808314,0.1725717667414965
149052,6,0,5,3,NATIVE,0.0002812159989642,0.5722795079860239,0.000491396240798
149052,6,0,5,3,RETURN_ALIGNED,0.0045811340472201,0.5630389822631995,0.0081364420430586
149052,6,0,7,1,NATIVE,0.1782779502240086,0.4873004516609052,0.3658481120143748
149052,6,0,7,1,RETURN_ALIGNED,0.7131733476179725,0.5342578426360101,1.3348860619420206
149052,6,0,7,2,NATIVE,-0.0079640601525785,-0.2547788294699336,0.0312587202355907
149052,6,0,7,2,RETURN_ALIGNED,0.1078576819593843,0.4465993872796233,0.2415087996785335
149052,6,0,7,3,NATIVE,0.0007526932476821,0.6637203162929862,0.0011340518420944
149052,6,0,7,3,RETURN_ALIGNED,0.0166978141732048,0.6784030285615777,0.0246134133691222
149053,0,2,1,1,NATIVE,0.394826484781457,0.9139475738080028,0.4320012395634302
149053,0,2,1,1,RETURN_ALIGNED,0.4372279540752888,0.787475938328142,0.5552270651002597
149053,0,2,1,2,NATIVE,-0.0044590144920773,-0.2493192679965476,0.0178847568701405
149053,0,2,1,2,RETURN_ALIGNED,0.0222734163335251,0.7493120208886277,0.029725155489145
149053,0,2,1,3,NATIVE,2.100026693371288e-05,0.0366410497344383,0.000573134962287
149053,0,2,1,3,RETURN_ALIGNED,0.000439363325831,0.5188979593955702,0.0008467239347695
149053,0,2,3,1,NATIVE,0.1568484508131113,0.5951798624883332,0.2635311788896837
149053,0,2,3,1,RETURN_ALIGNED,0.3716993339286891,0.7060162773934664,0.5264741703984985
149053,0,2,3,2,NATIVE,0.0005996161776138,0.1611403009060213,0.0037210814062789
149053,0,2,3,2,RETURN_ALIGNED,0.0135838691673856,0.6489265340612903,0.0209328305346596
149053,0,2,3,3,NATIVE,-7.844940768821651e-06,-0.1492259566149623,5.25708856607008e-05
149053,0,2,3,3,RETURN_ALIGNED,0.0002377872074794,0.5225404360679258,0.0004550599165831
149053,0,2,4,1,NATIVE,0.2855078960935676,0.7971250558717747,0.3581720258198871
149053,0,2,4,1,RETURN_ALIGNED,0.3749601519624528,0.6799353580724475,0.5514644113012689
149053,0,2,4,2,NATIVE,-6.348338576144033e-05,-0.0076505734237715,0.008297859812345
149053,0,2,4,2,RETURN_ALIGNED,0.0158737486467027,0.6727674681781426,0.0235947030689346
149053,0,2,4,3,NATIVE,2.1718434666009204e-05,0.1525914437963044,0.0001423306185693
149053,0,2,4,3,RETURN_ALIGNED,0.0002278520339525,0.4701174993421114,0.000484670394143
149053,0,2,5,1,NATIVE,0.4371926313676452,0.9102997556398292,0.4802732601636231
149053,0,2,5,1,RETURN_ALIGNED,0.4896982092315113,0.7862854585081973,0.6227995239291046
149053,0,2,5,2,NATIVE,-0.0068068015505282,-0.3208080160055527,0.021217679140451
149053,0,2,5,2,RETURN_ALIGNED,0.024380281441741,0.7253659063821689,0.0336110109731739
149053,0,2,5,3,NATIVE,-0.0002558750992875,-0.4693482218969607,0.0005451711222877
149053,0,2,5,3,RETURN_ALIGNED,0.0004109684054139,0.5651038153362173,0.0007272440768524
149053,0,2,6,1,NATIVE,0.0858241935923004,0.3901554464751538,0.219974357316942
149053,0,2,6,1,RETURN_ALIGNED,0.1336744707914578,0.6558771148004751,0.203810237885399
149053,0,2,6,2,NATIVE,-0.0004958708144188,-0.0721423413550696,0.0068735059747695
149053,0,2,6,2,RETURN_ALIGNED,0.0026147135719637,0.6216280912810063,0.0042062345764916
149053,0,2,6,3,NATIVE,2.6700465636009048e-05,0.3031632223768333,8.807290442430907e-05
149053,0,2,6,3,RETURN_ALIGNED,4.716212044030933e-05,0.51701834619657,9.12194326782957e-05
149053,0,2,7,1,NATIVE,0.1074229384366707,0.4901286053230692,0.2191729625037426
149053,0,2,7,1,RETURN_ALIGNED,0.2456501312225888,0.6941351958175797,0.353893784240449
149053,0,2,7,2,NATIVE,-0.0006296946455598,-0.1877985102543628,0.0033530332298118
149053,0,2,7,2,RETURN_ALIGNED,0.0074765638128133,0.6442521377166098,0.0116050275575973
149053,0,2,7,3,NATIVE,-7.67495366085562e-06,-0.1958559266448735,3.91867313292128e-05
149053,0,2,7,3,RETURN_ALIGNED,0.0001521317060216,0.5052737501619896,0.0003010876891105
149053,2,4,0,1,NATIVE,0.2609348519063504,0.8316947028041526,0.3137387445493656
149053,2,4,0,1,RETURN_ALIGNED,0.420009896290277,0.7758761360123096,0.5413362736593726
149053,2,4,0,2,NATIVE,-3.105873269104129e-06,-0.0003498025265947,0.0088789332050153
149053,2,4,0,2,RETURN_ALIGNED,0.0251491762729681,0.7432175844950132,0.0338382417162145
149053,2,4,0,3,NATIVE,-5.484223537530722e-05,-0.3708623586358339,0.0001478775987502
149053,2,4,0,3,RETURN_ALIGNED,0.0003950204688277,0.6214556983738201,0.0006356373742109
149053,2,4,1,1,NATIVE,0.2297410921709915,0.8054555674594599,0.2852312423582195
149053,2,4,1,1,RETURN_ALIGNED,0.3040457439132776,0.7428284415196165,0.409308161775743
149053,2,4,1,2,NATIVE,5.210222219919887e-05,0.0071310688119128,0.0073063692931758
149053,2,4,1,2,RETURN_ALIGNED,0.0097170463757674,0.6393329905421996,0.0151987251074637
149053,2,4,1,3,NATIVE,2.26544282372285e-06,0.0171312973600154,0.0001322400031534
149053,2,4,1,3,RETURN_ALIGNED,0.0001458006803153,0.4421002856285222,0.0003297909657135
149053,2,4,3,1,NATIVE,0.3026488600973839,0.7699957288071517,0.3930526479228661
149053,2,4,3,1,RETURN_ALIGNED,0.479125433298685,0.7077805886930021,0.6769406239060918
149053,2,4,3,2,NATIVE,0.0002542221563972,0.0265959151677806,0.0095586918015813
149053,2,4,3,2,RETURN_ALIGNED,0.034512188584421,0.7453453461420237,0.0463036212134657
149053,2,4,3,3,NATIVE,-0.0001398008225897,-0.5868358225510623,0.000238228157287
149053,2,4,3,3,RETURN_ALIGNED,0.001646466154862,0.7681404562776716,0.002143444123569
149053,2,4,5,1,NATIVE,0.1590038229694969,0.4402187898273794,0.3611927219910776
149053,2,4,5,1,RETURN_ALIGNED,0.2698800736888104,0.6957833549606292,0.3878794624281972
149053,2,4,5,2,NATIVE,-0.0020330704364369,-0.2412128229971153,0.0084285338192998
149053,2,4,5,2,RETURN_ALIGNED,0.0055368950230639,0.6294656288686307,0.0087961832524615
149053,2,4,5,3,NATIVE,-1.7916594323467375e-05,-0.1323424298211471,0.0001353805752533
149053,2,4,5,3,RETURN_ALIGNED,8.891246162681767e-05,0.4855522332826817,0.0001831161621166
149053,2,4,6,1,NATIVE,-0.0222599141200438,-0.1064738288170612,0.2090646534203986
149053,2,4,6,1,RETURN_ALIGNED,0.1630327731217988,0.7674224849691377,0.2124420072574623
149053,2,4,6,2,NATIVE,-0.0048588968828708,-0.333473440581678,0.0145705663171018
149053,2,4,6,2,RETURN_ALIGNED,0.0161923014029637,0.758370247930288,0.0213514460026631
149053,2,4,6,3,NATIVE,3.358204397123138e-05,0.3690238882779598,9.100235745247498e-05
149053,2,4,6,3,RETURN_ALIGNED,0.0001028604831873,0.6581913968195948,0.0001562774648231
149053,2,4,7,1,NATIVE,0.2922000773499406,0.7714925885020955,0.3787464477353771
149053,2,4,7,1,RETURN_ALIGNED,0.4401951573198787,0.7250327706153494,0.6071382910677403
149053,2,4,7,2,NATIVE,-0.0008602563873185,-0.1027422319600942,0.0083729579390329
149053,2,4,7,2,RETURN_ALIGNED,0.0361532683503517,0.762113711264986,0.0474381549787254
149053,2,4,7,3,NATIVE,-7.561397411109124e-05,-0.4524529977602949,0.0001671200559203
149053,2,4,7,3,RETURN_ALIGNED,0.0011494746782999,0.6017141909731963,0.0019103333284595
149053,4,6,0,1,NATIVE,0.2133576516725548,0.7056886819053967,0.3023396253093638
149053,4,6,0,1,RETURN_ALIGNED,0.3124550983969609,0.6698815989609807,0.4664333202784377
149053,4,6,0,2,NATIVE,-0.0021740302118385,-0.3077930965912054,0.0070632845099501
149053,4,6,0,2,RETURN_ALIGNED,0.0138305619549167,0.6276103046909979,0.0220368624458609
149053,4,6,0,3,NATIVE,-4.521202973799862e-05,-0.4397604142451475,0.0001028105942072
149053,4,6,0,3,RETURN_ALIGNED,0.0002376631239285,0.5653421131673971,0.0004203881474312
149053,4,6,1,1,NATIVE,0.3706078473843006,0.943664669798182,0.3927325661806115
149053,4,6,1,1,RETURN_ALIGNED,0.4213075140173614,0.7890353368863463,0.5339526562645357
149053,4,6,1,2,NATIVE,-0.0051970315204608,-0.2840469050890767,0.0182963849487434
149053,4,6,1,2,RETURN_ALIGNED,0.0295689776993862,0.7634008677146141,0.0387332251587356
149053,4,6,1,3,NATIVE,-2.545202779457964e-05,-0.0590289397988063,0.0004311788007186
149053,4,6,1,3,RETURN_ALIGNED,0.0002600250956048,0.3194045855713071,0.000814093177106
149053,4,6,2,1,NATIVE,0.0720459438032227,0.3873500806319684,0.1859969763926381
149053,4,6,2,1,RETURN_ALIGNED,0.1436056306162836,0.6551500369896255,0.219195027868373
149053,4,6,2,2,NATIVE,-0.000359417600959,-0.0570541071739766,0.0062995920659471
149053,4,6,2,2,RETURN_ALIGNED,0.0045363916518437,0.6287877554134501,0.007214503800289
149053,4,6,2,3,NATIVE,-3.0029534612551023e-05,-0.3748422026398439,8.01124692311684e-05
149053,4,6,2,3,RETURN_ALIGNED,8.308473605147463e-05,0.557401548128649,0.000149057238991
149053,4,6,3,1,NATIVE,0.1735471223636519,0.6253772744333173,0.277507881175786
149053,4,6,3,1,RETURN_ALIGNED,0.3744395866555428,0.6958110989890313,0.5381339665312191
149053,4,6,3,2,NATIVE,0.0007831901810476,0.2206452281972165,0.0035495450652558
149053,4,6,3,2,RETURN_ALIGNED,0.0110908282993706,0.6374174477548427,0.0173996308668216
149053,4,6,3,3,NATIVE,-7.331351596024995e-06,-0.1369839525136978,5.351978391949649e-05
149053,4,6,3,3,RETURN_ALIGNED,0.0002090189241227,0.5115758880804787,0.0004085785291681
149053,4,6,5,1,NATIVE,0.4420534142538702,0.880133071488407,0.502257475117938
149053,4,6,5,1,RETURN_ALIGNED,0.4867425154647411,0.7788786973360481,0.6249272410829918
149053,4,6,5,2,NATIVE,-0.00541957056298,-0.263985332499631,0.020529816982071
149053,4,6,5,2,RETURN_ALIGNED,0.0203258076425106,0.799407974708737,0.0254260756498847
149053,4,6,5,3,NATIVE,-0.0001783587516882,-0.3397269649041562,0.0005250061629134
149053,4,6,5,3,RETURN_ALIGNED,0.0002470624591464,0.5367896187033578,0.0004602593796839
149053,4,6,7,1,NATIVE,0.104540354736606,0.5066561742933731,0.2063339203992075
149053,4,6,7,1,RETURN_ALIGNED,0.2330652345167816,0.7072799656530979,0.3295233087810482
149053,4,6,7,2,NATIVE,-0.000798414914537,-0.2558279346100985,0.0031209059150402
149053,4,6,7,2,RETURN_ALIGNED,0.0066552594493621,0.6431061535462084,0.0103486172729256
149053,4,6,7,3,NATIVE,-8.588199552286982e-06,-0.2227450352733715,3.8556188062355485e-05
149053,4,6,7,3,RETURN_ALIGNED,0.0001422133064923,0.5071495034775102,0.000280416928992
149053,6,0,1,1,NATIVE,0.264226496304311,0.8517836931538959,0.3102037505857372
149053,6,0,1,1,RETURN_ALIGNED,0.3393783449896381,0.7644933529901355,0.4439258283438187
149053,6,0,1,2,NATIVE,7.488224455563366e-05,0.0091467749904158,0.0081867373613073
149053,6,0,1,2,RETURN_ALIGNED,0.010668696687583,0.6568904961233362,0.0162412102932047
149053,6,0,1,3,NATIVE,1.400529047730898e-05,0.0919591775155171,0.0001522989962733
149053,6,0,1,3,RETURN_ALIGNED,0.0001690372870106,0.4339332578114903,0.0003895467419519
149053,6,0,2,1,NATIVE,0.1673627451704503,0.7266065881673566,0.2303347477101981
149053,6,0,2,1,RETURN_ALIGNED,0.2015573101173232,0.8382594476916105,0.2404474064348045
149053,6,0,2,2,NATIVE,0.0008821446065916,0.0504061862977861,0.0175007210639529
149053,6,0,2,2,RETURN_ALIGNED,0.0141792196496353,0.6418858173529929,0.0220899407068214
149053,6,0,2,3,NATIVE,-4.961638134035328e-05,-0.2954763459396333,0.000167919976183
149053,6,0,2,3,RETURN_ALIGNED,0.0002017522400933,0.7084191920039743,0.0002847921703554
149053,6,0,3,1,NATIVE,0.3014906115652594,0.7579353354600384,0.3977788044171232
149053,6,0,3,1,RETURN_ALIGNED,0.4914610731156509,0.6983238150083865,0.7037724656569571
149053,6,0,3,2,NATIVE,0.0002960169828581,0.0384086252464417,0.0077070444679502
149053,6,0,3,2,RETURN_ALIGNED,0.0320984354222928,0.7743483101157341,0.041452192767029
149053,6,0,3,3,NATIVE,-6.006629676107539e-05,-0.465185259484362,0.0001291233847317
149053,6,0,3,3,RETURN_ALIGNED,0.0007175888172533,0.6146757278649622,0.0011674266327831
149053,6,0,4,1,NATIVE,0.223506628209993,0.6292374297672588,0.3552023729619654
149053,6,0,4,1,RETURN_ALIGNED,0.3359990570958743,0.8088520620250066,0.4154023620270888
149053,6,0,4,2,NATIVE,-0.0041076303047366,-0.3333852624750058,0.0123209714593893
149053,6,0,4,2,RETURN_ALIGNED,0.0233123420552276,0.6735155333354864,0.0346129241269227
149053,6,0,4,3,NATIVE,1.4970977100230749e-05,0.0972536615982809,0.0001539374125593
149053,6,0,4,3,RETURN_ALIGNED,0.000278209896784,0.7038674359381814,0.0003952589394808
149053,6,0,5,1,NATIVE,0.1856859568473472,0.4988737803619871,0.3722102947812741
149053,6,0,5,1,RETURN_ALIGNED,0.2948383167587743,0.7177063222048886,0.4108063530118704
149053,6,0,5,2,NATIVE,-0.0023012212146577,-0.2751323575143591,0.0083640515250721
149053,6,0,5,2,RETURN_ALIGNED,0.0056199898721217,0.6705420889656496,0.0083812634048377
149053,6,0,5,3,NATIVE,-3.277672292950643e-05,-0.238184716199658,0.0001376105207946
149053,6,0,5,3,RETURN_ALIGNED,9.715551022729828e-05,0.5048158405493116,0.0001924573324307
149053,6,0,7,1,NATIVE,0.2524323074079503,0.727140662641666,0.3471574626158419
149053,6,0,7,1,RETURN_ALIGNED,0.3860313252611061,0.7284545426679572,0.5299319348698504
149053,6,0,7,2,NATIVE,-0.000995312348446,-0.1115097744208592,0.0089257856806946
149053,6,0,7,2,RETURN_ALIGNED,0.0279786115042112,0.6644522454043389,0.0421077838082497
149053,6,0,7,3,NATIVE,-1.886263656330576e-05,-0.148857131102898,0.0001267163738602
149053,6,0,7,3,RETURN_ALIGNED,0.0005756023107998,0.5277548236796072,0.0010906623351243
149054,0,2,1,1,NATIVE,0.3037202851370189,0.4823291958933213,0.6296950044130275
149054,0,2,1,1,RETURN_ALIGNED,0.4992627224063652,0.47219967012535,1.0573127301716907
149054,0,2,1,2,NATIVE,0.0046587598589877,0.0862991492829806,0.0539838445360093
149054,0,2,1,2,RETURN_ALIGNED,0.0732466436255111,0.7651880706587516,0.0957237134632361
149054,0,2,1,3,NATIVE,-0.0013679324476653,-0.4236611384976045,0.0032288362577529
149054,0,2,1,3,RETURN_ALIGNED,0.0041460558280045,0.6066104956369702,0.0068347907825475
149054,0,2,3,1,NATIVE,0.1635333798334776,0.7076345657503166,0.2310986316220965
149054,0,2,3,1,RETURN_ALIGNED,0.2490532902348344,0.7376938120281274,0.3376106538701216
149054,0,2,3,2,NATIVE,0.0086894207487366,0.5230179775962024,0.0166140001316321
149054,0,2,3,2,RETURN_ALIGNED,0.0187391497349035,0.5421614199056816,0.034563783122108
149054,0,2,3,3,NATIVE,0.0001932900444121,0.2086198726739024,0.0009265178906372
149054,0,2,3,3,RETURN_ALIGNED,0.0011630328925187,0.4734210345695634,0.0024566565646826
149054,0,2,4,1,NATIVE,0.0639028769733152,0.602941656289173,0.105985175027534
149054,0,2,4,1,RETURN_ALIGNED,0.1500512902718755,0.6582434500002452,0.2279571339019157
149054,0,2,4,2,NATIVE,0.0066244080002069,0.8770330434235922,0.0075532022988904
149054,0,2,4,2,RETURN_ALIGNED,0.0260130802089294,0.8320554135455762,0.0312636391579922
149054,0,2,4,3,NATIVE,0.0002931847725926,0.6212724084740863,0.0004719101770371
149054,0,2,4,3,RETURN_ALIGNED,0.0021505722945038,0.6805652009372772,0.0031599798097096
149054,0,2,5,1,NATIVE,0.2391549614482931,0.4859543567472675,0.492134617433361
149054,0,2,5,1,RETURN_ALIGNED,0.3757665110084607,0.5329683410557795,0.7050447129070072
149054,0,2,5,2,NATIVE,0.0071564077669963,0.1054233450201,0.067882571593711
149054,0,2,5,2,RETURN_ALIGNED,0.0345310399225263,0.5906226828238681,0.0584654821444562
149054,0,2,5,3,NATIVE,7.250881772474351e-05,0.0183613901058739,0.0039489830085728
149054,0,2,5,3,RETURN_ALIGNED,0.0009894888115975,0.6381580271883984,0.0015505388368867
149054,0,2,6,1,NATIVE,0.1665226916175793,0.516238670900159,0.322569193290193
149054,0,2,6,1,RETURN_ALIGNED,0.3464714680275914,0.609347036053776,0.5685946554713779
149054,0,2,6,2,NATIVE,0.0086822277096419,0.2615746127726703,0.0331921650093353
149054,0,2,6,2,RETURN_ALIGNED,0.0374246275820287,0.5161883657314241,0.0725018812242056
149054,0,2,6,3,NATIVE,-2.8511583712243226e-05,-0.0160852199557399,0.0017725330321076
149054,0,2,6,3,RETURN_ALIGNED,0.00161350507511,0.5310692583896228,0.0030382196845808
149054,0,2,7,1,NATIVE,0.1555458965505011,0.7036334083354477,0.2210609881619287
149054,0,2,7,1,RETURN_ALIGNED,0.2719979646712414,0.7546787163118713,0.3604155765785893
149054,0,2,7,2,NATIVE,0.0054968292956596,0.4209774534611169,0.0130573009323374
149054,0,2,7,2,RETURN_ALIGNED,0.0156798671722427,0.4794126302749752,0.0327064123511931
149054,0,2,7,3,NATIVE,0.0002032499656665,0.2806569950900314,0.0007241934787715
149054,0,2,7,3,RETURN_ALIGNED,0.0008973764292472,0.4968835045051135,0.0018060097005056
149054,2,4,0,1,NATIVE,0.0897472780176353,0.5218526097337772,0.1719782105969214
149054,2,4,0,1,RETURN_ALIGNED,0.3207971209716607,0.7973538455416702,0.4023271760273636
149054,2,4,0,2,NATIVE,0.0005157048950065,0.0846127014942675,0.0060948874798379
149054,2,4,0,2,RETURN_ALIGNED,0.0074114434521544,0.3749838354061732,0.0197647011743272
149054,2,4,0,3,NATIVE,-8.800328830106257e-06,-0.0223764559267614,0.0003932851944221
149054,2,4,0,3,RETURN_ALIGNED,0.0004884406910325,0.5416757988604646,0.0009017214573861
149054,2,4,1,1,NATIVE,0.003233571487003,0.0168606023430539,0.1917826790055886
149054,2,4,1,1,RETURN_ALIGNED,0.135308627911139,0.4411508172226122,0.3067173914873702
149054,2,4,1,2,NATIVE,-0.0003169390883634,-0.0347305797950386,0.0091256492181962
149054,2,4,1,2,RETURN_ALIGNED,0.0066741805779852,0.4683609836131591,0.0142500780623784
149054,2,4,1,3,NATIVE,-9.3716635962931e-06,-0.0194053762469599,0.0004829416071478
149054,2,4,1,3,RETURN_ALIGNED,0.0003235151311959,0.5343642397770216,0.000605420623231
149054,2,4,3,1,NATIVE,0.2804716021980964,0.9492897678792472,0.2954541507641862
149054,2,4,3,1,RETURN_ALIGNED,0.4236352096209089,0.9123402700969312,0.4643390448782324
149054,2,4,3,2,NATIVE,0.0267320434463405,0.9586692428794416,0.027884532276607
149054,2,4,3,2,RETURN_ALIGNED,0.0631425061548448,0.9221312006153036,0.0684745360661107
149054,2,4,3,3,NATIVE,0.0021572648268006,0.8187414665098717,0.0026348547295733
149054,2,4,3,3,RETURN_ALIGNED,0.00833837151823,0.8263099254533661,0.0100910944669859
149054,2,4,5,1,NATIVE,0.0559146431965263,0.2677237155280887,0.2088520364592574
149054,2,4,5,1,RETURN_ALIGNED,0.1398661443766648,0.5758493829908623,0.2428866792391595
149054,2,4,5,2,NATIVE,0.0009011220123483,0.0628020491510203,0.0143486084373
149054,2,4,5,2,RETURN_ALIGNED,0.0039673186863619,0.5207164553997754,0.0076189616153891
149054,2,4,5,3,NATIVE,-3.927703187493863e-05,-0.058094064129762,0.0006760937188873
149054,2,4,5,3,RETURN_ALIGNED,0.0001116960594074,0.6730296228133994,0.000165960093702
149054,2,4,6,1,NATIVE,0.3024990835872012,0.7199965097841773,0.4201396527292818
149054,2,4,6,1,RETURN_ALIGNED,0.5308967099721277,0.7645465355350922,0.6943942393257375
149054,2,4,6,2,NATIVE,0.0063058035717187,0.2309171943499235,0.0273076398202378
149054,2,4,6,2,RETURN_ALIGNED,0.0232638632890806,0.4660393859193803,0.0499182343633195
149054,2,4,6,3,NATIVE,-0.0001490310361087,-0.0969773421257312,0.0015367614001321
149054,2,4,6,3,RETURN_ALIGNED,0.0011739508455295,0.5542364870150236,0.0021181406724217
149054,2,4,7,1,NATIVE,0.3016499505893398,0.9666394038118116,0.3120604740501861
149054,2,4,7,1,RETURN_ALIGNED,0.4682860217468638,0.938344387901812,0.4990556002512087
149054,2,4,7,2,NATIVE,0.0284761563285265,0.924373726654484,0.0308058910661056
149054,2,4,7,2,RETURN_ALIGNED,0.0711259349135645,0.9011179077576648,0.0789307750966526
149054,2,4,7,3,NATIVE,0.0021594041768997,0.8050360662269052,0.0026823694812125
149054,2,4,7,3,RETURN_ALIGNED,0.0081988334572283,0.7734052264970842,0.0106009542925627
149054,4,6,0,1,NATIVE,0.0554675272798964,0.5228530757098896,0.1060862599009423
149054,4,6,0,1,RETURN_ALIGNED,0.17461172248475,0.638055925134007,0.2736620970143745
149054,4,6,0,2,NATIVE,0.006671732286546,0.5210778304896412,0.0128037154812273
149054,4,6,0,2,RETURN_ALIGNED,0.0474032989479275,0.5934116703991723,0.0798826536636398
149054,4,6,0,3,NATIVE,6.027223070582319e-05,0.1307529126663795,0.0004609628140939
149054,4,6,0,3,RETURN_ALIGNED,0.0011357536670956,0.4669068415658593,0.0024325059423324
149054,4,6,1,1,NATIVE,0.0744492761045468,0.1508977820014248,0.493375549441252
149054,4,6,1,1,RETURN_ALIGNED,0.3523605093024925,0.562613597178304,0.6262922031556684
149054,4,6,1,2,NATIVE,-0.0029474851941294,-0.1197672179963336,0.0246101165516637
149054,4,6,1,2,RETURN_ALIGNED,0.0113874525049909,0.4461888125718202,0.0255216002362702
149054,4,6,1,3,NATIVE,-0.0005739136884701,-0.3083175221238616,0.0018614371436429
149054,4,6,1,3,RETURN_ALIGNED,0.0015174590883171,0.518463901978302,0.002926836528565
149054,4,6,2,1,NATIVE,0.1952809179627918,0.6753219805205958,0.2891671285630912
149054,4,6,2,1,RETURN_ALIGNED,0.3153088283467615,0.6427263160390142,0.4905802368414975
149054,4,6,2,2,NATIVE,0.0262189798401646,0.8653175668628907,0.0302998353941081
149054,4,6,2,2,RETURN_ALIGNED,0.0666469112775126,0.8403089666524785,0.0793123885640164
149054,4,6,2,3,NATIVE,0.0011601836489839,0.6199533582176296,0.0018714047325328
149054,4,6,2,3,RETURN_ALIGNED,0.0052864227381073,0.6745199350696176,0.0078373113421144
149054,4,6,3,1,NATIVE,0.1569513631556524,0.6522939124319508,0.2406144839990936
149054,4,6,3,1,RETURN_ALIGNED,0.2404017939964974,0.6960886964401148,0.3453608645361714
149054,4,6,3,2,NATIVE,0.013773535798795,0.6385174861123483,0.0215711176250115
149054,4,6,3,2,RETURN_ALIGNED,0.0291533539939186,0.6598667528930435,0.0441806680907328
149054,4,6,3,3,NATIVE,0.0002520233946234,0.2387163175930953,0.0010557443123436
149054,4,6,3,3,RETURN_ALIGNED,0.0013445220695657,0.4695947911407114,0.0028631537121186
149054,4,6,5,1,NATIVE,0.2587342568577906,0.5944852975471373,0.4352239793397038
149054,4,6,5,1,RETURN_ALIGNED,0.426821297052793,0.4965448403134881,0.8595825842903397
149054,4,6,5,2,NATIVE,0.0079841017919894,0.2209526452859057,0.0361349002231126
149054,4,6,5,2,RETURN_ALIGNED,0.0263347125464018,0.3173929943362802,0.0829719401989919
149054,4,6,5,3,NATIVE,7.084585508080509e-05,0.0315756538724267,0.0022436860777856
149054,4,6,5,3,RETURN_ALIGNED,0.0027924829463521,0.6190304813127847,0.0045110588717124
149054,4,6,7,1,NATIVE,0.1564341065133371,0.7507841819201526,0.2083609514962667
149054,4,6,7,1,RETURN_ALIGNED,0.2649057874136175,0.7752800429844747,0.3416904508385855
149054,4,6,7,2,NATIVE,0.0092564345587066,0.5773688752062138,0.0160320982928454
149054,4,6,7,2,RETURN_ALIGNED,0.0250226899264628,0.601531526670424,0.041598301696328
149054,4,6,7,3,NATIVE,0.0002782783923073,0.3379731406897121,0.0008233742825392
149054,4,6,7,3,RETURN_ALIGNED,0.0011815791829442,0.481289174285776,0.002455029628688
149054,6,0,1,1,NATIVE,-0.0101760377088804,-0.0458751616149182,0.2218202040199043
149054,6,0,1,1,RETURN_ALIGNED,0.1387127258697405,0.4837377351056892,0.2867519232075326
149054,6,0,1,2,NATIVE,-0.0034885843636771,-0.219838869381496,0.015868824168083
149054,6,0,1,2,RETURN_ALIGNED,0.007820547536638,0.4326409163940632,0.0180763012465893
149054,6,0,1,3,NATIVE,-0.0001365978377558,-0.199763251473222,0.0006837986299859
149054,6,0,1,3,RETURN_ALIGNED,0.0005373552495849,0.4820478099347948,0.0011147343444461
149054,6,0,2,1,NATIVE,0.4084240416450763,0.9335864496496562,0.4374785450217521
149054,6,0,2,1,RETURN_ALIGNED,0.7099554460382244,0.8822677891378014,0.8046938296726334
149054,6,0,2,2,NATIVE,0.0225143643453649,0.7287255307982121,0.0308955339057578
149054,6,0,2,2,RETURN_ALIGNED,0.0671445476026279,0.7310127359005374,0.0918514060077892
149054,6,0,2,3,NATIVE,0.0013080171965892,0.5810174517692769,0.0022512528528498
149054,6,0,2,3,RETURN_ALIGNED,0.0057995555748754,0.5775223934627108,0.0100421310754278
149054,6,0,3,1,NATIVE,0.2903239930285303,0.8780427278695649,0.3306490490875503
149054,6,0,3,1,RETURN_ALIGNED,0.4435414682118146,0.8797611327579015,0.5041612452475822
149054,6,0,3,2,NATIVE,0.0156529841958498,0.6198126476353224,0.0252543801021405
149054,6,0,3,2,RETURN_ALIGNED,0.0373555308573667,0.65075593737005,0.0574032885631059
149054,6,0,3,3,NATIVE,0.000472204540769,0.2648594911300312,0.0017828492327682
149054,6,0,3,3,RETURN_ALIGNED,0.0024849243840679,0.4698198975764683,0.0052890999221267
149054,6,0,4,1,NATIVE,0.1227559990214349,0.8195772540772687,0.1497796558046272
149054,6,0,4,1,RETURN_ALIGNED,0.341464359008198,0.8329448912977807,0.4099483202014219
149054,6,0,4,2,NATIVE,0.0052821210706612,0.8385469616129628,0.0062991356617601
149054,6,0,4,2,RETURN_ALIGNED,0.0359439212435578,0.7867375383056079,0.0456873092903821
149054,6,0,4,3,NATIVE,0.0002151571323341,0.5656787576242523,0.0003803521502683
149054,6,0,4,3,RETURN_ALIGNED,0.0025691867464379,0.6167447734922613,0.0041657211480455
149054,6,0,5,1,NATIVE,0.0803487428342647,0.3686310302452124,0.2179652179056609
149054,6,0,5,1,RETURN_ALIGNED,0.1528770116776964,0.4863455706496159,0.3143382419899605
149054,6,0,5,2,NATIVE,0.0075582900057766,0.3088488528292573,0.0244724561422105
149054,6,0,5,2,RETURN_ALIGNED,0.0134521869355695,0.3623648016570654,0.0371233267515475
149054,6,0,5,3,NATIVE,7.166564754217954e-05,0.0843311425458925,0.0008498123628523
149054,6,0,5,3,RETURN_ALIGNED,0.0007277370317424,0.5158716342887077,0.0014106940238007
149054,6,0,7,1,NATIVE,0.2483590086401526,0.9565615176530544,0.2596372570468045
149054,6,0,7,1,RETURN_ALIGNED,0.3912752969980098,0.9229777681368848,0.4239271090870289
149054,6,0,7,2,NATIVE,0.013740746295908,0.7484798867963519,0.0183582037914918
149054,6,0,7,2,RETURN_ALIGNED,0.0351084138347805,0.7322300041408201,0.0479472483181309
149054,6,0,7,3,NATIVE,0.0008184477405259,0.6233015910699532,0.0013130846317851
149054,6,0,7,3,RETURN_ALIGNED,0.0031848587268222,0.6265295994296984,0.0050833332206428
149055,0,2,1,1,NATIVE,0.3133267479371753,0.9138654210596896,0.34285874125054
149055,0,2,1,1,RETURN_ALIGNED,0.424352615450261,0.812887692920223,0.5220310494868536
149055,0,2,1,2,NATIVE,0.007145960994745,0.7941270513433075,0.0089985109843765
149055,0,2,1,2,RETURN_ALIGNED,0.0230819063058546,0.8509593759353935,0.0271245689962907
149055,0,2,1,3,NATIVE,0.0008155969890965,0.9078744064754642,0.0008983588279957
149055,0,2,1,3,RETURN_ALIGNED,0.0032492032298752,0.9296019599649454,0.0034952628850326
149055,0,2,3,1,NATIVE,0.1968675055871861,0.9354918791752376,0.2104427734431333
149055,0,2,3,1,RETURN_ALIGNED,0.2300087066759795,0.9335553124085774,0.2463793024566869
149055,0,2,3,2,NATIVE,0.010091001336733,0.5500139781957991,0.0183468088752651
149055,0,2,3,2,RETURN_ALIGNED,0.0185975603700334,0.6465870544350744,0.0287626549934927
149055,0,2,3,3,NATIVE,0.0017137313591078,0.6724238246649437,0.0025485881012724
149055,0,2,3,3,RETURN_ALIGNED,0.0047162345609361,0.8786103040217192,0.005367834338643
149055,0,2,4,1,NATIVE,0.2225745367676316,0.931846552960393,0.2388532060997071
149055,0,2,4,1,RETURN_ALIGNED,0.2562129459588289,0.9270297698126562,0.2763804942429516
149055,0,2,4,2,NATIVE,-0.004406024250804,-0.3694666485390975,0.0119253639487488
149055,0,2,4,2,RETURN_ALIGNED,0.0121323079028413,0.6300176938299026,0.0192570907477255
149055,0,2,4,3,NATIVE,-7.570485277553933e-05,-0.0266179697399633,0.0028441257322342
149055,0,2,4,3,RETURN_ALIGNED,0.0030948501983735,0.7105979336228109,0.0043552760982225
149055,0,2,5,1,NATIVE,0.1862264689356214,0.8298181716336386,0.2244184030929404
149055,0,2,5,1,RETURN_ALIGNED,0.3260751751849502,0.9012931858687177,0.3617859097321058
149055,0,2,5,2,NATIVE,0.0103613487052402,0.6433381076701257,0.0161056038516404
149055,0,2,5,2,RETURN_ALIGNED,0.0379666773378845,0.7706638204074173,0.0492649016756771
149055,0,2,5,3,NATIVE,0.0010134205120577,0.8822774719030244,0.0011486414907719
149055,0,2,5,3,RETURN_ALIGNED,0.0045137931868051,0.9272597586565866,0.004867884261277
149055,0,2,6,1,NATIVE,0.3962347572963729,0.887491185599902,0.4464661325379427
149055,0,2,6,1,RETURN_ALIGNED,0.4542416265056697,0.8708017703889731,0.521636085216852
149055,0,2,6,2,NATIVE,0.0102199637518106,0.8482702051632244,0.0120480050926723
149055,0,2,6,2,RETURN_ALIGNED,0.015007466659165,0.870294383248141,0.0172441267552605
149055,0,2,6,3,NATIVE,0.0012025930295608,0.9496536457439024,0.0012663490891729
149055,0,2,6,3,RETURN_ALIGNED,0.0022028048859693,0.9392951228512876,0.0023451680224232
149055,0,2,7,1,NATIVE,0.2913479493757209,0.5838522619273245,0.4990097125151608
149055,0,2,7,1,RETURN_ALIGNED,0.4195832170930645,0.825942536581073,0.508005337550287
149055,0,2,7,2,NATIVE,0.0129077830496492,0.727406320275052,0.017744942118067
149055,0,2,7,2,RETURN_ALIGNED,0.0079764736583852,0.7347895130823584,0.0108554538630684
149055,0,2,7,3,NATIVE,0.0011889329353763,0.9265137020441272,0.0012832329760374
149055,0,2,7,3,RETURN_ALIGNED,0.0008181932491606,0.9224592646724454,0.0008869695176068
149055,2,4,0,1,NATIVE,0.2767301806312223,0.9067403953138616,0.3051922932531489
149055,2,4,0,1,RETURN_ALIGNED,0.3093630714872779,0.9002173457735481,0.3436537553287577
149055,2,4,0,2,NATIVE,0.0129305344497644,0.8492985177194304,0.0152249582211812
149055,2,4,0,2,RETURN_ALIGNED,0.0203566232411702,0.8813899578658487,0.0230960462611583
149055,2,4,0,3,NATIVE,0.0010116373883078,0.5981800773249479,0.0016911920439181
149055,2,4,0,3,RETURN_ALIGNED,0.0030324308986691,0.9254835942469862,0.0032765906564194
149055,2,4,1,1,NATIVE,0.0310205977305033,0.1240638914892898,0.2500372780355908
149055,2,4,1,1,RETURN_ALIGNED,0.2326884341834102,0.6165728297299591,0.3773900226600052
149055,2,4,1,2,NATIVE,0.0025611307156409,0.5305891265978588,0.0048269566548136
149055,2,4,1,2,RETURN_ALIGNED,0.0090587933334874,0.6296950553755726,0.0143860004237132
149055,2,4,1,3,NATIVE,0.0004617467003993,0.829757092379106,0.0005564841858798
149055,2,4,1,3,RETURN_ALIGNED,0.0016267517473897,0.8522029611746981,0.0019088783084832
149055,2,4,3,1,NATIVE,0.3263649536285981,0.9798521846803258,0.3330757013467634
149055,2,4,3,1,RETURN_ALIGNED,0.3634532170204849,0.9547308433105656,0.3806865773395987
149055,2,4,3,2,NATIVE,0.0236313525147852,0.9559223076632698,0.0247209970153481
149055,2,4,3,2,RETURN_ALIGNED,0.0343597058909364,0.92757622737909,0.0370424606373215
149055,2,4,3,3,NATIVE,0.0021772885054308,0.9749034400964792,0.0022333375956538
149055,2,4,3,3,RETURN_ALIGNED,0.0041826207853999,0.954620563138398,0.0043814484480935
149055,2,4,5,1,NATIVE,0.074436253452975,0.6631046129642048,0.1122541632159759
149055,2,4,5,1,RETURN_ALIGNED,0.1684998929371393,0.8793850214323212,0.1916110563978681
149055,2,4,5,2,NATIVE,0.0004776793068667,0.0831456679872212,0.0057450895328859
149055,2,4,5,2,RETURN_ALIGNED,0.0074599440884766,0.5182706252408934,0.0143939164697139
149055,2,4,5,3,NATIVE,0.000249457379475,0.2452114803125612,0.0010173152529247
149055,2,4,5,3,RETURN_ALIGNED,0.0022547150229443,0.6950309218878322,0.003244049942123
149055,2,4,6,1,NATIVE,0.2446597231118391,0.9433724026003606,0.2593458558225883
149055,2,4,6,1,RETURN_ALIGNED,0.3135418649038187,0.9299725063003224,0.3371517574762913
149055,2,4,6,2,NATIVE,0.01341615710916,0.8717399804532113,0.0153900904052945
149055,2,4,6,2,RETURN_ALIGNED,0.0278671352065483,0.9221581697034048,0.0302194744047354
149055,2,4,6,3,NATIVE,0.0015114774667677,0.8872671917462527,0.0017035200674546
149055,2,4,6,3,RETURN_ALIGNED,0.0042918042609121,0.9505384853958572,0.004515129399165
149055,2,4,7,1,NATIVE,0.3894223389919011,0.9756004338917502,0.399161711560962
149055,2,4,7,1,RETURN_ALIGNED,0.4331103991468293,0.9582097422924244,0.4519995779949036
149055,2,4,7,2,NATIVE,0.0309519854121556,0.9578676454745974,0.0323134261379043
149055,2,4,7,2,RETURN_ALIGNED,0.0416740452556159,0.940750934156696,0.0442987019648892
149055,2,4,7,3,NATIVE,0.0016940148591807,0.9599768954950604,0.0017646412812827
149055,2,4,7,3,RETURN_ALIGNED,0.0030011630113942,0.9498987601619328,0.0031594556566993
149055,4,6,0,1,NATIVE,0.0558297442663799,0.1621957045053779,0.3442122245876599
149055,4,6,0,1,RETURN_ALIGNED,0.285375901392512,0.7751110458978109,0.3681742156852682
149055,4,6,0,2,NATIVE,0.0073555523467594,0.7089248705679553,0.0103756443765433
149055,4,6,0,2,RETURN_ALIGNED,0.0078822548089207,0.7213010061680889,0.0109278300480058
149055,4,6,0,3,NATIVE,0.001220847673301,0.9046883564798908,0.00134946765254
149055,4,6,0,3,RETURN_ALIGNED,0.001522775404082,0.8956977456187859,0.0017000996272848
149055,4,6,1,1,NATIVE,0.2840767701406766,0.9121732034423704,0.3114285412774697
149055,4,6,1,1,RETURN_ALIGNED,0.4202517790638269,0.853997084719865,0.4920997818177838
149055,4,6,1,2,NATIVE,0.0078405473054175,0.8491530292875926,0.0092333737674254
149055,4,6,1,2,RETURN_ALIGNED,0.0264001431381584,0.8979286429295259,0.0294011593747066
149055,4,6,1,3,NATIVE,0.0008071230359624,0.9426240397673532,0.0008562512737959
149055,4,6,1,3,RETURN_ALIGNED,0.0033721174649907,0.9453009335776352,0.0035672422865671
149055,4,6,2,1,NATIVE,0.198550978853329,0.9185059973134112,0.2161673189223107
149055,4,6,2,1,RETURN_ALIGNED,0.2539288380555357,0.9301582085760038,0.2729953202738009
149055,4,6,2,2,NATIVE,0.005030416884232,0.2574752298039097,0.0195374789568211
149055,4,6,2,2,RETURN_ALIGNED,0.0182110535538642,0.6190326671113744,0.029418566291112
149055,4,6,2,3,NATIVE,0.0017774976744488,0.8796590578337982,0.0020206665957838
149055,4,6,2,3,RETURN_ALIGNED,0.0030022001913823,0.8976284308119505,0.0033445912447867
149055,4,6,3,1,NATIVE,0.194667556637035,0.9321401091637952,0.2088393737414082
149055,4,6,3,1,RETURN_ALIGNED,0.2280487225506296,0.9315113285280788,0.2448158337601324
149055,4,6,3,2,NATIVE,0.0092938088944276,0.5182042086934211,0.0179346457216457
149055,4,6,3,2,RETURN_ALIGNED,0.0176045380853701,0.633738811857998,0.0277788542470708
149055,4,6,3,3,NATIVE,0.0016600814711412,0.6993730592904626,0.0023736708879293
149055,4,6,3,3,RETURN_ALIGNED,0.0044255183018962,0.8896747826206298,0.0049743101498552
149055,4,6,5,1,NATIVE,0.2036808539309883,0.8578500629898882,0.2374317642654061
149055,4,6,5,1,RETURN_ALIGNED,0.3433970919013947,0.9025315562276088,0.3804820889993323
149055,4,6,5,2,NATIVE,0.0123545254356958,0.6342476163413691,0.0194790254101621
149055,4,6,5,2,RETURN_ALIGNED,0.0442999017192662,0.7692692206577775,0.057586993641356
149055,4,6,5,3,NATIVE,0.0011070677270418,0.8646007181520776,0.0012804381282241
149055,4,6,5,3,RETURN_ALIGNED,0.0046306571722601,0.9246392203148728,0.0050080691674893
149055,4,6,7,1,NATIVE,0.249232896014142,0.5164923258964,0.4825490786945384
149055,4,6,7,1,RETURN_ALIGNED,0.3946304440961146,0.8035139207376429,0.4911308116899602
149055,4,6,7,2,NATIVE,0.0117919551651958,0.6911505708200419,0.0170613404126362
149055,4,6,7,2,RETURN_ALIGNED,0.006970986316321,0.7117093008336797,0.0097947101549838
149055,4,6,7,3,NATIVE,0.0011740981277766,0.9113507711317556,0.0012883054086315
149055,4,6,7,3,RETURN_ALIGNED,0.0007475824054569,0.9196834712188006,0.0008128692410851
149055,6,0,1,1,NATIVE,0.0140455614087255,0.0552464235140235,0.254234763362602
149055,6,0,1,1,RETURN_ALIGNED,0.2430171616489531,0.6205635018343567,0.3916072423378654
149055,6,0,1,2,NATIVE,0.0025674006163106,0.5109574060839212,0.0050246861787451
149055,6,0,1,2,RETURN_ALIGNED,0.0084474279424101,0.5782723609719076,0.0146080437394157
149055,6,0,1,3,NATIVE,0.0004235923932008,0.8563856522791253,0.0004946280823538
149055,6,0,1,3,RETURN_ALIGNED,0.0014381218698175,0.8726522290186728,0.0016479896821801
149055,6,0,2,1,NATIVE,0.393138971920293,0.9325974651853686,0.4215526919131019
149055,6,0,2,1,RETURN_ALIGNED,0.4576911349934347,0.90573308742628,0.5053267252209461
149055,6,0,2,2,NATIVE,0.0185125740304335,0.6428147268968608,0.0287992375651261
149055,6,0,2,2,RETURN_ALIGNED,0.0350798622089324,0.8508143935492305,0.0412309223664789
149055,6,0,2,3,NATIVE,0.0012071283960642,0.9247990825648308,0.0013052871900332
149055,6,0,2,3,RETURN_ALIGNED,0.0013058023076855,0.9139272175023068,0.0014287815073711
149055,6,0,3,1,NATIVE,0.350600692958955,0.9788547786824218,0.3581743692673538
149055,6,0,3,1,RETURN_ALIGNED,0.3903109183742515,0.9577745984674588,0.4075185529024789
149055,6,0,3,2,NATIVE,0.0257662291860553,0.9857544581899952,0.0261385875273771
149055,6,0,3,2,RETURN_ALIGNED,0.036414490669033,0.9522449268895248,0.0382406769945551
149055,6,0,3,3,NATIVE,0.0018607709870581,0.9871601498556352,0.0018849737673765
149055,6,0,3,3,RETURN_ALIGNED,0.0034735004581667,0.9579174293499688,0.0036260958944603
149055,6,0,4,1,NATIVE,0.1130067290348777,0.3150605119138606,0.3586826173434478
149055,6,0,4,1,RETURN_ALIGNED,0.3249117037885832,0.8157062382083208,0.3983195034797422
149055,6,0,4,2,NATIVE,-0.0017350634104028,-0.0949005385503877,0.0182829669554917
149055,6,0,4,2,RETURN_ALIGNED,0.0146635321407768,0.7571944467655226,0.0193656097230942
149055,6,0,4,3,NATIVE,0.0009770471499465,0.7133444951808858,0.0013696708336297
149055,6,0,4,3,RETURN_ALIGNED,0.0016402248874271,0.8579006964870132,0.00191190529797
149055,6,0,5,1,NATIVE,0.0662351421801089,0.6479010782509553,0.1022303317643681
149055,6,0,5,1,RETURN_ALIGNED,0.1566704567360625,0.8832955691640011,0.177370364128868
149055,6,0,5,2,NATIVE,9.23359109189471e-05,0.0197813326163333,0.0046678306617774
149055,6,0,5,2,RETURN_ALIGNED,0.005273941252447,0.4411585759720428,0.0119547517370388
149055,6,0,5,3,NATIVE,-0.0001642432463059,-0.1972650988054667,0.0008326016465255
149055,6,0,5,3,RETURN_ALIGNED,0.0018640125434895,0.6414140408380304,0.0029060987506293
149055,6,0,7,1,NATIVE,0.3610890524291768,0.9848823152986168,0.366631674485542
149055,6,0,7,1,RETURN_ALIGNED,0.4020192170162316,0.9566931818496957,0.4202174998664821
149055,6,0,7,2,NATIVE,0.0301893074738211,0.9734971136573048,0.0310111936132933
149055,6,0,7,2,RETURN_ALIGNED,0.0424001777642917,0.9469561310132284,0.0447752291531398
149055,6,0,7,3,NATIVE,0.001955275539641,0.9676047856406932,0.0020207377725207
149055,6,0,7,3,RETURN_ALIGNED,0.0037293354244257,0.9522737202887316,0.0039162431395014
149056,0,2,1,1,NATIVE,0.2185029711678293,0.5146215527706481,0.4245896231721844
149056,0,2,1,1,RETURN_ALIGNED,0.4368241440202884,0.7704663629589512,0.5669606942241215
149056,0,2,1,2,NATIVE,0.0018990159089774,0.1430576575574073,0.0132744792608347
149056,0,2,1,2,RETURN_ALIGNED,0.0293857323090645,0.6683223826880227,0.0439693972062251
149056,0,2,1,3,NATIVE,-9.446824705058008e-05,-0.0926920459866156,0.0010191623682917
149056,0,2,1,3,RETURN_ALIGNED,0.0052813534309764,0.8306263982422231,0.0063582778308648
149056,0,2,3,1,NATIVE,0.1186871106919827,0.5745736792675995,0.2065655197488876
149056,0,2,3,1,RETURN_ALIGNED,0.2036197238878431,0.6956115300312502,0.2927204554511213
149056,0,2,3,2,NATIVE,-0.0007548505562204,-0.0585391609764682,0.0128947962973639
149056,0,2,3,2,RETURN_ALIGNED,0.0201767261580932,0.6286031883560544,0.0320977152705055
149056,0,2,3,3,NATIVE,0.0002521879127721,0.0967982541855636,0.0026052940168844
149056,0,2,3,3,RETURN_ALIGNED,0.0044761932818934,0.5417303048140517,0.0082627706821264
149056,0,2,4,1,NATIVE,0.1936692727254218,0.5548778551137223,0.3490304594793212
149056,0,2,4,1,RETURN_ALIGNED,0.2685285947222153,0.5728816094464381,0.4687331383905566
149056,0,2,4,2,NATIVE,-0.0011529006292303,-0.1048504408806285,0.0109956679200808
149056,0,2,4,2,RETURN_ALIGNED,0.0198711400914448,0.6354714321672286,0.0312699188120544
149056,0,2,4,3,NATIVE,0.0003842663050383,0.2542847740372428,0.0015111652116336
149056,0,2,4,3,RETURN_ALIGNED,0.0038748153113291,0.647447909016321,0.0059847522181825
149056,0,2,5,1,NATIVE,0.2159592508670585,0.6221177566971102,0.3471356484228008
149056,0,2,5,1,RETURN_ALIGNED,0.4349966807834238,0.7979967690387928,0.5451108295924313
149056,0,2,5,2,NATIVE,0.0115435111910707,0.6042024787960124,0.0191053687922716
149056,0,2,5,2,RETURN_ALIGNED,0.0825528376003233,0.7178284305817888,0.1150035775600724
149056,0,2,5,3,NATIVE,-0.0001342095415683,-0.1552650224702311,0.0008643899696823
149056,0,2,5,3,RETURN_ALIGNED,0.0068975012151838,0.5224877349873355,0.0132012690603585
149056,0,2,6,1,NATIVE,0.1909009273332467,0.4843692996224146,0.3941226817675707
149056,0,2,6,1,RETURN_ALIGNED,0.2678933612905453,0.5407005404640486,0.4954560634625212
149056,0,2,6,2,NATIVE,-0.0048906667196116,-0.3111676738232971,0.0157171426560879
149056,0,2,6,2,RETURN_ALIGNED,0.0166795160233,0.572409656225866,0.0291391241247924
149056,0,2,6,3,NATIVE,-0.000157520354638,-0.1104828716068383,0.0014257445712762
149056,0,2,6,3,RETURN_ALIGNED,0.0006642510275723,0.7445218265298141,0.0008921847585687
149056,0,2,7,1,NATIVE,0.0690766268069575,0.2320778593625089,0.2976441914651965
149056,0,2,7,1,RETURN_ALIGNED,0.256139645768521,0.6564603574833189,0.3901829605528845
149056,0,2,7,2,NATIVE,-0.0049595749053966,-0.3342055941233122,0.014839891948308
149056,0,2,7,2,RETURN_ALIGNED,0.0138908166220146,0.6048219593130147,0.0229667861888428
149056,0,2,7,3,NATIVE,0.0001910125132636,0.1017457631791432,0.0018773510277664
149056,0,2,7,3,RETURN_ALIGNED,0.0019347640278391,0.6984398798223234,0.0027701225007932
149056,2,4,0,1,NATIVE,0.0612172457979353,0.3291197292530928,0.1860029659626261
149056,2,4,0,1,RETURN_ALIGNED,0.1540366337754354,0.5550127653831572,0.2775371007350237
149056,2,4,0,2,NATIVE,-0.0026290296212207,-0.2261241135984722,0.011626489449879
149056,2,4,0,2,RETURN_ALIGNED,0.0262622176951936,0.5906248345631064,0.0444651429436672
149056,2,4,0,3,NATIVE,-0.0004623969674504,-0.2236383744294178,0.002067610119002
149056,2,4,0,3,RETURN_ALIGNED,0.0070286453830369,0.5436906977399808,0.0129276542870551
149056,2,4,1,1,NATIVE,-0.0243408189675987,-0.1984111746264834,0.1226786697543061
149056,2,4,1,1,RETURN_ALIGNED,0.0975453879635159,0.5857782709697918,0.1665227148182402
149056,2,4,1,2,NATIVE,-0.0003526774598669,-0.1264754295468906,0.0027885057288038
149056,2,4,1,2,RETURN_ALIGNED,0.0020869117542248,0.5975567346449375,0.0034924077215169
149056,2,4,1,3,NATIVE,1.0331001148297764e-05,0.033640323355844,0.0003071017178402
149056,2,4,1,3,RETURN_ALIGNED,0.0004846953476892,0.6675908402447451,0.000726036544151
149056,2,4,3,1,NATIVE,0.3682566311604167,0.8881206669266836,0.4146470686630784
149056,2,4,3,1,RETURN_ALIGNED,0.5233336086547336,0.740740937867129,0.7065001836695164
149056,2,4,3,2,NATIVE,-0.0197319402686286,-0.4529651865831777,0.0435617147902172
149056,2,4,3,2,RETURN_ALIGNED,0.1561893414499945,0.8188991811898639,0.1907308555637211
149056,2,4,3,3,NATIVE,0.0024687219874643,0.3893013342978049,0.0063414166963151
149056,2,4,3,3,RETURN_ALIGNED,0.0519866029707127,0.8536128163322303,0.0609018538183716
149056,2,4,5,1,NATIVE,0.0358547632833779,0.4002639736834902,0.0895777927585623
149056,2,4,5,1,RETURN_ALIGNED,0.0903249808284569,0.7563797907586086,0.1194174962525018
149056,2,4,5,2,NATIVE,0.0006012076029154,0.2588228016688259,0.0023228540877338
149056,2,4,5,2,RETURN_ALIGNED,0.0040652756041049,0.5533829189581343,0.0073462253074788
149056,2,4,5,3,NATIVE,-1.647448316218217e-05,-0.116182203138268,0.0001417986787934
149056,2,4,5,3,RETURN_ALIGNED,0.0009153727337017,0.5608842743019573,0.0016320171101212
149056,2,4,6,1,NATIVE,0.0755693111407314,0.4551131932416788,0.1660450900190761
149056,2,4,6,1,RETURN_ALIGNED,0.1390188794705714,0.6780684906264749,0.2050218840608008
149056,2,4,6,2,NATIVE,-0.0017771518004934,-0.1127313683133367,0.0157644835418524
149056,2,4,6,2,RETURN_ALIGNED,0.0069038062738764,0.5549815329736284,0.0124397045007115
149056,2,4,6,3,NATIVE,-0.000573257694823,-0.2479280433697506,0.0023121938351074
149056,2,4,6,3,RETURN_ALIGNED,0.001498992180363,0.5765493985683521,0.0025999371100661
149056,2,4,7,1,NATIVE,0.4452281200898982,0.75079080528885,0.5930122171892676
149056,2,4,7,1,RETURN_ALIGNED,0.5050343314066192,0.6365425621793113,0.7934022976836553
149056,2,4,7,2,NATIVE,-0.0180796846990502,-0.5413689467353648,0.0333962352428359
149056,2,4,7,2,RETURN_ALIGNED,0.0965946337533828,0.8678723321706201,0.1113005106531546
149056,2,4,7,3,NATIVE,0.001142546545871,0.1954013251792573,0.0058471790884798
149056,2,4,7,3,RETURN_ALIGNED,0.0343052092207849,0.8099264411189314,0.0423559566220925
149056,4,6,0,1,NATIVE,0.1623295325242552,0.5027919620366003,0.3228562602046931
149056,4,6,0,1,RETURN_ALIGNED,0.3888250499454294,0.7164203077872435,0.5427331494081006
149056,4,6,0,2,NATIVE,-0.0053094662356541,-0.3859748981958581,0.0137559884341141
149056,4,6,0,2,RETURN_ALIGNED,0.0293203435044401,0.5434092992348218,0.0539562785278746
149056,4,6,0,3,NATIVE,-0.0001477528824883,-0.1109035991946607,0.0013322640860238
149056,4,6,0,3,RETURN_ALIGNED,0.0039881761729658,0.6841712141995395,0.005829207789706
149056,4,6,1,1,NATIVE,0.2427863399730839,0.6351525966917739,0.382248834747654
149056,4,6,1,1,RETURN_ALIGNED,0.4424015810337077,0.8207980827297521,0.5389895399873613
149056,4,6,1,2,NATIVE,0.0029914351756868,0.180501108516284,0.0165729462782321
149056,4,6,1,2,RETURN_ALIGNED,0.0440520919255851,0.6421932289055927,0.0685963195174111
149056,4,6,1,3,NATIVE,-3.866235748470044e-05,-0.036556563488543,0.0010576037018112
149056,4,6,1,3,RETURN_ALIGNED,0.0066494417489038,0.8305069254509363,0.0080064855948636
149056,4,6,2,1,NATIVE,0.1809089159381518,0.6228783083322722,0.2904402248689682
149056,4,6,2,1,RETURN_ALIGNED,0.2890707245920305,0.754645151975158,0.3830551668360998
149056,4,6,2,2,NATIVE,0.000213489487121,0.0140457251881511,0.0151996058769529
149056,4,6,2,2,RETURN_ALIGNED,0.0143982860876928,0.6249700991619662,0.0230383599259716
149056,4,6,2,3,NATIVE,0.0006002169737795,0.2809248011551724,0.0021365752344852
149056,4,6,2,3,RETURN_ALIGNED,0.0024880828007002,0.5873496768187826,0.004236118443689
149056,4,6,3,1,NATIVE,0.1017632887233289,0.5394554108399324,0.1886407786045771
149056,4,6,3,1,RETURN_ALIGNED,0.1718237432053704,0.6668626206894683,0.2576598805728313
149056,4,6,3,2,NATIVE,-0.0006048580325399,-0.0484884651638332,0.0124742664154947
149056,4,6,3,2,RETURN_ALIGNED,0.0171779110777161,0.6189043454063683,0.0277553570355657
149056,4,6,3,3,NATIVE,0.0004683508100738,0.157127384541044,0.0029807077284361
149056,4,6,3,3,RETURN_ALIGNED,0.0044597895134963,0.5304559454956931,0.0084074644638691
149056,4,6,5,1,NATIVE,0.2088324215699537,0.5205231596818882,0.4011971757354588
149056,4,6,5,1,RETURN_ALIGNED,0.4644484632285587,0.762387384582924,0.609202713240038
149056,4,6,5,2,NATIVE,0.0055450976302666,0.4359247176014112,0.0127203101904638
149056,4,6,5,2,RETURN_ALIGNED,0.0424472828179014,0.6277192195832462,0.0676214483960312
149056,4,6,5,3,NATIVE,-0.0001105481446535,-0.1611740638755901,0.0006858928432697
149056,4,6,5,3,RETURN_ALIGNED,0.0039833542280552,0.5056196585511142,0.007878163233255
149056,4,6,7,1,NATIVE,0.0471150288612465,0.1731812011937014,0.2720562540072104
149056,4,6,7,1,RETURN_ALIGNED,0.2211173142867702,0.6125963270494313,0.3609510937679316
149056,4,6,7,2,NATIVE,-0.0045168201312278,-0.3215560695160315,0.0140467575000285
149056,4,6,7,2,RETURN_ALIGNED,0.0135869651558633,0.6048922896644906,0.0224617925999052
149056,4,6,7,3,NATIVE,0.0001629478307981,0.0802868997707081,0.002029569345588
149056,4,6,7,3,RETURN_ALIGNED,0.0021351499177054,0.7223375964786906,0.0029558892221237
149056,6,0,1,1,NATIVE,-0.0183440808527905,-0.1135022819409128,0.1616186083581086
149056,6,0,1,1,RETURN_ALIGNED,0.1125753011250178,0.5000791768220373,0.2251149544764085
149056,6,0,1,2,NATIVE,-0.0005474203338022,-0.1845372358845423,0.0029664491891811
149056,6,0,1,2,RETURN_ALIGNED,0.0039950935270623,0.5881175899403501,0.0067930182590598
149056,6,0,1,3,NATIVE,-5.976111982592358e-06,-0.0218329418298267,0.000273719959368
149056,6,0,1,3,RETURN_ALIGNED,0.0008319286175991,0.6943266359662132,0.0011981804722545
149056,6,0,2,1,NATIVE,0.1244759636748456,0.4051781595377791,0.3072129154660117
149056,6,0,2,1,RETURN_ALIGNED,0.2763160232523345,0.5049930418506767,0.5471679812450992
149056,6,0,2,2,NATIVE,-0.0045595885064439,-0.234188607125082,0.0194697281061883
149056,6,0,2,2,RETURN_ALIGNED,0.0359221105157244,0.6068721156943078,0.0591922245006249
149056,6,0,2,3,NATIVE,0.0009650391463783,0.3111649599295144,0.0031013747319877
149056,6,0,2,3,RETURN_ALIGNED,0.0085538493536284,0.6876725350504586,0.0124388410368069
149056,6,0,3,1,NATIVE,0.2882169237639579,0.8482500495057033,0.3397782575218044
149056,6,0,3,1,RETURN_ALIGNED,0.4348444729801579,0.7480934910471895,0.5812702264945302
149056,6,0,3,2,NATIVE,-0.0184512225336515,-0.4682468041721837,0.0394049086262705
149056,6,0,3,2,RETURN_ALIGNED,0.1372493678042843,0.7812355262980707,0.1756824455406384
149056,6,0,3,3,NATIVE,0.0005703104501529,0.1288005269162301,0.0044278580434161
149056,6,0,3,3,RETURN_ALIGNED,0.0338440954287507,0.7888781571281921,0.0429015496458495
149056,6,0,4,1,NATIVE,0.131718682011143,0.4644473837519311,0.2836030229021317
149056,6,0,4,1,RETURN_ALIGNED,0.2794666730534401,0.6666917833078972,0.419184216830591
149056,6,0,4,2,NATIVE,-0.0082080242117232,-0.3828848287258358,0.0214373189937302
149056,6,0,4,2,RETURN_ALIGNED,0.0400034692439034,0.5612054165235885,0.0712813313368482
149056,6,0,4,3,NATIVE,0.0009355037473174,0.3637325757149763,0.0025719548013207
149056,6,0,4,3,RETURN_ALIGNED,0.010693881809405,0.5992209919376507,0.0178463070365159
149056,6,0,5,1,NATIVE,0.0435277535654495,0.3925463621338509,0.1108856373773972
149056,6,0,5,1,RETURN_ALIGNED,0.1169584817719755,0.7319438093602694,0.1597916127934667
149056,6,0,5,2,NATIVE,0.0008654006820205,0.3516647019101923,0.0024608687685533
149056,6,0,5,2,RETURN_ALIGNED,0.0071615460320518,0.5578424355432041,0.0128379369793575
149056,6,0,5,3,NATIVE,-5.86096236162429e-06,-0.041981988474215,0.0001396065909373
149056,6,0,5,3,RETURN_ALIGNED,0.0013683412244428,0.6132375829960564,0.0022313394699941
149056,6,0,7,1,NATIVE,0.3178649571381983,0.5546036399623373,0.5731389667035384
149056,6,0,7,1,RETURN_ALIGNED,0.3939569501698482,0.6667424492303784,0.5908682589872665
149056,6,0,7,2,NATIVE,-0.0146300966333489,-0.4647930090336942,0.0314765849496356
149056,6,0,7,2,RETURN_ALIGNED,0.0415255339285367,0.8303905003125153,0.0500072362485198
149056,6,0,7,3,NATIVE,0.0023962630753574,0.4033394977625534,0.0059410573025758
149056,6,0,7,3,RETURN_ALIGNED,0.012223472252539,0.6110037055754606,0.0200055615553641
149057,0,2,1,1,NATIVE,0.2893739438959484,0.94069043487563,0.3076186736542131
149057,0,2,1,1,RETURN_ALIGNED,0.3958410196013119,0.9423711907581642,0.4200478786735722
149057,0,2,1,2,NATIVE,0.0095830272731964,0.3986182214703345,0.0240406151964682
149057,0,2,1,2,RETURN_ALIGNED,0.058322953575302,0.82624995768922,0.0705875419798767
149057,0,2,1,3,NATIVE,0.0002431717966587,0.5873226087911387,0.0004140344544518
149057,0,2,1,3,RETURN_ALIGNED,0.0068798335777268,0.7943965508495393,0.0086604524772617
149057,0,2,3,1,NATIVE,0.1587315467662644,0.698814389809922,0.2271440729910452
149057,0,2,3,1,RETURN_ALIGNED,0.3038755708143205,0.636059647467876,0.4777469723538965
149057,0,2,3,2,NATIVE,-0.001840589769315,-0.269513217440433,0.0068293117002145
149057,0,2,3,2,RETURN_ALIGNED,0.0293663209271219,0.5742581784235583,0.0511378366566078
149057,0,2,3,3,NATIVE,2.0270168784460303e-05,0.0848299553708187,0.0002389506003138
149057,0,2,3,3,RETURN_ALIGNED,0.0027628096100194,0.4384792565874226,0.0063008901068622
149057,0,2,4,1,NATIVE,0.1552321522119207,0.6007897263125306,0.2583801709868999
149057,0,2,4,1,RETURN_ALIGNED,0.2761041842891741,0.695249416907264,0.3971296883890676
149057,0,2,4,2,NATIVE,0.0005334684201322,0.0353656539448064,0.0150843646475291
149057,0,2,4,2,RETURN_ALIGNED,0.0134085440836922,0.5038696302051491,0.0266111376424979
149057,0,2,4,3,NATIVE,9.364555873576584e-05,0.4817473694114297,0.0001943872754863
149057,0,2,4,3,RETURN_ALIGNED,0.0004425993683386,0.4979098504713886,0.0008889146655613
149057,0,2,5,1,NATIVE,0.2958648502175101,0.9698355160523344,0.3050670400498086
149057,0,2,5,1,RETURN_ALIGNED,0.451686368937012,0.9452425943074088,0.4778523224165367
149057,0,2,5,2,NATIVE,0.0091375881296338,0.4285998211266618,0.0213196265580902
149057,0,2,5,2,RETURN_ALIGNED,0.071876559930528,0.8373421096148013,0.0858389409830998
149057,0,2,5,3,NATIVE,0.0001649208833569,0.1964294513519762,0.0008395934590035
149057,0,2,5,3,RETURN_ALIGNED,0.0109304886790927,0.4720342186642181,0.0231561362395198
149057,0,2,6,1,NATIVE,0.1915260140463508,0.6041706165016505,0.3170065024929525
149057,0,2,6,1,RETURN_ALIGNED,0.6045783425040756,0.7808541544060404,0.7742525785290539
149057,0,2,6,2,NATIVE,0.0053861560665593,0.5169965039137804,0.0104181672904539
149057,0,2,6,2,RETURN_ALIGNED,0.0652849424785828,0.6852112869859026,0.0952770973249824
149057,0,2,6,3,NATIVE,3.990458750621596e-05,0.2765314237331708,0.0001443039887424
149057,0,2,6,3,RETURN_ALIGNED,0.004551666062016,0.5988297217100894,0.0076009354527571
149057,0,2,7,1,NATIVE,0.1123047123456786,0.4234945911829166,0.2651857064618601
149057,0,2,7,1,RETURN_ALIGNED,0.4784100157119798,0.7218130255665699,0.6627893911119307
149057,0,2,7,2,NATIVE,0.003417485351702,0.550124108228161,0.0062122079371119
149057,0,2,7,2,RETURN_ALIGNED,0.0463853134056749,0.5090145763393953,0.0911276720975504
149057,0,2,7,3,NATIVE,-2.1803240651717694e-05,-0.1486156794558002,0.0001467088849773
149057,0,2,7,3,RETURN_ALIGNED,0.0020209260455697,0.6038180262205147,0.00334691241019
149057,2,4,0,1,NATIVE,0.2849459076605031,0.842402609082514,0.3382538284996935
149057,2,4,0,1,RETURN_ALIGNED,0.4461246164234777,0.8188133396685426,0.5448428778699712
149057,2,4,0,2,NATIVE,-0.0048959364373215,-0.3392322461628751,0.0144324028522335
149057,2,4,0,2,RETURN_ALIGNED,0.0224476662921814,0.4306707426758515,0.0521225708354992
149057,2,4,0,3,NATIVE,-0.0001108417921315,-0.3918483705702923,0.0002828690897568
149057,2,4,0,3,RETURN_ALIGNED,0.0019562146063856,0.6219210329421663,0.0031454388940249
149057,2,4,1,1,NATIVE,0.1365512011146939,0.660254845750424,0.2068159014560435
149057,2,4,1,1,RETURN_ALIGNED,0.2011788868086007,0.7598547414800314,0.2647596650073431
149057,2,4,1,2,NATIVE,0.0008927019353693,0.055690675761723,0.0160296481076699
149057,2,4,1,2,RETURN_ALIGNED,0.0130664101014915,0.3444349942309921,0.0379357798137767
149057,2,4,1,3,NATIVE,0.0001071607051018,0.5284230539861727,0.0002027933946994
149057,2,4,1,3,RETURN_ALIGNED,0.0018814581310526,0.6875088698785154,0.0027366310651306
149057,2,4,3,1,NATIVE,0.2714088982605427,0.8441013604248113,0.3215359090568551
149057,2,4,3,1,RETURN_ALIGNED,0.6070565878346068,0.8003063539611824,0.7585302613553483
149057,2,4,3,2,NATIVE,-0.0011679694804996,-0.0970478233863831,0.012034988932581
149057,2,4,3,2,RETURN_ALIGNED,0.0849487273600965,0.6673078497621233,0.1273006564956286
149057,2,4,3,3,NATIVE,2.8922251868438603e-05,0.0701103716000412,0.0004125245828661
149057,2,4,3,3,RETURN_ALIGNED,0.004157662543787,0.343732775351931,0.0120956243965771
149057,2,4,5,1,NATIVE,0.1482012575287799,0.6812163426934386,0.2175538786147067
149057,2,4,5,1,RETURN_ALIGNED,0.2266698508318175,0.6670173446913948,0.3398260219704002
149057,2,4,5,2,NATIVE,0.0040132515302511,0.3321342904754465,0.0120832194845577
149057,2,4,5,2,RETURN_ALIGNED,0.0363417869292458,0.7558359709773016,0.0480815789728309
149057,2,4,5,3,NATIVE,-7.149031741935715e-05,-0.2315665158172836,0.000308724761146
149057,2,4,5,3,RETURN_ALIGNED,0.0036925155383751,0.4307982983069854,0.0085713326924428
149057,2,4,6,1,NATIVE,0.2757283476705043,0.8000553813082575,0.3446365765572828
149057,2,4,6,1,RETURN_ALIGNED,0.5923368946385245,0.7272687331702018,0.8144677030957147
149057,2,4,6,2,NATIVE,0.0032409176402736,0.3710275121923537,0.0087349793039006
149057,2,4,6,2,RETURN_ALIGNED,0.0615316695787793,0.7648830140169418,0.0804458570147206
149057,2,4,6,3,NATIVE,2.498569146770326e-05,0.1089201617755846,0.0002293945493749
149057,2,4,6,3,RETURN_ALIGNED,0.0057668045735479,0.6225800136119768,0.0092627524932387
149057,2,4,7,1,NATIVE,0.2804056218806539,0.754627728256164,0.3715813922296168
149057,2,4,7,1,RETURN_ALIGNED,0.7540763040954281,0.8205245095501698,0.9190174032812202
149057,2,4,7,2,NATIVE,0.0050435583236994,0.4729626042698289,0.0106637570873704
149057,2,4,7,2,RETURN_ALIGNED,0.0902461360584621,0.6057658280787954,0.1489785852468536
149057,2,4,7,3,NATIVE,-6.580966702908163e-05,-0.2441442874633148,0.0002695523519652
149057,2,4,7,3,RETURN_ALIGNED,0.0044114238432193,0.5872390425044219,0.007512143307278
149057,4,6,0,1,NATIVE,0.2879551508713359,0.7135597197591524,0.4035473736777913
149057,4,6,0,1,RETURN_ALIGNED,0.488467955007233,0.713891848632764,0.684232430924361
149057,4,6,0,2,NATIVE,0.0026452245670426,0.1256639420112481,0.0210499887594897
149057,4,6,0,2,RETURN_ALIGNED,0.0299173115833773,0.6820025023558125,0.0438668648264503
149057,4,6,0,3,NATIVE,-0.0001514702786759,-0.4505946316981784,0.0003361564200416
149057,4,6,0,3,RETURN_ALIGNED,0.0005217941560147,0.4357055875022068,0.0011975842646982
149057,4,6,1,1,NATIVE,0.2875160467364405,0.8353065007217315,0.3442042489645246
149057,4,6,1,1,RETURN_ALIGNED,0.4108725570095095,0.8998448906899378,0.4566037561142138
149057,4,6,1,2,NATIVE,0.0070427148271853,0.3984169577732337,0.0176767446502302
149057,4,6,1,2,RETURN_ALIGNED,0.0345643226679225,0.756324739360533,0.045700372959611
149057,4,6,1,3,NATIVE,0.000127494616944,0.6150657015940625,0.0002072861751565
149057,4,6,1,3,RETURN_ALIGNED,0.0024799375508983,0.6820234203822375,0.0036361472004843
149057,4,6,2,1,NATIVE,0.1809100535512758,0.8509637275816486,0.2125943182857706
149057,4,6,2,1,RETURN_ALIGNED,0.3833439381849935,0.7850861796450666,0.4882826218622462
149057,4,6,2,2,NATIVE,0.0073831004796036,0.4277248684062879,0.017261330879901
149057,4,6,2,2,RETURN_ALIGNED,0.1123359476005871,0.7577442520381812,0.1482504780441217
149057,4,6,2,3,NATIVE,5.312499308279243e-06,0.0140965441013857,0.0003768653687412
149057,4,6,2,3,RETURN_ALIGNED,0.0062444359610082,0.3468763808974214,0.0180019058790594
149057,4,6,3,1,NATIVE,0.2069929828137443,0.7536714582882338,0.2746461744534275
149057,4,6,3,1,RETURN_ALIGNED,0.3997626931508951,0.6686587512050426,0.5978575655076303
149057,4,6,3,2,NATIVE,-0.0016544564085096,-0.2768236355673033,0.0059765720691995
149057,4,6,3,2,RETURN_ALIGNED,0.021892507719202,0.6377747893099502,0.034326392460105
149057,4,6,3,3,NATIVE,-5.297902883457406e-06,-0.013717421044036,0.0003862171214864
149057,4,6,3,3,RETURN_ALIGNED,0.0032402486915606,0.4213411656707916,0.0076903207071801
149057,4,6,5,1,NATIVE,0.2212854724319229,0.9347964093391612,0.2367204989460933
149057,4,6,5,1,RETURN_ALIGNED,0.3475231652718721,0.8825447544004368,0.3937739854426498
149057,4,6,5,2,NATIVE,0.0080981010506106,0.3698570604690036,0.0218952182231139
149057,4,6,5,2,RETURN_ALIGNED,0.0706802296307864,0.7292911107084591,0.0969163460138841
149057,4,6,5,3,NATIVE,-0.0001084167626463,-0.3324558641124243,0.0003261087385134
149057,4,6,5,3,RETURN_ALIGNED,0.0034231802392365,0.3399556998771783,0.0100694891725056
149057,4,6,7,1,NATIVE,0.1367340388643852,0.5179872701155205,0.2639718131177695
149057,4,6,7,1,RETURN_ALIGNED,0.533703583952518,0.8057337333465292,0.6623820771854534
149057,4,6,7,2,NATIVE,0.0037680810329748,0.5609722821456523,0.0067170538593964
149057,4,6,7,2,RETURN_ALIGNED,0.0581566147945788,0.5710954535414275,0.1018334403360803
149057,4,6,7,3,NATIVE,-4.143282899221212e-05,-0.1442160360299857,0.0002872969612178
149057,4,6,7,3,RETURN_ALIGNED,0.0050096008429951,0.6512694150256029,0.0076920560478507
149057,6,0,1,1,NATIVE,0.138759626964697,0.6908559878312412,0.2008517395936508
149057,6,0,1,1,RETURN_ALIGNED,0.1982477664333577,0.794318888897954,0.2495820875017811
149057,6,0,1,2,NATIVE,0.0008603420732131,0.0686058025786533,0.0125403689024961
149057,6,0,1,2,RETURN_ALIGNED,0.0094413267830173,0.3540700487038183,0.0266651382048634
149057,6,0,1,3,NATIVE,8.510229062694186e-05,0.5461724205101143,0.0001558157961558
149057,6,0,1,3,RETURN_ALIGNED,0.0004805182651082,0.6032405735070497,0.0007965615810933
149057,6,0,2,1,NATIVE,0.1459402773025025,0.7731098224589933,0.1887704347594572
149057,6,0,2,1,RETURN_ALIGNED,0.3772784009050176,0.8701138256152073,0.4335966051776899
149057,6,0,2,2,NATIVE,0.0035890825336494,0.322114866797462,0.0111422442844172
149057,6,0,2,2,RETURN_ALIGNED,0.0395085867681281,0.4579993017487861,0.0862634214005886
149057,6,0,2,3,NATIVE,0.0001008425890154,0.3301039415235863,0.0003054873814863
149057,6,0,2,3,RETURN_ALIGNED,0.0037716411051857,0.7672533375649719,0.0049157702154272
149057,6,0,3,1,NATIVE,0.2702285594815358,0.7686174438015919,0.3515774481317309
149057,6,0,3,1,RETURN_ALIGNED,0.6443971197717571,0.7716851634387316,0.8350518453667874
149057,6,0,3,2,NATIVE,0.0032436028692439,0.2513730213701865,0.012903544108123
149057,6,0,3,2,RETURN_ALIGNED,0.1326452346014516,0.7903566080691132,0.1678296015319492
149057,6,0,3,3,NATIVE,-0.0002891182954833,-0.3163070982647315,0.0009140430135984
149057,6,0,3,3,RETURN_ALIGNED,0.0231769464495378,0.7199886059158278,0.032190712817303
149057,6,0,4,1,NATIVE,0.1122277413336349,0.3100298100035242,0.3619901625983166
149057,6,0,4,1,RETURN_ALIGNED,0.3756472523431385,0.6628035762631964,0.5667550173171828
149057,6,0,4,2,NATIVE,0.0026122546766055,0.2881511835734123,0.0090655698307985
149057,6,0,4,2,RETURN_ALIGNED,0.0231802825523766,0.7583432921009308,0.0305670041438835
149057,6,0,4,3,NATIVE,6.248705337579711e-05,0.1777556904083504,0.000351533348852
149057,6,0,4,3,RETURN_ALIGNED,0.00350453875645,0.6343081580223173,0.0055249782164122
149057,6,0,5,1,NATIVE,0.1401440516893823,0.6733776171395619,0.2081210425208562
149057,6,0,5,1,RETURN_ALIGNED,0.2135224097446416,0.6463706078425074,0.3303405308871906
149057,6,0,5,2,NATIVE,0.002090263021746,0.1956021868120522,0.0106862967933817
149057,6,0,5,2,RETURN_ALIGNED,0.0314578629751572,0.7213238745133816,0.0436112876427993
149057,6,0,5,3,NATIVE,-5.695490791762418e-05,-0.3093315087797982,0.0001841225553916
149057,6,0,5,3,RETURN_ALIGNED,0.0020530400533065,0.405979544811484,0.0050570036827452
149057,6,0,7,1,NATIVE,0.2726203509458119,0.80527630841291,0.3385426195922407
149057,6,0,7,1,RETURN_ALIGNED,0.7190705548741767,0.8545519558620872,0.8414591411808547
149057,6,0,7,2,NATIVE,0.0050967099160271,0.3491390943211925,0.0145979353172222
149057,6,0,7,2,RETURN_ALIGNED,0.1262829078637295,0.6673317244017045,0.189235582912374
149057,6,0,7,3,NATIVE,-0.0002809128121936,-0.3123452116591302,0.0008993664716063
149057,6,0,7,3,RETURN_ALIGNED,0.0262804602742981,0.7941056407012952,0.0330944132923999
149058,0,2,1,1,NATIVE,0.5446276085889212,0.9611847402960652,0.5666211559092044
149058,0,2,1,1,RETURN_ALIGNED,0.6507741001110091,0.9042284297263308,0.7197009944798114
149058,0,2,1,2,NATIVE,-0.0188641824391648,-0.2334620121625355,0.0808019354590897
149058,0,2,1,2,RETURN_ALIGNED,0.1065471673253895,0.9298646804378142,0.1145835190494927
149058,0,2,1,3,NATIVE,0.0024527983989356,0.3976976189577275,0.0061674958088115
149058,0,2,1,3,RETURN_ALIGNED,0.0071348239697497,0.906398960226395,0.0078716153492248
149058,0,2,3,1,NATIVE,0.0731724766188303,0.3390835985335438,0.2157947979060028
149058,0,2,3,1,RETURN_ALIGNED,0.2449089191090572,0.7394887529783025,0.3311868072673171
149058,0,2,3,2,NATIVE,0.0042317069558832,0.2088835110694745,0.0202586931543754
149058,0,2,3,2,RETURN_ALIGNED,0.0193618612995116,0.6362213297977873,0.0304325875168462
149058,0,2,3,3,NATIVE,0.0002501981649454,0.3306439504652433,0.0007566996598962
149058,0,2,3,3,RETURN_ALIGNED,0.0009816045471164,0.831493003639588,0.001180532539197
149058,0,2,4,1,NATIVE,0.4118606008831367,0.8694760050988825,0.4736882886563667
149058,0,2,4,1,RETURN_ALIGNED,0.5308846934490726,0.818897057404617,0.6482923447442717
149058,0,2,4,2,NATIVE,0.0144347779279584,0.1776964217088657,0.0812328002381184
149058,0,2,4,2,RETURN_ALIGNED,0.0963178596095696,0.7566973673174286,0.1272871609822017
149058,0,2,4,3,NATIVE,0.0022338967451199,0.6401216455575389,0.0034898003528972
149058,0,2,4,3,RETURN_ALIGNED,0.0041979836421718,0.8235535884741874,0.005097401917992
149058,0,2,5,1,NATIVE,0.4721258657290289,0.9732892483183953,0.4850827917237086
149058,0,2,5,1,RETURN_ALIGNED,0.5849096660647218,0.9016802880161108,0.6486885361014147
149058,0,2,5,2,NATIVE,-0.026333401975399,-0.4177044536146276,0.0630431438956859
149058,0,2,5,2,RETURN_ALIGNED,0.0961046493624452,0.9097965045553794,0.105633126617452
149058,0,2,5,3,NATIVE,0.0023982732677581,0.4363284882799697,0.0054964856327346
149058,0,2,5,3,RETURN_ALIGNED,0.0079194548459054,0.8961414571687797,0.0088372820841705
149058,0,2,6,1,NATIVE,0.199668895264665,0.6742306948550993,0.2961432886224284
149058,0,2,6,1,RETURN_ALIGNED,0.279963288378135,0.7913498778142997,0.3537794043151835
149058,0,2,6,2,NATIVE,0.0006659923006779,0.014498969972354,0.0459337664624729
149058,0,2,6,2,RETURN_ALIGNED,0.0516769000068018,0.8020496130722021,0.0644310516000324
149058,0,2,6,3,NATIVE,0.0022888428190108,0.5844196543680062,0.0039164371011656
149058,0,2,6,3,RETURN_ALIGNED,0.0028960420277113,0.6188084819682496,0.0046800296214275
149058,0,2,7,1,NATIVE,0.003740200910194,0.0191489431128162,0.1953215322723646
149058,0,2,7,1,RETURN_ALIGNED,0.2523819525223782,0.7323826336113236,0.3446039555550687
149058,0,2,7,2,NATIVE,-0.0060806017817194,-0.3248363543734915,0.0187189694122624
149058,0,2,7,2,RETURN_ALIGNED,0.0295738641364737,0.6540894416594045,0.0452137922621582
149058,0,2,7,3,NATIVE,-0.0002755668710953,-0.3643199049359163,0.0007563870851898
149058,0,2,7,3,RETURN_ALIGNED,0.0016597626590679,0.7959666837290308,0.0020852162442541
149058,2,4,0,1,NATIVE,0.3782301372085203,0.779054277794316,0.4854990826561021
149058,2,4,0,1,RETURN_ALIGNED,0.4810663197217887,0.86550460075855,0.5558217937837692
149058,2,4,0,2,NATIVE,-0.0078364776066842,-0.1764070411741974,0.0444227030533686
149058,2,4,0,2,RETURN_ALIGNED,0.0322871428016279,0.8754010101785095,0.0368826885345341
149058,2,4,0,3,NATIVE,0.0003563248131036,0.1527742257210718,0.0023323620942109
149058,2,4,0,3,RETURN_ALIGNED,0.0010615807264995,0.8111258681189389,0.0013087743442898
149058,2,4,1,1,NATIVE,0.3023285356531259,0.7608509529717574,0.3973557954711613
149058,2,4,1,1,RETURN_ALIGNED,0.3749287119627886,0.8884607543453386,0.4219980568967359
149058,2,4,1,2,NATIVE,0.0057655340111788,0.1182485272870252,0.0487577658970142
149058,2,4,1,2,RETURN_ALIGNED,0.0366910675158483,0.7753747405293538,0.0473204317830395
149058,2,4,1,3,NATIVE,0.0008411850039787,0.3816823556288475,0.002203887582089
149058,2,4,1,3,RETURN_ALIGNED,0.0015866891872931,0.8562844436631843,0.0018529931248871
149058,2,4,3,1,NATIVE,0.3423073672370863,0.6711554462337388,0.510026953007259
149058,2,4,3,1,RETURN_ALIGNED,0.5232729400648327,0.7510128129575118,0.6967563416181622
149058,2,4,3,2,NATIVE,-0.0078574916060965,-0.1565026237230426,0.0502067723768932
149058,2,4,3,2,RETURN_ALIGNED,0.0272844345051774,0.8093014714968036,0.0337135609705034
149058,2,4,3,3,NATIVE,0.0006874455884865,0.2945875922716814,0.0023335863625485
149058,2,4,3,3,RETURN_ALIGNED,0.0006031668253508,0.8568290450343061,0.0007039523544881
149058,2,4,5,1,NATIVE,0.341131124417636,0.7823350783766304,0.4360422200746061
149058,2,4,5,1,RETURN_ALIGNED,0.5404421544465002,0.8532721829757017,0.6333760378332318
149058,2,4,5,2,NATIVE,-0.0282561526260092,-0.5612339186085268,0.0503464806542987
149058,2,4,5,2,RETURN_ALIGNED,0.0839526845560862,0.7711393408035211,0.1088683719187332
149058,2,4,5,3,NATIVE,-0.000291795228088,-0.0845483662063561,0.0034512225501821
149058,2,4,5,3,RETURN_ALIGNED,0.0062243668893122,0.6357196882939453,0.009791055717655
149058,2,4,6,1,NATIVE,0.1930709800600293,0.6454703427409173,0.2991167328309667
149058,2,4,6,1,RETURN_ALIGNED,0.3324475805928779,0.8556276303521904,0.3885423621207055
149058,2,4,6,2,NATIVE,-0.0158792498830021,-0.398853496052398,0.0398122369235346
149058,2,4,6,2,RETURN_ALIGNED,0.0520497416401506,0.6701562846107444,0.0776680646511624
149058,2,4,6,3,NATIVE,-0.000119966732713,-0.06765255437489,0.0017732772070596
149058,2,4,6,3,RETURN_ALIGNED,0.0030041192035457,0.6749687905211315,0.0044507527537994
149058,2,4,7,1,NATIVE,0.1795666175352932,0.3175141740300786,0.565538902581638
149058,2,4,7,1,RETURN_ALIGNED,0.6561020916134973,0.7021709820496895,0.9343907800037456
149058,2,4,7,2,NATIVE,0.0015719127058552,0.0265585220208528,0.0591867538578166
149058,2,4,7,2,RETURN_ALIGNED,0.0886878522744048,0.7336524647585269,0.1208853735657433
149058,2,4,7,3,NATIVE,-0.0003347000880677,-0.122188856877435,0.0027392030340845
149058,2,4,7,3,RETURN_ALIGNED,0.0034026419764145,0.7071695223431153,0.004811635492722
149058,4,6,0,1,NATIVE,0.3967271912117074,0.7305643535257823,0.5430420869797274
149058,4,6,0,1,RETURN_ALIGNED,0.6222434898721769,0.7733579366107283,0.8045996044201023
149058,4,6,0,2,NATIVE,-0.0302028075537979,-0.5537679945544248,0.0545405437844531
149058,4,6,0,2,RETURN_ALIGNED,0.0980806659271758,0.8862697602620526,0.1106668311661809
149058,4,6,0,3,NATIVE,-0.0033268253356304,-0.4992278794038145,0.0066639414008501
149058,4,6,0,3,RETURN_ALIGNED,0.0078338509942374,0.4787645433720872,0.0163626381718441
149058,4,6,1,1,NATIVE,0.5427905927762374,0.9687604381565356,0.5602939296417173
149058,4,6,1,1,RETURN_ALIGNED,0.6730369304323764,0.9132973549873278,0.7369307780834041
149058,4,6,1,2,NATIVE,-0.0216558012903875,-0.2520423046009493,0.0859212953331167
149058,4,6,1,2,RETURN_ALIGNED,0.1210753067637878,0.9221573847373892,0.1312957080500074
149058,4,6,1,3,NATIVE,0.0037049902909896,0.493517374869113,0.0075073147938284
149058,4,6,1,3,RETURN_ALIGNED,0.0098841619071683,0.9506410127436508,0.010397365326711
149058,4,6,2,1,NATIVE,0.2638422987462778,0.7716279987330557,0.3419294001505089
149058,4,6,2,1,RETURN_ALIGNED,0.3333968490355275,0.7716922784628581,0.4320334132401792
149058,4,6,2,2,NATIVE,-0.0188399023881676,-0.5663379947714627,0.0332661812585236
149058,4,6,2,2,RETURN_ALIGNED,0.0502985774290555,0.8750349413066539,0.0574817930735151
149058,4,6,2,3,NATIVE,-0.00021593083268,-0.0740168595671077,0.002917319564533
149058,4,6,2,3,RETURN_ALIGNED,0.0033786162511667,0.7213694419613658,0.004683614321709
149058,4,6,3,1,NATIVE,0.0693513803839539,0.3244394094793706,0.2137575718535624
149058,4,6,3,1,RETURN_ALIGNED,0.2515789976231065,0.7541746559731037,0.3335818773947215
149058,4,6,3,2,NATIVE,0.0042747447420232,0.2101835831480471,0.0203381476225775
149058,4,6,3,2,RETURN_ALIGNED,0.0203049858959924,0.6341836266400809,0.0320175183380606
149058,4,6,3,3,NATIVE,0.000235874147818,0.3193799151563413,0.0007385378245521
149058,4,6,3,3,RETURN_ALIGNED,0.0009952538189191,0.8228922813148956,0.0012094582016752
149058,4,6,5,1,NATIVE,0.4875278388931824,0.9837615689561328,0.495575202648368
149058,4,6,5,1,RETURN_ALIGNED,0.5825319958499219,0.9021055383405436,0.6457470562939481
149058,4,6,5,2,NATIVE,-0.0238863881473457,-0.4020317910029676,0.0594141773900708
149058,4,6,5,2,RETURN_ALIGNED,0.0875027835273608,0.9276530228129825,0.094327061277146
149058,4,6,5,3,NATIVE,0.002083001342716,0.4049733706264041,0.005143551386834
149058,4,6,5,3,RETURN_ALIGNED,0.0072377853613381,0.9517915383428642,0.0076043808632018
149058,4,6,7,1,NATIVE,0.0093624538943558,0.0483308148908864,0.1937160363525182
149058,4,6,7,1,RETURN_ALIGNED,0.2609358777858055,0.7396328636784395,0.3527910813589445
149058,4,6,7,2,NATIVE,-0.0057663518368523,-0.3081512999843369,0.0187127292240647
149058,4,6,7,2,RETURN_ALIGNED,0.0302769686197503,0.6407127572850297,0.0472551362136734
149058,4,6,7,3,NATIVE,-0.0002389908100489,-0.329513855264692,0.0007252830378034
149058,4,6,7,3,RETURN_ALIGNED,0.0016707582956836,0.783435688689147,0.0021326042705963
149058,6,0,1,1,NATIVE,0.2743986438466255,0.7240988034083503,0.378951936607254
149058,6,0,1,1,RETURN_ALIGNED,0.3473010279308103,0.8855835164176666,0.3921719651418739
149058,6,0,1,2,NATIVE,0.0047631882632555,0.1127474939757112,0.042246511166326
149058,6,0,1,2,RETURN_ALIGNED,0.0286226595505844,0.7851855028696174,0.0364533724141992
149058,6,0,1,3,NATIVE,0.0006511460101699,0.3504821436209693,0.0018578578736611
149058,6,0,1,3,RETURN_ALIGNED,0.0011781908109771,0.8601613255968487,0.0013697323696777
149058,6,0,2,1,NATIVE,0.1589737471762946,0.6338002294229037,0.2508262695344638
149058,6,0,2,1,RETURN_ALIGNED,0.2013408582373354,0.857786485669528,0.2347214156447097
149058,6,0,2,2,NATIVE,-0.0024334400449838,-0.1039902139328936,0.0234006638981827
149058,6,0,2,2,RETURN_ALIGNED,0.0130741821214566,0.8401985234071436,0.0155608249204158
149058,6,0,2,3,NATIVE,0.0002179179568501,0.2171635942054872,0.0010034737065442
149058,6,0,2,3,RETURN_ALIGNED,0.0003743089905365,0.829631180194421,0.0004511751719264
149058,6,0,3,1,NATIVE,0.4382642996246135,0.7679826151272562,0.5706695581274543
149058,6,0,3,1,RETURN_ALIGNED,0.6540248182140315,0.7764797090218838,0.8422947961354176
149058,6,0,3,2,NATIVE,-0.0159559643004674,-0.2626925224380309,0.0607400779861412
149058,6,0,3,2,RETURN_ALIGNED,0.0676778921440209,0.7787663302327789,0.0869039781423477
149058,6,0,3,3,NATIVE,0.0007942865033346,0.2185960593223029,0.0036335810656063
149058,6,0,3,3,RETURN_ALIGNED,0.0020857650056665,0.7074354647411414,0.0029483466773287
149058,6,0,4,1,NATIVE,0.3114121192979884,0.7093845414961609,0.4389891533880016
149058,6,0,4,1,RETURN_ALIGNED,0.5681735312124003,0.8124324682750242,0.6993486269926199
149058,6,0,4,2,NATIVE,-0.0195745687585784,-0.2981079148112476,0.0656626938962799
149058,6,0,4,2,RETURN_ALIGNED,0.084605448562435,0.522840464465364,0.1618188612247598
149058,6,0,4,3,NATIVE,0.0001101189484319,0.0451370074006857,0.0024396599321769
149058,6,0,4,3,RETURN_ALIGNED,0.0060164990967992,0.6832457665543188,0.0088057612517207
149058,6,0,5,1,NATIVE,0.2821188086482039,0.7280044199256542,0.3875234832735963
149058,6,0,5,1,RETURN_ALIGNED,0.4728852467909036,0.8435713262918266,0.5605752970167659
149058,6,0,5,2,NATIVE,-0.0260466044826843,-0.5681653170697126,0.0458433552699154
149058,6,0,5,2,RETURN_ALIGNED,0.0747540392875564,0.7421204628696622,0.1007303302192084
149058,6,0,5,3,NATIVE,-0.000382850051395,-0.1379274659886803,0.0027757346848289
149058,6,0,5,3,RETURN_ALIGNED,0.0055452506055873,0.6812785956480513,0.0081394757456297
149058,6,0,7,1,NATIVE,0.2837087173053423,0.4016319582928186,0.7063897965466591
149058,6,0,7,1,RETURN_ALIGNED,0.8088254542056508,0.7856951230751629,1.02943932124711
149058,6,0,7,2,NATIVE,0.0073421815451966,0.1016920397379264,0.0722001600446426
149058,6,0,7,2,RETURN_ALIGNED,0.0783789836353468,0.7268809473512055,0.1078291897938772
149058,6,0,7,3,NATIVE,0.0012135422203236,0.2171563248962875,0.0055883346584288
149058,6,0,7,3,RETURN_ALIGNED,0.0029742959308194,0.429104834162185,0.006931396914941
149059,0,2,1,1,NATIVE,0.286949582264889,0.918397387169941,0.3124459915429544
149059,0,2,1,1,RETURN_ALIGNED,0.4046263499523257,0.94710299927889,0.4272252862257838
149059,0,2,1,2,NATIVE,0.0139280964400864,0.8890621277872213,0.0156660552781783
149059,0,2,1,2,RETURN_ALIGNED,0.0315454002746901,0.9229923838684244,0.0341773137304039
149059,0,2,1,3,NATIVE,0.0003943958042384,0.4655768390148789,0.0008471121636485
149059,0,2,1,3,RETURN_ALIGNED,0.0013437396743587,0.4941509396359536,0.002719289928914
149059,0,2,3,1,NATIVE,-0.0306691688326047,-0.4437107664964229,0.0691197310237407
149059,0,2,3,1,RETURN_ALIGNED,0.0841790576013247,0.6808503293931435,0.1236381242207896
149059,0,2,3,2,NATIVE,0.0005065477919388,0.3490822929662607,0.0014510841773542
149059,0,2,3,2,RETURN_ALIGNED,0.0023879505588619,0.5032782017003188,0.0047447923449974
149059,0,2,3,3,NATIVE,-1.6928332943021366e-05,-0.3453482098250013,4.901815739637707e-05
149059,0,2,3,3,RETURN_ALIGNED,0.000169042031097,0.5949147385158534,0.0002841449708483
149059,0,2,4,1,NATIVE,0.4286272468846124,0.8245014167532432,0.5198623533871274
149059,0,2,4,1,RETURN_ALIGNED,0.5586843554566274,0.83869669476589,0.6661339658819001
149059,0,2,4,2,NATIVE,0.0108987291021951,0.6643687351689639,0.0164046387567724
149059,0,2,4,2,RETURN_ALIGNED,0.0218859371382349,0.7075696080203422,0.0309311435789206
149059,0,2,4,3,NATIVE,0.0001015112773851,0.3153643745742541,0.0003218856835661
149059,0,2,4,3,RETURN_ALIGNED,0.0003378614578196,0.4571013483243367,0.0007391390528799
149059,0,2,5,1,NATIVE,0.2868649998393405,0.9425226535430222,0.3043587321332519
149059,0,2,5,1,RETURN_ALIGNED,0.3862562278985704,0.9424624463858752,0.4098372612931916
149059,0,2,5,2,NATIVE,0.0130602784023062,0.8654272119747355,0.0150911344376583
149059,0,2,5,2,RETURN_ALIGNED,0.0284039016018134,0.8916987055889757,0.0318536983662653
149059,0,2,5,3,NATIVE,0.000355540560281,0.7863868830991704,0.0004521191382411
149059,0,2,5,3,RETURN_ALIGNED,0.0012766420358951,0.8248396307498839,0.0015477457531311
149059,0,2,6,1,NATIVE,0.1807549373589311,0.8286174061280838,0.2181404059603677
149059,0,2,6,1,RETURN_ALIGNED,0.2666558067200812,0.8629729331393717,0.308996721078754
149059,0,2,6,2,NATIVE,0.0044781026128346,0.6841459407389991,0.0065455370642993
149059,0,2,6,2,RETURN_ALIGNED,0.011225493401293,0.7474645906123344,0.0150180938895461
149059,0,2,6,3,NATIVE,1.4812899327546366e-05,0.0948978583137483,0.0001560930832564
149059,0,2,6,3,RETURN_ALIGNED,0.0001564440130107,0.495103295888073,0.0003159825720393
149059,0,2,7,1,NATIVE,0.0411139935928816,0.4715238008222171,0.087193888243055
149059,0,2,7,1,RETURN_ALIGNED,0.0715299984082157,0.5418581928851653,0.1320087051324171
149059,0,2,7,2,NATIVE,-0.0007228787015331,-0.4032206969946954,0.0017927618966424
149059,0,2,7,2,RETURN_ALIGNED,0.0023359831975004,0.5730703393889749,0.0040762591202293
149059,0,2,7,3,NATIVE,2.3024932411296053e-05,0.3409087404616541,6.753987105749818e-05
149059,0,2,7,3,RETURN_ALIGNED,0.0001443314404749,0.55144172397465,0.0002617347112818
149059,2,4,0,1,NATIVE,0.0965721817162815,0.3162094821668044,0.3054057109688111
149059,2,4,0,1,RETURN_ALIGNED,0.1514274969363762,0.5533013115206988,0.2736799891547373
149059,2,4,0,2,NATIVE,0.0033469814445988,0.590134679780916,0.0056715552554703
149059,2,4,0,2,RETURN_ALIGNED,0.0036798907252094,0.6850534249755849,0.0053716842964182
149059,2,4,0,3,NATIVE,-4.8152636448960736e-05,-0.1703012611928062,0.0002827497345854
149059,2,4,0,3,RETURN_ALIGNED,0.0001966536387758,0.4733720737601303,0.0004154314323674
149059,2,4,1,1,NATIVE,0.1092277956941051,0.3990177423953961,0.2737417014049131
149059,2,4,1,1,RETURN_ALIGNED,0.1604469627820702,0.536871057648708,0.2988556758576489
149059,2,4,1,2,NATIVE,0.0032740571516904,0.6239388899892218,0.0052474003531192
149059,2,4,1,2,RETURN_ALIGNED,0.0058533713270838,0.7097649607744502,0.0082469150360085
149059,2,4,1,3,NATIVE,-4.110772679695402e-05,-0.1982408534035774,0.0002073625394041
149059,2,4,1,3,RETURN_ALIGNED,0.0002285514905438,0.4503144968665625,0.0005075374923199
149059,2,4,3,1,NATIVE,-0.1028542060833777,-0.4192145421497651,0.2453498047934655
149059,2,4,3,1,RETURN_ALIGNED,0.373146016649077,0.881388719939224,0.4233614615288435
149059,2,4,3,2,NATIVE,0.0012843134340891,0.1402421899117225,0.0091578250067161
149059,2,4,3,2,RETURN_ALIGNED,0.0103619218810798,0.4294295135023573,0.0241295056681308
149059,2,4,3,3,NATIVE,-0.000143606742441,-0.4193795072202831,0.0003424266993159
149059,2,4,3,3,RETURN_ALIGNED,0.0006697199888061,0.6526023453950556,0.0010262298172634
149059,2,4,5,1,NATIVE,0.1331567792518883,0.779546519261744,0.1708131278399597
149059,2,4,5,1,RETURN_ALIGNED,0.1966150709586049,0.853176476026848,0.2304506470621212
149059,2,4,5,2,NATIVE,-0.0002033552998919,-0.0276725133893936,0.0073486385941016
149059,2,4,5,2,RETURN_ALIGNED,0.0055331378114447,0.5356242840135926,0.0103302594309719
149059,2,4,5,3,NATIVE,9.755520560695164e-05,0.5552751372964727,0.0001756880490698
149059,2,4,5,3,RETURN_ALIGNED,0.0001773099662137,0.6732720272363678,0.0002633556110969
149059,2,4,6,1,NATIVE,0.0637905530410005,0.6427468714389177,0.0992467733030627
149059,2,4,6,1,RETURN_ALIGNED,0.111043327203189,0.7919750319876702,0.1402106413941334
149059,2,4,6,2,NATIVE,-0.0006952218439884,-0.1809478486158403,0.0038421116873325
149059,2,4,6,2,RETURN_ALIGNED,0.003241093480172,0.4738308279557994,0.0068401912431327
149059,2,4,6,3,NATIVE,5.519245583773088e-05,0.461999455905373,0.0001194643306806
149059,2,4,6,3,RETURN_ALIGNED,0.0001799567573874,0.6301160541728684,0.0002855930365678
149059,2,4,7,1,NATIVE,0.1015682124281956,0.2915777638806952,0.3483400485552749
149059,2,4,7,1,RETURN_ALIGNED,0.3322849398840288,0.724416044646897,0.458693512296867
149059,2,4,7,2,NATIVE,-0.003294325526393,-0.4433468630853773,0.0074305826885742
149059,2,4,7,2,RETURN_ALIGNED,0.0066768145202522,0.6628059381669738,0.0100735586919245
149059,2,4,7,3,NATIVE,0.0001589620744624,0.3278407426391414,0.0004848758905934
149059,2,4,7,3,RETURN_ALIGNED,0.0005373793582828,0.4881236767993854,0.001100908192431
149059,4,6,0,1,NATIVE,0.3309678368447489,0.8508460294615217,0.3889867559868742
149059,4,6,0,1,RETURN_ALIGNED,0.414294357216527,0.7964399921061918,0.5201827649573103
149059,4,6,0,2,NATIVE,0.006476416655564,0.5954651876128554,0.0108762305338685
149059,4,6,0,2,RETURN_ALIGNED,0.0149364181493858,0.6597855418026534,0.0226382926009032
149059,4,6,0,3,NATIVE,6.856327588415031e-05,0.3548186895274721,0.000193234679748
149059,4,6,0,3,RETURN_ALIGNED,0.0002994760144851,0.4619811021719671,0.0006482429974278
149059,4,6,1,1,NATIVE,0.3213867676773667,0.8735025214445147,0.3679288379680276
149059,4,6,1,1,RETURN_ALIGNED,0.4256793561529899,0.8739820726929408,0.4870573086713938
149059,4,6,1,2,NATIVE,0.0075658296335417,0.7980358477790805,0.009480563629382
149059,4,6,1,2,RETURN_ALIGNED,0.0169303621561341,0.8414813587875436,0.0201197114816396
149059,4,6,1,3,NATIVE,0.0004830315318389,0.7136190929395277,0.000676875851339
149059,4,6,1,3,RETURN_ALIGNED,0.001750045237792,0.7654547479655547,0.0022862817712147
149059,4,6,2,1,NATIVE,0.1379820213093946,0.7903075434925392,0.1745928182584035
149059,4,6,2,1,RETURN_ALIGNED,0.1996626987514334,0.8219443234247078,0.2429151136653269
149059,4,6,2,2,NATIVE,0.0027846299986557,0.6231250832703726,0.0044688138438223
149059,4,6,2,2,RETURN_ALIGNED,0.0070494606798234,0.7132124952053008,0.0098840958719821
149059,4,6,2,3,NATIVE,6.180955249268366e-05,0.4752052002719452,0.000130069183552
149059,4,6,2,3,RETURN_ALIGNED,0.0002361832437018,0.5415048404281002,0.0004361609093489
149059,4,6,3,1,NATIVE,-0.0399879220640346,-0.4229178905099295,0.0945524485042647
149059,4,6,3,1,RETURN_ALIGNED,0.113285264377304,0.658369733098871,0.1720693687481559
149059,4,6,3,2,NATIVE,0.0007054226030924,0.3051340107974052,0.0023118452158058
149059,4,6,3,2,RETURN_ALIGNED,0.0034616467521744,0.4666975513485408,0.0074173235794669
149059,4,6,3,3,NATIVE,-1.3659423232970572e-05,-0.3473838428984858,3.9320836259935726e-05
149059,4,6,3,3,RETURN_ALIGNED,0.0001146420367689,0.5481873048304508,0.0002091293171443
149059,4,6,5,1,NATIVE,0.2239734624164607,0.9125118561599908,0.2454471806633823
149059,4,6,5,1,RETURN_ALIGNED,0.3191730788912317,0.9533704331656576,0.3347839074800594
149059,4,6,5,2,NATIVE,0.0077439946852963,0.4836390888433813,0.0160119288611912
149059,4,6,5,2,RETURN_ALIGNED,0.0194213171513175,0.6689577951238886,0.0290322009737348
149059,4,6,5,3,NATIVE,0.0006232024056466,0.879377607752404,0.0007086857785898
149059,4,6,5,3,RETURN_ALIGNED,0.0017038073148722,0.8901386103219452,0.0019140921358557
149059,4,6,7,1,NATIVE,0.0484109206821038,0.4190051472285111,0.1155377708418198
149059,4,6,7,1,RETURN_ALIGNED,0.077206418284929,0.4742390782950483,0.1628006248713569
149059,4,6,7,2,NATIVE,-0.0010519788920591,-0.3939906753363933,0.0026700603792494
149059,4,6,7,2,RETURN_ALIGNED,0.0029564457464558,0.5633911700472072,0.0052475897805377
149059,4,6,7,3,NATIVE,2.021500377990684e-05,0.3553310785342288,5.689061546761564e-05
149059,4,6,7,3,RETURN_ALIGNED,9.93669844745098e-05,0.5199613635645604,0.0001911045539101
149059,6,0,1,1,NATIVE,0.1595853132738548,0.5420001430217031,0.29443776967306
149059,6,0,1,1,RETURN_ALIGNED,0.2299359875246024,0.6190724713071925,0.371420145752916
149059,6,0,1,2,NATIVE,0.0046254544739689,0.6834820540206084,0.0067674848910703
149059,6,0,1,2,RETURN_ALIGNED,0.0097132060367298,0.7182970118061871,0.0135225483010654
149059,6,0,1,3,NATIVE,-4.269397310720648e-05,-0.1992481144850612,0.0002142754183351
149059,6,0,1,3,RETURN_ALIGNED,0.0002656119482288,0.3911966465938592,0.0006789729679319
149059,6,0,2,1,NATIVE,0.0871018076567287,0.5455452841662791,0.1596600872276799
149059,6,0,2,1,RETURN_ALIGNED,0.1288969839771682,0.601913350848178,0.2141454144445213
149059,6,0,2,2,NATIVE,0.0024703771132914,0.6532612342205573,0.0037816067811793
149059,6,0,2,2,RETURN_ALIGNED,0.0057623603698719,0.7092628889324817,0.0081244351843318
149059,6,0,2,3,NATIVE,-1.080112330634157e-05,-0.0729053092403778,0.000148152766966
149059,6,0,2,3,RETURN_ALIGNED,0.0001663505629644,0.3691531087445386,0.0004506275551894
149059,6,0,3,1,NATIVE,-0.0554825090567255,-0.385532734033623,0.1439112795329038
149059,6,0,3,1,RETURN_ALIGNED,0.1947517938891892,0.7858330318364466,0.2478284648251985
149059,6,0,3,2,NATIVE,0.0011289561303907,0.3030259131449644,0.0037256092013956
149059,6,0,3,2,RETURN_ALIGNED,0.0055471678189085,0.5143052559124422,0.0107857498148073
149059,6,0,3,3,NATIVE,-3.677626340503826e-05,-0.1926240596412991,0.0001909224796889
149059,6,0,3,3,RETURN_ALIGNED,0.0005174035127987,0.6155864057660603,0.0008405050972931
149059,6,0,4,1,NATIVE,0.1935276746220197,0.7589026034184378,0.2550098968565922
149059,6,0,4,1,RETURN_ALIGNED,0.2716005954114863,0.773904753893827,0.3509483486758258
149059,6,0,4,2,NATIVE,-0.000736741969035,-0.0697170762968598,0.0105675970386193
149059,6,0,4,2,RETURN_ALIGNED,0.0079445886324073,0.4943121231570923,0.0160720084741825
149059,6,0,4,3,NATIVE,0.0001265254063101,0.5817505926196094,0.000217490807629
149059,6,0,4,3,RETURN_ALIGNED,0.0002865708930485,0.6721708760957421,0.0004263363724083
149059,6,0,5,1,NATIVE,0.1633879687378435,0.8175369694689928,0.1998539207883373
149059,6,0,5,1,RETURN_ALIGNED,0.23087883795984,0.8604467384853125,0.2683243803866568
149059,6,0,5,2,NATIVE,0.0013526832478352,0.1326463276479903,0.0101976682792045
149059,6,0,5,2,RETURN_ALIGNED,0.0071293833080563,0.4802539349445152,0.0148450284093663
149059,6,0,5,3,NATIVE,0.0001024284413453,0.5567053825817627,0.0001839903915219
149059,6,0,5,3,RETURN_ALIGNED,0.0002038110114104,0.6472839497565045,0.0003148711032285
149059,6,0,7,1,NATIVE,0.0782257712030844,0.3832142432342662,0.2041306464568651
149059,6,0,7,1,RETURN_ALIGNED,0.1528299618114874,0.5145289298197789,0.2970288995504784
149059,6,0,7,2,NATIVE,-0.0012613430934574,-0.3797047789074296,0.0033219047097539
149059,6,0,7,2,RETURN_ALIGNED,0.0043945865111547,0.663728668353512,0.0066210587556834
149059,6,0,7,3,NATIVE,3.716384360217309e-05,0.1589271121097551,0.0002338420602926
149059,6,0,7,3,RETURN_ALIGNED,0.0003820575036435,0.5349901012804156,0.0007141393865427
149060,0,2,1,1,NATIVE,0.7246408911997797,0.967981000089382,0.7486106557182607
149060,0,2,1,1,RETURN_ALIGNED,0.8331226924000479,0.9468256982122604,0.8799113648616327
149060,0,2,1,2,NATIVE,0.0693721706714453,0.7075453041150113,0.0980462597483953
149060,0,2,1,2,RETURN_ALIGNED,0.1131369851412484,0.9210041951782488,0.1228409009785349
149060,0,2,1,3,NATIVE,-0.0045799880918621,-0.3437355019081149,0.0133241636823841
149060,0,2,1,3,RETURN_ALIGNED,0.0200257517093083,0.9139876353880316,0.02191030921134
149060,0,2,3,1,NATIVE,0.1229805107140213,0.7154927799381889,0.1718822525709232
149060,0,2,3,1,RETURN_ALIGNED,0.1656948335769121,0.8103968055338626,0.2044613607129693
149060,0,2,3,2,NATIVE,-0.0042819752948212,-0.2611367405893137,0.0163974448219729
149060,0,2,3,2,RETURN_ALIGNED,0.0107407473707787,0.5556275031169218,0.0193308418148627
149060,0,2,3,3,NATIVE,-0.0004062690035994,-0.2078387475439271,0.0019547317734035
149060,0,2,3,3,RETURN_ALIGNED,0.0012174733924638,0.6224758751539018,0.0019558563487624
149060,0,2,4,1,NATIVE,0.0591950083953584,0.4200600496610182,0.1409203480385918
149060,0,2,4,1,RETURN_ALIGNED,0.2161957574634989,0.8727755758706823,0.2477105953014157
149060,0,2,4,2,NATIVE,0.0126097986682478,0.4536697620387491,0.0277951049931199
149060,0,2,4,2,RETURN_ALIGNED,0.0474932712827201,0.8676412512357441,0.054738373970518
149060,0,2,4,3,NATIVE,-0.0011208400256883,-0.381988139104707,0.0029342272975779
149060,0,2,4,3,RETURN_ALIGNED,0.0052990501146613,0.6438595010863212,0.008230134221448
149060,0,2,5,1,NATIVE,0.3680492174649413,0.8768480271730049,0.4197411707151791
149060,0,2,5,1,RETURN_ALIGNED,0.4889198921997084,0.93477536904955,0.5230346331191653
149060,0,2,5,2,NATIVE,0.0298371448966792,0.8446818104176284,0.0353235319247586
149060,0,2,5,2,RETURN_ALIGNED,0.046582587072217,0.9496540624794856,0.0490521642696388
149060,0,2,5,3,NATIVE,-0.0008351139669859,-0.1896680226258896,0.0044030298588068
149060,0,2,5,3,RETURN_ALIGNED,0.0081726858627656,0.9632932397204044,0.0084841100562642
149060,0,2,6,1,NATIVE,-0.0494052889680453,-0.1188586946672677,0.4156640715796461
149060,0,2,6,1,RETURN_ALIGNED,0.3922380532415059,0.710727408791162,0.5518825479217263
149060,0,2,6,2,NATIVE,-0.0139955731726041,-0.2606508693871395,0.0536947112641693
149060,0,2,6,2,RETURN_ALIGNED,0.0737652301447323,0.7358789575175536,0.1002409831003827
149060,0,2,6,3,NATIVE,0.0040081914349537,0.4857102660587105,0.0082522271282183
149060,0,2,6,3,RETURN_ALIGNED,0.015133566230175,0.8056186316508218,0.0187850251149701
149060,0,2,7,1,NATIVE,-0.0769521739433458,-0.3818526396467204,0.2015232211423672
149060,0,2,7,1,RETURN_ALIGNED,0.1213876037718817,0.5016891810902533,0.241957786508486
149060,0,2,7,2,NATIVE,0.0047655126168151,0.557367533255309,0.0085500362551671
149060,0,2,7,2,RETURN_ALIGNED,0.008601070208915,0.6244647488464047,0.0137735079918786
149060,0,2,7,3,NATIVE,0.000222712315887,0.1907843110275014,0.0011673513123925
149060,0,2,7,3,RETURN_ALIGNED,0.0013894542277488,0.65548556700928,0.0021197327562862
149060,2,4,0,1,NATIVE,0.0502588330433595,0.1643581681975644,0.3057884715709876
149060,2,4,0,1,RETURN_ALIGNED,0.2507562888038561,0.6687338248606685,0.3749717443349467
149060,2,4,0,2,NATIVE,0.0088702327619166,0.4475813383070334,0.0198181470108145
149060,2,4,0,2,RETURN_ALIGNED,0.015816070179224,0.6829526699824096,0.0231583693487197
149060,2,4,0,3,NATIVE,0.0010142694611955,0.5574522415562376,0.0018194732847431
149060,2,4,0,3,RETURN_ALIGNED,0.0030757287405759,0.7357506762863556,0.0041803953968276
149060,2,4,1,1,NATIVE,-0.0020795798693735,-0.0053808011702053,0.3864814557520624
149060,2,4,1,1,RETURN_ALIGNED,0.3166267861291747,0.6025916090449819,0.5254417442535663
149060,2,4,1,2,NATIVE,0.0207315104122079,0.6470049231244677,0.03204227614227
149060,2,4,1,2,RETURN_ALIGNED,0.0344594009223553,0.6355969520794403,0.0542158058020465
149060,2,4,1,3,NATIVE,0.0012320007313946,0.3539537718126027,0.0034806825903211
149060,2,4,1,3,RETURN_ALIGNED,0.0051881346250789,0.6136337498757911,0.0084547739201301
149060,2,4,3,1,NATIVE,0.3042803926562306,0.6959303594868699,0.4372282204795792
149060,2,4,3,1,RETURN_ALIGNED,0.4621105003908897,0.8863650441457959,0.5213546082880024
149060,2,4,3,2,NATIVE,0.0370022539638013,0.6979517240937658,0.0530154918827318
149060,2,4,3,2,RETURN_ALIGNED,0.0761819210867677,0.8885541571864725,0.0857369474555044
149060,2,4,3,3,NATIVE,0.0022035790333456,0.2280081200264594,0.0096644761255656
149060,2,4,3,3,RETURN_ALIGNED,0.0133853863200676,0.8144587517396382,0.0164347013132726
149060,2,4,5,1,NATIVE,0.1483174470997305,0.7470930206883792,0.1985260777340134
149060,2,4,5,1,RETURN_ALIGNED,0.2056838002780793,0.8412526147123385,0.2444970710116609
149060,2,4,5,2,NATIVE,0.0025157345242231,0.0963590856102569,0.026107911965786
149060,2,4,5,2,RETURN_ALIGNED,0.0184579902132483,0.5660709487108699,0.0326072027812821
149060,2,4,5,3,NATIVE,-0.001267665903479,-0.4725484817937239,0.0026826155458158
149060,2,4,5,3,RETURN_ALIGNED,0.0020115792599443,0.6886695939606975,0.0029209642439371
149060,2,4,6,1,NATIVE,0.2642562093608208,0.7041418391462203,0.3752883221386281
149060,2,4,6,1,RETURN_ALIGNED,0.3133624073239686,0.7923431278457531,0.3954882629901988
149060,2,4,6,2,NATIVE,-0.0103241055200619,-0.4581312180725859,0.0225352587048513
149060,2,4,6,2,RETURN_ALIGNED,0.0139409201966122,0.6119935654897879,0.0227795208686848
149060,2,4,6,3,NATIVE,-0.0006055149863242,-0.1979953368229832,0.0030582285219664
149060,2,4,6,3,RETURN_ALIGNED,0.0023174391472196,0.6389600798138563,0.0036268919144043
149060,2,4,7,1,NATIVE,0.2557179505386874,0.7111812589670107,0.359567898217733
149060,2,4,7,1,RETURN_ALIGNED,0.3959573629807034,0.8790994954615956,0.4504124561835981
149060,2,4,7,2,NATIVE,0.0186799850998612,0.579347076675289,0.0322431679586247
149060,2,4,7,2,RETURN_ALIGNED,0.0556627377743987,0.8773449280000046,0.0634445313325902
149060,2,4,7,3,NATIVE,0.0003104293206111,0.058166360604571,0.0053369218442876
149060,2,4,7,3,RETURN_ALIGNED,0.0083651170598306,0.7868325775915198,0.0106313811816473
149060,4,6,0,1,NATIVE,0.066174136701186,0.4207449287481841,0.1572785128939135
149060,4,6,0,1,RETURN_ALIGNED,0.2019051960943503,0.8393922010348215,0.2405373743589798
149060,4,6,0,2,NATIVE,0.0214328089123636,0.6382741202021571,0.0335793168385738
149060,4,6,0,2,RETURN_ALIGNED,0.0365093810601126,0.6807303709361958,0.0536326607694289
149060,4,6,0,3,NATIVE,-0.0002893281048044,-0.1423795733367609,0.0020320899828689
149060,4,6,0,3,RETURN_ALIGNED,0.0045248875531517,0.861102036313851,0.0052547635029988
149060,4,6,1,1,NATIVE,0.6782112400411753,0.9681044103032654,0.7005558830464057
149060,4,6,1,1,RETURN_ALIGNED,0.7763156268189818,0.9416806015562048,0.8243937759108793
149060,4,6,1,2,NATIVE,0.0446300731733831,0.8328954630826363,0.0535842433431522
149060,4,6,1,2,RETURN_ALIGNED,0.0666311257975595,0.9578791360722247,0.0695610993998716
149060,4,6,1,3,NATIVE,-0.0026149704479642,-0.3132396284485383,0.0083481469460698
149060,4,6,1,3,RETURN_ALIGNED,0.0134058146992535,0.920029168946952,0.0145710757340386
149060,4,6,2,1,NATIVE,0.218851055941943,0.7579454482134189,0.2887424899216562
149060,4,6,2,1,RETURN_ALIGNED,0.3116406514905482,0.8963037798649356,0.347695344470703
149060,4,6,2,2,NATIVE,0.0257635649710828,0.7521741742384398,0.0342521265066033
149060,4,6,2,2,RETURN_ALIGNED,0.0458534020529615,0.8984868913428544,0.0510340245302303
149060,4,6,2,3,NATIVE,-0.0017732546338627,-0.4002561956074544,0.0044302990264794
149060,4,6,2,3,RETURN_ALIGNED,0.0075023791468183,0.8830165797350914,0.0084963060929205
149060,4,6,3,1,NATIVE,0.128510449620787,0.7269044798716151,0.1767913848095555
149060,4,6,3,1,RETURN_ALIGNED,0.1717499325471575,0.8148802640321406,0.2107670784629134
149060,4,6,3,2,NATIVE,-0.0004252101048551,-0.0208889792946113,0.0203557147937167
149060,4,6,3,2,RETURN_ALIGNED,0.0149956630820197,0.5512672610287037,0.0272021651602898
149060,4,6,3,3,NATIVE,-0.0008716109830636,-0.36157136357144,0.0024106195091801
149060,4,6,3,3,RETURN_ALIGNED,0.0012347351404858,0.6301241359569721,0.0019595109437849
149060,4,6,5,1,NATIVE,0.3782244582028192,0.8619547631989184,0.4387985012103094
149060,4,6,5,1,RETURN_ALIGNED,0.5246252807352692,0.9538445659605738,0.5500112905784598
149060,4,6,5,2,NATIVE,0.0490107904220908,0.7746060548940448,0.0632718917081929
149060,4,6,5,2,RETURN_ALIGNED,0.0840856986875666,0.93863298086792,0.0895831495388465
149060,4,6,5,3,NATIVE,-0.0007404044729471,-0.1217603046034709,0.0060808362401072
149060,4,6,5,3,RETURN_ALIGNED,0.0111297847497659,0.9407225671832736,0.0118311021093733
149060,4,6,7,1,NATIVE,-0.0714302117557195,-0.349702355206676,0.2042600248244917
149060,4,6,7,1,RETURN_ALIGNED,0.1249507308424611,0.5183878209384086,0.2410371652178101
149060,4,6,7,2,NATIVE,0.0065881187000038,0.5599276149470378,0.0117660185425504
149060,4,6,7,2,RETURN_ALIGNED,0.009724774367672,0.5252432425725798,0.0185148014851057
149060,4,6,7,3,NATIVE,0.0005347826666334,0.3726512389396185,0.0014350755094429
149060,4,6,7,3,RETURN_ALIGNED,0.0016944362114905,0.6701069438704831,0.0025286056604371
149060,6,0,1,1,NATIVE,0.0633301653776912,0.1435171310362889,0.4412725151373912
149060,6,0,1,1,RETURN_ALIGNED,0.3867535059565292,0.646900604501795,0.5978561517257586
149060,6,0,1,2,NATIVE,0.0213576791984636,0.7502228052482861,0.0284684483716213
149060,6,0,1,2,RETURN_ALIGNED,0.0373966798813,0.754252909848344,0.0495810879785402
149060,6,0,1,3,NATIVE,0.0007732020965,0.2165596258481904,0.0035703889560694
149060,6,0,1,3,RETURN_ALIGNED,0.0056742256360426,0.6531705844801141,0.0086872032677885
149060,6,0,2,1,NATIVE,0.5064192188747241,0.7960080854441003,0.6361985865911707
149060,6,0,2,1,RETURN_ALIGNED,0.6622625866028603,0.8817273997830845,0.7510967525402394
149060,6,0,2,2,NATIVE,0.0198651216130989,0.8392045441966178,0.0236713704071749
149060,6,0,2,2,RETURN_ALIGNED,0.0275350807825479,0.8525643952668398,0.0322967753935973
149060,6,0,2,3,NATIVE,5.285937103752558e-05,0.0155004790974552,0.0034101765953479
149060,6,0,2,3,RETURN_ALIGNED,0.0054081877209659,0.828919987499163,0.006524378471242
149060,6,0,3,1,NATIVE,0.3097581349114698,0.7525370923344181,0.4116184279375671
149060,6,0,3,1,RETURN_ALIGNED,0.4002800797296437,0.8480648728832936,0.4719922880058463
149060,6,0,3,2,NATIVE,0.0130164212515551,0.4558744041876272,0.0285526476851623
149060,6,0,3,2,RETURN_ALIGNED,0.0348656521067694,0.8687142554297139,0.0401347760654967
149060,6,0,3,3,NATIVE,-0.0020530611606048,-0.4045090878107053,0.0050754389012521
149060,6,0,3,3,RETURN_ALIGNED,0.0056367668419779,0.7939147374240162,0.0070999649905024
149060,6,0,4,1,NATIVE,0.1831901917496747,0.734380255774333,0.249448688617648
149060,6,0,4,1,RETURN_ALIGNED,0.2544111005828821,0.7274969976413678,0.3497074234088227
149060,6,0,4,2,NATIVE,-0.0076284501375974,-0.5068774555977088,0.0150498903695652
149060,6,0,4,2,RETURN_ALIGNED,0.01304203356261,0.5761891395554093,0.022634986790309
149060,6,0,4,3,NATIVE,-0.0007694623728607,-0.5155706953948063,0.0014924478439215
149060,6,0,4,3,RETURN_ALIGNED,0.0023948958193692,0.61562411767121,0.0038901916777955
149060,6,0,5,1,NATIVE,0.1579894438720191,0.7274628914334224,0.2171786983672772
149060,6,0,5,1,RETURN_ALIGNED,0.2308495825863679,0.8548606989576543,0.2700435086884126
149060,6,0,5,2,NATIVE,-0.0032478627885532,-0.1109041088789525,0.0292853242442803
149060,6,0,5,2,RETURN_ALIGNED,0.0137038913399191,0.4964856374193567,0.0276017880619951
149060,6,0,5,3,NATIVE,-0.0011613901764574,-0.3763478218064392,0.0030859489788156
149060,6,0,5,3,RETURN_ALIGNED,0.0012196067466003,0.6012818265511094,0.0020283446008619
149060,6,0,7,1,NATIVE,0.1949061822924444,0.6177991282530552,0.315484715628392
149060,6,0,7,1,RETURN_ALIGNED,0.3594824786266956,0.8705313496164931,0.4129460458661118
149060,6,0,7,2,NATIVE,0.0196225843576575,0.7580403137636454,0.0258859377279879
149060,6,0,7,2,RETURN_ALIGNED,0.0453008299973662,0.8312584490009433,0.05449668517839
149060,6,0,7,3,NATIVE,0.0027290668503762,0.6280776475910432,0.0043451106086411
149060,6,0,7,3,RETURN_ALIGNED,0.007597836796431,0.8631720740829779,0.0088022273003193
149061,0,2,1,1,NATIVE,0.2017340219839842,0.9228262675178702,0.2186045511324488
149061,0,2,1,1,RETURN_ALIGNED,0.3740515262818509,0.9380793382248545,0.3987418878553169
149061,0,2,1,2,NATIVE,0.0271295910507018,0.960816859729976,0.0282359648209291
149061,0,2,1,2,RETURN_ALIGNED,0.0930370866206318,0.929698673383001,0.1000723022246308
149061,0,2,1,3,NATIVE,0.0032182348111454,0.9621461521993132,0.0033448502639411
149061,0,2,1,3,RETURN_ALIGNED,0.021162675401925,0.925138237864938,0.0228751493947043
149061,0,2,3,1,NATIVE,-0.0505989041957695,-0.3191889674445162,0.1585233493527789
149061,0,2,3,1,RETURN_ALIGNED,0.0837076665913245,0.3400300655085965,0.2461772504325764
149061,0,2,3,2,NATIVE,-0.0172839217493823,-0.5792057386915459,0.0298407294589006
149061,0,2,3,2,RETURN_ALIGNED,0.0617585015720958,0.8304959190074694,0.074363401623745
149061,0,2,3,3,NATIVE,-0.001695769024896,-0.6495095249978725,0.0026108455066475
149061,0,2,3,3,RETURN_ALIGNED,0.0058936973947846,0.720817257919966,0.0081764099430112
149061,0,2,4,1,NATIVE,0.2521836500938612,0.8733681411769861,0.2887483962421542
149061,0,2,4,1,RETURN_ALIGNED,0.4168936856491959,0.8776978854828413,0.4749854050518089
149061,0,2,4,2,NATIVE,0.0438719626857658,0.9373737239522928,0.046803064311158
149061,0,2,4,2,RETURN_ALIGNED,0.1238071034023404,0.9349203404210584,0.1324252966263922
149061,0,2,4,3,NATIVE,0.0062490530798542,0.9603758880150636,0.006506882521501
149061,0,2,4,3,RETURN_ALIGNED,0.0306474287467791,0.8765992973557011,0.0349617309062154
149061,0,2,5,1,NATIVE,0.2437750584839682,0.9458963661273844,0.2577185696166713
149061,0,2,5,1,RETURN_ALIGNED,0.4229119756151959,0.9381972376030971,0.4507708599693178
149061,0,2,5,2,NATIVE,0.032556839144076,0.9641184659093164,0.0337685049039604
149061,0,2,5,2,RETURN_ALIGNED,0.1021165987317096,0.9205407724620036,0.1109310980963725
149061,0,2,5,3,NATIVE,0.0044073734752499,0.97416253306198,0.0045242691292698
149061,0,2,5,3,RETURN_ALIGNED,0.0256090611699277,0.910595753983617,0.0281234137737526
149061,0,2,6,1,NATIVE,0.1971169485385017,0.8896139263645021,0.2215758349737203
149061,0,2,6,1,RETURN_ALIGNED,0.3442864638918177,0.8041580731505257,0.4281328203831218
149061,0,2,6,2,NATIVE,0.0240883813807396,0.8958596535140043,0.0268885659558226
149061,0,2,6,2,RETURN_ALIGNED,0.102616332862457,0.9309039337113189,0.1102329995032699
149061,0,2,6,3,NATIVE,0.0033468717277033,0.9546681016053122,0.0035057961211624
149061,0,2,6,3,RETURN_ALIGNED,0.0248242620340922,0.8679905930866545,0.0285996901714427
149061,0,2,7,1,NATIVE,0.0735391606231854,0.7019438439648318,0.1047650196742218
149061,0,2,7,1,RETURN_ALIGNED,0.1073682212525834,0.7062166953357993,0.1520329694294756
149061,0,2,7,2,NATIVE,0.0130440668485966,0.7389648340563911,0.0176518100015301
149061,0,2,7,2,RETURN_ALIGNED,0.0340734128345132,0.876937999669573,0.0388549850129969
149061,0,2,7,3,NATIVE,0.0014668805486466,0.7657028391471382,0.0019157308470485
149061,0,2,7,3,RETURN_ALIGNED,0.0050441763822856,0.8101075184292352,0.0062265517446934
149061,2,4,0,1,NATIVE,0.2247665346535898,0.733781877140839,0.3063124637656282
149061,2,4,0,1,RETURN_ALIGNED,0.4409901618858063,0.812050524206911,0.5430575422834548
149061,2,4,0,2,NATIVE,0.0452860041804738,0.8720483355815235,0.0519306124817503
149061,2,4,0,2,RETURN_ALIGNED,0.1594073989278426,0.917718697710355,0.1736996307534333
149061,2,4,0,3,NATIVE,0.0049433840458219,0.7606573749390476,0.0064988314169463
149061,2,4,0,3,RETURN_ALIGNED,0.0386403621976979,0.872176845682433,0.0443033570415685
149061,2,4,1,1,NATIVE,0.2163662192379258,0.7716323131693944,0.2804006721144382
149061,2,4,1,1,RETURN_ALIGNED,0.4192094915549824,0.8020259100611543,0.5226882153009378
149061,2,4,1,2,NATIVE,0.0358953415078989,0.855960025790951,0.0419357685245991
149061,2,4,1,2,RETURN_ALIGNED,0.1403060663786438,0.9230724330088358,0.1519989779364166
149061,2,4,1,3,NATIVE,0.0044457662303188,0.8341590122038366,0.0053296387921884
149061,2,4,1,3,RETURN_ALIGNED,0.0345826634220289,0.8730463514578264,0.0396114861075338
149061,2,4,3,1,NATIVE,0.2293294141070762,0.5816434814848765,0.3942783189481185
149061,2,4,3,1,RETURN_ALIGNED,0.4046800357914983,0.7073702031817756,0.5720908711890248
149061,2,4,3,2,NATIVE,0.0889126218472725,0.7132673145991156,0.1246553992122077
149061,2,4,3,2,RETURN_ALIGNED,0.2178307070069647,0.7860741593775517,0.2771121584490553
149061,2,4,3,3,NATIVE,0.0029502486606923,0.1929827022232211,0.0152876326551422
149061,2,4,3,3,RETURN_ALIGNED,0.0187671400832678,0.310675741872222,0.0604074845679916
149061,2,4,5,1,NATIVE,0.1504792467525313,0.8849970712747158,0.1700336098692185
149061,2,4,5,1,RETURN_ALIGNED,0.2498272496066603,0.8670889104808118,0.2881218368576795
149061,2,4,5,2,NATIVE,0.0214530063823168,0.9395145132957344,0.0228341404828897
149061,2,4,5,2,RETURN_ALIGNED,0.0648314430023929,0.9016521045962156,0.0719029464600634
149061,2,4,5,3,NATIVE,0.0025641669872095,0.9250610324236274,0.0027718895265563
149061,2,4,5,3,RETURN_ALIGNED,0.0136473086959225,0.877147615796571,0.0155587365799544
149061,2,4,6,1,NATIVE,0.0968937320633686,0.8356911591118614,0.1159444263671915
149061,2,4,6,1,RETURN_ALIGNED,0.1714569000193465,0.8039164561208473,0.2132770124481234
149061,2,4,6,2,NATIVE,0.0131800400776476,0.960725670612496,0.0137188382498685
149061,2,4,6,2,RETURN_ALIGNED,0.048765360031476,0.9041814354975451,0.0539331577899796
149061,2,4,6,3,NATIVE,0.0013738165520625,0.9203853518868148,0.0014926536468989
149061,2,4,6,3,RETURN_ALIGNED,0.0091095060589023,0.8651087702518888,0.0105298967853889
149061,2,4,7,1,NATIVE,0.2140368611029702,0.7416614188947919,0.28859106817484
149061,2,4,7,1,RETURN_ALIGNED,0.3720555382176237,0.8328558501783242,0.4467226088859346
149061,2,4,7,2,NATIVE,0.0430834512026457,0.7877883295880732,0.0546891209025785
149061,2,4,7,2,RETURN_ALIGNED,0.1179183696443159,0.8922764853130387,0.132154518902037
149061,2,4,7,3,NATIVE,0.0054471326777087,0.8129712322258662,0.0067002772811523
149061,2,4,7,3,RETURN_ALIGNED,0.0219755276589225,0.8424076207945934,0.0260865727187933
149061,4,6,0,1,NATIVE,0.214407017190997,0.8870352894324323,0.2417119360923903
149061,4,6,0,1,RETURN_ALIGNED,0.3857716391967212,0.9375179938068942,0.4114818507431995
149061,4,6,0,2,NATIVE,0.0317485990949871,0.9496054270837222,0.0334334642467985
149061,4,6,0,2,RETURN_ALIGNED,0.0948004273909154,0.9076106667286948,0.1044505434610955
149061,4,6,0,3,NATIVE,0.0038905690515927,0.9324694462713404,0.0041723287203967
149061,4,6,0,3,RETURN_ALIGNED,0.0223158282889071,0.9177531757221332,0.0243157189527852
149061,4,6,1,1,NATIVE,0.2224723484505514,0.9231925903949066,0.2409815143288545
149061,4,6,1,1,RETURN_ALIGNED,0.413093658986327,0.9425667673059778,0.4382646124550031
149061,4,6,1,2,NATIVE,0.0295575956758378,0.9662881452227868,0.0305888008892096
149061,4,6,1,2,RETURN_ALIGNED,0.0997737810400631,0.9225822599330028,0.1081462167365929
149061,4,6,1,3,NATIVE,0.0035501889787748,0.9633231058307152,0.0036853564056229
149061,4,6,1,3,RETURN_ALIGNED,0.0231403997048158,0.9226364268451832,0.0250807349802185
149061,4,6,2,1,NATIVE,0.1273146221514835,0.6995176173465802,0.1820034535147191
149061,4,6,2,1,RETURN_ALIGNED,0.3196837976062968,0.8964832392140335,0.3565976290717396
149061,4,6,2,2,NATIVE,0.0194337061928811,0.9712314472907696,0.0200093461214151
149061,4,6,2,2,RETURN_ALIGNED,0.0794629798419785,0.8922544308345711,0.08905865535195
149061,4,6,2,3,NATIVE,0.0020782245562738,0.8998004900749785,0.0023096503937915
149061,4,6,2,3,RETURN_ALIGNED,0.0177029960694499,0.9071993602864772,0.0195138983164864
149061,4,6,3,1,NATIVE,-0.0310038826762474,-0.1929938598009974,0.1606469900555917
149061,4,6,3,1,RETURN_ALIGNED,0.0535373856293521,0.2423369565612127,0.2209212593450289
149061,4,6,3,2,NATIVE,-0.0115816954261779,-0.400205646781692,0.0289393603495614
149061,4,6,3,2,RETURN_ALIGNED,0.0489375416887871,0.8422266974918248,0.058104951831207
149061,4,6,3,3,NATIVE,-0.001266264868765,-0.4869412851820739,0.0026004467217529
149061,4,6,3,3,RETURN_ALIGNED,0.0027535556379939,0.6532119358356261,0.0042154092521826
149061,4,6,5,1,NATIVE,0.2247864238596871,0.949638230528202,0.2367074288222865
149061,4,6,5,1,RETURN_ALIGNED,0.3852480585238654,0.934603898475243,0.4122046346611313
149061,4,6,5,2,NATIVE,0.0295558582692389,0.959304178841296,0.0308096836447859
149061,4,6,5,2,RETURN_ALIGNED,0.0942074411239758,0.9260290164100652,0.1017327097256344
149061,4,6,5,3,NATIVE,0.0038069984534779,0.9760394418398516,0.0039004555454009
149061,4,6,5,3,RETURN_ALIGNED,0.0226435314966085,0.913242551006367,0.0247946522768067
149061,4,6,7,1,NATIVE,0.0717489168568756,0.6579825317598798,0.1090438019151687
149061,4,6,7,1,RETURN_ALIGNED,0.1047398890204966,0.6618038272147565,0.1582642540181301
149061,4,6,7,2,NATIVE,0.011922639615588,0.6785333992436016,0.0175711904953537
149061,4,6,7,2,RETURN_ALIGNED,0.031987220988516,0.8687121645280291,0.0368214263534239
149061,4,6,7,3,NATIVE,0.0013038261042192,0.6838200990213621,0.0019066799967812
149061,4,6,7,3,RETURN_ALIGNED,0.0040132340266872,0.774260590659439,0.005183311762321
149061,6,0,1,1,NATIVE,0.2119584177415074,0.7688017649656217,0.2756997023166007
149061,6,0,1,1,RETURN_ALIGNED,0.4186922377882758,0.808681438922586,0.5177468130665848
149061,6,0,1,2,NATIVE,0.0336257200573873,0.8448195351262396,0.0398022520304832
149061,6,0,1,2,RETURN_ALIGNED,0.135892244121326,0.92026096224908,0.1476670745537158
149061,6,0,1,3,NATIVE,0.0037638951321398,0.7914207413242335,0.0047558712270097
149061,6,0,1,3,RETURN_ALIGNED,0.0315046596722078,0.8747467583795308,0.0360157489815129
149061,6,0,2,1,NATIVE,0.0871360650117783,0.4042666755391974,0.215541053181168
149061,6,0,2,1,RETURN_ALIGNED,0.2872499128264927,0.6730663765304605,0.4267779863067923
149061,6,0,2,2,NATIVE,0.021694426291468,0.6728220982941446,0.0322439265095946
149061,6,0,2,2,RETURN_ALIGNED,0.1235140675836684,0.8758663761344713,0.1410193049409376
149061,6,0,2,3,NATIVE,0.0014057239099031,0.4564969384356492,0.003079372042891
149061,6,0,2,3,RETURN_ALIGNED,0.0218803029558904,0.8345257506837175,0.0262188469773762
149061,6,0,3,1,NATIVE,0.1553119307931069,0.4410138320921932,0.3521702030438276
149061,6,0,3,1,RETURN_ALIGNED,0.3580344879007596,0.7929852057283695,0.4515021028315427
149061,6,0,3,2,NATIVE,0.0692691633843493,0.5576233728421459,0.1242221304866221
149061,6,0,3,2,RETURN_ALIGNED,0.1388952743030677,0.7684526894879177,0.1807466825246465
149061,6,0,3,3,NATIVE,-0.0007119755756789,-0.0555410894262629,0.0128188982781132
149061,6,0,3,3,RETURN_ALIGNED,0.0203531243224371,0.8153137469986953,0.0249635485681102
149061,6,0,4,1,NATIVE,0.1470532296339373,0.8628423575964476,0.1704288487222227
149061,6,0,4,1,RETURN_ALIGNED,0.2248183311690734,0.8420833527328656,0.2669787146835888
149061,6,0,4,2,NATIVE,0.0239453428807679,0.9106178353219844,0.0262957103978633
149061,6,0,4,2,RETURN_ALIGNED,0.0623738803782297,0.907201975558995,0.0687541275908104
149061,6,0,4,3,NATIVE,0.0026588055257337,0.8709486181343946,0.0030527696701758
149061,6,0,4,3,RETURN_ALIGNED,0.0115246373438711,0.8592358008999662,0.0134126596352117
149061,6,0,5,1,NATIVE,0.1484205054597002,0.8822521051128235,0.1682291315595271
149061,6,0,5,1,RETURN_ALIGNED,0.2423460070593981,0.8599111107898749,0.2818268121187381
149061,6,0,5,2,NATIVE,0.0212236418234927,0.93119916822258,0.0227917319385014
149061,6,0,5,2,RETURN_ALIGNED,0.062468706520617,0.8997595338862384,0.0694282240620388
149061,6,0,5,3,NATIVE,0.0024726702843381,0.90156822398435,0.0027426324692343
149061,6,0,5,3,RETURN_ALIGNED,0.0125107985615402,0.8641339562950857,0.0144778462533414
149061,6,0,7,1,NATIVE,0.2548286927661004,0.8432939478371109,0.302182522973894
149061,6,0,7,1,RETURN_ALIGNED,0.417407730997726,0.8609990326223849,0.4847946573486327
149061,6,0,7,2,NATIVE,0.0475897826319122,0.8569790969453617,0.0555320226611827
149061,6,0,7,2,RETURN_ALIGNED,0.136392502570571,0.9021198395222716,0.1511911129707837
149061,6,0,7,3,NATIVE,0.0062454687719241,0.9192194138316012,0.0067943177414685
149061,6,0,7,3,RETURN_ALIGNED,0.0302790651025722,0.9129928869799856,0.0331646232234198
149062,0,2,1,1,NATIVE,0.207706679989817,0.8438164742209292,0.2461514871244651
149062,0,2,1,1,RETURN_ALIGNED,0.3566745043188176,0.8367449557514611,0.4262643017648461
149062,0,2,1,2,NATIVE,0.0030187346195918,0.3717693683867221,0.008119912170904
149062,0,2,1,2,RETURN_ALIGNED,0.0309615362124643,0.8052674950136038,0.0384487594534984
149062,0,2,1,3,NATIVE,-3.069124125037306e-05,-0.199948496866865,0.0001534957304213
149062,0,2,1,3,RETURN_ALIGNED,0.0024601208612348,0.6493775222140056,0.0037884293417733
149062,0,2,3,1,NATIVE,0.158264948482488,0.8531743036715141,0.1855013070615864
149062,0,2,3,1,RETURN_ALIGNED,0.2015171508315542,0.9057086294469652,0.2224966664550144
149062,0,2,3,2,NATIVE,0.0009727337849837,0.155437047877068,0.0062580562243126
149062,0,2,3,2,RETURN_ALIGNED,0.0073262548256411,0.4495171123272246,0.0162980554569592
149062,0,2,3,3,NATIVE,6.363951435808277e-05,0.6852230368794071,9.287416039526236e-05
149062,0,2,3,3,RETURN_ALIGNED,0.0007570823479673,0.7962323894901796,0.0009508308853243
149062,0,2,4,1,NATIVE,0.0499454753542092,0.3817640017151514,0.1308281428572633
149062,0,2,4,1,RETURN_ALIGNED,0.1572497042973163,0.7148804834919017,0.2199664250576758
149062,0,2,4,2,NATIVE,0.0030230304848967,0.6293119475278602,0.0048037074401101
149062,0,2,4,2,RETURN_ALIGNED,0.0199050017127613,0.9268082377074144,0.0214769365466683
149062,0,2,4,3,NATIVE,2.554881696863184e-05,0.4408336066713937,5.795569225062084e-05
149062,0,2,4,3,RETURN_ALIGNED,0.0004710854006646,0.6088921077559174,0.000773676312255
149062,0,2,5,1,NATIVE,0.1462307662573266,0.8044940738080986,0.1817673628905907
149062,0,2,5,1,RETURN_ALIGNED,0.309523608910364,0.8403129594245183,0.3683432528783554
149062,0,2,5,2,NATIVE,0.0030945942430885,0.4136670125631198,0.007480882324806
149062,0,2,5,2,RETURN_ALIGNED,0.0373184104881329,0.8212774806670883,0.0454394663992989
149062,0,2,5,3,NATIVE,5.205712680551682e-06,0.064449594978701,8.077184381637982e-05
149062,0,2,5,3,RETURN_ALIGNED,0.0017865461494671,0.7745766049602445,0.0023064809049176
149062,0,2,6,1,NATIVE,0.1873282608727563,0.8639298356496181,0.2168327254629516
149062,0,2,6,1,RETURN_ALIGNED,0.2373429480423853,0.8431716424989278,0.2814882950034766
149062,0,2,6,2,NATIVE,0.0091161627770104,0.685473221895415,0.0132990793588295
149062,0,2,6,2,RETURN_ALIGNED,0.0352364889295877,0.8262062902768822,0.0426485362596232
149062,0,2,6,3,NATIVE,-2.953939275526085e-05,-0.194234282199247,0.0001520812509573
149062,0,2,6,3,RETURN_ALIGNED,0.000905775140078,0.5524793151839775,0.0016394733970807
149062,0,2,7,1,NATIVE,0.1809304072383765,0.6065239798724636,0.2983070962442374
149062,0,2,7,1,RETURN_ALIGNED,0.202346795183832,0.6310562070683388,0.3206478169729729
149062,0,2,7,2,NATIVE,0.0020346721970357,0.4269334071723951,0.0047657835222069
149062,0,2,7,2,RETURN_ALIGNED,0.0075421603612105,0.6599440769500644,0.0114284840557763
149062,0,2,7,3,NATIVE,-5.2842772940127504e-05,-0.4055780594200381,0.0001302900182611
149062,0,2,7,3,RETURN_ALIGNED,0.0006976581643733,0.5301441712955497,0.0013159781846584
149062,2,4,0,1,NATIVE,0.0601706686383869,0.5587643960991744,0.1076852230714428
149062,2,4,0,1,RETURN_ALIGNED,0.1832448422725404,0.6958667439464925,0.26333323709828
149062,2,4,0,2,NATIVE,-0.0006250678137313,-0.260019226326874,0.002403929211334
149062,2,4,0,2,RETURN_ALIGNED,0.0092679972567603,0.5182399598650062,0.0178836021426542
149062,2,4,0,3,NATIVE,1.838570129843036e-05,0.3203382973099264,5.739463972254148e-05
149062,2,4,0,3,RETURN_ALIGNED,0.0009365996078346,0.6551568504808721,0.0014295807284492
149062,2,4,1,1,NATIVE,0.0943650457806125,0.5021096544490073,0.1879371267698107
149062,2,4,1,1,RETURN_ALIGNED,0.1992285479426679,0.7299689706347566,0.2729274201467982
149062,2,4,1,2,NATIVE,0.0004274921349528,0.1563018280495697,0.0027350424512924
149062,2,4,1,2,RETURN_ALIGNED,0.00438269337,0.5644353358869566,0.0077647395392628
149062,2,4,1,3,NATIVE,-1.4005673762649013e-05,-0.3331727591721412,4.2037271307373686e-05
149062,2,4,1,3,RETURN_ALIGNED,0.0005081302139792,0.7864089070034952,0.0006461399524272
149062,2,4,3,1,NATIVE,0.2626172184544906,0.9725246978737804,0.2700365543708002
149062,2,4,3,1,RETURN_ALIGNED,0.3129269181016069,0.9614487321008603,0.3254743676427669
149062,2,4,3,2,NATIVE,0.0085459684504357,0.6648252300130019,0.0128544586818783
149062,2,4,3,2,RETURN_ALIGNED,0.0400452221432494,0.941857627995336,0.0425172775079682
149062,2,4,3,3,NATIVE,0.0001833023196022,0.7868924781257327,0.0002329445553858
149062,2,4,3,3,RETURN_ALIGNED,0.0031925888252339,0.8892891144340461,0.0035900459953022
149062,2,4,5,1,NATIVE,0.0898383539536106,0.6670087365685564,0.1346884216475704
149062,2,4,5,1,RETURN_ALIGNED,0.2308589856977768,0.8382937542664137,0.2753915134435716
149062,2,4,5,2,NATIVE,0.0004408952614632,0.1408822912441732,0.003129529322299
149062,2,4,5,2,RETURN_ALIGNED,0.0075451183401589,0.5368464127038658,0.0140545194333604
149062,2,4,5,3,NATIVE,1.1286636430599578e-05,0.2873746257847135,3.927499285659557e-05
149062,2,4,5,3,RETURN_ALIGNED,0.000416458459614,0.8449801065902395,0.0004928618510686
149062,2,4,6,1,NATIVE,0.1426125500061552,0.8484837008167685,0.1680793041384555
149062,2,4,6,1,RETURN_ALIGNED,0.1975907464549087,0.8681843140315287,0.2275907814290271
149062,2,4,6,2,NATIVE,0.0011569710181194,0.1796636570666585,0.0064396497153139
149062,2,4,6,2,RETURN_ALIGNED,0.0081112957866536,0.5085142191184022,0.0159509714410931
149062,2,4,6,3,NATIVE,5.883497139956397e-05,0.4862307031660435,0.0001210021719901
149062,2,4,6,3,RETURN_ALIGNED,0.0005501928456744,0.7187967387651538,0.0007654359232104
149062,2,4,7,1,NATIVE,0.2664081301012014,0.9523726357089044,0.2797309793584446
149062,2,4,7,1,RETURN_ALIGNED,0.3087089956653723,0.934986351328752,0.33017486857054
149062,2,4,7,2,NATIVE,0.0070448452230318,0.658853424860524,0.0106925834439067
149062,2,4,7,2,RETURN_ALIGNED,0.03292507460006,0.9536195707326136,0.034526425012639
149062,2,4,7,3,NATIVE,0.0001393515660696,0.4963390383114162,0.000280758824525
149062,2,4,7,3,RETURN_ALIGNED,0.0026056289086652,0.667495113614133,0.003903592481858
149062,4,6,0,1,NATIVE,0.0650230628372445,0.3601141901910837,0.1805623455233235
149062,4,6,0,1,RETURN_ALIGNED,0.2167072632271551,0.6561148801145508,0.3302885970047714
149062,4,6,0,2,NATIVE,0.002011792711368,0.2191789070915507,0.0091787696977538
149062,4,6,0,2,RETURN_ALIGNED,0.0152204425572747,0.6368561732868546,0.0238993405325586
149062,4,6,0,3,NATIVE,-4.02345043884791e-05,-0.447295451766496,8.995062187540687e-05
149062,4,6,0,3,RETURN_ALIGNED,0.0003298821896671,0.6686906879648433,0.0004933255316639
149062,4,6,1,1,NATIVE,0.1919968994325602,0.8805234977112677,0.2180485812490269
149062,4,6,1,1,RETURN_ALIGNED,0.3385725085559334,0.8295743820105597,0.4081279700745228
149062,4,6,1,2,NATIVE,0.0033714572555068,0.4009810289219124,0.0084080218557988
149062,4,6,1,2,RETURN_ALIGNED,0.0345340834194075,0.8325588326535173,0.0414794511376386
149062,4,6,1,3,NATIVE,5.191922540624508e-06,0.0380612523027278,0.00013640965856
149062,4,6,1,3,RETURN_ALIGNED,0.0014442226563272,0.6906191872973373,0.0020911997246896
149062,4,6,2,1,NATIVE,0.1452703132145408,0.7632239309586858,0.1903377335561407
149062,4,6,2,1,RETURN_ALIGNED,0.2031119745015312,0.8420466493154786,0.2412122590435905
149062,4,6,2,2,NATIVE,0.0044436581406635,0.5257101578033946,0.0084526769637536
149062,4,6,2,2,RETURN_ALIGNED,0.0279433333453834,0.9266665406166998,0.0301546803734421
149062,4,6,2,3,NATIVE,5.989000327221516e-05,0.5564909861113083,0.0001076207963554
149062,4,6,2,3,RETURN_ALIGNED,0.0015651311653974,0.8687977522256635,0.0018014908085383
149062,4,6,3,1,NATIVE,0.1492803793001546,0.8738460486779298,0.1708314405334294
149062,4,6,3,1,RETURN_ALIGNED,0.1880797279962842,0.9049181878217164,0.2078416927932062
149062,4,6,3,2,NATIVE,0.0012010763319572,0.1703179897810633,0.0070519639966427
149062,4,6,3,2,RETURN_ALIGNED,0.0082438347665221,0.4767718150519817,0.017290944024262
149062,4,6,3,3,NATIVE,6.425005357152339e-05,0.7000832786497007,9.177487221923575e-05
149062,4,6,3,3,RETURN_ALIGNED,0.0007471911044733,0.8505595736137712,0.0008784700419515
149062,4,6,5,1,NATIVE,0.1438357563797462,0.7327591904847063,0.1962933501857245
149062,4,6,5,1,RETURN_ALIGNED,0.3059233291510885,0.8172849786904778,0.3743165935108147
149062,4,6,5,2,NATIVE,0.0027335918466687,0.3752657832368406,0.0072844153887859
149062,4,6,5,2,RETURN_ALIGNED,0.0352337901927632,0.8025192748358744,0.0439039799999803
149062,4,6,5,3,NATIVE,-4.677538051818013e-06,-0.055926392090146,8.363739948023974e-05
149062,4,6,5,3,RETURN_ALIGNED,0.0017195007182328,0.736148370107827,0.0023358072738209
149062,4,6,7,1,NATIVE,0.1346635449557247,0.4442111490111219,0.3031521051540847
149062,4,6,7,1,RETURN_ALIGNED,0.1551855522114765,0.525241499546347,0.2954556186923641
149062,4,6,7,2,NATIVE,0.0021815819724784,0.4436966293250101,0.0049168324216047
149062,4,6,7,2,RETURN_ALIGNED,0.0072146788671495,0.7120767453047173,0.0101318838378467
149062,4,6,7,3,NATIVE,-5.232324507246924e-05,-0.4034219601967364,0.000129698554051
149062,4,6,7,3,RETURN_ALIGNED,0.0007348337283206,0.6258006346764475,0.0011742297584098
149062,6,0,1,1,NATIVE,0.1257307172343765,0.5676084030850082,0.2215096121743416
149062,6,0,1,1,RETURN_ALIGNED,0.2414297411564382,0.7941861816918218,0.3039964012493648
149062,6,0,1,2,NATIVE,0.0010775747271351,0.244520618442406,0.0044068869689345
149062,6,0,1,2,RETURN_ALIGNED,0.0054971179816797,0.6136832248293528,0.0089575822819578
149062,6,0,1,3,NATIVE,-2.029323143154417e-05,-0.4299812997281914,4.719561364143488e-05
149062,6,0,1,3,RETURN_ALIGNED,0.0004224267804432,0.8189487571260281,0.0005158158877556
149062,6,0,2,1,NATIVE,0.1526669834105091,0.6327863479616007,0.2412614998762553
149062,6,0,2,1,RETURN_ALIGNED,0.2080163966127315,0.737050949325661,0.2822279746101207
149062,6,0,2,2,NATIVE,0.0028759590458705,0.4528312594798536,0.0063510612078234
149062,6,0,2,2,RETURN_ALIGNED,0.015987064601751,0.8307252554176878,0.0192447075580176
149062,6,0,2,3,NATIVE,-1.9676807229730585e-05,-0.1463433561190693,0.0001344564431451
149062,6,0,2,3,RETURN_ALIGNED,0.0008566388751744,0.5574041744567234,0.0015368361309359
149062,6,0,3,1,NATIVE,0.2281316697812068,0.9267513560264096,0.2461627580014938
149062,6,0,3,1,RETURN_ALIGNED,0.2755176867937311,0.9339275594184934,0.2950096975028405
149062,6,0,3,2,NATIVE,0.0045849537943,0.4017368758435842,0.0114128278227105
149062,6,0,3,2,RETURN_ALIGNED,0.0203445837139851,0.575344121042223,0.0353607223391153
149062,6,0,3,3,NATIVE,0.0001284285546117,0.621504944551201,0.0002066412424377
149062,6,0,3,3,RETURN_ALIGNED,0.002061534691031,0.7169807776887052,0.0028752998049468
149062,6,0,4,1,NATIVE,0.037528631711066,0.250127091340161,0.1500382525936411
149062,6,0,4,1,RETURN_ALIGNED,0.1942742947253648,0.5971344763151409,0.3253442941765819
149062,6,0,4,2,NATIVE,0.0014926489112505,0.5390538776341418,0.0027690161837211
149062,6,0,4,2,RETURN_ALIGNED,0.0154782147148713,0.7082678589411721,0.021853617270976
149062,6,0,4,3,NATIVE,-1.299751689182822e-05,-0.2026257691311873,6.414542843417308e-05
149062,6,0,4,3,RETURN_ALIGNED,0.0010373994972651,0.595950248349778,0.0017407484933314
149062,6,0,5,1,NATIVE,0.1028863640661797,0.7221989788331842,0.1424626274497679
149062,6,0,5,1,RETURN_ALIGNED,0.2401842263136372,0.8369281301933299,0.2869830964554755
149062,6,0,5,2,NATIVE,0.0008638481239339,0.1896510008823417,0.0045549357495949
149062,6,0,5,2,RETURN_ALIGNED,0.0130603899617896,0.5755105851816943,0.0226935703666719
149062,6,0,5,3,NATIVE,1.5875004082593157e-05,0.3844076237300742,4.1297318299130943e-05
149062,6,0,5,3,RETURN_ALIGNED,0.0007840743368271,0.8837876327295586,0.0008871750492836
149062,6,0,7,1,NATIVE,0.2506386599232652,0.8844144830310916,0.2833950197921998
149062,6,0,7,1,RETURN_ALIGNED,0.288931732906921,0.8713598725588787,0.3315871455708433
149062,6,0,7,2,NATIVE,0.0037372745604509,0.5435217490012632,0.006876034983284
149062,6,0,7,2,RETURN_ALIGNED,0.0179340269939417,0.8426478221602783,0.0212829446918247
149062,6,0,7,3,NATIVE,0.0001137024750852,0.4729591692557949,0.0002404065334093
149062,6,0,7,3,RETURN_ALIGNED,0.0020102646812445,0.6402639009703389,0.0031397439043049
149063,0,2,1,1,NATIVE,0.2304319362263091,0.8463332873198166,0.2722709122737599
149063,0,2,1,1,RETURN_ALIGNED,0.4465501753050501,0.8822760142154193,0.5061343254379237
149063,0,2,1,2,NATIVE,0.0197557821323611,0.8804723002974697,0.0224377099940661
149063,0,2,1,2,RETURN_ALIGNED,0.0686326750549983,0.8446438477899749,0.081256348736979
149063,0,2,1,3,NATIVE,0.0008486444761453,0.7440574684602205,0.0011405630766835
149063,0,2,1,3,RETURN_ALIGNED,0.0061387243209362,0.748814657827864,0.0081979222175679
149063,0,2,3,1,NATIVE,0.2080171843517972,0.7848429747091586,0.2650430609114563
149063,0,2,3,1,RETURN_ALIGNED,0.3965267759200839,0.891282479649836,0.4448946153141522
149063,0,2,3,2,NATIVE,0.0226453002196968,0.7184622288016861,0.0315191241956041
149063,0,2,3,2,RETURN_ALIGNED,0.0875514895656408,0.7310102577021438,0.1197677989370783
149063,0,2,3,3,NATIVE,-2.424697884089393e-05,-0.0318234349295045,0.0007619221146486
149063,0,2,3,3,RETURN_ALIGNED,0.003724216489021,0.570164717922246,0.0065318255793183
149063,0,2,4,1,NATIVE,0.1187749891888546,0.4074288391704632,0.2915232741760034
149063,0,2,4,1,RETURN_ALIGNED,0.2453621041280522,0.5396557421572236,0.4546641218845951
149063,0,2,4,2,NATIVE,0.0036042045984115,0.2090517683588082,0.0172407276269368
149063,0,2,4,2,RETURN_ALIGNED,0.0162911898317557,0.2914067774976093,0.0559053223517104
149063,0,2,4,3,NATIVE,-5.0229920584992666e-05,-0.1409357418360609,0.000356402995394
149063,0,2,4,3,RETURN_ALIGNED,0.0015895911993623,0.5359323276436846,0.0029660296967205
149063,0,2,5,1,NATIVE,0.1964179682229845,0.800963100596524,0.2452272371556339
149063,0,2,5,1,RETURN_ALIGNED,0.406465882628826,0.8846395252738105,0.4594706329710339
149063,0,2,5,2,NATIVE,0.0145162631177355,0.8267740065152199,0.017557715896969
149063,0,2,5,2,RETURN_ALIGNED,0.0632690699023098,0.8522586792907719,0.0742369323297793
149063,0,2,5,3,NATIVE,0.0010727926785179,0.8236841559105069,0.0013024320907825
149063,0,2,5,3,RETURN_ALIGNED,0.0085126089102897,0.6878194403715064,0.0123762260989717
149063,0,2,6,1,NATIVE,0.3872023210226176,0.8761982885440289,0.4419117522655306
149063,0,2,6,1,RETURN_ALIGNED,0.4873848894809612,0.8442428165621816,0.5773041593241823
149063,0,2,6,2,NATIVE,0.0202674767498871,0.7221583333604106,0.0280651427996163
149063,0,2,6,2,RETURN_ALIGNED,0.0381640582175302,0.8126208027805293,0.0469641659267525
149063,0,2,6,3,NATIVE,0.0003522979328238,0.4555476967042087,0.0007733502667538
149063,0,2,6,3,RETURN_ALIGNED,0.0013795343111234,0.6513910656105755,0.0021178281125895
149063,0,2,7,1,NATIVE,0.1407362188671388,0.3817850622344557,0.3686268342806132
149063,0,2,7,1,RETURN_ALIGNED,0.3598163528225339,0.7791953478845332,0.4617793904947829
149063,0,2,7,2,NATIVE,0.0126808032715534,0.5271367656776214,0.0240560023453125
149063,0,2,7,2,RETURN_ALIGNED,0.0367849607432194,0.8911261470217012,0.0412791846204656
149063,0,2,7,3,NATIVE,0.0002432589089086,0.3973922313845716,0.0006121380582278
149063,0,2,7,3,RETURN_ALIGNED,0.0008341468892786,0.6856876761291952,0.0012165114209558
149063,2,4,0,1,NATIVE,0.2122231121169896,0.7696745900043733,0.2757309580864266
149063,2,4,0,1,RETURN_ALIGNED,0.3563063550378819,0.8175157424085137,0.4358403594625554
149063,2,4,0,2,NATIVE,-0.0016452767156778,-0.1046382044909229,0.015723480000158
149063,2,4,0,2,RETURN_ALIGNED,0.018280504419281,0.4634399419622365,0.0394452501038084
149063,2,4,0,3,NATIVE,-0.0001173335285093,-0.2957987453703101,0.0003966667547341
149063,2,4,0,3,RETURN_ALIGNED,0.0011210139528474,0.6711558104872132,0.0016702737800058
149063,2,4,1,1,NATIVE,0.1689208203531344,0.5469548978287575,0.3088386648033138
149063,2,4,1,1,RETURN_ALIGNED,0.2961811475405899,0.7139644507726806,0.4148401887796714
149063,2,4,1,2,NATIVE,0.0081813814313656,0.5383146758512404,0.0151981393007622
149063,2,4,1,2,RETURN_ALIGNED,0.02128035022435,0.8179047018285114,0.0260181292228475
149063,2,4,1,3,NATIVE,0.0001038061473131,0.3587788348794649,0.0002893318590721
149063,2,4,1,3,RETURN_ALIGNED,0.0003889725280732,0.648847690374562,0.0005994820260658
149063,2,4,3,1,NATIVE,0.4563620688379837,0.9570897632781372,0.4768226412482119
149063,2,4,3,1,RETURN_ALIGNED,0.6413137922712872,0.8810514221883664,0.727895984411832
149063,2,4,3,2,NATIVE,0.0332249216413422,0.8438611247164727,0.0393724994169721
149063,2,4,3,2,RETURN_ALIGNED,0.0959733917210097,0.8641810496870977,0.1110570426825995
149063,2,4,3,3,NATIVE,0.0024136226632339,0.8389690319514143,0.002876891243619
149063,2,4,3,3,RETURN_ALIGNED,0.0119365239223022,0.8178313528736397,0.0145953366532982
149063,2,4,5,1,NATIVE,0.0657121592724032,0.5678585111386939,0.1157192469310971
149063,2,4,5,1,RETURN_ALIGNED,0.2046673437068286,0.8767944728274301,0.2334268178571014
149063,2,4,5,2,NATIVE,0.0060610714373123,0.5872578208009704,0.0103209718500441
149063,2,4,5,2,RETURN_ALIGNED,0.0362851508664189,0.7196387786942972,0.0504213390669798
149063,2,4,5,3,NATIVE,5.325050402194765e-07,0.0019479821125266,0.0002733623869679
149063,2,4,5,3,RETURN_ALIGNED,0.0015728397679878,0.5190670493760918,0.0030301283231782
149063,2,4,6,1,NATIVE,0.2325823480106441,0.8476339368756183,0.2743900850264534
149063,2,4,6,1,RETURN_ALIGNED,0.4287151024915945,0.9023843637950768,0.4750914573569921
149063,2,4,6,2,NATIVE,0.0255225872668491,0.8624678588639286,0.0295925082937761
149063,2,4,6,2,RETURN_ALIGNED,0.0828959699283845,0.7620290294574759,0.1087832178613392
149063,2,4,6,3,NATIVE,0.0007325928952744,0.4451849670094759,0.0016455921678393
149063,2,4,6,3,RETURN_ALIGNED,0.0057302544597557,0.6825408994455816,0.0083954741231142
149063,2,4,7,1,NATIVE,0.4261244438672802,0.934770677179492,0.4558598748015397
149063,2,4,7,1,RETURN_ALIGNED,0.5525124795486207,0.8650612406417324,0.6386975321408354
149063,2,4,7,2,NATIVE,0.0264641919805654,0.8183237756604391,0.0323395125100124
149063,2,4,7,2,RETURN_ALIGNED,0.0600200682971923,0.8824460518118049,0.0680155667007551
149063,2,4,7,3,NATIVE,0.0015326444798333,0.7409870508161579,0.0020683822710178
149063,2,4,7,3,RETURN_ALIGNED,0.0051475875517813,0.8562690143583468,0.0060116475832488
149063,4,6,0,1,NATIVE,0.006106749887741,0.0298535594609216,0.2045568434052372
149063,4,6,0,1,RETURN_ALIGNED,0.1995574455289717,0.6842627357641677,0.2916386281155894
149063,4,6,0,2,NATIVE,-0.0013532821029275,-0.1411614162993159,0.0095867705097713
149063,4,6,0,2,RETURN_ALIGNED,0.0189105806442239,0.5996295462633531,0.031537106138173
149063,4,6,0,3,NATIVE,2.98654316752768e-05,0.1016836989460018,0.0002937091389455
149063,4,6,0,3,RETURN_ALIGNED,0.0009458905932694,0.4313931494325855,0.0021926416644731
149063,4,6,1,1,NATIVE,0.2515362007358984,0.8557056971481709,0.29395176586306
149063,4,6,1,1,RETURN_ALIGNED,0.4701234677321987,0.8692750006437985,0.5408224869965654
149063,4,6,1,2,NATIVE,0.0147831258118245,0.8332456527393044,0.0177416176885154
149063,4,6,1,2,RETURN_ALIGNED,0.0613896012145727,0.8662442311914818,0.0708686984614394
149063,4,6,1,3,NATIVE,0.0009265389232754,0.8216749098485996,0.001127622264436
149063,4,6,1,3,RETURN_ALIGNED,0.0077560005371977,0.7879283079744267,0.009843535836876
149063,4,6,2,1,NATIVE,0.272334129492511,0.8401023313726779,0.324167805899898
149063,4,6,2,1,RETURN_ALIGNED,0.4825745178538667,0.865581303200005,0.557514951015908
149063,4,6,2,2,NATIVE,0.0140064655852289,0.7255341827841872,0.0193050388492905
149063,4,6,2,2,RETURN_ALIGNED,0.0572750881943543,0.7860700687305743,0.0728625735448156
149063,4,6,2,3,NATIVE,0.0002796534077693,0.3178636998324335,0.0008797903247952
149063,4,6,2,3,RETURN_ALIGNED,0.0024866026695731,0.5077379826975379,0.0048974131426559
149063,4,6,3,1,NATIVE,0.2143357745269958,0.7763236015104681,0.2760907617776118
149063,4,6,3,1,RETURN_ALIGNED,0.4088415710455182,0.8831862619607032,0.4629165881020929
149063,4,6,3,2,NATIVE,0.0151009806710259,0.6377995933689748,0.0236766859494704
149063,4,6,3,2,RETURN_ALIGNED,0.0696796260040908,0.7600075698585889,0.0916828052343113
149063,4,6,3,3,NATIVE,-9.157048449321844e-07,-0.0014086172784864,0.0006500735570845
149063,4,6,3,3,RETURN_ALIGNED,0.0028909197765498,0.5213628020137875,0.0055449291075879
149063,4,6,5,1,NATIVE,0.1787853604968496,0.7826934431858211,0.2284232250228902
149063,4,6,5,1,RETURN_ALIGNED,0.3826045889479765,0.8878453838866627,0.430936056988897
149063,4,6,5,2,NATIVE,0.0206260603713244,0.8966334293211886,0.0230038940064075
149063,4,6,5,2,RETURN_ALIGNED,0.0727075645318141,0.8068364627701334,0.0901143761917574
149063,4,6,5,3,NATIVE,0.0013309557053792,0.8616616530571259,0.0015446384307632
149063,4,6,5,3,RETURN_ALIGNED,0.009327915278603,0.7157173230956526,0.0130329600474366
149063,4,6,7,1,NATIVE,0.1447038133183381,0.4086335349163356,0.3541163437502518
149063,4,6,7,1,RETURN_ALIGNED,0.3424880156033936,0.7899060366971276,0.4335807041498415
149063,4,6,7,2,NATIVE,0.007901373201155,0.3816592577832988,0.0207026897421182
149063,4,6,7,2,RETURN_ALIGNED,0.0294903520734628,0.8166884082377907,0.0361096738681138
149063,4,6,7,3,NATIVE,0.0001818157930467,0.3397865143655595,0.0005350883138007
149063,4,6,7,3,RETURN_ALIGNED,0.0009923283728334,0.6345258053282995,0.0015638897022916
149063,6,0,1,1,NATIVE,0.2096550751790437,0.673144915679005,0.3114560777265586
149063,6,0,1,1,RETURN_ALIGNED,0.2989617412856815,0.791521218205523,0.3777052773940448
149063,6,0,1,2,NATIVE,0.0089729032661889,0.6078151987717695,0.0147625516508596
149063,6,0,1,2,RETURN_ALIGNED,0.0143604783730947,0.8634284667865961,0.0166319260081114
149063,6,0,1,3,NATIVE,0.000156585446506,0.4240929082840846,0.0003692243925932
149063,6,0,1,3,RETURN_ALIGNED,0.0003607901281224,0.6826937450403971,0.0005284802016663
149063,6,0,2,1,NATIVE,0.3849366256589758,0.8895431005790979,0.4327352158746634
149063,6,0,2,1,RETURN_ALIGNED,0.498872059521277,0.834671399134631,0.5976867783398981
149063,6,0,2,2,NATIVE,0.0160437109216244,0.7408854872205665,0.0216547782325907
149063,6,0,2,2,RETURN_ALIGNED,0.0379172337543573,0.8461414930594686,0.0448119304693647
149063,6,0,2,3,NATIVE,0.0006967497860934,0.6637370909595779,0.0010497376075862
149063,6,0,2,3,RETURN_ALIGNED,0.003017457789372,0.8488572117364104,0.0035547295203998
149063,6,0,3,1,NATIVE,0.4126731651367564,0.9637522344860948,0.4281942499015213
149063,6,0,3,1,RETURN_ALIGNED,0.589530382028055,0.8868920383927263,0.6647149331686336
149063,6,0,3,2,NATIVE,0.0308412463958297,0.865198195017181,0.0356464525389401
149063,6,0,3,2,RETURN_ALIGNED,0.0873297248185067,0.8546947327849866,0.1021765098909668
149063,6,0,3,3,NATIVE,0.001349707680964,0.5927608629631668,0.0022769851462995
149063,6,0,3,3,RETURN_ALIGNED,0.0073482915030229,0.8030410203481126,0.0091505805007445
149063,6,0,4,1,NATIVE,-0.0435338324405111,-0.2335016889357732,0.1864390473528873
149063,6,0,4,1,RETURN_ALIGNED,0.227011512213947,0.8075901538354272,0.2810974243998754
149063,6,0,4,2,NATIVE,0.0020065090205006,0.1612441904543757,0.0124439151250145
149063,6,0,4,2,RETURN_ALIGNED,0.0235547509649901,0.6752291869804996,0.0348840829437123
149063,6,0,4,3,NATIVE,0.0001722706608465,0.3194131173946452,0.0005393349592356
149063,6,0,4,3,RETURN_ALIGNED,0.0019248341620219,0.8397753767762259,0.0022920821623676
149063,6,0,5,1,NATIVE,0.0700719224881225,0.5512989612615196,0.1271033094779584
149063,6,0,5,1,RETURN_ALIGNED,0.2281073843116086,0.8759191611661938,0.2604205895072283
149063,6,0,5,2,NATIVE,0.0060924926179194,0.5406124624020086,0.0112696118597245
149063,6,0,5,2,RETURN_ALIGNED,0.0423844004505352,0.746385635157447,0.0567861953043043
149063,6,0,5,3,NATIVE,1.2110498590967006e-05,0.0323347350039901,0.0003745352663062
149063,6,0,5,3,RETURN_ALIGNED,0.0020674067834317,0.5402412989697261,0.0038268210654868
149063,6,0,7,1,NATIVE,0.4517514981325574,0.8952493924038891,0.5046096673904895
149063,6,0,7,1,RETURN_ALIGNED,0.5801234724694718,0.8686411327257823,0.6678517176005574
149063,6,0,7,2,NATIVE,0.0293391770665565,0.8009644828183096,0.0366298103042967
149063,6,0,7,2,RETURN_ALIGNED,0.062468258374646,0.8818138973089954,0.0708406371965872
149063,6,0,7,3,NATIVE,0.0010678186332041,0.6439632680579465,0.0016581980458883
149063,6,0,7,3,RETURN_ALIGNED,0.0044367907146011,0.7890135033765818,0.0056232126510129
