seed,angle_deg,q_index,alignment2,measured_m_norm,predicted_m_norm,shuffled_predicted_m_norm,vector_cos_pred_measured,vector_cos_shuffled_measured,sigma_loop
168000,0.0,0,1.0,0.0025711316931982,0.0025700427268131,0.0018557259070389,0.9999998715479568,0.7954392396135488,0.0844671234232298
168000,0.0,1,1.0,0.0025711316931982,0.0025700427268131,0.0011314752577787,0.9999998715479568,0.1300698014409375,0.0844671234232298
168000,0.0,2,1.0,0.0025711316931982,0.0025700427268131,0.0016759964074208,0.9999998715479568,-0.488970882328358,0.0844671234232298
168000,0.0,3,1.0,0.0025711316931982,0.0025700427268131,0.001626155572483,0.9999998715479568,0.0729277706494921,0.0844671234232298
168000,22.5,0,0.8535533905932737,0.0023859000376949,0.0023847629335837,0.0016200635142985,0.9999998839487834,-0.653823988477903,0.0844671234232298
168000,22.5,1,0.8535533905932737,0.0023187495092682,0.0023177977099568,0.0018054001970144,0.999999775652524,-0.5967402548648832,0.0844671234232298
168000,22.5,2,0.8535533905932737,0.0022550888825216,0.0022541192774175,0.0014343787594931,0.999999712339443,-0.1385384161164489,0.0844671234232298
168000,22.5,3,0.8535533905932737,0.002601684912772,0.0026006794518195,0.000925463644854,0.9999999243420332,0.341620669300801,0.0844671234232298
168000,45.0,0,0.5000000000000001,0.0023413477886597,0.002341030294159,0.0016260973872003,0.999999964607404,-0.1904692020090397,0.0844671234232298
168000,45.0,1,0.5000000000000001,0.0016395688980072,0.0016393854278357,0.0010866767891322,0.999999945112234,0.1191586283154929,0.0844671234232298
168000,45.0,2,0.5000000000000001,0.0020292585068497,0.0020282425160691,0.0009433961681225,0.9999999314310412,0.6086511762567071,0.0844671234232298
168000,45.0,3,0.5000000000000001,0.0016121473373717,0.0016111214832694,0.0014081711712409,0.9999997149059942,0.4346483777971814,0.0844671234232298
168000,67.5,0,0.1464466094067263,0.0015931569965419,0.0015932583855572,0.0013718610897836,0.9999999953844184,-0.1059331697855496,0.0844671234232298
168000,67.5,1,0.1464466094067263,0.0014243426369395,0.0014239518337129,0.0019807630520717,0.9999997244642184,-0.2495082691660485,0.0844671234232298
168000,67.5,2,0.1464466094067263,0.0013530713432412,0.0013528154146261,0.0016306066824713,0.9999998858697876,-0.0766446057985061,0.0844671234232298
168000,67.5,3,0.1464466094067263,0.0018404550442776,0.0018405362085908,0.0009240970134813,0.9999999799578676,0.3956089137768558,0.0844671234232298
168000,90.0,0,3.749399456654644e-33,0.0009912070561239,0.0009912507906638,0.0014355842922292,0.9999999526943636,-0.1237229533717874,0.0844671234232298
168000,90.0,1,3.749399456654644e-33,0.0010220507352559,0.0010220972813404,0.000824319922705,0.9999998146306304,-0.3653588787706217,0.0844671234232298
168000,90.0,2,3.749399456654644e-33,0.0010084222747428,0.0010083970974652,0.0012466351635977,0.9999999509506452,0.3480873960341885,0.0844671234232298
168000,90.0,3,3.749399456654644e-33,0.0009652026349017,0.0009650409235552,0.0015454139872548,0.9999998659000298,-0.2895731355528818,0.0844671234232298
168001,0.0,0,1.0,0.0023875449611417,0.002387452099126,0.0015471393232158,0.9999999551275256,0.407323931342911,0.0811043663546662
168001,0.0,1,1.0,0.0023875449611417,0.002387452099126,0.001083285120065,0.9999999551275256,0.6338447727511716,0.0811043663546662
168001,0.0,2,1.0,0.0023875449611417,0.002387452099126,0.0011584473416982,0.9999999551275256,0.2890029473268923,0.0811043663546662
168001,0.0,3,1.0,0.0023875449611417,0.002387452099126,0.0006987587335248,0.9999999551275256,-0.0933134680636319,0.0811043663546662
168001,22.5,0,0.8535533905932737,0.0020524768238925,0.002052247857708,0.0008690015279282,0.9999999393388198,-0.0174784049556805,0.0811043663546662
168001,22.5,1,0.8535533905932737,0.0022295010051018,0.0022298314563769,0.001674423401841,0.99999972339073,0.3267174530196083,0.0811043663546662
168001,22.5,2,0.8535533905932737,0.0020956608160875,0.0020955968480218,0.0009237731103978,0.9999999579005928,-0.1464554727837259,0.0811043663546662
168001,22.5,3,0.8535533905932737,0.0022089130540425,0.0022088265569104,0.0013851602882022,0.9999999636705416,-0.3720757231103337,0.0811043663546662
168001,45.0,0,0.5000000000000001,0.0017934223008144,0.001793029306988,0.0007928602560053,0.9999999824791558,0.180243626238791,0.0811043663546662
168001,45.0,1,0.5000000000000001,0.0019470132621973,0.0019467484432548,0.0011481705904658,0.9999999795799784,0.2949820419613185,0.0811043663546662
168001,45.0,2,0.5000000000000001,0.0018999340751828,0.0018998200793769,0.0012234067385531,0.9999999698196236,0.3326827936917941,0.0811043663546662
168001,45.0,3,0.5000000000000001,0.0020579784638062,0.0020579911441811,0.0008016461299442,0.9999999639006344,-0.5468299054428919,0.0811043663546662
168001,67.5,0,0.1464466094067263,0.0013642039382297,0.0013643676934753,0.0010726110698677,0.9999999698363612,-0.1827078491974115,0.0811043663546662
168001,67.5,1,0.1464466094067263,0.001912544964835,0.0019126225244944,0.0009029537251795,0.9999999737977944,-0.0713361326790302,0.0811043663546662
168001,67.5,2,0.1464466094067263,0.0019243276807805,0.0019226921905075,0.0014412754246377,0.9999998182878248,0.6396905198809738,0.0811043663546662
168001,67.5,3,0.1464466094067263,0.0014611699013164,0.0014613466268256,0.0013463258667205,0.9999999018293648,-0.0280641342989781,0.0811043663546662
168001,90.0,0,3.749399456654644e-33,0.001808247906625,0.0018086076127856,0.0011455507418599,0.9999998912010554,0.5835434423837367,0.0811043663546662
168001,90.0,1,3.749399456654644e-33,0.0013868219345369,0.0013859213929063,0.0010875085007208,0.9999989333650952,0.2233992832171574,0.0811043663546662
168001,90.0,2,3.749399456654644e-33,0.0008519236980996,0.0008522815302586,0.0013571447588618,0.9999993034888794,-0.0589211143191845,0.0811043663546662
168001,90.0,3,3.749399456654644e-33,0.0009235373679375,0.0009231356137139,0.0016696277646131,0.9999994042491984,-0.0257469900439839,0.0811043663546662
168002,0.0,0,1.0,0.0092556436513745,0.0091881007547113,0.0048690840555547,0.9999847949678804,0.7266638245195204,0.1788866054539959
168002,0.0,1,1.0,0.0092556436513745,0.0091881007547113,0.0058099335205044,0.9999847949678804,0.8657703625903395,0.1788866054539959
168002,0.0,2,1.0,0.0092556436513745,0.0091881007547113,0.0061277371509369,0.9999847949678804,0.215149966782944,0.1788866054539959
168002,0.0,3,1.0,0.0092556436513745,0.0091881007547113,0.0042031836837556,0.9999847949678804,0.1716243470285801,0.1788866054539959
168002,22.5,0,0.8535533905932737,0.0083526410097295,0.0082957984290753,0.0046873287117317,0.99998735590029,0.5417215141370214,0.1788866054539959
168002,22.5,1,0.8535533905932737,0.0090333759964886,0.008975132664108,0.006641634699237,0.9999862992898216,0.7796977869605551,0.1788866054539959
168002,22.5,2,0.8535533905932737,0.0079369664895113,0.0078714496568375,0.0037276652428822,0.9999798357351593,-0.7592975399437102,0.1788866054539959
168002,22.5,3,0.8535533905932737,0.0091062241168001,0.0090292165181759,0.0039067063239227,0.999984665078052,-0.5343517411068391,0.1788866054539959
168002,45.0,0,0.5000000000000001,0.0071305115250915,0.0070890028477008,0.0029203633931881,0.9999831399368752,-0.4495772763828778,0.1788866054539959
168002,45.0,1,0.5000000000000001,0.0068219000188383,0.0067662932335047,0.0032367377617783,0.999988829051246,-0.0584417139438783,0.1788866054539959
168002,45.0,2,0.5000000000000001,0.0080897025739068,0.0080554257120767,0.0042249924955858,0.9999966805688604,0.9723874298634966,0.1788866054539959
168002,45.0,3,0.5000000000000001,0.0060226274825178,0.005962826283067,0.002817413348036,0.9999846639680432,-0.203409083882613,0.1788866054539959
168002,67.5,0,0.1464466094067263,0.0036014638727028,0.0035970462705837,0.0022681487188494,0.9999978719805894,0.3443600144639326,0.1788866054539959
168002,67.5,1,0.1464466094067263,0.0058247822538085,0.0058223049503577,0.0068919663069446,0.9999946685068514,0.0069485114587675,0.1788866054539959
168002,67.5,2,0.1464466094067263,0.0046179943989732,0.0046059617779697,0.0031662439185674,0.9999940691353004,0.5082824961918855,0.1788866054539959
168002,67.5,3,0.1464466094067263,0.0066080758958244,0.0065813684698519,0.0025808565108582,0.9999941508433094,0.2212288642025382,0.1788866054539959
168002,90.0,0,3.749399456654644e-33,0.0034604615159886,0.0034649883928777,0.0044014054886241,0.999993960372112,0.652493613430455,0.1788866054539959
168002,90.0,1,3.749399456654644e-33,0.0038606947235217,0.0038687762743521,0.0064138494890298,0.9999545917300924,0.1113301353362452,0.1788866054539959
168002,90.0,2,3.749399456654644e-33,0.0027459460796029,0.0027387934377868,0.0041836273510486,0.999963583290651,-0.3304740035865192,0.1788866054539959
168002,90.0,3,3.749399456654644e-33,0.0029202819593939,0.002924590868481,0.0028724790646964,0.999977213511148,-0.3752305741980634,0.1788866054539959
168003,0.0,0,1.0,0.0009376619103827,0.0009377494984837,0.0003852110462262,0.999999994377366,0.5497880474082956,0.0570484982928181
168003,0.0,1,1.0,0.0009376619103827,0.0009377494984837,0.0003979905077385,0.999999994377366,0.2276839962307222,0.0570484982928181
168003,0.0,2,1.0,0.0009376619103827,0.0009377494984837,0.00048683548366,0.999999994377366,-0.4675135628484027,0.0570484982928181
168003,0.0,3,1.0,0.0009376619103827,0.0009377494984837,0.0004516084652065,0.999999994377366,0.1605504894224316,0.0570484982928181
168003,22.5,0,0.8535533905932737,0.0008392454987547,0.0008393065240313,0.0003790873827357,0.999999989711313,0.0305973958928666,0.0570484982928181
168003,22.5,1,0.8535533905932737,0.0008730780559252,0.0008731563043868,0.0004484463380973,0.9999999927212124,0.6216820297531745,0.0570484982928181
168003,22.5,2,0.8535533905932737,0.0009021985441506,0.0009022636336367,0.0004183841126727,0.9999999966765556,-0.2547446050545152,0.0570484982928181
168003,22.5,3,0.8535533905932737,0.0008359517303931,0.0008360860241934,0.0002646419912282,0.9999999946919031,-0.1580942199069615,0.0570484982928181
168003,45.0,0,0.5000000000000001,0.0006840652059443,0.0006841070682606,0.0002686082377052,0.9999999766896652,0.1597206817618875,0.0570484982928181
168003,45.0,1,0.5000000000000001,0.0007463292768156,0.0007463483282174,0.0005397123752325,0.9999999959882904,-0.0564888691589598,0.0570484982928181
168003,45.0,2,0.5000000000000001,0.0007465521300977,0.0007466029232413,0.0004476647427673,0.9999999955060812,0.0105380478080866,0.0570484982928181
168003,45.0,3,0.5000000000000001,0.0007199889063948,0.0007200223322212,0.0003165992873845,0.9999999891793246,-0.1412914159395127,0.0570484982928181
168003,67.5,0,0.1464466094067263,0.0004935195141402,0.0004935826086611,0.0006379796322393,0.9999999755764176,0.3230599812400204,0.0570484982928181
168003,67.5,1,0.1464466094067263,0.0004475039227093,0.0004475183433167,0.0005296250156083,0.9999999933845574,0.3962749612385397,0.0570484982928181
168003,67.5,2,0.1464466094067263,0.00043039551333,0.0004304628049807,0.0006157059202733,0.9999999764228308,0.2550584905751465,0.0570484982928181
168003,67.5,3,0.1464466094067263,0.000531569080793,0.0005316266025698,0.0004097063344052,0.9999999659748884,0.7262339039139412,0.0570484982928181
168003,90.0,0,3.749399456654644e-33,0.0003166559079421,0.0003166810577006,0.0003042182493444,0.9999999827750182,0.2472375808716549,0.0570484982928181
168003,90.0,1,3.749399456654644e-33,0.0004735854400022,0.0004735870337147,0.0004678612050829,0.9999999945898354,-0.6201720547222016,0.0570484982928181
168003,90.0,2,3.749399456654644e-33,0.0006127000061249,0.0006127274383467,0.0003825315533008,0.999999993882,0.5559722361266933,0.0570484982928181
168003,90.0,3,3.749399456654644e-33,0.0004823191296162,0.0004823079845768,0.0002424939064457,0.999999989297874,-0.511053123112416,0.0570484982928181
168004,0.0,0,1.0,0.0023526387713135,0.0023517207472625,0.0010216810750947,0.999999980849727,0.5058388957690034,0.0701380400281073
168004,0.0,1,1.0,0.0023526387713135,0.0023517207472625,0.0008250505766366,0.999999980849727,-0.3283311903058438,0.0701380400281073
168004,0.0,2,1.0,0.0023526387713135,0.0023517207472625,0.0009937929611566,0.999999980849727,0.3756552697260906,0.0701380400281073
168004,0.0,3,1.0,0.0023526387713135,0.0023517207472625,0.0012069043783656,0.999999980849727,-0.401349721073112,0.0701380400281073
168004,22.5,0,0.8535533905932737,0.0021152913927724,0.0021143774827453,0.0012895266714323,0.9999999663217762,-0.8672068898280787,0.0701380400281073
168004,22.5,1,0.8535533905932737,0.0023246793733476,0.0023236264863639,0.0007048448626574,0.9999999794542817,0.1744602811645077,0.0701380400281073
168004,22.5,2,0.8535533905932737,0.0022368313933857,0.0022360362960921,0.0011588190102326,0.9999999839043716,0.432802070165359,0.0701380400281073
168004,22.5,3,0.8535533905932737,0.0024026489671898,0.0024018998485827,0.0009631205806123,0.9999999825896972,0.6191373361820709,0.0701380400281073
168004,45.0,0,0.5000000000000001,0.0020735337033247,0.0020730252986482,0.0010998038185337,0.9999999837824064,0.5797111040185973,0.0701380400281073
168004,45.0,1,0.5000000000000001,0.0018672463707914,0.0018669891294324,0.0006466766443952,0.9999999916483052,0.158172555449665,0.0701380400281073
168004,45.0,2,0.5000000000000001,0.0019175796969895,0.0019171190766927,0.0011192581665483,0.9999999880610272,-0.0406578286043983,0.0701380400281073
168004,45.0,3,0.5000000000000001,0.002174696393371,0.002174271076103,0.0016065320857364,0.999999993953096,0.8119303747789416,0.0701380400281073
168004,67.5,0,0.1464466094067263,0.001555936833981,0.0015558038009064,0.00083990919862,0.9999999951326392,0.4343674293498286,0.0701380400281073
168004,67.5,1,0.1464466094067263,0.0009718829609536,0.0009716720272458,0.0010136852528426,0.9999999403417764,0.1128532362156819,0.0701380400281073
168004,67.5,2,0.1464466094067263,0.0013324674983383,0.0013325110767592,0.0007835904578687,0.9999999845728896,-0.5205178479926994,0.0701380400281073
168004,67.5,3,0.1464466094067263,0.0012548143624574,0.001254599369064,0.001148509818244,0.9999998394691666,0.3488359073326056,0.0701380400281073
168004,90.0,0,3.749399456654644e-33,0.0013150746076306,0.0013152060707361,0.0010852248310371,0.9999999617456606,0.4424971264173786,0.0701380400281073
168004,90.0,1,3.749399456654644e-33,0.0005385374765253,0.0005385129951635,0.0014905356028188,0.9999999550055938,0.1262947423336794,0.0701380400281073
168004,90.0,2,3.749399456654644e-33,0.000900376047409,0.0009003751826231,0.0010917406650965,0.9999999925160084,-0.5644579517294243,0.0701380400281073
168004,90.0,3,3.749399456654644e-33,0.0012302898238557,0.0012302929005093,0.0012020758464552,0.999999946123079,0.0035230675367414,0.0701380400281073
168005,0.0,0,1.0,0.0019544948313685,0.0019514185870863,0.0005838284192175,0.999999360024882,-0.5276295675621705,0.1124699275504454
168005,0.0,1,1.0,0.0019544948313685,0.0019514185870863,0.0006884892104477,0.999999360024882,0.0376899186253104,0.1124699275504454
168005,0.0,2,1.0,0.0019544948313685,0.0019514185870863,0.0011139857003859,0.999999360024882,0.6607691299020952,0.1124699275504454
168005,0.0,3,1.0,0.0019544948313685,0.0019514185870863,0.0003836949826946,0.999999360024882,-0.3032437391963115,0.1124699275504454
168005,22.5,0,0.8535533905932737,0.0017549388493266,0.0017520245768668,0.0006335025312234,0.9999993388518053,0.2541738809171738,0.1124699275504454
168005,22.5,1,0.8535533905932737,0.0019496504195612,0.0019464310129148,0.0012033478386256,0.999999023330113,-0.584341909184273,0.1124699275504454
168005,22.5,2,0.8535533905932737,0.0018475246842681,0.001845092916585,0.0007959817791199,0.9999995806606812,-0.3428185125403741,0.1124699275504454
168005,22.5,3,0.8535533905932737,0.0017018850788334,0.0016985844196545,0.0009379268287259,0.999998894361895,0.0937160312199329,0.1124699275504454
168005,45.0,0,0.5000000000000001,0.0014715247086885,0.0014701067303764,0.0008861702150027,0.9999993984361304,-0.3726545670431985,0.1124699275504454
168005,45.0,1,0.5000000000000001,0.0015304002588683,0.0015294312805263,0.0006759908634736,0.9999999241271024,-0.1161909874973474,0.1124699275504454
168005,45.0,2,0.5000000000000001,0.0017452546884497,0.0017433109078303,0.0008294322383056,0.9999998536741136,-0.3659301890490033,0.1124699275504454
168005,45.0,3,0.5000000000000001,0.0016081599524268,0.0016061607411483,0.0004364185878143,0.9999989002260066,0.7588650147373694,0.1124699275504454
168005,67.5,0,0.1464466094067263,0.000771260441926,0.000770562282735,0.0010124965135007,0.9999996573762828,-0.0297135150376104,0.1124699275504454
168005,67.5,1,0.1464466094067263,0.0009692353882226,0.0009691364985729,0.000890613562382,0.9999999178072362,-0.4327476987247087,0.1124699275504454
168005,67.5,2,0.1464466094067263,0.0010868358725748,0.0010865568734603,0.0006803779721281,0.9999999447860608,-0.6667997666958992,0.1124699275504454
168005,67.5,3,0.1464466094067263,0.0010566700380446,0.0010559726202292,0.000536006361239,0.999999718531497,-0.3585098541403211,0.1124699275504454
168005,90.0,0,3.749399456654644e-33,0.0005178020352408,0.0005178265133178,0.000641946995947,0.9999997459569524,0.3723372739409021,0.1124699275504454
168005,90.0,1,3.749399456654644e-33,0.0010157629133541,0.0010150684849269,0.000684934185524,0.9999997745599462,-0.0548572794568789,0.1124699275504454
168005,90.0,2,3.749399456654644e-33,0.0005261357178514,0.0005262803799628,0.0005230545435245,0.9999993584711334,0.2481275045515321,0.1124699275504454
168005,90.0,3,3.749399456654644e-33,0.0009911279865763,0.0009904469743274,0.000874407451392,0.9999997049433804,-0.269222904832778,0.1124699275504454
168006,0.0,0,1.0,0.0037891646593841,0.0037913129944151,0.0021694655635724,0.9999992548243668,0.0544449749347808,0.1062334414146714
168006,0.0,1,1.0,0.0037891646593841,0.0037913129944151,0.0026518976389744,0.9999992548243668,0.5398391995218259,0.1062334414146714
168006,0.0,2,1.0,0.0037891646593841,0.0037913129944151,0.0024298570084584,0.9999992548243668,-0.1203799617794462,0.1062334414146714
168006,0.0,3,1.0,0.0037891646593841,0.0037913129944151,0.0017199586619941,0.9999992548243668,0.2838824636283196,0.1062334414146714
168006,22.5,0,0.8535533905932737,0.0035558436729319,0.0035579227015365,0.0019459340273794,0.99999955506632,0.3700364342079164,0.1062334414146714
168006,22.5,1,0.8535533905932737,0.0037252244533476,0.0037283975730396,0.0012723913303229,0.99999871628551,0.1851956631495626,0.1062334414146714
168006,22.5,2,0.8535533905932737,0.0034339945127043,0.0034359434477811,0.0027840857322608,0.9999994034053368,0.3246045742641644,0.1062334414146714
168006,22.5,3,0.8535533905932737,0.0034132096655554,0.0034153070426242,0.0018192268309433,0.9999986641264186,0.2408611687886589,0.1062334414146714
168006,45.0,0,0.5000000000000001,0.0032441201241962,0.0032457176281683,0.001566353848226,0.9999993092015856,0.1419464319041493,0.1062334414146714
168006,45.0,1,0.5000000000000001,0.0026587821075686,0.0026584785253702,0.001980121395004,0.999999919929766,0.4747278341674186,0.1062334414146714
168006,45.0,2,0.5000000000000001,0.0032829768890033,0.0032836627347695,0.0016501512816376,0.9999995611390516,0.2142617116774164,0.1062334414146714
168006,45.0,3,0.5000000000000001,0.0030600917435247,0.0030606690093998,0.0021621361317556,0.9999996498098292,0.2113282960688451,0.1062334414146714
168006,67.5,0,0.1464466094067263,0.0013330117870671,0.0013325303607477,0.0015307182015571,0.9999998606124508,0.161019122055631,0.1062334414146714
168006,67.5,1,0.1464466094067263,0.0027415640601383,0.0027420163820635,0.0017271940197657,0.9999997760671114,0.5847790701048542,0.1062334414146714
168006,67.5,2,0.1464466094067263,0.0015676293568905,0.0015673853397835,0.0015885602406818,0.99999991357589,0.3769745001420738,0.1062334414146714
168006,67.5,3,0.1464466094067263,0.0026201381672249,0.0026203103757775,0.0022096514966313,0.9999998420637488,0.2794731872146727,0.1062334414146714
168006,90.0,0,3.749399456654644e-33,0.0020398119636401,0.0020402036912842,0.0023044105513707,0.9999999615141848,0.4671251719595121,0.1062334414146714
168006,90.0,1,3.749399456654644e-33,0.0013493398119622,0.0013492768311612,0.0017493022284689,0.9999999655682996,-0.7364662862500124,0.1062334414146714
168006,90.0,2,3.749399456654644e-33,0.0017822837856392,0.0017826963608783,0.0022478468339723,0.9999994095110554,-0.0738356709907641,0.1062334414146714
168006,90.0,3,3.749399456654644e-33,0.0017935078987265,0.0017934533510594,0.0021078093306462,0.999999706768548,0.299946048311212,0.1062334414146714
168007,0.0,0,1.0,0.0012316754525556,0.0012315693444685,0.0004466665254255,0.999999991522818,-0.3545087903662926,0.0884766799791469
168007,0.0,1,1.0,0.0012316754525556,0.0012315693444685,0.0005211179038369,0.999999991522818,-0.006652525939287,0.0884766799791469
168007,0.0,2,1.0,0.0012316754525556,0.0012315693444685,0.0004359616799926,0.999999991522818,-0.6491612466043534,0.0884766799791469
168007,0.0,3,1.0,0.0012316754525556,0.0012315693444685,0.0004265223121857,0.999999991522818,-0.7006107672646639,0.0884766799791469
168007,22.5,0,0.8535533905932737,0.0011948970984519,0.0011948136729549,0.0005953997454385,0.9999999898402084,0.0001488363104133,0.0884766799791469
168007,22.5,1,0.8535533905932737,0.0011231552454883,0.0011230546686775,0.000644847146896,0.999999976261536,0.2857204453126289,0.0884766799791469
168007,22.5,2,0.8535533905932737,0.001161695385935,0.0011616009332669,0.0005287924690716,0.9999999857697816,-0.686069201251823,0.0884766799791469
168007,22.5,3,0.8535533905932737,0.0011733485083821,0.0011732613187623,0.0006728459553189,0.999999992420697,-0.1994642370963728,0.0884766799791469
168007,45.0,0,0.5000000000000001,0.0007977667350977,0.0007976742274541,0.0004961917675489,0.9999999834049474,0.351578329544307,0.0884766799791469
168007,45.0,1,0.5000000000000001,0.0010034073121456,0.0010033694975669,0.0006454550637388,0.9999999881788422,-0.3227621683461725,0.0884766799791469
168007,45.0,2,0.5000000000000001,0.0008693879682291,0.0008692811512987,0.0006889991996639,0.9999999953590968,-0.4575825271790305,0.0884766799791469
168007,45.0,3,0.5000000000000001,0.0008452070552988,0.0008451645756076,0.0007005045185382,0.9999999978377968,0.4874069796509394,0.0884766799791469
168007,67.5,0,0.1464466094067263,0.0009298613772065,0.0009299471924216,0.000709218990596,0.9999999929478086,0.1932930852482915,0.0884766799791469
168007,67.5,1,0.1464466094067263,0.0004857370821293,0.0004856990197641,0.0005427659028298,0.9999999255939868,-0.2658525309901119,0.0884766799791469
168007,67.5,2,0.1464466094067263,0.0007458467718511,0.0007458455743384,0.0003306669227056,0.9999999912351708,-0.4719052417601078,0.0884766799791469
168007,67.5,3,0.1464466094067263,0.0007417433989954,0.0007417571526707,0.0004759203984223,0.9999999919268258,0.0740495240433561,0.0884766799791469
168007,90.0,0,3.749399456654644e-33,0.0005856333042607,0.0005856403232872,0.0006459889917938,0.9999999931683784,-0.0911853890369158,0.0884766799791469
168007,90.0,1,3.749399456654644e-33,0.0006039185484707,0.0006038989893833,0.0003720920055472,0.9999999929766744,-0.0792359055043942,0.0884766799791469
168007,90.0,2,3.749399456654644e-33,0.000262374057127,0.00026239091223,0.0004250697181287,0.9999999178775244,-0.3907657771063739,0.0884766799791469
168007,90.0,3,3.749399456654644e-33,0.0004753114959062,0.0004753922755617,0.000518111734153,0.9999999780540814,0.3315764740270258,0.0884766799791469
168008,0.0,0,1.0,0.0019550599431055,0.0019545079841362,0.000794979674861,0.9999997772420356,0.5897917833465453,0.1538234733247307
168008,0.0,1,1.0,0.0019550599431055,0.0019545079841362,0.0009949495256137,0.9999997772420356,0.8151698218675153,0.1538234733247307
168008,0.0,2,1.0,0.0019550599431055,0.0019545079841362,0.0006407386022149,0.9999997772420356,-0.4534452391570814,0.1538234733247307
168008,0.0,3,1.0,0.0019550599431055,0.0019545079841362,0.0010935281783511,0.9999997772420356,0.0097661483490984,0.1538234733247307
168008,22.5,0,0.8535533905932737,0.0019471444758092,0.0019467646002365,0.0008481883279926,0.9999998822999784,0.2083645652998683,0.1538234733247307
168008,22.5,1,0.8535533905932737,0.0017006806516783,0.0016999626292547,0.0014089790325405,0.9999996024189246,0.2812315121785975,0.1538234733247307
168008,22.5,2,0.8535533905932737,0.0018100183146786,0.0018093423284036,0.0009266844812284,0.9999997270158464,0.5467286613432563,0.1538234733247307
168008,22.5,3,0.8535533905932737,0.0017386896877962,0.0017378327941628,0.0008099736829588,0.9999995050325248,-0.0034275306100897,0.1538234733247307
168008,45.0,0,0.5000000000000001,0.0013864493677064,0.0013861346436107,0.0006075644091467,0.9999999594762632,0.2484507120453095,0.1538234733247307
168008,45.0,1,0.5000000000000001,0.001331245074388,0.0013311779928472,0.0007490895550939,0.9999995664734612,-0.0455472206381006,0.1538234733247307
168008,45.0,2,0.5000000000000001,0.0013718099351099,0.0013715727842633,0.0008087919788434,0.9999997949688744,-0.1227855347533367,0.1538234733247307
168008,45.0,3,0.5000000000000001,0.0014390298243989,0.0014386014039872,0.0009381165139088,0.9999998237820552,0.0523703316107873,0.1538234733247307
168008,67.5,0,0.1464466094067263,0.0009877366234659,0.0009877148550003,0.0013113249933152,0.9999989978940944,-0.4934447970588309,0.1538234733247307
168008,67.5,1,0.1464466094067263,0.0010410710892335,0.0010413458673561,0.0005707358272124,0.9999996664915872,0.5560172795655175,0.1538234733247307
168008,67.5,2,0.1464466094067263,0.0010170248902147,0.0010170386446156,0.0009938409863879,0.9999999899751316,-0.7516370689551625,0.1538234733247307
168008,67.5,3,0.1464466094067263,0.0010188085481914,0.0010186019859639,0.0008486138859136,0.9999999175846284,0.4645900472561496,0.1538234733247307
168008,90.0,0,3.749399456654644e-33,0.0011917933036752,0.0011917675695661,0.0012846041639549,0.9999999985278432,0.5479241841541402,0.1538234733247307
168008,90.0,1,3.749399456654644e-33,0.0012648001214475,0.0012645662147051,0.0012510107292404,0.9999998844227092,-0.0477791683761731,0.1538234733247307
168008,90.0,2,3.749399456654644e-33,0.0009037170808261,0.0009037512960261,0.0013507853982241,0.9999999729531138,-0.121131972572679,0.1538234733247307
168008,90.0,3,3.749399456654644e-33,0.000748685940458,0.0007487482378653,0.0007188080887234,0.9999999738579278,0.5219507936402953,0.1538234733247307
168009,0.0,0,1.0,0.0047107366047765,0.0047136256545453,0.0021288511628714,0.99999982198696,0.2287969433916296,0.129203314279105
168009,0.0,1,1.0,0.0047107366047765,0.0047136256545453,0.0016512148375688,0.99999982198696,-0.434484692263406,0.129203314279105
168009,0.0,2,1.0,0.0047107366047765,0.0047136256545453,0.0014285080628003,0.99999982198696,0.4501348285941284,0.129203314279105
168009,0.0,3,1.0,0.0047107366047765,0.0047136256545453,0.0024116317481011,0.99999982198696,0.4683501609127086,0.129203314279105
168009,22.5,0,0.8535533905932737,0.0043432394866742,0.0043455648239099,0.0019381230626223,0.9999998805888062,0.5456845867907468,0.129203314279105
168009,22.5,1,0.8535533905932737,0.0042952893943594,0.0042975689545098,0.0019422180115144,0.9999998967935524,-0.6535134176773679,0.129203314279105
168009,22.5,2,0.8535533905932737,0.0041414093979357,0.0041434888298697,0.0017798210573104,0.9999997923554342,0.0632571498178679,0.129203314279105
168009,22.5,3,0.8535533905932737,0.004380503184247,0.0043825693054361,0.0014674128153468,0.9999998419564264,0.1773187396743822,0.129203314279105
168009,45.0,0,0.5000000000000001,0.003099071298791,0.0031008736317195,0.0015837201510448,0.999999816221766,0.3335838562502079,0.129203314279105
168009,45.0,1,0.5000000000000001,0.0031144773884899,0.0031153074759353,0.0022921087047137,0.9999991967390324,0.2184943802356056,0.129203314279105
168009,45.0,2,0.5000000000000001,0.0033293181554784,0.0033318673704406,0.0014686777714801,0.9999999229475168,0.5630102554082363,0.129203314279105
168009,45.0,3,0.5000000000000001,0.0031716389906297,0.0031765483142853,0.0018952003477669,0.9999993319465008,0.3019041141447235,0.129203314279105
168009,67.5,0,0.1464466094067263,0.0022561627401218,0.0022579424620018,0.0018913498685896,0.9999997201338556,0.2814046127292385,0.129203314279105
168009,67.5,1,0.1464466094067263,0.0025133707667503,0.0025143135456966,0.0023340722253538,0.9999999705497074,0.6797715734448642,0.129203314279105
168009,67.5,2,0.1464466094067263,0.0021722291034276,0.0021723203181415,0.001670923965286,0.999999763670229,-0.3409443814752183,0.129203314279105
168009,67.5,3,0.1464466094067263,0.0022089441352809,0.0022101332991255,0.0019390437895616,0.9999995160352252,-0.6515754465224721,0.129203314279105
168009,90.0,0,3.749399456654644e-33,0.0017366080987847,0.0017372109306775,0.0015035475274226,0.9999996940329754,-0.0066480940818079,0.129203314279105
168009,90.0,1,3.749399456654644e-33,0.0020333250294465,0.0020361949631672,0.0017241959512674,0.9999995489129128,-0.1957377895708228,0.129203314279105
168009,90.0,2,3.749399456654644e-33,0.0014659654532106,0.0014662664191734,0.0018734017907253,0.9999996825347952,0.469512091933497,0.129203314279105
168009,90.0,3,3.749399456654644e-33,0.0024591965251884,0.0024609536876177,0.0011405990943572,0.9999988719279488,-0.6759325046046796,0.129203314279105
168010,0.0,0,1.0,0.0027017723142749,0.0027019594075458,0.0007694782147347,0.9999999963225472,0.5106082567104715,0.0784813135593838
168010,0.0,1,1.0,0.0027017723142749,0.0027019594075458,0.0009799972017127,0.9999999963225472,0.012019099992873,0.0784813135593838
168010,0.0,2,1.0,0.0027017723142749,0.0027019594075458,0.001126756999406,0.9999999963225472,-0.1283515936332203,0.0784813135593838
168010,0.0,3,1.0,0.0027017723142749,0.0027019594075458,0.0008063233096773,0.9999999963225472,-0.2922614156844118,0.0784813135593838
168010,22.5,0,0.8535533905932737,0.0023950549147223,0.0023952345314806,0.0011944031812656,0.999999997357958,-0.1998931349381298,0.0784813135593838
168010,22.5,1,0.8535533905932737,0.0024408207963885,0.0024409815208488,0.0011150125699095,0.99999999608123,0.1306418795953486,0.0784813135593838
168010,22.5,2,0.8535533905932737,0.0026844155681926,0.0026845518412961,0.0009571163277155,0.9999999954070976,0.1921758193363434,0.0784813135593838
168010,22.5,3,0.8535533905932737,0.0024055370786411,0.00240568102497,0.0012176416324476,0.9999999936814752,-0.1906723601983416,0.0784813135593838
168010,45.0,0,0.5000000000000001,0.0016834519943214,0.0016836297931797,0.0007713114176606,0.9999999891785752,0.2310732576217554,0.0784813135593838
168010,45.0,1,0.5000000000000001,0.0020407455673733,0.0020408590741763,0.0005871663479269,0.9999999929549948,0.142839740182715,0.0784813135593838
168010,45.0,2,0.5000000000000001,0.001995217210686,0.0019953878249927,0.0009709520232622,0.9999999927852934,-0.4052617230593667,0.0784813135593838
168010,45.0,3,0.5000000000000001,0.0019653094623989,0.0019654816033242,0.0005157427572754,0.9999999814425554,-0.2640291526489043,0.0784813135593838
168010,67.5,0,0.1464466094067263,0.0015579903864091,0.0015580740849493,0.0009300654265689,0.9999999862408144,0.3671012623191974,0.0784813135593838
168010,67.5,1,0.1464466094067263,0.0015003486491598,0.0015004400972094,0.000610279781213,0.999999988843275,0.1934513041630192,0.0784813135593838
168010,67.5,2,0.1464466094067263,0.001300976285454,0.0013008468206413,0.0011295541833301,0.9999999264397182,-0.1286382292705698,0.0784813135593838
168010,67.5,3,0.1464466094067263,0.0010410525148073,0.0010412435180208,0.001901814135203,0.9999999303249087,0.0102425227795337,0.0784813135593838
168010,90.0,0,3.749399456654644e-33,0.0010488857273066,0.0010489238698761,0.001245129471712,0.9999999776384452,0.0471510538675963,0.0784813135593838
168010,90.0,1,3.749399456654644e-33,0.000377995320169,0.0003779519447388,0.0018888281426106,0.9999996987297756,-0.0609759515528203,0.0784813135593838
168010,90.0,2,3.749399456654644e-33,0.0009786752607635,0.0009787076862221,0.0015110742429198,0.9999998859268936,-0.4198968026382889,0.0784813135593838
168010,90.0,3,3.749399456654644e-33,0.0005832528144085,0.0005833059249262,0.0012748589574295,0.9999999873995716,0.1385854960391443,0.0784813135593838
168011,0.0,0,1.0,0.0083900976441715,0.0084268370008072,0.0033350780593555,0.9999908942044696,-0.4213768484437225,0.2099861079871718
168011,0.0,1,1.0,0.0083900976441715,0.0084268370008072,0.0031846249627775,0.9999908942044696,-0.687523206072662,0.2099861079871718
168011,0.0,2,1.0,0.0083900976441715,0.0084268370008072,0.002952227129143,0.9999908942044696,-0.2317455571654573,0.2099861079871718
168011,0.0,3,1.0,0.0083900976441715,0.0084268370008072,0.0032575258356007,0.9999908942044696,0.2131280994081772,0.2099861079871718
168011,22.5,0,0.8535533905932737,0.0075754813729177,0.0076052967681763,0.0025802525698931,0.9999903053851272,-0.1198870222719477,0.2099861079871718
168011,22.5,1,0.8535533905932737,0.0074698721690738,0.0075001581352459,0.0020450425589456,0.9999836451346006,-0.281008719496405,0.2099861079871718
168011,22.5,2,0.8535533905932737,0.008109399059281,0.0081471136305602,0.0029185223169417,0.999989597488008,-0.086858250910551,0.2099861079871718
168011,22.5,3,0.8535533905932737,0.0086696257467821,0.0086954661710963,0.0031090745220669,0.9999948553942064,0.0395289590514394,0.2099861079871718
168011,45.0,0,0.5000000000000001,0.0074398515920727,0.0074633802815579,0.0039730255705324,0.9999960103279713,0.1453979936997065,0.2099861079871718
168011,45.0,1,0.5000000000000001,0.0050754039355119,0.0050960718561047,0.0030568736893047,0.9999846205649172,-0.3507159634597952,0.2099861079871718
168011,45.0,2,0.5000000000000001,0.0067178857401855,0.0067286847721239,0.0035185027639871,0.9999993980160764,0.5538116925628979,0.2099861079871718
168011,45.0,3,0.5000000000000001,0.0065213885566943,0.0065313264873981,0.0033874266075257,0.9999972338505916,-0.0731417697185727,0.2099861079871718
168011,67.5,0,0.1464466094067263,0.0047829795330466,0.0047893435640622,0.0025325324095628,0.999997478483814,0.4286863031561836,0.2099861079871718
168011,67.5,1,0.1464466094067263,0.0041148427472185,0.0041173016314074,0.0022698090431238,0.9999999077466118,-0.2653348505391595,0.2099861079871718
168011,67.5,2,0.1464466094067263,0.0051313969943305,0.0051363957769175,0.0021989011495209,0.9999995891211084,0.0789440626762122,0.2099861079871718
168011,67.5,3,0.1464466094067263,0.0021692125500477,0.0021753811207065,0.003631798870927,0.999975073095334,0.674603870070652,0.2099861079871718
168011,90.0,0,3.749399456654644e-33,0.0042056920724291,0.0042062325133272,0.0034585200035941,0.9999993045591528,0.7379476834095046,0.2099861079871718
168011,90.0,1,3.749399456654644e-33,0.0033787298295975,0.0033787518251258,0.0026610775759359,0.9999982116769014,0.5036325686362001,0.2099861079871718
168011,90.0,2,3.749399456654644e-33,0.0015471192621544,0.0015463728994148,0.0040376919892095,0.999998521884231,-0.0774491999745825,0.2099861079871718
168011,90.0,3,3.749399456654644e-33,0.0041817619925786,0.0041896086131686,0.0045462109895066,0.999996964021033,0.1926611664539538,0.2099861079871718
168012,0.0,0,1.0,0.0092228184783105,0.0092258735777018,0.0033834930516565,0.9999999660225568,0.230461623971949,0.1039988489382701
168012,0.0,1,1.0,0.0092228184783105,0.0092258735777018,0.0041478296285908,0.9999999660225568,-0.7402609097348848,0.1039988489382701
168012,0.0,2,1.0,0.0092228184783105,0.0092258735777018,0.0029452752094327,0.9999999660225568,-0.3258510552379907,0.1039988489382701
168012,0.0,3,1.0,0.0092228184783105,0.0092258735777018,0.0027210412912634,0.9999999660225568,0.1933957066865467,0.1039988489382701
168012,22.5,0,0.8535533905932737,0.0085864996956884,0.0085896010888506,0.0036269064469279,0.999999971394159,0.4748269067915843,0.1039988489382701
168012,22.5,1,0.8535533905932737,0.0082282669663105,0.0082317271994015,0.0019415962653883,0.9999998850956756,0.6029915267696027,0.1039988489382701
168012,22.5,2,0.8535533905932737,0.0087630339136532,0.008766527247407,0.0038698678500797,0.999999933884406,0.4426982804991871,0.1039988489382701
168012,22.5,3,0.8535533905932737,0.0090443284090904,0.0090465724871631,0.0028201723587683,0.9999999684459704,0.4931855554319137,0.1039988489382701
168012,45.0,0,0.5000000000000001,0.0064080286769485,0.0064102875843495,0.0017596053812186,0.9999999007598808,-0.349376686389259,0.1039988489382701
168012,45.0,1,0.5000000000000001,0.0066324974393105,0.006637134641075,0.0030359254834445,0.999999723915472,-0.4428714099600359,0.1039988489382701
168012,45.0,2,0.5000000000000001,0.0059895760014378,0.0059912835001069,0.0021631453378783,0.9999999403299568,0.6355867436431355,0.1039988489382701
168012,45.0,3,0.5000000000000001,0.007081117965178,0.0070832264635471,0.0022547072894659,0.9999998818353852,0.149847975832582,0.1039988489382701
168012,67.5,0,0.1464466094067263,0.0040271262034816,0.0040287810848423,0.0021226774241335,0.9999999644001452,-0.2330761678649958,0.1039988489382701
168012,67.5,1,0.1464466094067263,0.0043679650913421,0.0043675296379475,0.0029137386727297,0.9999999752888888,-0.2113521160184978,0.1039988489382701
168012,67.5,2,0.1464466094067263,0.0052903639947732,0.0052901913507169,0.0031424339496757,0.9999999413087726,0.3046563019630585,0.1039988489382701
168012,67.5,3,0.1464466094067263,0.0054099588030257,0.0054118424998143,0.0027083761591454,0.9999997346274808,-0.3832043243204061,0.1039988489382701
168012,90.0,0,3.749399456654644e-33,0.0030274589591778,0.00302618217828,0.0029775603385916,0.9999996393356648,0.0885043472994455,0.1039988489382701
168012,90.0,1,3.749399456654644e-33,0.003243531510684,0.0032431410687671,0.0022824777279785,0.999999787018186,-0.2344686129584441,0.1039988489382701
168012,90.0,2,3.749399456654644e-33,0.0023560120226867,0.0023557775176092,0.0032814670175003,0.9999999497615104,-0.0839552056720576,0.1039988489382701
168012,90.0,3,3.749399456654644e-33,0.0024537081855788,0.0024540838741355,0.0046425791538608,0.9999999855547094,0.0461535838396654,0.1039988489382701
168013,0.0,0,1.0,0.0023780347817666,0.0023776568161685,0.0014749878172114,0.999999967783334,-0.6054864308816017,0.0999255012971493
168013,0.0,1,1.0,0.0023780347817666,0.0023776568161685,0.0008122678963727,0.999999967783334,-0.1823119598306589,0.0999255012971493
168013,0.0,2,1.0,0.0023780347817666,0.0023776568161685,0.000950264938964,0.999999967783334,0.4095996033409014,0.0999255012971493
168013,0.0,3,1.0,0.0023780347817666,0.0023776568161685,0.0008004000903383,0.999999967783334,-0.4892477558938002,0.0999255012971493
168013,22.5,0,0.8535533905932737,0.0023182809491304,0.0023180098139975,0.0014924166700205,0.9999999324448908,0.7285970382195239,0.0999255012971493
168013,22.5,1,0.8535533905932737,0.0023057563567071,0.0023052441486523,0.0014628523646882,0.9999999744894752,-0.7345404257268846,0.0999255012971493
168013,22.5,2,0.8535533905932737,0.0021603616095611,0.002160067157517,0.0008003341948003,0.9999999450665276,-0.0430861675453869,0.0999255012971493
168013,22.5,3,0.8535533905932737,0.0020908687192434,0.0020906725345858,0.0011158202561199,0.9999999553295756,-0.4871310374990311,0.0999255012971493
168013,45.0,0,0.5000000000000001,0.0018128065642183,0.0018126639231576,0.0008803810978673,0.9999999691515078,0.5073538995259983,0.0999255012971493
168013,45.0,1,0.5000000000000001,0.002012478798146,0.00201204226477,0.00061719254597,0.9999999378791136,-0.0648918026225205,0.0999255012971493
168013,45.0,2,0.5000000000000001,0.0017340680753099,0.0017341151537468,0.0005903043254465,0.9999999753400604,0.2297648872824276,0.0999255012971493
168013,45.0,3,0.5000000000000001,0.0017329841408117,0.0017325829028647,0.0011998075337579,0.999999905474967,-0.6007504237356388,0.0999255012971493
168013,67.5,0,0.1464466094067263,0.0009468946785184,0.0009468515823222,0.0008312036262993,0.999999748854234,0.6893537431606529,0.0999255012971493
168013,67.5,1,0.1464466094067263,0.0011455901269131,0.0011456995294198,0.0011868659964644,0.9999999263517048,0.216080290030925,0.0999255012971493
168013,67.5,2,0.1464466094067263,0.0016626192194811,0.0016622842242085,0.0008796096653409,0.999999966952453,0.3509478962668941,0.0999255012971493
168013,67.5,3,0.1464466094067263,0.0012794232945697,0.0012794062569723,0.0015270433911121,0.9999999691763866,0.2741450075333745,0.0999255012971493
168013,90.0,0,3.749399456654644e-33,0.0012712191404549,0.0012711932245417,0.0009641060427584,0.9999999679656092,0.4514566918488701,0.0999255012971493
168013,90.0,1,3.749399456654644e-33,0.0008543198700499,0.0008542267092318,0.0010985573376123,0.9999995984238992,0.5081953770773912,0.0999255012971493
168013,90.0,2,3.749399456654644e-33,0.0013580490333627,0.0013588509498958,0.0013186030694923,0.9999993280376172,0.3624115599322107,0.0999255012971493
168013,90.0,3,3.749399456654644e-33,0.0012214744828829,0.0012214139484037,0.0017296997987186,0.9999999555236284,0.6716675094797319,0.0999255012971493
168014,0.0,0,1.0,0.0020639081823789,0.0020620428981483,0.0012994718168787,0.999999686205475,0.3730356165118078,0.0867377818818866
168014,0.0,1,1.0,0.0020639081823789,0.0020620428981483,0.000696370436172,0.999999686205475,-0.305227290213753,0.0867377818818866
168014,0.0,2,1.0,0.0020639081823789,0.0020620428981483,0.0012225233132281,0.999999686205475,0.725922990032701,0.0867377818818866
168014,0.0,3,1.0,0.0020639081823789,0.0020620428981483,0.0007798880390435,0.999999686205475,-0.3450781550981808,0.0867377818818866
168014,22.5,0,0.8535533905932737,0.0020966272341163,0.0020954630805786,0.0005908252781283,0.9999997963442602,-0.6581868253707149,0.0867377818818866
168014,22.5,1,0.8535533905932737,0.0019707524915054,0.0019693684570841,0.0009492993657881,0.9999997468378286,0.4175708541806633,0.0867377818818866
168014,22.5,2,0.8535533905932737,0.0019809189800259,0.0019795554567675,0.0010653976148342,0.999999782458044,0.6885804007450315,0.0867377818818866
168014,22.5,3,0.8535533905932737,0.0019450290452676,0.0019437303237097,0.0012521570561414,0.9999997367018356,-0.3801696019786793,0.0867377818818866
168014,45.0,0,0.5000000000000001,0.0015749608672218,0.001573879167497,0.00071163373264,0.9999996858878296,0.2610543825651869,0.0867377818818866
168014,45.0,1,0.5000000000000001,0.0016449953881292,0.0016440057338914,0.0009318274083639,0.9999997460443556,0.3762030346800148,0.0867377818818866
168014,45.0,2,0.5000000000000001,0.0012555660892758,0.0012546015959813,0.0007742451519906,0.9999996970213452,0.0217148505681466,0.0867377818818866
168014,45.0,3,0.5000000000000001,0.0019230731499919,0.0019217350235318,0.001328363730692,0.9999997257448788,0.3760498253051233,0.0867377818818866
168014,67.5,0,0.1464466094067263,0.0010620895310723,0.0010621368208362,0.0009147301866234,0.9999998767793364,-0.0971547424719543,0.0867377818818866
168014,67.5,1,0.1464466094067263,0.0009024213981368,0.0009019857402463,0.0014772081623868,0.9999998246944036,0.9020679624924564,0.0867377818818866
168014,67.5,2,0.1464466094067263,0.0015121209440132,0.0015114394655499,0.0007221840339573,0.9999993224665152,0.7055735688240796,0.0867377818818866
168014,67.5,3,0.1464466094067263,0.0016953092454147,0.0016949881241406,0.0010515869811104,0.9999998653014016,0.3398742290144729,0.0867377818818866
168014,90.0,0,3.749399456654644e-33,0.0009916227064299,0.0009916504178313,0.0006436670698551,0.9999998516234292,-0.0642714522774228,0.0867377818818866
168014,90.0,1,3.749399456654644e-33,0.000896698049972,0.0008973272367681,0.0011460929208752,0.9999997550893384,0.4664761255682606,0.0867377818818866
168014,90.0,2,3.749399456654644e-33,0.0011499924718883,0.0011505851712891,0.0008514413512047,0.9999999265748596,-0.7950260394274921,0.0867377818818866
168014,90.0,3,3.749399456654644e-33,0.0006833981251999,0.0006835372478109,0.000749258789447,0.9999998498045154,-0.5964112857116582,0.0867377818818866
168015,0.0,0,1.0,0.0032620022919221,0.00325909956273,0.0018648507879223,0.9999989378270762,0.6584943876331332,0.0860739362897218
168015,0.0,1,1.0,0.0032620022919221,0.00325909956273,0.0014060255801964,0.9999989378270762,0.4689672873489552,0.0860739362897218
168015,0.0,2,1.0,0.0032620022919221,0.00325909956273,0.0012500325604341,0.9999989378270762,0.6054329610432757,0.0860739362897218
168015,0.0,3,1.0,0.0032620022919221,0.00325909956273,0.0015676120019408,0.9999989378270762,0.3316013943487761,0.0860739362897218
168015,22.5,0,0.8535533905932737,0.0031421450489737,0.0031398220857704,0.0019553007728087,0.9999992284975356,0.7713032207165976,0.0860739362897218
168015,22.5,1,0.8535533905932737,0.0030621610727832,0.0030599919157867,0.0013584955798495,0.999998848117971,0.25824813433307,0.0860739362897218
168015,22.5,2,0.8535533905932737,0.0033280752810546,0.0033249393720049,0.0021939484972309,0.9999991546814914,0.3593066555576161,0.0860739362897218
168015,22.5,3,0.8535533905932737,0.0031302654509515,0.00312849577224,0.0007523824311981,0.999999147977592,-0.6167155596772812,0.0860739362897218
168015,45.0,0,0.5000000000000001,0.0028150047479339,0.0028131286017868,0.0008912208351407,0.9999993997898444,0.2685749242268436,0.0860739362897218
168015,45.0,1,0.5000000000000001,0.0022770598753914,0.0022764321612047,0.001406887062873,0.9999995694084746,0.4793747488039948,0.0860739362897218
168015,45.0,2,0.5000000000000001,0.0026636970431046,0.0026614647988403,0.0013099147006843,0.9999994310973336,0.1260903912604956,0.0860739362897218
168015,45.0,3,0.5000000000000001,0.0025384857350384,0.002535861895035,0.0016531991837246,0.999999740932458,0.4826021847011277,0.0860739362897218
168015,67.5,0,0.1464466094067263,0.001679110015658,0.0016790233221433,0.0015546905758255,0.9999997506307908,-0.3178585721749514,0.0860739362897218
168015,67.5,1,0.1464466094067263,0.0021228717889974,0.0021211881951003,0.0009172411359513,0.9999997249340492,0.6859942030200983,0.0860739362897218
168015,67.5,2,0.1464466094067263,0.0019297604155771,0.0019296722545479,0.0014416925302956,0.99999996242373,0.2044976556653983,0.0860739362897218
168015,67.5,3,0.1464466094067263,0.0016008024327057,0.0016010508245965,0.001182054616588,0.9999994984910658,-0.6195005872066135,0.0860739362897218
168015,90.0,0,3.749399456654644e-33,0.0009268436389882,0.0009266194040424,0.0012401697433972,0.9999998911261582,0.1163967998976893,0.0860739362897218
168015,90.0,1,3.749399456654644e-33,0.0015060025613875,0.0015059244941046,0.0011841963681993,0.9999999864004294,0.7496179360024163,0.0860739362897218
168015,90.0,2,3.749399456654644e-33,0.0007236267051039,0.0007235983027874,0.0010201606659699,0.9999999080559344,0.0170952954422685,0.0860739362897218
168015,90.0,3,3.749399456654644e-33,0.0014310292819304,0.0014315170618986,0.0015262129521864,0.9999998140555714,-0.2109016065046819,0.0860739362897218
168016,0.0,0,1.0,0.0062478492604301,0.0062297582425207,0.0016887599709618,0.9999988706090106,-0.3951039830789672,0.1263319642504075
168016,0.0,1,1.0,0.0062478492604301,0.0062297582425207,0.0034615209803367,0.9999988706090106,0.8088810146337702,0.1263319642504075
168016,0.0,2,1.0,0.0062478492604301,0.0062297582425207,0.0022712175166503,0.9999988706090106,0.1149022862142939,0.1263319642504075
168016,0.0,3,1.0,0.0062478492604301,0.0062297582425207,0.0021763562606468,0.9999988706090106,0.5889181430770585,0.1263319642504075
168016,22.5,0,0.8535533905932737,0.0058079563580379,0.0057956389093084,0.0018716869441283,0.9999989224042658,-0.2945807219547457,0.1263319642504075
168016,22.5,1,0.8535533905932737,0.0059055107924562,0.0058866552897485,0.0021649453983335,0.9999989195131772,0.9471289008611398,0.1263319642504075
168016,22.5,2,0.8535533905932737,0.0065477286577699,0.0065300664854944,0.0030595416261394,0.9999993957301,-0.6391513749104842,0.1263319642504075
168016,22.5,3,0.8535533905932737,0.0056128332594119,0.0055962691180042,0.0018289571993796,0.999998737127922,-0.4567040867459799,0.1263319642504075
168016,45.0,0,0.5000000000000001,0.0046400675044522,0.0046317693944951,0.0027907359310742,0.9999989430945406,0.464338972319403,0.1263319642504075
168016,45.0,1,0.5000000000000001,0.004651026397466,0.0046357938387553,0.0020180622306603,0.9999993081128108,0.4551867930500152,0.1263319642504075
168016,45.0,2,0.5000000000000001,0.0044935300575334,0.0044821382229427,0.0023571631010698,0.9999992774513472,-0.3222778518508606,0.1263319642504075
168016,45.0,3,0.5000000000000001,0.004268605821964,0.0042517798782765,0.0021634695387994,0.9999989753980874,0.1644389505544615,0.1263319642504075
168016,67.5,0,0.1464466094067263,0.0037437970118995,0.0037250826345042,0.0022845507911207,0.9999961071594704,-0.2009945183084347,0.1263319642504075
168016,67.5,1,0.1464466094067263,0.0024648058528481,0.0024602661057528,0.0021151696472191,0.99999657455959,-0.6416024228738393,0.1263319642504075
168016,67.5,2,0.1464466094067263,0.0036547079467511,0.0036507874898704,0.0021826307564959,0.9999991161474476,-0.0804620320857814,0.1263319642504075
168016,67.5,3,0.1464466094067263,0.0020262724106409,0.0020237335084674,0.0014817535244065,0.9999992507344582,-0.6830251726541574,0.1263319642504075
168016,90.0,0,3.749399456654644e-33,0.0016647273659085,0.0016611358998625,0.0024053042208593,0.9999962434533456,0.028588003737425,0.1263319642504075
168016,90.0,1,3.749399456654644e-33,0.0016289765130815,0.0016295955207145,0.0016999242193163,0.9999988731209783,-0.2693530597623846,0.1263319642504075
168016,90.0,2,3.749399456654644e-33,0.0018980152610984,0.0019009163744294,0.0021528183057322,0.9999976337268548,-0.4161041355361265,0.1263319642504075
168016,90.0,3,3.749399456654644e-33,0.0017971724821058,0.001793135789273,0.0033131819985003,0.9999936062813932,0.3471293242556182,0.1263319642504075
168017,0.0,0,1.0,0.0152879606401884,0.0154588727599294,0.0047380882255127,0.9999912279287632,0.2303471227710925,0.1701484810955403
168017,0.0,1,1.0,0.0152879606401884,0.0154588727599294,0.005725083746019,0.9999912279287632,0.3889806915186621,0.1701484810955403
168017,0.0,2,1.0,0.0152879606401884,0.0154588727599294,0.0053115788519961,0.9999912279287632,0.5166985466071823,0.1701484810955403
168017,0.0,3,1.0,0.0152879606401884,0.0154588727599294,0.0057139015040634,0.9999912279287632,-0.5843130712141739,0.1701484810955403
168017,22.5,0,0.8535533905932737,0.0147044561149891,0.0148348153468662,0.0065357357879378,0.9999930316813356,0.9574094734352953,0.1701484810955403
168017,22.5,1,0.8535533905932737,0.0142302724995648,0.0143486296831035,0.0023706541602072,0.9999969896618895,0.199909429279156,0.1701484810955403
168017,22.5,2,0.8535533905932737,0.0141172400599252,0.0142561343431452,0.0066636048919679,0.999994109216067,-0.5219159870109759,0.1701484810955403
168017,22.5,3,0.8535533905932737,0.0151668231795964,0.0152969348895245,0.0062451375116011,0.9999926534278648,-0.5474280707229399,0.1701484810955403
168017,45.0,0,0.5000000000000001,0.0125576044037332,0.0126330131739839,0.0046987155729178,0.9999969803358122,-0.2444273571227839,0.1701484810955403
168017,45.0,1,0.5000000000000001,0.0114626184345462,0.0115268658651346,0.00953026907369,0.9999961304110444,0.8811326772618042,0.1701484810955403
168017,45.0,2,0.5000000000000001,0.0085225267489083,0.0085712915304903,0.0057113767084904,0.999996539771458,0.6312457519972252,0.1701484810955403
168017,45.0,3,0.5000000000000001,0.0132236092755388,0.0133379289343608,0.0064204480137947,0.99998256224161,0.4488636373342891,0.1701484810955403
168017,67.5,0,0.1464466094067263,0.0076216276802291,0.0076362694121683,0.0048005486552537,0.9999984327850592,0.5761703643923592,0.1701484810955403
168017,67.5,1,0.1464466094067263,0.0090469351592432,0.0090975759271776,0.00436884134474,0.9999843054581412,-0.4548108169751788,0.1701484810955403
168017,67.5,2,0.1464466094067263,0.0064455928311555,0.0064709945851291,0.0044311777289965,0.9999939499454746,-0.0846054479886875,0.1701484810955403
168017,67.5,3,0.1464466094067263,0.007206972937474,0.0072352278146685,0.0063207450392692,0.9999972631776256,-0.5061086134204645,0.1701484810955403
168017,90.0,0,3.749399456654644e-33,0.0064379573318605,0.0064413402525847,0.0043074932550317,0.9999979459035456,-0.6357598811323742,0.1701484810955403
168017,90.0,1,3.749399456654644e-33,0.0025997280482396,0.0025942339679573,0.0035529687002666,0.999935984074176,0.2729525861880787,0.1701484810955403
168017,90.0,2,3.749399456654644e-33,0.0036536425203167,0.003651149116965,0.0042256185696762,0.9999946311737072,0.3125090716559079,0.1701484810955403
168017,90.0,3,3.749399456654644e-33,0.0032131760199893,0.0032199203551777,0.0049837254448088,0.9999951956971456,-0.0031163672798268,0.1701484810955403
168018,0.0,0,1.0,0.0027152902674474,0.0027178975527714,0.0013880761402001,0.9999996866718176,0.4082100592346475,0.0630701184291789
168018,0.0,1,1.0,0.0027152902674474,0.0027178975527714,0.0017829290957363,0.9999996866718176,0.6846536131935347,0.0630701184291789
168018,0.0,2,1.0,0.0027152902674474,0.0027178975527714,0.0012530417108758,0.9999996866718176,0.2203949480701598,0.0630701184291789
168018,0.0,3,1.0,0.0027152902674474,0.0027178975527714,0.0021957537368846,0.9999996866718176,0.4044814684551744,0.0630701184291789
168018,22.5,0,0.8535533905932737,0.0026137348165704,0.0026156106001523,0.001417583833457,0.999999675790336,0.4899367014234991,0.0630701184291789
168018,22.5,1,0.8535533905932737,0.0026579406793685,0.0026595700733659,0.0011130191548655,0.9999996861502076,-0.15983942170347,0.0630701184291789
168018,22.5,2,0.8535533905932737,0.0025030812816608,0.0025044465620851,0.0010188897390947,0.999999594929435,-0.0473549397603406,0.0630701184291789
168018,22.5,3,0.8535533905932737,0.0027430422769824,0.0027450151259,0.0008062554831528,0.9999998845019,0.058202713697544,0.0630701184291789
168018,45.0,0,0.5000000000000001,0.0025252492407644,0.0025261961514184,0.0010908682188862,0.9999997864723732,0.1889624243848948,0.0630701184291789
168018,45.0,1,0.5000000000000001,0.0023820056294242,0.002381866810304,0.0011359200904464,0.999999810127761,-0.0420353778782719,0.0630701184291789
168018,45.0,2,0.5000000000000001,0.0027124834586103,0.0027157586131513,0.0015730253540644,0.9999994193934382,-0.090163170778326,0.0630701184291789
168018,45.0,3,0.5000000000000001,0.0024952466505569,0.00249602030428,0.0007670634090089,0.9999996982186972,0.159588089747434,0.0630701184291789
168018,67.5,0,0.1464466094067263,0.0012419510017388,0.001242331843686,0.0014919302491421,0.999999048108738,0.6732244879251185,0.0630701184291789
168018,67.5,1,0.1464466094067263,0.0010107102145886,0.0010102583590505,0.0019369379694297,0.9999993475184064,0.2310813779712891,0.0630701184291789
168018,67.5,2,0.1464466094067263,0.0017832113895295,0.0017848733793645,0.0019774575562814,0.9999996086799268,0.1766312462288838,0.0630701184291789
168018,67.5,3,0.1464466094067263,0.0016696084703439,0.0016705192865881,0.0012358787356059,0.9999997710434372,0.5019829999707409,0.0630701184291789
168018,90.0,0,3.749399456654644e-33,0.0012483229634863,0.0012476790178566,0.0012023589868061,0.9999982303520278,-0.3526501018224129,0.0630701184291789
168018,90.0,1,3.749399456654644e-33,0.0019835802395368,0.0019836203568405,0.0016348457064589,0.9999999928330982,0.5240659701987407,0.0630701184291789
168018,90.0,2,3.749399456654644e-33,0.001603985629563,0.0016035763785331,0.001177553369019,0.9999996947476422,-0.4699697088510428,0.0630701184291789
168018,90.0,3,3.749399456654644e-33,0.0009053481111719,0.0009052759213799,0.0017847358724586,0.9999998580843974,0.0528552656362462,0.0630701184291789
168019,0.0,0,1.0,0.0060041990365349,0.005998440010909,0.0030449324014892,0.9999997598953888,0.2614860363477307,0.0785687727992524
168019,0.0,1,1.0,0.0060041990365349,0.005998440010909,0.0023736649726168,0.9999997598953888,0.594727750389963,0.0785687727992524
168019,0.0,2,1.0,0.0060041990365349,0.005998440010909,0.0030911261103986,0.9999997598953888,-0.6440283945567551,0.0785687727992524
168019,0.0,3,1.0,0.0060041990365349,0.005998440010909,0.0025060521850201,0.9999997598953888,-0.6193457212716166,0.0785687727992524
168019,22.5,0,0.8535533905932737,0.0054323663169327,0.0054269621249329,0.0027031768382811,0.9999998472181888,0.6673553464480206,0.0785687727992524
168019,22.5,1,0.8535533905932737,0.0058941885831277,0.0058907275642818,0.0016775732567681,0.9999998841193356,0.1197264490028723,0.0785687727992524
168019,22.5,2,0.8535533905932737,0.0055921057778703,0.0055871802540823,0.001367142872122,0.9999998166390413,0.3232253184643909,0.0785687727992524
168019,22.5,3,0.8535533905932737,0.005489332396237,0.0054843146418461,0.0012129100417031,0.9999998378542856,-0.1020538623322464,0.0785687727992524
168019,45.0,0,0.5000000000000001,0.0049456323941251,0.0049444356828752,0.0023859846334111,0.9999999634939498,-0.1539528077035424,0.0785687727992524
168019,45.0,1,0.5000000000000001,0.0043942877854728,0.0043924990906299,0.0022440608996957,0.9999999321132548,0.2362866531853832,0.0785687727992524
168019,45.0,2,0.5000000000000001,0.0045518171365431,0.0045494401424044,0.002182199493271,0.999999912522502,0.5516546599728085,0.0785687727992524
168019,45.0,3,0.5000000000000001,0.0046302624568901,0.0046287974758576,0.0021613540170954,0.9999999812547042,-0.2456728126158812,0.0785687727992524
168019,67.5,0,0.1464466094067263,0.0021590681993241,0.0021580901249922,0.0020057217762039,0.9999993265913584,0.2984924808213725,0.0785687727992524
168019,67.5,1,0.1464466094067263,0.0025908729770583,0.0025902603554818,0.0017269805957606,0.999999964663611,0.4235598263115709,0.0785687727992524
168019,67.5,2,0.1464466094067263,0.0031227537160849,0.0031226805539592,0.0013089930168528,0.9999999534036365,0.3849067443614968,0.0785687727992524
168019,67.5,3,0.1464466094067263,0.0023439711460709,0.0023433143817397,0.0024899879665824,0.99999992467108,0.0436280125046717,0.0785687727992524
168019,90.0,0,3.749399456654644e-33,0.0021184154690119,0.0021178153056233,0.0009007474742104,0.999999479441464,-0.1166811081490574,0.0785687727992524
168019,90.0,1,3.749399456654644e-33,0.0023868902721462,0.0023874734586766,0.00323347132163,0.9999999236262808,-0.7426919494042117,0.0785687727992524
168019,90.0,2,3.749399456654644e-33,0.0024886972719595,0.0024883156034135,0.0034925011576282,0.9999999320526656,-0.7358956445863845,0.0785687727992524
168019,90.0,3,3.749399456654644e-33,0.0017617179495339,0.0017618524626484,0.0019286227084233,0.9999998694889348,-0.1979201189848611,0.0785687727992524
168020,0.0,0,1.0,0.0038263593968753,0.0038263518214226,0.0014618621879739,0.9999999017295396,-0.4342829854075942,0.088303702811756
168020,0.0,1,1.0,0.0038263593968753,0.0038263518214226,0.0019710967178719,0.9999999017295396,-0.3164818695823787,0.088303702811756
168020,0.0,2,1.0,0.0038263593968753,0.0038263518214226,0.002031580020914,0.9999999017295396,0.3030611896189531,0.088303702811756
168020,0.0,3,1.0,0.0038263593968753,0.0038263518214226,0.0019727260379482,0.9999999017295396,-0.0054428301098426,0.088303702811756
168020,22.5,0,0.8535533905932737,0.003843426391632,0.0038436003064341,0.0026361749483068,0.9999999112140534,0.2951227210492566,0.088303702811756
168020,22.5,1,0.8535533905932737,0.0035941389632019,0.0035942363189594,0.001942809535749,0.9999999489366088,0.0846384023856601,0.088303702811756
168020,22.5,2,0.8535533905932737,0.0036762505233415,0.0036761549666155,0.0023132425046582,0.999999947290329,-0.2399574935297669,0.088303702811756
168020,22.5,3,0.8535533905932737,0.0036096323145549,0.0036089987057317,0.0019103982480893,0.9999998353860374,0.3843067686626653,0.088303702811756
168020,45.0,0,0.5000000000000001,0.0031990985540902,0.0031995465454582,0.0014003931707067,0.9999999626967064,-0.3758431526675118,0.088303702811756
168020,45.0,1,0.5000000000000001,0.003088819594471,0.0030891716001156,0.001965032416273,0.9999999686700316,-0.5917057697723606,0.088303702811756
168020,45.0,2,0.5000000000000001,0.0025767855746917,0.002576349947033,0.0014023336212413,0.9999999005141992,-0.0138497426457199,0.088303702811756
168020,45.0,3,0.5000000000000001,0.0027665000745047,0.0027655362753924,0.0017312908687477,0.9999998963208104,0.1002674146958228,0.088303702811756
168020,67.5,0,0.1464466094067263,0.0016817653726885,0.0016813552453389,0.0017702575607116,0.9999998773029432,-0.4835337849699133,0.088303702811756
168020,67.5,1,0.1464466094067263,0.0017459559551141,0.0017448445846315,0.0018857848836575,0.9999991770731412,0.2655208535699006,0.088303702811756
168020,67.5,2,0.1464466094067263,0.0025615824541731,0.0025615825075356,0.0013247955885,0.9999999627460976,0.0246639381714641,0.088303702811756
168020,67.5,3,0.1464466094067263,0.0014517043869078,0.0014522050426393,0.0014466615662133,0.9999995268544684,0.3431242249062375,0.088303702811756
168020,90.0,0,3.749399456654644e-33,0.0028899167054864,0.0028917148529417,0.0023149403732731,0.9999997201094007,-0.5427118822545564,0.088303702811756
168020,90.0,1,3.749399456654644e-33,0.0015626082970219,0.0015624459069028,0.0020813387910307,0.999999968732889,-0.3015078664137928,0.088303702811756
168020,90.0,2,3.749399456654644e-33,0.0011578660097259,0.0011565333743325,0.0017562823933888,0.9999965167373864,0.4010532613053484,0.088303702811756
168020,90.0,3,3.749399456654644e-33,0.0020006542713042,0.0020004990271392,0.0021134123133822,0.9999999658575258,0.4378590121661959,0.088303702811756
168021,0.0,0,1.0,0.0029937322446772,0.0029955524519775,0.001211492050043,0.9999999618085976,0.8976578526173428,0.0941995767514311
168021,0.0,1,1.0,0.0029937322446772,0.0029955524519775,0.0013888333798419,0.9999999618085976,-0.319745513144755,0.0941995767514311
168021,0.0,2,1.0,0.0029937322446772,0.0029955524519775,0.0010318689042035,0.9999999618085976,0.6497977060875155,0.0941995767514311
168021,0.0,3,1.0,0.0029937322446772,0.0029955524519775,0.0014841721921698,0.9999999618085976,-0.3784484673204497,0.0941995767514311
168021,22.5,0,0.8535533905932737,0.0026706271507389,0.0026721004792383,0.0019523373815842,0.9999999836527624,0.6586083160386448,0.0941995767514311
168021,22.5,1,0.8535533905932737,0.0029250604596693,0.0029267713761627,0.0018263733140724,0.9999999837030816,0.79068350822348,0.0941995767514311
168021,22.5,2,0.8535533905932737,0.0029072221586774,0.0029089996105766,0.0013891755963904,0.9999999571870044,0.2853125804568772,0.0941995767514311
168021,22.5,3,0.8535533905932737,0.0027350046806706,0.002736417189159,0.000840282294239,0.9999999514801786,0.1469484627831228,0.0941995767514311
168021,45.0,0,0.5000000000000001,0.0022662632196689,0.0022670035789657,0.0010821580697997,0.9999999640219972,0.090124184829409,0.0941995767514311
168021,45.0,1,0.5000000000000001,0.0021594777871083,0.0021603317099837,0.0017891868646035,0.9999999665467494,0.6281850825231571,0.0941995767514311
168021,45.0,2,0.5000000000000001,0.0022763816999718,0.0022774923431344,0.0015061134014321,0.9999999638753998,0.0265150535482376,0.0941995767514311
168021,45.0,3,0.5000000000000001,0.0026080938335211,0.0026089560006134,0.0007252410952423,0.9999999724259818,0.4835546320398186,0.0941995767514311
168021,67.5,0,0.1464466094067263,0.001805343964014,0.0018059097019832,0.0006721562767053,0.999999974435113,0.5325276928508258,0.0941995767514311
168021,67.5,1,0.1464466094067263,0.0014134713449854,0.0014138089628167,0.000981137914192,0.9999999300416909,-0.0602899966909234,0.0941995767514311
168021,67.5,2,0.1464466094067263,0.0015130354235433,0.0015130951859716,0.0012315169533414,0.9999999845160584,-0.8175796317130795,0.0941995767514311
168021,67.5,3,0.1464466094067263,0.0013031030039759,0.0013032779187981,0.0010850404495518,0.9999999931244838,0.4964304073021918,0.0941995767514311
168021,90.0,0,3.749399456654644e-33,0.0010574820158249,0.0010577056773913,0.0009512334022445,0.9999999592285844,-0.7291138227777634,0.0941995767514311
168021,90.0,1,3.749399456654644e-33,0.0008532864630779,0.0008532161588645,0.001461143523414,0.9999999775043976,0.771016410478668,0.0941995767514311
168021,90.0,2,3.749399456654644e-33,0.0015129039042758,0.0015130007051865,0.0013715389393515,0.9999999819408648,0.1071484641452363,0.0941995767514311
168021,90.0,3,3.749399456654644e-33,0.0009536918594115,0.0009536479548626,0.0010500531193424,0.9999998771623456,-0.6633182071636431,0.0941995767514311
168022,0.0,0,1.0,0.0048759116448737,0.0048900239156108,0.0020895021658123,0.9999970990634194,0.4538392272969367,0.1158249452242686
168022,0.0,1,1.0,0.0048759116448737,0.0048900239156108,0.0023015254915782,0.9999970990634194,0.2633852517146661,0.1158249452242686
168022,0.0,2,1.0,0.0048759116448737,0.0048900239156108,0.0023717480933013,0.9999970990634194,-0.5355479726444315,0.1158249452242686
168022,0.0,3,1.0,0.0048759116448737,0.0048900239156108,0.0015886492073377,0.9999970990634194,-0.1905918562114195,0.1158249452242686
168022,22.5,0,0.8535533905932737,0.0048682724989236,0.0048790893253536,0.0037006807151662,0.9999990841456924,0.9453578557573072,0.1158249452242686
168022,22.5,1,0.8535533905932737,0.0048573503561555,0.004866509077677,0.001676151044677,0.999998426231994,-0.5850178134127739,0.1158249452242686
168022,22.5,2,0.8535533905932737,0.0045556551180194,0.0045694963423201,0.0017409610747253,0.9999981681709886,0.3338247236651194,0.1158249452242686
168022,22.5,3,0.8535533905932737,0.0044125771238783,0.0044262780785489,0.0026526757589903,0.999997678980189,0.2039883751439684,0.1158249452242686
168022,45.0,0,0.5000000000000001,0.0034864829129049,0.0034972165916139,0.0020398154002656,0.999997816185854,-0.3235304893855776,0.1158249452242686
168022,45.0,1,0.5000000000000001,0.0034955355106834,0.0035040387045302,0.0013571456786622,0.999998485747937,0.0159020543455843,0.1158249452242686
168022,45.0,2,0.5000000000000001,0.0033831344961119,0.0033907614416956,0.0029584958298077,0.999997535537536,0.8005511689619295,0.1158249452242686
168022,45.0,3,0.5000000000000001,0.0035970891878124,0.0036034586358738,0.0020423302725366,0.9999993898479232,-0.6372063239377334,0.1158249452242686
168022,67.5,0,0.1464466094067263,0.002992553089388,0.0029951493482547,0.0027558482383281,0.9999983417311642,0.6412641646917714,0.1158249452242686
168022,67.5,1,0.1464466094067263,0.0024840851203314,0.00248750074217,0.0019722633407153,0.9999988816770832,0.2452505649638445,0.1158249452242686
168022,67.5,2,0.1464466094067263,0.0022140299736731,0.002218426318239,0.0022117263080169,0.999997838915505,-0.2817810946821385,0.1158249452242686
168022,67.5,3,0.1464466094067263,0.0022446665622054,0.0022487474521078,0.0015050091514003,0.9999965530737976,0.2538944910752559,0.1158249452242686
168022,90.0,0,3.749399456654644e-33,0.0014129252163792,0.0014126694219447,0.0015336808703551,0.9999992903329904,-0.0891380556213796,0.1158249452242686
168022,90.0,1,3.749399456654644e-33,0.0018891636028078,0.0018882864556131,0.0018782773547215,0.9999991158134882,0.463726544114545,0.1158249452242686
168022,90.0,2,3.749399456654644e-33,0.0021563585912424,0.0021568410326301,0.002321195260413,0.9999996939708096,-0.4254477031473515,0.1158249452242686
168022,90.0,3,3.749399456654644e-33,0.0021506229969065,0.0021518908711516,0.0018207800256969,0.99999621493833,0.2557107475649156,0.1158249452242686
168023,0.0,0,1.0,0.0029843641601139,0.0029838016516982,0.0010107573066338,0.9999999915096168,-0.282368163674525,0.0510645561381865
168023,0.0,1,1.0,0.0029843641601139,0.0029838016516982,0.0013796909304016,0.9999999915096168,0.2860667782489063,0.0510645561381865
168023,0.0,2,1.0,0.0029843641601139,0.0029838016516982,0.0008076513460573,0.9999999915096168,0.2457620123436147,0.0510645561381865
168023,0.0,3,1.0,0.0029843641601139,0.0029838016516982,0.0009604789944211,0.9999999915096168,-0.1845882561551694,0.0510645561381865
168023,22.5,0,0.8535533905932737,0.0029194019654785,0.0029188578160658,0.001186424483605,0.999999993046026,0.8662129813113939,0.0510645561381865
168023,22.5,1,0.8535533905932737,0.0027981588387306,0.0027977906131204,0.0010613921177034,0.999999991032706,-0.7186154098457734,0.0510645561381865
168023,22.5,2,0.8535533905932737,0.0026039981339297,0.0026033298165619,0.0017268200079515,0.9999999918315664,-0.6740414341070733,0.0510645561381865
168023,22.5,3,0.8535533905932737,0.0027262475968688,0.0027258203579522,0.0012124510567966,0.99999999065627,0.8039386326126002,0.0510645561381865
168023,45.0,0,0.5000000000000001,0.0023229851885796,0.0023225459903475,0.0016740702492385,0.9999999596275896,-0.6680720521100355,0.0510645561381865
168023,45.0,1,0.5000000000000001,0.0022149495839888,0.0022146412976891,0.001224170513087,0.999999985786087,-0.5456950287842521,0.0510645561381865
168023,45.0,2,0.5000000000000001,0.0021084992419465,0.0021076960872923,0.0011271202412898,0.9999999836365958,-0.1146353999058202,0.0510645561381865
168023,45.0,3,0.5000000000000001,0.0019406845268518,0.0019401436423383,0.0012593137869426,0.9999998269305556,-0.6407435887252431,0.0510645561381865
168023,67.5,0,0.1464466094067263,0.0019377936524914,0.0019374062715288,0.0008742375790306,0.9999999844018274,-0.0824218788473299,0.0510645561381865
168023,67.5,1,0.1464466094067263,0.0010425293569496,0.0010422272452275,0.0009280100280277,0.9999999194540468,0.3029833682536102,0.0510645561381865
168023,67.5,2,0.1464466094067263,0.0016563244893499,0.0016561469310655,0.0006340597453907,0.9999999884131828,-0.3680224737604139,0.0510645561381865
168023,67.5,3,0.1464466094067263,0.0017163337050876,0.0017155739440569,0.0008905681779885,0.9999999940113552,0.3803884080969071,0.0510645561381865
168023,90.0,0,3.749399456654644e-33,0.001402386144696,0.0014024898528212,0.0010530604028383,0.9999999470285716,-0.4229487086627517,0.0510645561381865
168023,90.0,1,3.749399456654644e-33,0.0017684777030043,0.0017687889286203,0.0013354544092796,0.9999999482416092,-0.0055904158290468,0.0510645561381865
168023,90.0,2,3.749399456654644e-33,0.0012792702315526,0.0012792305458327,0.0010977935575044,0.9999999027758888,0.5491998295004045,0.0510645561381865
168023,90.0,3,3.749399456654644e-33,0.0012283696208802,0.0012280198103741,0.0010835970998441,0.9999999308916598,0.5670240808118756,0.0510645561381865
168024,0.0,0,1.0,0.0049869632811603,0.0050196385953493,0.0035116743971748,0.999979266128808,-0.2954946332932954,0.264828696705775
168024,0.0,1,1.0,0.0049869632811603,0.0050196385953493,0.0031950734890867,0.999979266128808,-0.0629864496189216,0.264828696705775
168024,0.0,2,1.0,0.0049869632811603,0.0050196385953493,0.0037803567473905,0.999979266128808,0.5012755261814755,0.264828696705775
168024,0.0,3,1.0,0.0049869632811603,0.0050196385953493,0.0043839141784221,0.999979266128808,-0.326784689970048,0.264828696705775
168024,22.5,0,0.8535533905932737,0.0047781414747177,0.0047970692248063,0.0044645417566545,0.9999791344150112,0.7676740060903275,0.264828696705775
168024,22.5,1,0.8535533905932737,0.0046542906939832,0.0046784271853837,0.0021647106917099,0.9999850354935836,-0.7149840826982126,0.264828696705775
168024,22.5,2,0.8535533905932737,0.0051714136302982,0.0051941323923326,0.0034700974671294,0.9999830464332772,-0.4210472213166817,0.264828696705775
168024,22.5,3,0.8535533905932737,0.0048794976166692,0.0049101670207674,0.0039752216274559,0.9999827710001769,-0.3024665849403333,0.264828696705775
168024,45.0,0,0.5000000000000001,0.0040342965501247,0.0040355002622218,0.0026255373632425,0.9999877332057342,-0.2202599580205293,0.264828696705775
168024,45.0,1,0.5000000000000001,0.0046883712739934,0.0047321429999849,0.0036092889439283,0.999978028685314,0.3872790497501294,0.264828696705775
168024,45.0,2,0.5000000000000001,0.0030374495879429,0.003044203656642,0.0027916855595557,0.9999898036775272,0.1622414820876831,0.264828696705775
168024,45.0,3,0.5000000000000001,0.0046020507704744,0.0046148147779657,0.0024700248959241,0.999996131824506,0.2043413009952502,0.264828696705775
168024,67.5,0,0.1464466094067263,0.0028247827222369,0.0028230186383876,0.0028315371914744,0.9999819696200132,0.239348422766244,0.264828696705775
168024,67.5,1,0.1464466094067263,0.0037574391774656,0.0037631710551256,0.0020987397977359,0.9999942653903846,-0.6201759335834276,0.264828696705775
168024,67.5,2,0.1464466094067263,0.0038904373116286,0.0038997207516035,0.0029800007801515,0.9999992070584174,-0.0474658190956722,0.264828696705775
168024,67.5,3,0.1464466094067263,0.0019022725162274,0.0019072911465863,0.0027986534580338,0.9999876723769048,0.275287204636305,0.264828696705775
168024,90.0,0,3.749399456654644e-33,0.0024410080160429,0.0024449348124019,0.0026069202960959,0.9999986735771306,-0.038123658622037,0.264828696705775
168024,90.0,1,3.749399456654644e-33,0.0023488366548932,0.0023468485280607,0.0025289888067253,0.9999977042874262,-0.3034834066601607,0.264828696705775
168024,90.0,2,3.749399456654644e-33,0.003064942631948,0.0030641847512798,0.0033618678026193,0.9999979129407144,0.4209195708362648,0.264828696705775
168024,90.0,3,3.749399456654644e-33,0.0032119966504713,0.0032080895119118,0.0031539138878736,0.9999943047759482,-0.1816479911688064,0.264828696705775
168025,0.0,0,1.0,0.0104637387244943,0.0105697678380962,0.0079655510570325,0.9999488176357884,-0.8938488367072449,0.1656396541216462
168025,0.0,1,1.0,0.0104637387244943,0.0105697678380962,0.0026751769296412,0.9999488176357884,-0.0471319461742095,0.1656396541216462
168025,0.0,2,1.0,0.0104637387244943,0.0105697678380962,0.0041328600262799,0.9999488176357884,0.8010969936250325,0.1656396541216462
168025,0.0,3,1.0,0.0104637387244943,0.0105697678380962,0.0061229140143903,0.9999488176357884,-0.6748830846565506,0.1656396541216462
168025,22.5,0,0.8535533905932737,0.0095534558256015,0.0096476885481183,0.0036390277630772,0.9999323811408396,0.112454935612941,0.1656396541216462
168025,22.5,1,0.8535533905932737,0.0097954429549796,0.0098813810855832,0.0031172945390633,0.999975273736286,-0.4346386637934951,0.1656396541216462
168025,22.5,2,0.8535533905932737,0.0103738836086169,0.0104731764067518,0.005053130733305,0.9999667550951038,0.1071609312505802,0.1656396541216462
168025,22.5,3,0.8535533905932737,0.0102201608992986,0.0103034400841096,0.0056194350143775,0.9999667702784342,-0.5721937272583267,0.1656396541216462
168025,45.0,0,0.5000000000000001,0.0089009775653735,0.0089917130910956,0.0031602617146981,0.9999359300034256,-0.2776149044869491,0.1656396541216462
168025,45.0,1,0.5000000000000001,0.0079767258304625,0.0080217355341168,0.0018356998904688,0.9999753851529136,-0.2670358833282876,0.1656396541216462
168025,45.0,2,0.5000000000000001,0.0079776113030794,0.0080347626184868,0.0042569888956647,0.9999828019423974,0.4356082413327075,0.1656396541216462
168025,45.0,3,0.5000000000000001,0.0078350662747021,0.0078870086507407,0.0056948578533914,0.9999700693729237,-0.8222939325343428,0.1656396541216462
168025,67.5,0,0.1464466094067263,0.0042685304280245,0.0042737323875489,0.0028765789465049,0.9999986660257284,0.26981970983459,0.1656396541216462
168025,67.5,1,0.1464466094067263,0.0062516890062141,0.0062626050226478,0.002333683760203,0.9999927814396796,0.4984620589375552,0.1656396541216462
168025,67.5,2,0.1464466094067263,0.0064701883854992,0.0064960686031205,0.0042956729615055,0.9999916832902224,0.6830815896637966,0.1656396541216462
168025,67.5,3,0.1464466094067263,0.0039921506499113,0.0039983731234459,0.0030133118445853,0.999965607438582,0.5007175271897609,0.1656396541216462
168025,90.0,0,3.749399456654644e-33,0.0045231913789021,0.0045237190297464,0.0058008763929575,0.9999939032462132,0.1218193134577071,0.1656396541216462
168025,90.0,1,3.749399456654644e-33,0.0037871635221526,0.0037886972574633,0.0031844483460744,0.999998090823477,0.0115839976890192,0.1656396541216462
168025,90.0,2,3.749399456654644e-33,0.0050918620399226,0.0051065841167077,0.0032147443439132,0.9999892489051178,0.3633998579471814,0.1656396541216462
168025,90.0,3,3.749399456654644e-33,0.0044830617984292,0.0044849095446319,0.0054376373199181,0.999998767134354,0.3299708921509652,0.1656396541216462
168026,0.0,0,1.0,0.010731664474794,0.0106966709630797,0.0044600977254806,0.99998182661081,-0.5481566920100251,0.1429823133979016
168026,0.0,1,1.0,0.010731664474794,0.0106966709630797,0.0045891703665328,0.99998182661081,0.7448488430021011,0.1429823133979016
168026,0.0,2,1.0,0.010731664474794,0.0106966709630797,0.0050173829422069,0.99998182661081,0.1746586262771475,0.1429823133979016
168026,0.0,3,1.0,0.010731664474794,0.0106966709630797,0.0041449028620076,0.99998182661081,0.1160596022368532,0.1429823133979016
168026,22.5,0,0.8535533905932737,0.0104604078704899,0.0104358660090814,0.0030579874944327,0.999992653590446,-0.3986633647320248,0.1429823133979016
168026,22.5,1,0.8535533905932737,0.010355438540955,0.0103336063317044,0.0044102010189521,0.9999893088424282,0.9499344238718164,0.1429823133979016
168026,22.5,2,0.8535533905932737,0.0103060293510564,0.0102860057053205,0.0048316343969131,0.9999905099055076,-0.3629020117406695,0.1429823133979016
168026,22.5,3,0.8535533905932737,0.0105130755665364,0.0104948576691104,0.0032164647721675,0.9999929940777156,-0.4704646141740006,0.1429823133979016
168026,45.0,0,0.5000000000000001,0.007804950247238,0.0077853104317855,0.003999059239874,0.999983897010609,0.0188219032755289,0.1429823133979016
168026,45.0,1,0.5000000000000001,0.0087730611908641,0.0087589635947943,0.0052158584505224,0.9999937766440222,-0.7396414069192147,0.1429823133979016
168026,45.0,2,0.5000000000000001,0.0079935604876301,0.0079808958490167,0.0035979015376916,0.9999974403724043,-0.5723742753757259,0.1429823133979016
168026,45.0,3,0.5000000000000001,0.0071880569742141,0.0071690830360947,0.0045086233077925,0.9999719846323724,-0.3604100292872545,0.1429823133979016
168026,67.5,0,0.1464466094067263,0.0069483997657868,0.0069458175571234,0.0026565036716181,0.9999997118751373,0.1482751209389658,0.1429823133979016
168026,67.5,1,0.1464466094067263,0.0047015116670874,0.0046986018312325,0.0031808971386056,0.9999960840122876,-0.3819681832702594,0.1429823133979016
168026,67.5,2,0.1464466094067263,0.0068099498970141,0.0068033851309989,0.0030616730833191,0.9999997872406384,-0.4982075181249157,0.1429823133979016
168026,67.5,3,0.1464466094067263,0.0058595721643668,0.005828729760813,0.0036177737524481,0.9999969852856716,-0.2697546007978345,0.1429823133979016
168026,90.0,0,3.749399456654644e-33,0.0037617872761882,0.0037506776163352,0.0031365985718749,0.9999564601350688,0.2986768401142729,0.1429823133979016
168026,90.0,1,3.749399456654644e-33,0.0038007981967481,0.0038052722317329,0.0063861772000874,0.9999985289682006,-0.1677651311122578,0.1429823133979016
168026,90.0,2,3.749399456654644e-33,0.0050862241294168,0.0050937793246326,0.0050205069911553,0.9999996582692776,0.1763471074942997,0.1429823133979016
168026,90.0,3,3.749399456654644e-33,0.0045537315588112,0.0045535581895455,0.0047212554161188,0.9999847824911368,0.2769288146374752,0.1429823133979016
168027,0.0,0,1.0,0.0028123592383193,0.0028131181165157,0.0023722571687554,0.999999931379822,0.6574244486675012,0.0758067144671837
168027,0.0,1,1.0,0.0028123592383193,0.0028131181165157,0.0019954370600026,0.999999931379822,0.3585494992395068,0.0758067144671837
168027,0.0,2,1.0,0.0028123592383193,0.0028131181165157,0.0018755751761473,0.999999931379822,-0.0311160784291591,0.0758067144671837
168027,0.0,3,1.0,0.0028123592383193,0.0028131181165157,0.0020052653310053,0.999999931379822,-0.5815617316677255,0.0758067144671837
168027,22.5,0,0.8535533905932737,0.0028258080493092,0.0028263600379811,0.0012813232187584,0.999999915243746,-0.0115970172067461,0.0758067144671837
168027,22.5,1,0.8535533905932737,0.0027405577518136,0.0027411935469367,0.0016683796345525,0.999999939756578,-0.5469278179172502,0.0758067144671837
168027,22.5,2,0.8535533905932737,0.0027730450017691,0.0027734060604854,0.001987359272653,0.999999940823584,-0.0558870145833874,0.0758067144671837
168027,22.5,3,0.8535533905932737,0.0023984450250571,0.002399222528528,0.0013566038929219,0.999999898312042,0.3526849454108764,0.0758067144671837
168027,45.0,0,0.5000000000000001,0.0023423999538133,0.0023429639938107,0.0018070225440453,0.9999999276057252,0.5039403752644732,0.0758067144671837
168027,45.0,1,0.5000000000000001,0.0023750659049584,0.0023754032038843,0.0019008366640402,0.9999999599373504,-0.0718932417276575,0.0758067144671837
168027,45.0,2,0.5000000000000001,0.0021067896508704,0.0021066849373532,0.0011071146313294,0.999999921243261,0.5482242450889333,0.0758067144671837
168027,45.0,3,0.5000000000000001,0.002331406754688,0.0023317976868312,0.0017035464565572,0.9999999616086188,-0.0389536198812474,0.0758067144671837
168027,67.5,0,0.1464466094067263,0.0016768083957912,0.001676934648413,0.0012163949235051,0.9999999765388492,0.2416448109489319,0.0758067144671837
168027,67.5,1,0.1464466094067263,0.0019286075438962,0.0019287930253886,0.0020083745395096,0.9999999385772376,0.6603785182499987,0.0758067144671837
168027,67.5,2,0.1464466094067263,0.0016922043690929,0.0016918522615237,0.0009258522869056,0.999999948020779,0.3703360359447041,0.0758067144671837
168027,67.5,3,0.1464466094067263,0.0018037767816473,0.0018039196048038,0.0028503329482836,0.9999999302138418,-0.4877106396931797,0.0758067144671837
168027,90.0,0,3.749399456654644e-33,0.0017362347680037,0.0017360753694339,0.0021480597168476,0.9999999520035098,-0.5735755461327227,0.0758067144671837
168027,90.0,1,3.749399456654644e-33,0.0010450422880543,0.0010450885964616,0.0008624870749949,0.9999999540264854,0.7808429229879368,0.0758067144671837
168027,90.0,2,3.749399456654644e-33,0.0024831645550644,0.0024831617925474,0.0010239402622023,0.9999999869359184,-0.1180141427065298,0.0758067144671837
168027,90.0,3,3.749399456654644e-33,0.0014482016136712,0.0014483656157057,0.0016806693760634,0.9999998769655488,0.2906882327042258,0.0758067144671837
168028,0.0,0,1.0,0.0039181021235334,0.0039157222262789,0.0022070127001961,0.9999997526279228,-0.0707633175308672,0.0581008004605466
168028,0.0,1,1.0,0.0039181021235334,0.0039157222262789,0.0030415335068133,0.9999997526279228,0.6134616483537486,0.0581008004605466
168028,0.0,2,1.0,0.0039181021235334,0.0039157222262789,0.0017925896107893,0.9999997526279228,-0.4951959455064917,0.0581008004605466
168028,0.0,3,1.0,0.0039181021235334,0.0039157222262789,0.0019078667467696,0.9999997526279228,0.1452542037032715,0.0581008004605466
168028,22.5,0,0.8535533905932737,0.0036009381567236,0.0035984694259962,0.0021676062427449,0.9999997974076352,0.3771125691362094,0.0581008004605466
168028,22.5,1,0.8535533905932737,0.0036823549644016,0.0036799288302625,0.0015065762750534,0.9999997846149608,0.8772064263580314,0.0581008004605466
168028,22.5,2,0.8535533905932737,0.0036498960801673,0.0036482986835922,0.0015421095803267,0.9999998231734992,0.1836740674732503,0.0581008004605466
168028,22.5,3,0.8535533905932737,0.0036516567577953,0.003649285972677,0.0014343439421095,0.999999774266125,-0.2942586846681197,0.0581008004605466
168028,45.0,0,0.5000000000000001,0.0033729866511735,0.0033704239185124,0.0019000308271908,0.999999831732454,-0.3701864179636505,0.0581008004605466
168028,45.0,1,0.5000000000000001,0.002807330312359,0.0028068548661858,0.0018690776921548,0.9999998593604318,0.3623720704328056,0.0581008004605466
168028,45.0,2,0.5000000000000001,0.0030629198771803,0.0030618924272032,0.0017441047301152,0.9999998824799368,-0.5050194606694841,0.0581008004605466
168028,45.0,3,0.5000000000000001,0.0032396087041768,0.0032391411822513,0.0018366545851363,0.999999945137057,-0.4130303255243521,0.0581008004605466
168028,67.5,0,0.1464466094067263,0.0023374531563063,0.0023378068372654,0.001586556413158,0.999998819223348,-0.0218829774008473,0.0581008004605466
168028,67.5,1,0.1464466094067263,0.0021626022944117,0.0021627899683394,0.0010226585710664,0.9999998003978666,0.5021394513635008,0.0581008004605466
168028,67.5,2,0.1464466094067263,0.0010890672549541,0.0010865891407614,0.0022657999657884,0.9999914725247014,0.06027474253493,0.0581008004605466
168028,67.5,3,0.1464466094067263,0.0012020974638539,0.0012038195194176,0.0013284417920017,0.999996020407028,0.1956444762965177,0.0581008004605466
168028,90.0,0,3.749399456654644e-33,0.0020215352661055,0.0020221165955003,0.0022910245344618,0.9999998490041736,-0.0712321746465839,0.0581008004605466
168028,90.0,1,3.749399456654644e-33,0.0021126061758029,0.002112489599779,0.0014523479519644,0.9999999657795292,-0.0974228917493506,0.0581008004605466
168028,90.0,2,3.749399456654644e-33,0.0014736273437109,0.0014749324928821,0.0019096846442273,0.9999988141284508,0.3836159073854008,0.0581008004605466
168028,90.0,3,3.749399456654644e-33,0.0022632583866162,0.0022611335929632,0.003083809409669,0.9999986805986968,-0.7892964221318352,0.0581008004605466
168029,0.0,0,1.0,0.0036993608129583,0.0036977720221016,0.0010614658746498,0.9999998013850926,0.3058146188286144,0.0961954168043668
168029,0.0,1,1.0,0.0036993608129583,0.0036977720221016,0.0010415137977029,0.9999998013850926,-0.3621790289571759,0.0961954168043668
168029,0.0,2,1.0,0.0036993608129583,0.0036977720221016,0.0015083792539392,0.9999998013850926,-0.0267674948718666,0.0961954168043668
168029,0.0,3,1.0,0.0036993608129583,0.0036977720221016,0.0016882770050791,0.9999998013850926,0.0091247482909411,0.0961954168043668
168029,22.5,0,0.8535533905932737,0.0033466385018341,0.0033457872000434,0.0023703679447439,0.9999997992214996,-0.1535135435217043,0.0961954168043668
168029,22.5,1,0.8535533905932737,0.0031582489250297,0.0031561247517716,0.0010066180839078,0.9999996841709624,-0.7571195735772981,0.0961954168043668
168029,22.5,2,0.8535533905932737,0.003520766816017,0.0035192054760573,0.0016234699298923,0.9999997817838238,0.6681317637174129,0.0961954168043668
168029,22.5,3,0.8535533905932737,0.0037195392379529,0.0037182760848125,0.0009252072334508,0.9999999258477014,-0.5622845962245381,0.0961954168043668
168029,45.0,0,0.5000000000000001,0.0027927318368952,0.0027914908994235,0.0013284518067454,0.9999998969465418,-0.4356226712179354,0.0961954168043668
168029,45.0,1,0.5000000000000001,0.0029293298162342,0.0029281801915645,0.0015036834504651,0.999999849554732,0.272278673945766,0.0961954168043668
168029,45.0,2,0.5000000000000001,0.0029825854090518,0.002982425714197,0.0016055491983933,0.9999998781118364,-0.5448317526379814,0.0961954168043668
168029,45.0,3,0.5000000000000001,0.0030699371860862,0.0030695224577553,0.0013155034871852,0.9999999203290256,0.6605866174717542,0.0961954168043668
168029,67.5,0,0.1464466094067263,0.0021593472232607,0.0021585389813847,0.0013734990570215,0.9999999378802495,-0.398848676993477,0.0961954168043668
168029,67.5,1,0.1464466094067263,0.0018804585856361,0.0018798077593832,0.0011505013690409,0.9999998998417192,-0.2536344372721918,0.0961954168043668
168029,67.5,2,0.1464466094067263,0.0013547186058456,0.0013541290252684,0.0007074596914855,0.9999996351279994,-0.4503977055691592,0.0961954168043668
168029,67.5,3,0.1464466094067263,0.0016339965120746,0.0016334280200613,0.0012460306508484,0.9999998593220732,0.4075909950660116,0.0961954168043668
168029,90.0,0,3.749399456654644e-33,0.0014537440758843,0.0014537804959494,0.0013372181450355,0.9999999211772947,0.161093039849237,0.0961954168043668
168029,90.0,1,3.749399456654644e-33,0.0010603304766947,0.0010602368394775,0.0024466761154557,0.9999998666996333,0.5061338996614906,0.0961954168043668
168029,90.0,2,3.749399456654644e-33,0.001566237574439,0.0015669930894437,0.001382864221639,0.9999996562542,-0.2188193834410235,0.0961954168043668
168029,90.0,3,3.749399456654644e-33,0.0017403271885779,0.0017400319782623,0.0010405786867241,0.9999999852183198,0.8321621214125399,0.0961954168043668
168030,0.0,0,1.0,0.0022301859527298,0.0022301142784904,0.0013748320955538,0.999999956167384,-0.5559336558696836,0.095900315130856
168030,0.0,1,1.0,0.0022301859527298,0.0022301142784904,0.0008295949198029,0.999999956167384,-0.423469991884128,0.095900315130856
168030,0.0,2,1.0,0.0022301859527298,0.0022301142784904,0.0010158921413111,0.999999956167384,0.5732950469515757,0.095900315130856
168030,0.0,3,1.0,0.0022301859527298,0.0022301142784904,0.0010338993387795,0.999999956167384,0.2017336502625682,0.095900315130856
168030,22.5,0,0.8535533905932737,0.0021493305064089,0.002149197793114,0.0013164591962474,0.9999999433840662,0.6280446058706753,0.095900315130856
168030,22.5,1,0.8535533905932737,0.0018908968070101,0.0018909257445993,0.0009203504862108,0.9999999590398838,0.1067356242826676,0.095900315130856
168030,22.5,2,0.8535533905932737,0.0020870717826231,0.0020868294138662,0.00119556111471,0.9999999508416104,-0.2523939507793137,0.095900315130856
168030,22.5,3,0.8535533905932737,0.0019114984508039,0.0019117738938768,0.0008731507708642,0.9999999672876332,0.313341366470413,0.095900315130856
168030,45.0,0,0.5000000000000001,0.0017007345561275,0.0017005557794086,0.0014320129175304,0.9999999747984134,-0.8343274530671031,0.095900315130856
168030,45.0,1,0.5000000000000001,0.0016745542564827,0.0016747893578747,0.0009838992038166,0.9999999502124624,-0.2922697917087331,0.095900315130856
168030,45.0,2,0.5000000000000001,0.0015682749003724,0.0015683119092616,0.0006828654901272,0.9999999721851076,0.3050826887574361,0.095900315130856
168030,45.0,3,0.5000000000000001,0.0014979653869589,0.0014978820562683,0.0011249560162296,0.9999999553379816,-0.0024571459605505,0.095900315130856
168030,67.5,0,0.1464466094067263,0.0015496915376595,0.0015489028771984,0.0010051091810061,0.9999999643742864,0.5559791177320437,0.095900315130856
168030,67.5,1,0.1464466094067263,0.0014788336677662,0.001478481295682,0.0011496564254584,0.9999999839029516,0.678068535814288,0.095900315130856
168030,67.5,2,0.1464466094067263,0.0011389773028588,0.0011391276226454,0.0010114257098302,0.9999999536959668,-0.308490403369322,0.095900315130856
168030,67.5,3,0.1464466094067263,0.0014079686622874,0.0014080127089293,0.0015165660268818,0.999999845137886,0.7202644648978404,0.095900315130856
168030,90.0,0,3.749399456654644e-33,0.0009944175360576,0.0009943722789694,0.0010608005300376,0.9999997925185352,-0.1007877029535885,0.095900315130856
168030,90.0,1,3.749399456654644e-33,0.0008721772030114,0.0008722013326978,0.0011272061574024,0.999999935356505,-0.3421652807188361,0.095900315130856
168030,90.0,2,3.749399456654644e-33,0.0008518876511835,0.0008520696892819,0.0011908614385916,0.9999998163878164,-0.1194816995790868,0.095900315130856
168030,90.0,3,3.749399456654644e-33,0.0013102649054434,0.0013106240466708,0.0008757460084405,0.9999997772519092,0.4959965014932988,0.095900315130856
168031,0.0,0,1.0,0.0017345549296075,0.0017346530391793,0.0006315198904895,0.9999999631994726,-0.1497274071208216,0.081588087723629
168031,0.0,1,1.0,0.0017345549296075,0.0017346530391793,0.0011052119763071,0.9999999631994726,0.5709471988927014,0.081588087723629
168031,0.0,2,1.0,0.0017345549296075,0.0017346530391793,0.0010211469679744,0.9999999631994726,0.4795608997633881,0.081588087723629
168031,0.0,3,1.0,0.0017345549296075,0.0017346530391793,0.0013949054750222,0.9999999631994726,-0.2415863533511963,0.081588087723629
168031,22.5,0,0.8535533905932737,0.0015171601183241,0.0015173261229774,0.0011111775437159,0.9999999489116213,-0.2484485997021739,0.081588087723629
168031,22.5,1,0.8535533905932737,0.0018310640540622,0.0018310786470173,0.0003748964013231,0.9999999894976151,-0.3313870050521419,0.081588087723629
168031,22.5,2,0.8535533905932737,0.0016517405112317,0.0016517690219901,0.0012463145061373,0.99999998094207,0.7105469781654555,0.081588087723629
168031,22.5,3,0.8535533905932737,0.0016599458016998,0.0016600694594274,0.0012002784987775,0.9999999583716048,0.7976144493415933,0.081588087723629
168031,45.0,0,0.5000000000000001,0.0015047466396732,0.0015048392104899,0.0011260867039141,0.9999999888472956,-0.6046336504782001,0.081588087723629
168031,45.0,1,0.5000000000000001,0.0013683402545971,0.0013685034591389,0.0006928221087031,0.999999965281344,0.029435116634852,0.081588087723629
168031,45.0,2,0.5000000000000001,0.0012247085740951,0.0012246711625753,0.0009117594805733,0.9999998387538576,0.1879523246458686,0.081588087723629
168031,45.0,3,0.5000000000000001,0.0015312043402218,0.0015311858235522,0.0008579916850854,0.9999999891243608,0.0606460550249665,0.081588087723629
168031,67.5,0,0.1464466094067263,0.0010714399182991,0.0010714733832141,0.0008024250780593,0.9999999937448022,0.4799882435133872,0.081588087723629
168031,67.5,1,0.1464466094067263,0.0009493196758016,0.0009494017059218,0.0010393585711893,0.999999960976822,-0.3169782846992642,0.081588087723629
168031,67.5,2,0.1464466094067263,0.0009394030492846,0.0009395157692875,0.0012629439998348,0.9999998895456508,0.3326952809117979,0.081588087723629
168031,67.5,3,0.1464466094067263,0.0010519561579419,0.001052030645691,0.0007214216168877,0.9999999291891152,-0.4092117912695838,0.081588087723629
168031,90.0,0,3.749399456654644e-33,0.0012724967143997,0.0012725025257285,0.0011487175364195,0.999999954901205,0.2760749349704757,0.081588087723629
168031,90.0,1,3.749399456654644e-33,0.0007726136525754,0.0007726075479546,0.0010681350789325,0.9999999905025334,0.4468308066912932,0.081588087723629
168031,90.0,2,3.749399456654644e-33,0.0011970928240723,0.0011971342911335,0.0010927561697333,0.9999999776237548,0.3373637994728978,0.081588087723629
168031,90.0,3,3.749399456654644e-33,0.000971982964707,0.0009719509934027,0.0007374427018723,0.99999997365344,0.1054448090522678,0.081588087723629
168032,0.0,0,1.0,0.0042430509876164,0.004231760119681,0.0019135359931832,0.9999994517230384,-0.5266655761940326,0.1379272517265442
168032,0.0,1,1.0,0.0042430509876164,0.004231760119681,0.0013525128511851,0.9999994517230384,0.2264123287004494,0.1379272517265442
168032,0.0,2,1.0,0.0042430509876164,0.004231760119681,0.0010286585668126,0.9999994517230384,-0.3405790142243977,0.1379272517265442
168032,0.0,3,1.0,0.0042430509876164,0.004231760119681,0.0018233959805877,0.9999994517230384,0.4701278454867558,0.1379272517265442
168032,22.5,0,0.8535533905932737,0.0040149958129263,0.0040057912759642,0.0018825198794225,0.9999993346943272,0.5726991149058154,0.1379272517265442
168032,22.5,1,0.8535533905932737,0.0040840975086733,0.0040755101439343,0.0011695089532255,0.9999995042728316,0.457007968703333,0.1379272517265442
168032,22.5,2,0.8535533905932737,0.0037739272699197,0.0037625252170736,0.0012747410477382,0.9999995125475236,0.1298451540029312,0.1379272517265442
168032,22.5,3,0.8535533905932737,0.0041705137663018,0.004163440284408,0.0018946979016368,0.9999996995287508,0.3524048413229859,0.1379272517265442
168032,45.0,0,0.5000000000000001,0.0031371216794951,0.003131339438773,0.0010970999885662,0.9999997529045156,0.5689760304178313,0.1379272517265442
168032,45.0,1,0.5000000000000001,0.0032827502184731,0.0032781884235927,0.0015423580808561,0.9999998051107156,0.0381411113852174,0.1379272517265442
168032,45.0,2,0.5000000000000001,0.0031496339657543,0.00314027072782,0.0017402246165639,0.9999992203793944,0.4854508561369695,0.1379272517265442
168032,45.0,3,0.5000000000000001,0.0033373261346253,0.0033316942102472,0.0009833134828811,0.999999603482882,-0.3492766968066483,0.1379272517265442
168032,67.5,0,0.1464466094067263,0.0023378828608224,0.0023369246416518,0.0013900462150014,0.9999999077141308,0.7820179931209329,0.1379272517265442
168032,67.5,1,0.1464466094067263,0.0018445387730501,0.0018434708548619,0.0019011748796126,0.999999682553522,-0.3235528948217948,0.1379272517265442
168032,67.5,2,0.1464466094067263,0.0021807038706433,0.0021795101533756,0.0012926835186029,0.9999964578447958,0.2732065359009702,0.1379272517265442
168032,67.5,3,0.1464466094067263,0.0022595739482402,0.0022580741117252,0.0020170354622499,0.999999219972532,0.1411970879470947,0.1379272517265442
168032,90.0,0,3.749399456654644e-33,0.0017745940148304,0.0017749821044362,0.0023566493550853,0.9999998148934794,0.1164232407788554,0.1379272517265442
168032,90.0,1,3.749399456654644e-33,0.0024171324829064,0.0024164708631042,0.0022561530010669,0.9999999031822628,-0.8382769396409855,0.1379272517265442
168032,90.0,2,3.749399456654644e-33,0.001824951177344,0.0018245374314037,0.0011343415572695,0.9999998319751428,-0.1230736858702509,0.1379272517265442
168032,90.0,3,3.749399456654644e-33,0.0014670814669568,0.0014666354070142,0.0010101739848698,0.9999989973166592,-0.6086123235888176,0.1379272517265442
168033,0.0,0,1.0,0.0012674776931421,0.0012674466010069,0.0008378677365154,0.999999988261393,0.750025316774931,0.0489045231417241
168033,0.0,1,1.0,0.0012674776931421,0.0012674466010069,0.0002856466987647,0.999999988261393,0.0345578045446278,0.0489045231417241
168033,0.0,2,1.0,0.0012674776931421,0.0012674466010069,0.0005784936225695,0.999999988261393,0.0557663908424427,0.0489045231417241
168033,0.0,3,1.0,0.0012674776931421,0.0012674466010069,0.0005195859578273,0.999999988261393,-0.0568240451410009,0.0489045231417241
168033,22.5,0,0.8535533905932737,0.0012130781880076,0.0012130147937487,0.0004931197477572,0.9999999947656368,0.8159437847241651,0.0489045231417241
168033,22.5,1,0.8535533905932737,0.0011144437393807,0.0011144522230365,0.0005978730291318,0.9999999831534324,-0.1954941717182547,0.0489045231417241
168033,22.5,2,0.8535533905932737,0.0011051247002918,0.0011050940180756,0.0008486132392385,0.9999999870612126,0.4504820116643372,0.0489045231417241
168033,22.5,3,0.8535533905932737,0.0012540667306604,0.0012540778088723,0.0005049465253641,0.999999987367228,0.4300340482240159,0.0489045231417241
168033,45.0,0,0.5000000000000001,0.0010887521898927,0.0010886139402965,0.0004613112178303,0.9999999945130826,0.2458274961320648,0.0489045231417241
168033,45.0,1,0.5000000000000001,0.0009351334282742,0.0009350861913841,0.0005867793311284,0.999999991038392,0.2816222000019294,0.0489045231417241
168033,45.0,2,0.5000000000000001,0.0009886305414416,0.0009886076166876,0.0007333467808012,0.9999999946932384,0.4068690908658464,0.0489045231417241
168033,45.0,3,0.5000000000000001,0.0008608696043406,0.000860898222009,0.0008215385784111,0.9999999774063808,-0.3720580079448886,0.0489045231417241
168033,67.5,0,0.1464466094067263,0.0006630703761931,0.0006630864733139,0.0005390006377621,0.999999993970412,0.5558235908065542,0.0489045231417241
168033,67.5,1,0.1464466094067263,0.0006731050720733,0.0006731101598918,0.0005881698840298,0.999999985019756,-0.2954989189906992,0.0489045231417241
168033,67.5,2,0.1464466094067263,0.0007992243316162,0.0007992372508748,0.0005899142061447,0.9999999840361568,-0.3522310303124552,0.0489045231417241
168033,67.5,3,0.1464466094067263,0.000531443904093,0.0005314476640192,0.0003750161769361,0.9999999871809724,0.2367802521934265,0.0489045231417241
168033,90.0,0,3.749399456654644e-33,0.0002718931460706,0.0002718823610365,0.000289397943588,0.9999999701444006,0.0786347169401183,0.0489045231417241
168033,90.0,1,3.749399456654644e-33,0.0004249354327358,0.00042491384627,0.0006108421037348,0.999999985971434,-0.2239167857607666,0.0489045231417241
168033,90.0,2,3.749399456654644e-33,0.0004381861905531,0.0004382051805759,0.000477080986436,0.9999999888989178,0.6328604086607534,0.0489045231417241
168033,90.0,3,3.749399456654644e-33,0.0004680966255203,0.0004681229398628,0.0005426239724109,0.999999990318596,0.3214295223048369,0.0489045231417241
168034,0.0,0,1.0,0.003364011207134,0.0033759848654903,0.0015556977984512,0.9999963544393904,0.3352176873266836,0.140619718183142
168034,0.0,1,1.0,0.003364011207134,0.0033759848654903,0.0017451855930006,0.9999963544393904,-0.371588836909569,0.140619718183142
168034,0.0,2,1.0,0.003364011207134,0.0033759848654903,0.0025337093361913,0.9999963544393904,0.0662894000214776,0.140619718183142
168034,0.0,3,1.0,0.003364011207134,0.0033759848654903,0.0019821987715775,0.9999963544393904,0.3770567203963048,0.140619718183142
168034,22.5,0,0.8535533905932737,0.0032207260567459,0.0032300482199007,0.0010617863799658,0.9999967822154048,-0.5917272293608646,0.140619718183142
168034,22.5,1,0.8535533905932737,0.003170473638234,0.003182549964479,0.0021998948590705,0.9999958860855672,0.099457362341112,0.140619718183142
168034,22.5,2,0.8535533905932737,0.0032020306792676,0.0032121454967411,0.0013932745070811,0.999996910090761,-0.0034863031615866,0.140619718183142
168034,22.5,3,0.8535533905932737,0.0030682731830149,0.0030809135067003,0.0016792793839966,0.9999956309012856,-0.3056753591032775,0.140619718183142
168034,45.0,0,0.5000000000000001,0.0027532763836484,0.0027584591297279,0.0024071272043202,0.9999967220493836,-0.0650346997549981,0.140619718183142
168034,45.0,1,0.5000000000000001,0.0031689631771771,0.003172453766468,0.0022168483004386,0.9999991194812512,-0.0097305411545351,0.140619718183142
168034,45.0,2,0.5000000000000001,0.0026757178930898,0.0026803843510106,0.0022171459468728,0.9999959033619934,0.4017990665265658,0.140619718183142
168034,45.0,3,0.5000000000000001,0.0027115030454094,0.0027145982418322,0.0016362385712932,0.9999992354264544,-0.1721922266494893,0.140619718183142
168034,67.5,0,0.1464466094067263,0.0014905277815121,0.0014941165796478,0.0028234630972798,0.9999962420469368,0.8188457556409089,0.140619718183142
168034,67.5,1,0.1464466094067263,0.0014548524369048,0.0014553616307708,0.001240060941942,0.99999870475179,-0.109472324293922,0.140619718183142
168034,67.5,2,0.1464466094067263,0.0024049116938161,0.0024059486235555,0.0016736559508776,0.9999994103405264,-0.4674990773413198,0.140619718183142
168034,67.5,3,0.1464466094067263,0.001807928375483,0.0018090849598616,0.0027866723498594,0.9999992550137136,-0.2466769552164152,0.140619718183142
168034,90.0,0,3.749399456654644e-33,0.0015984792267439,0.0015978412335123,0.0019112109184129,0.9999997475153952,-0.1800078339376889,0.140619718183142
168034,90.0,1,3.749399456654644e-33,0.001935491926386,0.0019352384297508,0.0027196106188758,0.9999998854206434,0.8174297723943437,0.140619718183142
168034,90.0,2,3.749399456654644e-33,0.0024658477960548,0.0024651188851476,0.0018395398817966,0.9999998434462364,0.4397764001960649,0.140619718183142
168034,90.0,3,3.749399456654644e-33,0.0031833974231045,0.0031845370748001,0.0015400103403845,0.9999998719290712,0.3928022682721412,0.140619718183142
168035,0.0,0,1.0,0.0041838997969552,0.0041832289282668,0.0016601084421783,0.999999950688364,0.4799017247225743,0.0708815156281405
168035,0.0,1,1.0,0.0041838997969552,0.0041832289282668,0.0020916806496112,0.999999950688364,0.5455604956136921,0.0708815156281405
168035,0.0,2,1.0,0.0041838997969552,0.0041832289282668,0.0025991544431386,0.999999950688364,-0.1293059524060519,0.0708815156281405
168035,0.0,3,1.0,0.0041838997969552,0.0041832289282668,0.0017502377185139,0.999999950688364,0.63756170460676,0.0708815156281405
168035,22.5,0,0.8535533905932737,0.0041022674069486,0.0041016427584253,0.0019771359173653,0.9999999680006018,0.3816949100510938,0.0708815156281405
168035,22.5,1,0.8535533905932737,0.0040618631237314,0.0040612798959882,0.002120795666745,0.9999999548726106,0.226468922293087,0.0708815156281405
168035,22.5,2,0.8535533905932737,0.0041048622461906,0.0041044672104509,0.0009928511322951,0.999999970603351,-0.2412443366897385,0.0708815156281405
168035,22.5,3,0.8535533905932737,0.0041362564947537,0.0041354337234747,0.0016223784061594,0.999999933251988,0.3358403925872705,0.0708815156281405
168035,45.0,0,0.5000000000000001,0.0035446344927896,0.003544242770091,0.0017898835007977,0.9999999915014124,0.3820852062429266,0.0708815156281405
168035,45.0,1,0.5000000000000001,0.0032080614175162,0.0032076952753977,0.002351786534292,0.9999999885354002,0.3020538333678959,0.0708815156281405
168035,45.0,2,0.5000000000000001,0.0040491601193607,0.0040486308396,0.0017622094736305,0.9999999920211272,0.3863239546108837,0.0708815156281405
168035,45.0,3,0.5000000000000001,0.0040852936330129,0.0040849563913434,0.0018842874915649,0.9999999931271568,0.2282756787512833,0.0708815156281405
168035,67.5,0,0.1464466094067263,0.0019722370995409,0.0019729796983537,0.0020270621914073,0.9999997721125696,0.2455028592426497,0.0708815156281405
168035,67.5,1,0.1464466094067263,0.0027378636491709,0.0027382795412712,0.0019398141753329,0.9999998626506952,0.0301179696399274,0.0708815156281405
168035,67.5,2,0.1464466094067263,0.0019067564156922,0.0019064058771703,0.0006214922550848,0.9999999531527284,-0.0930737328878639,0.0708815156281405
168035,67.5,3,0.1464466094067263,0.0028177606217063,0.0028176007208499,0.0014917502327618,0.9999997354639952,-0.6315622201553424,0.0708815156281405
168035,90.0,0,3.749399456654644e-33,0.0020529077148346,0.0020532640195366,0.0015700072909546,0.9999999783338468,0.1387216645320344,0.0708815156281405
168035,90.0,1,3.749399456654644e-33,0.0011695184313351,0.0011697651063954,0.0019687587407108,0.9999999815091898,0.2357595147735869,0.0708815156281405
168035,90.0,2,3.749399456654644e-33,0.0019830666135657,0.0019829877187408,0.0017572546960507,0.9999999849261696,-0.3198204931565305,0.0708815156281405
168035,90.0,3,3.749399456654644e-33,0.0021461480063917,0.0021455915538387,0.0024592095197945,0.9999999462401108,-0.2252882724210042,0.0708815156281405
168036,0.0,0,1.0,0.004030804841682,0.0040354557667671,0.0017780172450806,0.9999994585490392,-0.827590243877385,0.0909433510483313
168036,0.0,1,1.0,0.004030804841682,0.0040354557667671,0.0024953454078624,0.9999994585490392,0.1723368852086277,0.0909433510483313
168036,0.0,2,1.0,0.004030804841682,0.0040354557667671,0.0014166163347404,0.9999994585490392,-0.1006248104182959,0.0909433510483313
168036,0.0,3,1.0,0.004030804841682,0.0040354557667671,0.0017649248765147,0.9999994585490392,0.5877786761239372,0.0909433510483313
168036,22.5,0,0.8535533905932737,0.0038302757246636,0.0038338096670382,0.0009706523219452,0.9999997268823408,-0.0383179270456922,0.0909433510483313
168036,22.5,1,0.8535533905932737,0.0037908019534163,0.0037952622515956,0.0014884569024222,0.9999995418354714,0.5502418005439628,0.0909433510483313
168036,22.5,2,0.8535533905932737,0.0038512715074181,0.0038539871680397,0.0024335331712362,0.9999995626145796,0.4139710923730196,0.0909433510483313
168036,22.5,3,0.8535533905932737,0.004015209996734,0.0040198707918945,0.0023782358619514,0.99999947586283,0.4975442759847655,0.0909433510483313
168036,45.0,0,0.5000000000000001,0.0032129722315055,0.0032145208533433,0.001805448771349,0.9999997779611414,0.3556850849435791,0.0909433510483313
168036,45.0,1,0.5000000000000001,0.0028743734981288,0.0028754519210194,0.0016103098918848,0.9999997470309496,-0.0601341125551523,0.0909433510483313
168036,45.0,2,0.5000000000000001,0.0029001396482862,0.002902803989331,0.0016759857344364,0.9999995940667996,0.6479492150566389,0.0909433510483313
168036,45.0,3,0.5000000000000001,0.0034219114769112,0.0034253345334465,0.0009089867756712,0.999999775649554,-0.5659373628347061,0.0909433510483313
168036,67.5,0,0.1464466094067263,0.0024340963726628,0.0024336435457042,0.0021216125650579,0.9999999639247292,0.6996633401687222,0.0909433510483313
168036,67.5,1,0.1464466094067263,0.0021195232616262,0.0021197539485171,0.0016057023773952,0.999999699314678,0.2614829369720422,0.0909433510483313
168036,67.5,2,0.1464466094067263,0.0026529665582813,0.0026528852103261,0.0023879415934286,0.9999998969082976,0.6672394256648306,0.0909433510483313
168036,67.5,3,0.1464466094067263,0.0023945582885711,0.0023937699283161,0.0009856463180296,0.9999998274670686,-0.149943216508753,0.0909433510483313
168036,90.0,0,3.749399456654644e-33,0.0019134225859534,0.0019131060637597,0.0009682639874401,0.9999999623588144,-0.0394556385304839,0.0909433510483313
168036,90.0,1,3.749399456654644e-33,0.0011678744697972,0.0011678367461855,0.0021422879524011,0.9999998832804252,-0.4152115723693631,0.0909433510483313
168036,90.0,2,3.749399456654644e-33,0.0015116664476297,0.0015119524713447,0.0024905795488597,0.999999914750711,-0.1268493017541653,0.0909433510483313
168036,90.0,3,3.749399456654644e-33,0.0019731400061767,0.0019737225866658,0.0011455993053116,0.9999998965348138,0.4550818709805536,0.0909433510483313
168037,0.0,0,1.0,0.0072848728504075,0.0072752997901755,0.0030971809678615,0.9999997519232946,0.1478840593699476,0.1560095435459671
168037,0.0,1,1.0,0.0072848728504075,0.0072752997901755,0.0027589184507926,0.9999997519232946,0.1428259867061844,0.1560095435459671
168037,0.0,2,1.0,0.0072848728504075,0.0072752997901755,0.0030745560439359,0.9999997519232946,-0.6270332200700319,0.1560095435459671
168037,0.0,3,1.0,0.0072848728504075,0.0072752997901755,0.0021857909984805,0.9999997519232946,0.0533283752474954,0.1560095435459671
168037,22.5,0,0.8535533905932737,0.0073466565489266,0.0073342960575102,0.0031742725644741,0.9999993246739814,-0.7083759612447154,0.1560095435459671
168037,22.5,1,0.8535533905932737,0.0065602960405763,0.0065522518187589,0.0019451994822792,0.9999997570863606,-0.1852995184675653,0.1560095435459671
168037,22.5,2,0.8535533905932737,0.007191452561743,0.007181578288188,0.0045238195859547,0.9999996504233152,0.8828340118895501,0.1560095435459671
168037,22.5,3,0.8535533905932737,0.0060151158616946,0.0060062220909178,0.00258873192734,0.9999998984181524,0.2939141656674706,0.1560095435459671
168037,45.0,0,0.5000000000000001,0.0063194648015511,0.0063118150762242,0.0023891909673432,0.9999995059307376,-0.4480038586119688,0.1560095435459671
168037,45.0,1,0.5000000000000001,0.0058095731044953,0.0058021964116896,0.001584751680809,0.9999997808824204,-0.037972137442561,0.1560095435459671
168037,45.0,2,0.5000000000000001,0.0059408235325898,0.0059342972591683,0.0018960852589309,0.9999998606881662,0.3114775828866368,0.1560095435459671
168037,45.0,3,0.5000000000000001,0.0055695054990152,0.005561040698008,0.003499949025806,0.9999994621379192,-0.88975216887853,0.1560095435459671
168037,67.5,0,0.1464466094067263,0.004103597502669,0.0041024932430594,0.0033313024191536,0.99999987483369,-0.2444824966978614,0.1560095435459671
168037,67.5,1,0.1464466094067263,0.0039436551225182,0.0039419800179598,0.0024072220560946,0.9999995409966606,0.6149816102218632,0.1560095435459671
168037,67.5,2,0.1464466094067263,0.0027739087151731,0.0027710333595563,0.003145100634989,0.9999995475528968,0.5398777529626188,0.1560095435459671
168037,67.5,3,0.1464466094067263,0.0038465983649873,0.0038437441665177,0.0022712390067512,0.9999998262660292,-0.2558399592232013,0.1560095435459671
168037,90.0,0,3.749399456654644e-33,0.0020393345816681,0.0020394603712013,0.0023728442878287,0.9999993868119648,-0.2593932070749468,0.1560095435459671
168037,90.0,1,3.749399456654644e-33,0.003469168714636,0.003468887716628,0.0031125347906928,0.9999996947403342,0.5960263032214623,0.1560095435459671
168037,90.0,2,3.749399456654644e-33,0.0036058132844175,0.0036065736628191,0.0047544371640054,0.9999992130954805,-0.5126370026290876,0.1560095435459671
168037,90.0,3,3.749399456654644e-33,0.0027174422486576,0.0027188811940234,0.0013060352424606,0.9999994346022882,-0.1365233876214971,0.1560095435459671
168038,0.0,0,1.0,0.0043721901210894,0.0043666975815148,0.0013919107297525,0.9999998072998464,0.3247975432538836,0.1311750019936616
168038,0.0,1,1.0,0.0043721901210894,0.0043666975815148,0.0010377019958581,0.9999998072998464,0.4245090998063188,0.1311750019936616
168038,0.0,2,1.0,0.0043721901210894,0.0043666975815148,0.0019513869698888,0.9999998072998464,0.4037064803758459,0.1311750019936616
168038,0.0,3,1.0,0.0043721901210894,0.0043666975815148,0.0016454931775748,0.9999998072998464,-0.5460497077029298,0.1311750019936616
168038,22.5,0,0.8535533905932737,0.0040504080296311,0.0040454258374618,0.0025626273507619,0.9999999465562204,-0.7105519338970674,0.1311750019936616
168038,22.5,1,0.8535533905932737,0.0039990673411394,0.0039936061890735,0.0028941981496899,0.99999970870383,-0.6639943652220522,0.1311750019936616
168038,22.5,2,0.8535533905932737,0.0041660747869945,0.0041605415274517,0.00241987609587,0.9999999061105656,-0.8643715689026278,0.1311750019936616
168038,22.5,3,0.8535533905932737,0.0039536497006585,0.0039483407385133,0.0010307214296365,0.9999999465466406,-0.1067962103084693,0.1311750019936616
168038,45.0,0,0.5000000000000001,0.0032124567434666,0.0032117937217709,0.0017489034642255,0.9999998252900288,0.5219753255539078,0.1311750019936616
168038,45.0,1,0.5000000000000001,0.0032389424989243,0.0032328486398779,0.0020188535252449,0.9999996943476456,-0.4190756393181115,0.1311750019936616
168038,45.0,2,0.5000000000000001,0.0038775008947744,0.0038739280621353,0.0013549286740588,0.9999998561673796,-0.7603461351812189,0.1311750019936616
168038,45.0,3,0.5000000000000001,0.0030672178493351,0.0030650998755561,0.0015086776854328,0.9999997949160568,0.0983858655187723,0.1311750019936616
168038,67.5,0,0.1464466094067263,0.0033453950491414,0.0033451320261211,0.0019784494573619,0.9999999826885108,0.6879057049404679,0.1311750019936616
168038,67.5,1,0.1464466094067263,0.0029255994155259,0.0029252472244452,0.0021051739682741,0.9999999701104508,0.5080127779532404,0.1311750019936616
168038,67.5,2,0.1464466094067263,0.0025018973496753,0.0025001219595568,0.0013960740162583,0.9999998098910764,0.924951980693847,0.1311750019936616
168038,67.5,3,0.1464466094067263,0.0025164988876734,0.0025161855550018,0.0018613384478559,0.99999978905679,0.5293983958148869,0.1311750019936616
168038,90.0,0,3.749399456654644e-33,0.0024042309508616,0.0024040485310952,0.0021139992035386,0.999999968767206,0.211977885633172,0.1311750019936616
168038,90.0,1,3.749399456654644e-33,0.0020179539470496,0.0020181390955619,0.0018530275727176,0.9999999630335168,0.1179691698149583,0.1311750019936616
168038,90.0,2,3.749399456654644e-33,0.0016300465493951,0.0016293267359706,0.0014241895483596,0.9999992306304212,-0.3350655855745241,0.1311750019936616
168038,90.0,3,3.749399456654644e-33,0.0014943196940603,0.0014943588541014,0.002851497402328,0.9999998145910556,0.4825356621888212,0.1311750019936616
168039,0.0,0,1.0,0.0062555614252264,0.0062391582169361,0.0036903361450095,0.9999971669765884,0.0245356023227135,0.1063777407605808
168039,0.0,1,1.0,0.0062555614252264,0.0062391582169361,0.0019399270119455,0.9999971669765884,0.1640047598465941,0.1063777407605808
168039,0.0,2,1.0,0.0062555614252264,0.0062391582169361,0.0034342459810893,0.9999971669765884,-0.3059741401716495,0.1063777407605808
168039,0.0,3,1.0,0.0062555614252264,0.0062391582169361,0.0037917561139098,0.9999971669765884,-0.1910935618886365,0.1063777407605808
168039,22.5,0,0.8535533905932737,0.0057956201441848,0.0057739002079517,0.0021922707515032,0.999996660211362,-0.3381998659579658,0.1063777407605808
168039,22.5,1,0.8535533905932737,0.0057865623259292,0.0057687512270637,0.0027494395843438,0.9999964767079204,0.0433395749845788,0.1063777407605808
168039,22.5,2,0.8535533905932737,0.0054839161286591,0.0054713006221613,0.0029269583720699,0.9999984925468272,0.4375760714700209,0.1063777407605808
168039,22.5,3,0.8535533905932737,0.0056521481291291,0.0056371972200351,0.0024208907640962,0.9999973621796262,0.3686381652238871,0.1063777407605808
168039,45.0,0,0.5000000000000001,0.0046276869195753,0.0046253436219848,0.0029369434477737,0.9999990837290194,-0.2655837726933515,0.1063777407605808
168039,45.0,1,0.5000000000000001,0.0057991710816419,0.0057857855033681,0.001805293200574,0.9999964699007282,-0.318067840209135,0.1063777407605808
168039,45.0,2,0.5000000000000001,0.0048159516810827,0.0048000777519285,0.0027100587712771,0.999991849533633,-0.601336007888935,0.1063777407605808
168039,45.0,3,0.5000000000000001,0.005210683468405,0.0052002971942469,0.0019040361064614,0.9999941437020424,-0.2606425039890085,0.1063777407605808
168039,67.5,0,0.1464466094067263,0.0028913492293499,0.0028921197238839,0.0022943072489742,0.9999989180017576,0.313776332433584,0.1063777407605808
168039,67.5,1,0.1464466094067263,0.004837427174574,0.0048302513360174,0.0032420312516971,0.9999961049837418,0.621938645506355,0.1063777407605808
168039,67.5,2,0.1464466094067263,0.0037138643948223,0.0036979402220601,0.0028779926236358,0.999990286109024,-0.3762245181633049,0.1063777407605808
168039,67.5,3,0.1464466094067263,0.0036990640931871,0.0036974238399472,0.0030905705244644,0.9999998776922558,0.7564631392685591,0.1063777407605808
168039,90.0,0,3.749399456654644e-33,0.0023214152893215,0.0023190048447916,0.0031174439013218,0.9999970979683231,-0.4609174647214656,0.1063777407605808
168039,90.0,1,3.749399456654644e-33,0.0025226238671506,0.0025215305888949,0.0019438605444583,0.9999981217658166,0.6987134874109823,0.1063777407605808
168039,90.0,2,3.749399456654644e-33,0.003351999650499,0.003351760861174,0.0018029970163708,0.9999981071515598,0.6252558906773933,0.1063777407605808
168039,90.0,3,3.749399456654644e-33,0.0029497449198908,0.0029494191084535,0.0029876266096521,0.9999974114457274,0.4613112636777113,0.1063777407605808
168040,0.0,0,1.0,0.0036925562738096,0.0036911208976711,0.0013769450535631,0.99999981588083,0.2761557431665114,0.082685255055938
168040,0.0,1,1.0,0.0036925562738096,0.0036911208976711,0.001278561324907,0.99999981588083,0.3437896147692966,0.082685255055938
168040,0.0,2,1.0,0.0036925562738096,0.0036911208976711,0.0018271204916305,0.99999981588083,0.5833404978023913,0.082685255055938
168040,0.0,3,1.0,0.0036925562738096,0.0036911208976711,0.0027882169239107,0.99999981588083,0.2607545157678788,0.082685255055938
168040,22.5,0,0.8535533905932737,0.0034224239404757,0.0034214399813807,0.0018994415274296,0.9999998591064252,-0.507103118292958,0.082685255055938
168040,22.5,1,0.8535533905932737,0.0035603843386684,0.0035597279379618,0.0015573947866046,0.9999998127705494,-0.4656763072930636,0.082685255055938
168040,22.5,2,0.8535533905932737,0.0034185255375015,0.0034178403617641,0.001649269844868,0.9999997388471242,-0.0838420452782628,0.082685255055938
168040,22.5,3,0.8535533905932737,0.0036034246141649,0.0036020689066897,0.0024088838115187,0.9999998287784482,0.2579071777088529,0.082685255055938
168040,45.0,0,0.5000000000000001,0.0028936988750877,0.0028931179505088,0.0024023173950081,0.999999862734597,0.5801226599901149,0.082685255055938
168040,45.0,1,0.5000000000000001,0.0027032758600076,0.0027022355606779,0.0023417389480927,0.9999998892562656,0.4571920917826191,0.082685255055938
168040,45.0,2,0.5000000000000001,0.0026532964111154,0.0026527831305666,0.0014457178645527,0.99999964812528,0.362804574350138,0.082685255055938
168040,45.0,3,0.5000000000000001,0.0027176487089511,0.0027168180140152,0.0018248064606958,0.9999997333678048,0.4924737233986775,0.082685255055938
168040,67.5,0,0.1464466094067263,0.0013649578630896,0.0013635110723496,0.0026592359720353,0.9999997021002226,-0.6559771763645844,0.082685255055938
168040,67.5,1,0.1464466094067263,0.0020847741143735,0.0020845255395852,0.0012689251445185,0.9999999634745016,-0.1351089237897906,0.082685255055938
168040,67.5,2,0.1464466094067263,0.0016300959929865,0.001629419410078,0.0019873098379939,0.9999996939156368,-0.2972594389886441,0.082685255055938
168040,67.5,3,0.1464466094067263,0.002551909886921,0.0025519107369783,0.0024798690426893,0.9999999011344606,0.2721056786546744,0.082685255055938
168040,90.0,0,3.749399456654644e-33,0.0014891296576411,0.0014889651107681,0.0011657500752581,0.9999998741324492,0.2503539320101987,0.082685255055938
168040,90.0,1,3.749399456654644e-33,0.0013013003732916,0.0013013122477811,0.002313851606435,0.9999999608096782,-0.2908108054109779,0.082685255055938
168040,90.0,2,3.749399456654644e-33,0.0018383387427715,0.0018388629376661,0.0021249903953522,0.9999999551429192,0.6602774351172622,0.082685255055938
168040,90.0,3,3.749399456654644e-33,0.0018894233794498,0.0018889417155456,0.0023737917992233,0.9999999648105036,-0.3794653283643154,0.082685255055938
168041,0.0,0,1.0,0.0032843516679304,0.0032859197943689,0.002019745752107,0.999998529343786,-0.202162630515681,0.2109086679818145
168041,0.0,1,1.0,0.0032843516679304,0.0032859197943689,0.0015472788120021,0.999998529343786,0.6676115521132546,0.2109086679818145
168041,0.0,2,1.0,0.0032843516679304,0.0032859197943689,0.0013966543105996,0.999998529343786,0.6302991785937369,0.2109086679818145
168041,0.0,3,1.0,0.0032843516679304,0.0032859197943689,0.0014136216731051,0.999998529343786,0.2952262566226801,0.2109086679818145
168041,22.5,0,0.8535533905932737,0.0029331130294587,0.0029347808630818,0.0010806164049665,0.9999981386318304,0.253915223132479,0.2109086679818145
168041,22.5,1,0.8535533905932737,0.0031897390087908,0.0031910370270026,0.0019334007465314,0.9999993235529644,-0.5626658146077512,0.2109086679818145
168041,22.5,2,0.8535533905932737,0.0033205138420181,0.0033225625338786,0.0016816548659441,0.999999230849632,-0.1053243908447731,0.2109086679818145
168041,22.5,3,0.8535533905932737,0.0029901113416077,0.0029906643070718,0.001415911376199,0.9999984681739658,0.3845515006087446,0.2109086679818145
168041,45.0,0,0.5000000000000001,0.0024046368033048,0.0024048282064384,0.0019698659736481,0.9999995865255972,-0.2267225281811628,0.2109086679818145
168041,45.0,1,0.5000000000000001,0.0027340299473479,0.0027351267469356,0.0020126441153181,0.999999118295988,0.8515637802729245,0.2109086679818145
168041,45.0,2,0.5000000000000001,0.0023951685997813,0.002395814490378,0.0009409158075662,0.9999993942210782,0.4779988236710497,0.2109086679818145
168041,45.0,3,0.5000000000000001,0.0026480036117154,0.0026488724080183,0.0013797811739629,0.999999475514062,0.295622532232868,0.2109086679818145
168041,67.5,0,0.1464466094067263,0.0023754654927558,0.0023758596636577,0.001674277916347,0.9999997807005284,-0.4558099540124876,0.2109086679818145
168041,67.5,1,0.1464466094067263,0.002038574267062,0.0020387038047593,0.0020511692161223,0.9999998737196384,0.5513261670705804,0.2109086679818145
168041,67.5,2,0.1464466094067263,0.0022230274177977,0.0022238088196254,0.0018591204264892,0.999999469992316,0.4775530055152862,0.2109086679818145
168041,67.5,3,0.1464466094067263,0.0015203963227674,0.0015206304024987,0.0015552319204205,0.999999657615354,0.3712395058251789,0.2109086679818145
168041,90.0,0,3.749399456654644e-33,0.0018951007061779,0.0018958228739919,0.0019875615400567,0.999999908377498,0.0699893783760096,0.2109086679818145
168041,90.0,1,3.749399456654644e-33,0.0014904226526695,0.0014910361450538,0.0016082636102938,0.9999999416430798,0.2475343001307754,0.2109086679818145
168041,90.0,2,3.749399456654644e-33,0.0011699936616147,0.0011699012540019,0.0019505684589859,0.9999997249835544,0.028742308937556,0.2109086679818145
168041,90.0,3,3.749399456654644e-33,0.0016569784339929,0.0016575289088022,0.0020610517416113,0.9999998357748126,0.7398545126466994,0.2109086679818145
168042,0.0,0,1.0,0.0066927635865752,0.0066835847293064,0.0025638916187435,0.999999723194871,-0.3498272130492572,0.2057854451209666
168042,0.0,1,1.0,0.0066927635865752,0.0066835847293064,0.0028534703814026,0.999999723194871,-0.120096143136985,0.2057854451209666
168042,0.0,2,1.0,0.0066927635865752,0.0066835847293064,0.0035670939897946,0.999999723194871,0.4015325318117198,0.2057854451209666
168042,0.0,3,1.0,0.0066927635865752,0.0066835847293064,0.0018992656805495,0.999999723194871,-0.4218440377814992,0.2057854451209666
168042,22.5,0,0.8535533905932737,0.0065691403161188,0.0065620141874896,0.0023740658281869,0.9999996639047796,-0.2494784348546512,0.2057854451209666
168042,22.5,1,0.8535533905932737,0.006740493609403,0.0067325762533243,0.0018232005407521,0.9999995087345744,0.4968867828966584,0.2057854451209666
168042,22.5,2,0.8535533905932737,0.006776759589854,0.0067706086406798,0.0037168800661055,0.9999994001340974,-0.4225437995749821,0.2057854451209666
168042,22.5,3,0.8535533905932737,0.0057742907257057,0.0057669181007171,0.0014717059635483,0.9999994969277652,0.4572622084981436,0.2057854451209666
168042,45.0,0,0.5000000000000001,0.0046975016903961,0.0046924202050034,0.0028642864140137,0.9999991791899484,0.3091837732141705,0.2057854451209666
168042,45.0,1,0.5000000000000001,0.0050969660700859,0.0050917629873421,0.0034559668105577,0.9999993505093352,-0.5219234878407859,0.2057854451209666
168042,45.0,2,0.5000000000000001,0.0046221168454688,0.0046159517668559,0.0030698399947221,0.999999591100768,-0.1173657034498941,0.2057854451209666
168042,45.0,3,0.5000000000000001,0.0065293709902156,0.0065228424045164,0.0020682777903981,0.9999998406212096,0.2936932940827902,0.2057854451209666
168042,67.5,0,0.1464466094067263,0.003829248434367,0.0038251273716889,0.0044771936059492,0.9999997416950984,-0.3922730121260738,0.2057854451209666
168042,67.5,1,0.1464466094067263,0.0051139021364274,0.0051110818743031,0.0050961738624415,0.9999996559557992,0.2810179217561327,0.2057854451209666
168042,67.5,2,0.1464466094067263,0.0040315014708024,0.0040314389532623,0.0025764994846548,0.9999990064176628,-0.45085056268167,0.2057854451209666
168042,67.5,3,0.1464466094067263,0.0030869716638605,0.0030845241439186,0.0029828201300158,0.9999995475392176,-0.3459104888439137,0.2057854451209666
168042,90.0,0,3.749399456654644e-33,0.0027477524069822,0.0027489529354795,0.0033718799312131,0.9999917115425242,0.4227585756650237,0.2057854451209666
168042,90.0,1,3.749399456654644e-33,0.0040999567200672,0.0041013576446108,0.0022429842646186,0.9999998117346984,-0.440462308817592,0.2057854451209666
168042,90.0,2,3.749399456654644e-33,0.0029813820604643,0.0029832911137558,0.002842902127145,0.999996284980674,0.1101391268109174,0.2057854451209666
168042,90.0,3,3.749399456654644e-33,0.003510299605957,0.0035086769206879,0.0029171053246653,0.999999741388916,0.4641578906818532,0.2057854451209666
168043,0.0,0,1.0,0.0016388036944369,0.0016387879794684,0.0009548108364793,0.999999995113762,-0.1888484805506668,0.0640953932509075
168043,0.0,1,1.0,0.0016388036944369,0.0016387879794684,0.0008207896288463,0.999999995113762,-0.4269328399235318,0.0640953932509075
168043,0.0,2,1.0,0.0016388036944369,0.0016387879794684,0.0011572279963548,0.999999995113762,0.2378342922809531,0.0640953932509075
168043,0.0,3,1.0,0.0016388036944369,0.0016387879794684,0.0005784124493199,0.999999995113762,0.0518048803044625,0.0640953932509075
168043,22.5,0,0.8535533905932737,0.00147116148866,0.0014711898299131,0.0012307412528131,0.9999999907428068,0.6305031807374298,0.0640953932509075
168043,22.5,1,0.8535533905932737,0.0014027733303444,0.0014028128261109,0.0008926484403095,0.9999999832008748,-0.1023731510072836,0.0640953932509075
168043,22.5,2,0.8535533905932737,0.0016438935012028,0.0016438761308486,0.000997419806213,0.9999999929454616,-0.3212218588185189,0.0640953932509075
168043,22.5,3,0.8535533905932737,0.001470931086877,0.0014708982445895,0.0010096417431414,0.9999999927628378,0.0219104388104924,0.0640953932509075
168043,45.0,0,0.5000000000000001,0.0014544097734886,0.0014543338140829,0.000830390173185,0.9999999981828552,0.293368850005988,0.0640953932509075
168043,45.0,1,0.5000000000000001,0.0014914345623282,0.0014916646308016,0.000912277346572,0.9999999904302168,0.0969685050233558,0.0640953932509075
168043,45.0,2,0.5000000000000001,0.0012923656178477,0.0012925252864515,0.0009360634864279,0.9999999861634454,0.8164479610808835,0.0640953932509075
168043,45.0,3,0.5000000000000001,0.0013986842862653,0.0013988816349333,0.001430889997349,0.9999999765473098,-0.4041120184884088,0.0640953932509075
168043,67.5,0,0.1464466094067263,0.0009994596150263,0.0009994814380961,0.0008432622686093,0.9999999951222954,-0.2312730397899104,0.0640953932509075
168043,67.5,1,0.1464466094067263,0.0013104808943972,0.0013105190237761,0.0011143871816907,0.9999999978704904,-0.3809530381830004,0.0640953932509075
168043,67.5,2,0.1464466094067263,0.0015103109848647,0.0015104322115423,0.0012915059170416,0.9999999986601124,-0.7494358331663132,0.0640953932509075
168043,67.5,3,0.1464466094067263,0.0013769019516468,0.0013772508043054,0.0009495778215463,0.9999999301674932,0.1403035538455284,0.0640953932509075
168043,90.0,0,3.749399456654644e-33,0.0008585344837494,0.0008584885157647,0.0007123087766296,0.9999999957257504,0.3197230774885816,0.0640953932509075
168043,90.0,1,3.749399456654644e-33,0.0012490682410536,0.0012492847492316,0.0010573446750031,0.9999999925429276,0.5145357436758263,0.0640953932509075
168043,90.0,2,3.749399456654644e-33,0.0010666018923936,0.0010666822722739,0.0011209313918232,0.999999988158277,0.1669033855722266,0.0640953932509075
168043,90.0,3,3.749399456654644e-33,0.0003133519362834,0.0003133657826727,0.0009146813190266,0.9999999739033536,-0.1013914277975663,0.0640953932509075
168044,0.0,0,1.0,0.0042165406839561,0.0042212414194743,0.00123491910805,0.9999993015745996,-0.5857070966329468,0.1220770170487437
168044,0.0,1,1.0,0.0042165406839561,0.0042212414194743,0.001506091095433,0.9999993015745996,-0.2870557123485727,0.1220770170487437
168044,0.0,2,1.0,0.0042165406839561,0.0042212414194743,0.001614371480037,0.9999993015745996,-0.1114197660329632,0.1220770170487437
168044,0.0,3,1.0,0.0042165406839561,0.0042212414194743,0.0019159731474552,0.9999993015745996,0.5079628721148816,0.1220770170487437
168044,22.5,0,0.8535533905932737,0.003973536869306,0.0039756934257589,0.0018711124225563,0.999999549057753,-0.7241610584079178,0.1220770170487437
168044,22.5,1,0.8535533905932737,0.0039003064751327,0.0039047527191496,0.0012411110164136,0.9999993264023485,-0.6329860281228028,0.1220770170487437
168044,22.5,2,0.8535533905932737,0.0037265957283289,0.0037296664264921,0.0017546801963657,0.9999996165598668,-0.0702973141188284,0.1220770170487437
168044,22.5,3,0.8535533905932737,0.0039860561423825,0.003991163868148,0.0015670742046706,0.9999991078023284,0.5755280690131439,0.1220770170487437
168044,45.0,0,0.5000000000000001,0.0036365324019451,0.0036385616802145,0.0015165683063315,0.9999999060372396,-0.1941215926706252,0.1220770170487437
168044,45.0,1,0.5000000000000001,0.0029709043676755,0.0029756076357204,0.0018815365983912,0.9999988913543748,0.0235614141054136,0.1220770170487437
168044,45.0,2,0.5000000000000001,0.0029974966205653,0.0029998256736003,0.0008050050514313,0.999999656240535,-0.3364728795762492,0.1220770170487437
168044,45.0,3,0.5000000000000001,0.0038126479879221,0.0038135901279289,0.0015498386732892,0.9999997825339088,0.0610817189829935,0.1220770170487437
168044,67.5,0,0.1464466094067263,0.0017483504010965,0.0017493425664582,0.0005872072411625,0.9999997715380164,-0.6806033005571285,0.1220770170487437
168044,67.5,1,0.1464466094067263,0.0016672397842865,0.001669084487784,0.0020139707077212,0.9999990037298652,-0.5158011668830057,0.1220770170487437
168044,67.5,2,0.1464466094067263,0.0031355909293465,0.0031372585568062,0.0016315633850751,0.9999993369760622,-0.7743975257778296,0.1220770170487437
168044,67.5,3,0.1464466094067263,0.0019610827307474,0.0019630886361699,0.0019472736801879,0.9999992383875304,0.0443734441685441,0.1220770170487437
168044,90.0,0,3.749399456654644e-33,0.0015039674003206,0.0015040679706568,0.0010993645050455,0.9999999646602528,0.3306285820844597,0.1220770170487437
168044,90.0,1,3.749399456654644e-33,0.0016409853430365,0.0016419877063515,0.0021448632069041,0.999998836536504,-0.5266841293283517,0.1220770170487437
168044,90.0,2,3.749399456654644e-33,0.0024449184060028,0.0024444237827247,0.0022288689856058,0.9999998195116228,0.001403963620258,0.1220770170487437
168044,90.0,3,3.749399456654644e-33,0.0016524988019857,0.0016524984220934,0.0017761690543224,0.9999998110371442,0.5857992046595099,0.1220770170487437
168045,0.0,0,1.0,0.0040049675639475,0.0040055349471063,0.0016129993341447,0.9999999849679828,-0.132927587946038,0.1242876144493439
168045,0.0,1,1.0,0.0040049675639475,0.0040055349471063,0.0011151137837527,0.9999999849679828,0.023691651931182,0.1242876144493439
168045,0.0,2,1.0,0.0040049675639475,0.0040055349471063,0.0023151976973729,0.9999999849679828,-0.3103966542932378,0.1242876144493439
168045,0.0,3,1.0,0.0040049675639475,0.0040055349471063,0.0015722315421281,0.9999999849679828,0.0492425858136364,0.1242876144493439
168045,22.5,0,0.8535533905932737,0.0038018643124878,0.0038022105862137,0.0016569506837615,0.9999999801925992,0.2333950341558529,0.1242876144493439
168045,22.5,1,0.8535533905932737,0.0037026731578207,0.0037036846803752,0.0011596537934564,0.9999999630962008,-0.2454661409784602,0.1242876144493439
168045,22.5,2,0.8535533905932737,0.0039014615906155,0.003901943534166,0.001452407821659,0.9999999620473512,0.219928313291611,0.1242876144493439
168045,22.5,3,0.8535533905932737,0.0036929374532847,0.0036933305342783,0.0009012590981324,0.9999999888488368,-0.2866486403822871,0.1242876144493439
168045,45.0,0,0.5000000000000001,0.0028396659495102,0.0028397797624588,0.0011141935925705,0.9999999749038536,0.4557218486505389,0.1242876144493439
168045,45.0,1,0.5000000000000001,0.0033691511553441,0.0033689736270157,0.0018043580862252,0.999999780705903,-0.0596161917873037,0.1242876144493439
168045,45.0,2,0.5000000000000001,0.0029724256144458,0.0029744804006885,0.0024120729148273,0.9999993591284256,-0.5477310554996881,0.1242876144493439
168045,45.0,3,0.5000000000000001,0.0033237171025709,0.0033244942808284,0.0014837195344096,0.9999999244026532,-0.6721300010486335,0.1242876144493439
168045,67.5,0,0.1464466094067263,0.0012718250795215,0.0012739003591643,0.0015315219512391,0.9999973081867254,-0.4529410029645962,0.1242876144493439
168045,67.5,1,0.1464466094067263,0.001977645810735,0.0019773771968037,0.0013436373703212,0.9999999335485577,0.3551519239278062,0.1242876144493439
168045,67.5,2,0.1464466094067263,0.0023833354412335,0.0023826536773845,0.0016897344411499,0.9999997452224229,-0.1006745208766523,0.1242876144493439
168045,67.5,3,0.1464466094067263,0.0018698256343055,0.0018699823679832,0.0021738264540221,0.9999999331543722,-0.2135848551453685,0.1242876144493439
168045,90.0,0,3.749399456654644e-33,0.0009054942213281,0.0009054500072772,0.0014717320304519,0.9999999534139928,0.6017376321912986,0.1242876144493439
168045,90.0,1,3.749399456654644e-33,0.0013213243769676,0.0013212418573409,0.0021880670494867,0.999999890126118,0.7073962190682902,0.1242876144493439
168045,90.0,2,3.749399456654644e-33,0.001164154397996,0.0011638848137661,0.0023822328031845,0.9999994817171884,0.3269233958245756,0.1242876144493439
168045,90.0,3,3.749399456654644e-33,0.0028828266411141,0.0028720732556773,0.0018720598292829,0.9999986701066188,-0.6035475593578824,0.1242876144493439
168046,0.0,0,1.0,0.0023476190225281,0.0023467746471781,0.0007122001076072,0.9999999722087196,-0.3266718123120797,0.0524979995971373
168046,0.0,1,1.0,0.0023476190225281,0.0023467746471781,0.0014011857093762,0.9999999722087196,0.7398540978784787,0.0524979995971373
168046,0.0,2,1.0,0.0023476190225281,0.0023467746471781,0.0004619242443887,0.9999999722087196,-0.21474696163578,0.0524979995971373
168046,0.0,3,1.0,0.0023476190225281,0.0023467746471781,0.0009549839482592,0.9999999722087196,-0.2186267060877493,0.0524979995971373
168046,22.5,0,0.8535533905932737,0.0023625555869239,0.0023621421072205,0.0006496289744573,0.9999999902584372,-0.1617500095805099,0.0524979995971373
168046,22.5,1,0.8535533905932737,0.0019818418280787,0.0019813293949592,0.0011870996137351,0.9999999834134364,-0.3483058067879707,0.0524979995971373
168046,22.5,2,0.8535533905932737,0.0022613800930911,0.0022603578053246,0.0015634492118574,0.9999999531799992,-0.7453097359420408,0.0524979995971373
168046,22.5,3,0.8535533905932737,0.0021901074780664,0.0021896010807567,0.0009507200447636,0.999999979969001,0.4744674543268282,0.0524979995971373
168046,45.0,0,0.5000000000000001,0.0019038975227328,0.001903790751931,0.001531189771556,0.9999999979586351,0.8699023535529533,0.0524979995971373
168046,45.0,1,0.5000000000000001,0.0020378099210314,0.0020369252740881,0.0010894284487794,0.999999963343665,0.3026585944573021,0.0524979995971373
168046,45.0,2,0.5000000000000001,0.0014537529551535,0.00145336303765,0.0006676565933183,0.9999999729584452,-0.6784205769181912,0.0524979995971373
168046,45.0,3,0.5000000000000001,0.0016227403814409,0.0016223138662634,0.0008386705707329,0.9999999792185544,-0.7806942373428553,0.0524979995971373
168046,67.5,0,0.1464466094067263,0.001248757479198,0.0012485649725222,0.0014950921503907,0.9999999917244607,-0.0616669584451998,0.0524979995971373
168046,67.5,1,0.1464466094067263,0.0012385985569144,0.0012385992557704,0.0008327784472863,0.9999999934180048,-0.36428563824529,0.0524979995971373
168046,67.5,2,0.1464466094067263,0.0014463136622747,0.0014462140575032,0.0013416877922392,0.9999999916415848,0.3932404295245061,0.0524979995971373
168046,67.5,3,0.1464466094067263,0.0010270580268932,0.0010267287051253,0.0010806634260701,0.9999999608145036,-0.3606441853607856,0.0524979995971373
168046,90.0,0,3.749399456654644e-33,0.0006915511996549,0.0006915048440589,0.0014307633795177,0.9999999722066324,-0.5921023033450108,0.0524979995971373
168046,90.0,1,3.749399456654644e-33,0.0005785479940933,0.0005784338733156,0.0012891294537812,0.9999999764734316,-0.8746824175250998,0.0524979995971373
168046,90.0,2,3.749399456654644e-33,0.0009486147146822,0.0009486479082616,0.0008474803801365,0.999999986938332,-0.0888945092153237,0.0524979995971373
168046,90.0,3,3.749399456654644e-33,0.0008055976685673,0.0008055699897899,0.000867566869304,0.9999999858377076,-0.6818221723688386,0.0524979995971373
168047,0.0,0,1.0,0.0043627025751767,0.0043649878739567,0.0016468703477809,0.999999707064202,-0.5635460472909983,0.109917182359749
168047,0.0,1,1.0,0.0043627025751767,0.0043649878739567,0.002605053878289,0.999999707064202,-0.1538964329629404,0.109917182359749
168047,0.0,2,1.0,0.0043627025751767,0.0043649878739567,0.002298906648524,0.999999707064202,0.2195323616914556,0.109917182359749
168047,0.0,3,1.0,0.0043627025751767,0.0043649878739567,0.0017941269595473,0.999999707064202,-0.2234270508227188,0.109917182359749
168047,22.5,0,0.8535533905932737,0.0041213086064326,0.0041236305220723,0.0024777539198502,0.9999993554838398,0.5574511361409521,0.109917182359749
168047,22.5,1,0.8535533905932737,0.0042299182444142,0.0042316040665095,0.0027486745139363,0.9999999201584352,0.2592973985156032,0.109917182359749
168047,22.5,2,0.8535533905932737,0.004389542114729,0.0043916617376132,0.0023242903709836,0.9999996801089688,0.1541708112223133,0.109917182359749
168047,22.5,3,0.8535533905932737,0.0041713059225811,0.0041725268195145,0.0027517438036394,0.99999946560102,0.5588562328725071,0.109917182359749
168047,45.0,0,0.5000000000000001,0.003211467995926,0.0032131724226756,0.0015186385859123,0.9999976518422844,0.0940455466153203,0.109917182359749
168047,45.0,1,0.5000000000000001,0.0029036550060871,0.0029062595298782,0.0021352313841745,0.9999992413908236,-0.3251029709484046,0.109917182359749
168047,45.0,2,0.5000000000000001,0.0039086623802432,0.0039103035003528,0.0012386560262661,0.9999998273060384,-0.5532378712591439,0.109917182359749
168047,45.0,3,0.5000000000000001,0.003746251223676,0.0037485817936983,0.0010192564702354,0.9999996875084212,-0.0119404036055705,0.109917182359749
168047,67.5,0,0.1464466094067263,0.0023446961847758,0.00234523749961,0.001848802999553,0.999998930258013,-0.123615434546252,0.109917182359749
168047,67.5,1,0.1464466094067263,0.0024976388091262,0.0024953612080422,0.0031593773537586,0.9999972064262636,-0.6957472126001288,0.109917182359749
168047,67.5,2,0.1464466094067263,0.002792849966517,0.0027933836195233,0.0032536562499811,0.9999990381992964,0.1737527201139603,0.109917182359749
168047,67.5,3,0.1464466094067263,0.0027450434438772,0.002744884919974,0.0022737388967332,0.9999997836883842,-0.230813536110134,0.109917182359749
168047,90.0,0,3.749399456654644e-33,0.0022710658326887,0.0022717643026803,0.0022448411259468,0.9999998179503352,0.1001362337226823,0.109917182359749
168047,90.0,1,3.749399456654644e-33,0.0010903504017953,0.0010885381898096,0.0016002145834441,0.9999939322582364,0.2244486032110441,0.109917182359749
168047,90.0,2,3.749399456654644e-33,0.0024655932668549,0.0024652097399888,0.0016779167220453,0.9999999586873806,-0.0293570517552546,0.109917182359749
168047,90.0,3,3.749399456654644e-33,0.0026963016395923,0.002696533865406,0.0034231879011494,0.9999999133355528,0.1605817364955644,0.109917182359749
168048,0.0,0,1.0,0.0039820284597704,0.0039813151424996,0.0017824279850367,0.9999999344111732,-0.0017412954752037,0.089923102690977
168048,0.0,1,1.0,0.0039820284597704,0.0039813151424996,0.0016853194900479,0.9999999344111732,-0.0570492171852081,0.089923102690977
168048,0.0,2,1.0,0.0039820284597704,0.0039813151424996,0.0008069260895092,0.9999999344111732,-0.3298393537087897,0.089923102690977
168048,0.0,3,1.0,0.0039820284597704,0.0039813151424996,0.0018266631898221,0.9999999344111732,0.7119932667303696,0.089923102690977
168048,22.5,0,0.8535533905932737,0.0040782299670402,0.0040780524029635,0.0013232920434061,0.999999985699144,0.3068999769432162,0.089923102690977
168048,22.5,1,0.8535533905932737,0.0036081485834552,0.0036074069425322,0.0016944124453265,0.9999995664703292,-0.5451913617565761,0.089923102690977
168048,22.5,2,0.8535533905932737,0.003710508185679,0.0037099238827876,0.0024339520097738,0.9999999222513134,-0.0364521742522377,0.089923102690977
168048,22.5,3,0.8535533905932737,0.0038349949505627,0.003834326810159,0.0018359772327111,0.9999999704835928,-0.2557726266696448,0.089923102690977
168048,45.0,0,0.5000000000000001,0.0029059345271137,0.002905741239904,0.0010449737594477,0.9999999843528994,-0.3890383526340515,0.089923102690977
168048,45.0,1,0.5000000000000001,0.0028220460369066,0.0028212795462705,0.0013808194092057,0.999999972537924,0.0218861813397348,0.089923102690977
168048,45.0,2,0.5000000000000001,0.0033832410746076,0.0033834042344873,0.0015337464900189,0.9999999416415104,0.659995315557004,0.089923102690977
168048,45.0,3,0.5000000000000001,0.0027705280264007,0.0027709041301795,0.0013788150860634,0.9999990996742812,-0.2710196278811843,0.089923102690977
168048,67.5,0,0.1464466094067263,0.0021999490840327,0.0021993823054799,0.0019546005516916,0.9999997926929723,-0.0930128221445987,0.089923102690977
168048,67.5,1,0.1464466094067263,0.0018298366284743,0.0018290474880315,0.0010464556559619,0.999999921598282,0.1681768135763906,0.089923102690977
168048,67.5,2,0.1464466094067263,0.0021470237257974,0.0021480385046319,0.0013324641385114,0.9999997460682584,0.2707199598022314,0.089923102690977
168048,67.5,3,0.1464466094067263,0.0022470652657703,0.0022471411355111,0.0018998756249429,0.9999999858502514,-0.1654103705134493,0.089923102690977
168048,90.0,0,3.749399456654644e-33,0.0009140625047636,0.000913836115985,0.0015404028937199,0.9999998247796504,-0.0783252329956924,0.089923102690977
168048,90.0,1,3.749399456654644e-33,0.0012252772388319,0.001224990442834,0.001179153311775,0.9999990974482464,0.0681311139353714,0.089923102690977
168048,90.0,2,3.749399456654644e-33,0.0019047280270835,0.0019043583174971,0.0014890623418876,0.999999792682146,0.1406771619743982,0.089923102690977
168048,90.0,3,3.749399456654644e-33,0.0007054280750958,0.0007049936122956,0.001893146541225,0.9999996720526236,-0.2565344097124833,0.089923102690977
168049,0.0,0,1.0,0.0034192388935213,0.0034278916411145,0.002059216323086,0.9999981593954764,0.0490652410045637,0.0841260027646462
168049,0.0,1,1.0,0.0034192388935213,0.0034278916411145,0.0015150861301817,0.9999981593954764,0.0311205003463926,0.0841260027646462
168049,0.0,2,1.0,0.0034192388935213,0.0034278916411145,0.0018235087639608,0.9999981593954764,0.0026839353660303,0.0841260027646462
168049,0.0,3,1.0,0.0034192388935213,0.0034278916411145,0.0014320783410312,0.9999981593954764,0.5128377399250099,0.0841260027646462
168049,22.5,0,0.8535533905932737,0.0033593352575656,0.0033650352349054,0.0013179058894792,0.9999990279022112,0.1641397553468581,0.0841260027646462
168049,22.5,1,0.8535533905932737,0.003011599214519,0.0030190420679124,0.0014274796005095,0.999998175891826,0.3007989184802849,0.0841260027646462
168049,22.5,2,0.8535533905932737,0.0031210002082742,0.003129516406472,0.0018675317530693,0.9999977493766612,0.5265435945740786,0.0841260027646462
168049,22.5,3,0.8535533905932737,0.0034877359538692,0.0034939821096477,0.0020746353545756,0.999999119688977,0.3046956279979429,0.0841260027646462
168049,45.0,0,0.5000000000000001,0.0028011545282974,0.002805093048384,0.0018504045640062,0.9999994234067447,0.1379465749943411,0.0841260027646462
168049,45.0,1,0.5000000000000001,0.0030822624474168,0.0030864362554516,0.0022370423321793,0.9999990498635304,0.5107122336206796,0.0841260027646462
168049,45.0,2,0.5000000000000001,0.0024623511859086,0.0024669872514759,0.001302337757431,0.999997640938792,0.2758012627887166,0.0841260027646462
168049,45.0,3,0.5000000000000001,0.0025533962902818,0.0025615550530009,0.0015409182899821,0.9999996022858384,0.4447007699953008,0.0841260027646462
168049,67.5,0,0.1464466094067263,0.0012860056492705,0.0012856392476391,0.0011663521868303,0.9999979467769696,-0.0441842089205162,0.0841260027646462
168049,67.5,1,0.1464466094067263,0.0019290048565845,0.0019306209233561,0.0019385370044956,0.999999767166324,0.6024895665355001,0.0841260027646462
168049,67.5,2,0.1464466094067263,0.0013469349848976,0.0013484956197357,0.001016758152623,0.999998566599122,0.6135464304682727,0.0841260027646462
168049,67.5,3,0.1464466094067263,0.0023392247279937,0.0023411746836152,0.0024623010723128,0.9999998915167114,-0.6169347389296878,0.0841260027646462
168049,90.0,0,3.749399456654644e-33,0.0011211564171274,0.0011210269821187,0.0021804121204947,0.9999999400929594,-0.126278109133668,0.0841260027646462
168049,90.0,1,3.749399456654644e-33,0.0009799378507546,0.0009791669787427,0.0016558879575097,0.9999990147626804,-0.1035256205400456,0.0841260027646462
168049,90.0,2,3.749399456654644e-33,0.0011706769825821,0.0011708110940425,0.0020118053578398,0.9999998314476778,-0.0401135658545722,0.0841260027646462
168049,90.0,3,3.749399456654644e-33,0.0009882749579462,0.0009884667451958,0.0017115938016597,0.9999995898532336,0.1086805381996861,0.0841260027646462
168050,0.0,0,1.0,0.0076843471710787,0.0077763954370711,0.0039403971658347,0.9999751123936316,-0.1819229989599559,0.1999601705455047
168050,0.0,1,1.0,0.0076843471710787,0.0077763954370711,0.0050026978277671,0.9999751123936316,0.4512964750692473,0.1999601705455047
168050,0.0,2,1.0,0.0076843471710787,0.0077763954370711,0.0021550313744626,0.9999751123936316,0.3647884346946606,0.1999601705455047
168050,0.0,3,1.0,0.0076843471710787,0.0077763954370711,0.004265960240709,0.9999751123936316,0.2810037149674695,0.1999601705455047
168050,22.5,0,0.8535533905932737,0.0069978809857731,0.0070738240678289,0.0029954276505162,0.9999753344272692,0.2877500396831177,0.1999601705455047
168050,22.5,1,0.8535533905932737,0.0071565505229371,0.0072095775113826,0.0025229164956164,0.99998904947462,0.406010717653839,0.1999601705455047
168050,22.5,2,0.8535533905932737,0.0075045835665854,0.0075632298332491,0.0039534770169427,0.9999904400890288,0.3484754198175714,0.1999601705455047
168050,22.5,3,0.8535533905932737,0.0069043762795825,0.006986627488078,0.0057743895826056,0.9999707292561476,0.3781285038821357,0.1999601705455047
168050,45.0,0,0.5000000000000001,0.005942216895242,0.006008048511464,0.0039378074744236,0.9999782335601822,0.255214443146309,0.1999601705455047
168050,45.0,1,0.5000000000000001,0.005383948683519,0.0054127630500949,0.0041609515447956,0.9999764996681432,0.5368178189510365,0.1999601705455047
168050,45.0,2,0.5000000000000001,0.0082179036409798,0.0082890628620683,0.0035501067005511,0.9999902445297288,0.1509248720085362,0.1999601705455047
168050,45.0,3,0.5000000000000001,0.0048630760147988,0.004890577935572,0.0047423346750748,0.9999959533349552,0.4569370842352135,0.1999601705455047
168050,67.5,0,0.1464466094067263,0.0028763197409303,0.0028811169620694,0.0031240462064138,0.9999553345959384,-0.0215406565286808,0.1999601705455047
168050,67.5,1,0.1464466094067263,0.0046707277237212,0.0046793259704479,0.004354542874909,0.9999953106530944,0.4366676064171628,0.1999601705455047
168050,67.5,2,0.1464466094067263,0.0037856566790726,0.0038056129441047,0.0028609422906829,0.9999361816365936,0.2312234496994528,0.1999601705455047
168050,67.5,3,0.1464466094067263,0.0050272292097442,0.0050409190973419,0.0031805535731097,0.9999926215537688,-0.4405909415742761,0.1999601705455047
168050,90.0,0,3.749399456654644e-33,0.0057283501402265,0.0057170442575278,0.0036242154042985,0.9999947134910472,-0.3906853519997416,0.1999601705455047
168050,90.0,1,3.749399456654644e-33,0.0028123680822913,0.0028150848880849,0.0027311343655901,0.9999995279350904,-0.1966696466528299,0.1999601705455047
168050,90.0,2,3.749399456654644e-33,0.0037198864679863,0.0037190683393,0.0041159776095443,0.9999992916419922,-0.1048025375970982,0.1999601705455047
168050,90.0,3,3.749399456654644e-33,0.0033218021414367,0.0033236679928576,0.0021865202565559,0.9999982049537433,0.1480587396073013,0.1999601705455047
168051,0.0,0,1.0,0.001966683145354,0.0019675345106458,0.0003206212126002,0.9999997781138524,0.4119160655479217,0.1492914494824644
168051,0.0,1,1.0,0.001966683145354,0.0019675345106458,0.0008397424167268,0.9999997781138524,-0.226916051658161,0.1492914494824644
168051,0.0,2,1.0,0.001966683145354,0.0019675345106458,0.0011679667942127,0.9999997781138524,-0.4862025125502756,0.1492914494824644
168051,0.0,3,1.0,0.001966683145354,0.0019675345106458,0.0009853803325595,0.9999997781138524,0.2493406315580961,0.1492914494824644
168051,22.5,0,0.8535533905932737,0.0019060144729991,0.0019066505505636,0.0008936712623855,0.9999998329149142,0.5958503760477063,0.1492914494824644
168051,22.5,1,0.8535533905932737,0.0018885105912529,0.0018891348686569,0.0010408088050792,0.9999997912876232,0.4075403401728163,0.1492914494824644
168051,22.5,2,0.8535533905932737,0.0015993317380937,0.0015999208396064,0.0015068168220324,0.9999996724903064,-0.1468735402470069,0.1492914494824644
168051,22.5,3,0.8535533905932737,0.0020643868744023,0.0020648432744651,0.0006638476733043,0.999999855590266,-0.462180835345149,0.1492914494824644
168051,45.0,0,0.5000000000000001,0.0015896385384777,0.0015891926527069,0.0007839628223922,0.9999998214222658,-0.5739496358723485,0.1492914494824644
168051,45.0,1,0.5000000000000001,0.0014881662985489,0.0014885975228167,0.0009136750437098,0.9999997750761426,-0.5448847137244791,0.1492914494824644
168051,45.0,2,0.5000000000000001,0.0015251097460919,0.0015258817871495,0.0007654848486978,0.9999998205411676,0.2851642088429871,0.1492914494824644
168051,45.0,3,0.5000000000000001,0.0017948693675574,0.001795238892339,0.0009110403803198,0.9999998852781,0.7941234084034997,0.1492914494824644
168051,67.5,0,0.1464466094067263,0.0015646390905907,0.0015646547181116,0.0005829407239459,0.9999999499976172,-0.1626683505844678,0.1492914494824644
168051,67.5,1,0.1464466094067263,0.0013182170407271,0.0013180588618914,0.0007678478826936,0.9999998958801064,-0.2031651084682643,0.1492914494824644
168051,67.5,2,0.1464466094067263,0.0011117910066849,0.0011113417124571,0.0010564104524939,0.9999998812663649,-0.1566833231804574,0.1492914494824644
168051,67.5,3,0.1464466094067263,0.0009648622147817,0.0009649058233418,0.0009535139630292,0.9999999807994222,-0.2152888439468865,0.1492914494824644
168051,90.0,0,3.749399456654644e-33,0.0013238192342471,0.0013238643053981,0.0013252554659192,0.999999986367646,0.1997596417103782,0.1492914494824644
168051,90.0,1,3.749399456654644e-33,0.0013481193993623,0.0013479443449823,0.0011532348842696,0.999999934654345,0.6989989714516593,0.1492914494824644
168051,90.0,2,3.749399456654644e-33,0.0009197742328373,0.0009200676984223,0.0012061293211463,0.9999997267603976,0.0920402500926145,0.1492914494824644
168051,90.0,3,3.749399456654644e-33,0.0014820956282519,0.0014818012029627,0.0011945759771227,0.999999981941015,-0.5029994785919004,0.1492914494824644
168052,0.0,0,1.0,0.002439044923399,0.0024389758218509,0.0004821419934495,0.9999999810803596,0.0919252122442546,0.0672412235956817
168052,0.0,1,1.0,0.002439044923399,0.0024389758218509,0.001121382970658,0.9999999810803596,-0.4990257277569151,0.0672412235956817
168052,0.0,2,1.0,0.002439044923399,0.0024389758218509,0.0009281903260569,0.9999999810803596,-0.5803243115232103,0.0672412235956817
168052,0.0,3,1.0,0.002439044923399,0.0024389758218509,0.0008433477029677,0.9999999810803596,0.3417912000635703,0.0672412235956817
168052,22.5,0,0.8535533905932737,0.0023542907899731,0.0023543649209766,0.0010402605380483,0.9999999668781104,-0.7774648677996392,0.0672412235956817
168052,22.5,1,0.8535533905932737,0.0023769538896686,0.0023768947258845,0.0015465963912481,0.9999999805190338,0.4485235876043533,0.0672412235956817
168052,22.5,2,0.8535533905932737,0.0025031141127323,0.0025030002334784,0.0009191219357368,0.9999999596628844,-0.2712502782392481,0.0672412235956817
168052,22.5,3,0.8535533905932737,0.002258567428137,0.0022585874230311,0.0007671134386416,0.9999999717783248,0.23590845007457,0.0672412235956817
168052,45.0,0,0.5000000000000001,0.0018244079926914,0.0018243455013369,0.0010856406086228,0.999999996630752,-0.3360366346261386,0.0672412235956817
168052,45.0,1,0.5000000000000001,0.0014390425159609,0.0014389749449205,0.0010830219592329,0.9999999947745288,0.1809438845863991,0.0672412235956817
168052,45.0,2,0.5000000000000001,0.001720915650626,0.0017209170837303,0.0005652603188436,0.9999999571885074,-0.1510194301892992,0.0672412235956817
168052,45.0,3,0.5000000000000001,0.0021361114804433,0.002135956840224,0.0009902663605412,0.9999999610438876,0.3776583940719373,0.0672412235956817
168052,67.5,0,0.1464466094067263,0.001211053857888,0.0012109911436329,0.0009046423003228,0.9999999872209508,-0.5695981148513892,0.0672412235956817
168052,67.5,1,0.1464466094067263,0.0012340944085162,0.0012340933672915,0.00107222812495,0.999999889159476,0.2696725255989399,0.0672412235956817
168052,67.5,2,0.1464466094067263,0.0009863957623298,0.0009863730386863,0.0014669109199131,0.9999999767182568,0.3506641352106369,0.0672412235956817
168052,67.5,3,0.1464466094067263,0.0014090781282478,0.0014091947104364,0.0010071611150992,0.9999999910288572,-0.2802957108052877,0.0672412235956817
168052,90.0,0,3.749399456654644e-33,0.0012956502012663,0.001295712414487,0.0006784830034378,0.9999999590581804,-0.4546491250062815,0.0672412235956817
168052,90.0,1,3.749399456654644e-33,0.0008362791136035,0.0008361911709589,0.0016578488580005,0.9999999687818396,-0.0552506238832731,0.0672412235956817
168052,90.0,2,3.749399456654644e-33,0.0007294014458248,0.0007295356390658,0.0007817558391054,0.9999999338591588,0.1506678823705422,0.0672412235956817
168052,90.0,3,3.749399456654644e-33,0.0010477327827548,0.0010478034451545,0.001242493836759,0.9999999972502333,-0.5157152324948753,0.0672412235956817
168053,0.0,0,1.0,0.0044170472342455,0.0044336044251743,0.0021447511949857,0.9999572197200444,-0.4300870776066013,0.1158017346326301
168053,0.0,1,1.0,0.0044170472342455,0.0044336044251743,0.0024314426237085,0.9999572197200444,0.3800927039181935,0.1158017346326301
168053,0.0,2,1.0,0.0044170472342455,0.0044336044251743,0.002271362824485,0.9999572197200444,0.0656799879209521,0.1158017346326301
168053,0.0,3,1.0,0.0044170472342455,0.0044336044251743,0.0022116747442993,0.9999572197200444,0.0785962822526881,0.1158017346326301
168053,22.5,0,0.8535533905932737,0.0040814094284727,0.0040963042817438,0.0022167316668617,0.99995270835325,-0.3221352724666323,0.1158017346326301
168053,22.5,1,0.8535533905932737,0.0038623826433934,0.0038691907503232,0.002675938309343,0.999963688201598,-0.2582040963207523,0.1158017346326301
168053,22.5,2,0.8535533905932737,0.0037422730224791,0.0037585735171037,0.003308068008934,0.99995047413645,0.3331780715197546,0.1158017346326301
168053,22.5,3,0.8535533905932737,0.0039755299420029,0.0039936764569894,0.0032304298536242,0.999960325086118,-0.6378690534585004,0.1158017346326301
168053,45.0,0,0.5000000000000001,0.0033918017901998,0.0033886295752413,0.0024495813146438,0.9999624316818648,-0.6333214768536471,0.1158017346326301
168053,45.0,1,0.5000000000000001,0.0036661724353816,0.0036690109733541,0.0017867487279412,0.9999647686043196,0.1627922532493517,0.1158017346326301
168053,45.0,2,0.5000000000000001,0.0042408045376546,0.0042474727022377,0.0035887879767258,0.9999972473307368,0.1595324113744623,0.1158017346326301
168053,45.0,3,0.5000000000000001,0.0038764959398047,0.0038764719872275,0.0016440175042412,0.9999956624392816,0.5763723244143912,0.1158017346326301
168053,67.5,0,0.1464466094067263,0.0018699137284636,0.0018684514172198,0.0029714604961271,0.9999947660476336,0.7327400835509742,0.1158017346326301
168053,67.5,1,0.1464466094067263,0.0034998339201238,0.0035055420853177,0.002345688192873,0.9999984836436556,-0.1410911339170124,0.1158017346326301
168053,67.5,2,0.1464466094067263,0.0017024402659471,0.0016923122125197,0.0029568507798595,0.9999304814489104,0.2836236524668628,0.1158017346326301
168053,67.5,3,0.1464466094067263,0.0026057460281068,0.002606407720699,0.0027736036963143,0.9999979691714468,0.1537176943329831,0.1158017346326301
168053,90.0,0,3.749399456654644e-33,0.0032245733630128,0.0032252134514033,0.0026245953013056,0.999999661955616,0.4106561560420156,0.1158017346326301
168053,90.0,1,3.749399456654644e-33,0.0027932127217095,0.0027879311221265,0.0040685200782168,0.9999995065473886,0.2006237715878332,0.1158017346326301
168053,90.0,2,3.749399456654644e-33,0.0023171912068129,0.0023185993771519,0.0038042893996042,0.9999933295548976,-0.2147055887203141,0.1158017346326301
168053,90.0,3,3.749399456654644e-33,0.0024962941079711,0.0024960491538516,0.0041894476964713,0.9999989321831504,0.5558009789638524,0.1158017346326301
168054,0.0,0,1.0,0.001780037295163,0.0017799127866639,0.0007113328849849,0.9999999962931396,0.858655658520594,0.0687351877836158
168054,0.0,1,1.0,0.001780037295163,0.0017799127866639,0.0007738703680272,0.9999999962931396,0.023146546667313,0.0687351877836158
168054,0.0,2,1.0,0.001780037295163,0.0017799127866639,0.0007554136143397,0.9999999962931396,0.6818743257809803,0.0687351877836158
168054,0.0,3,1.0,0.001780037295163,0.0017799127866639,0.0005523136343209,0.9999999962931396,0.0337929190429146,0.0687351877836158
168054,22.5,0,0.8535533905932737,0.0015918497993774,0.0015917407822154,0.0007810385330692,0.9999999962716803,0.7415115048594204,0.0687351877836158
168054,22.5,1,0.8535533905932737,0.0017238662317704,0.0017237674020555,0.0006290506873926,0.9999999970806336,0.7295811545290711,0.0687351877836158
168054,22.5,2,0.8535533905932737,0.0016409152496503,0.0016407523445662,0.0003572936874533,0.999999993050997,0.0760086850385655,0.0687351877836158
168054,22.5,3,0.8535533905932737,0.0016122287161845,0.0016121556508388,0.0006118387801275,0.9999999957629124,0.7352333376717313,0.0687351877836158
168054,45.0,0,0.5000000000000001,0.0014542157098636,0.0014539872003669,0.0004381327882727,0.9999999957118394,0.3096956676873279,0.0687351877836158
168054,45.0,1,0.5000000000000001,0.0011889475891505,0.0011889020759072,0.0007086840321098,0.9999999919117084,0.2443540285356897,0.0687351877836158
168054,45.0,2,0.5000000000000001,0.0012534050514125,0.0012532367778384,0.0007046130673143,0.9999999900680836,0.4651083943901851,0.0687351877836158
168054,45.0,3,0.5000000000000001,0.0013639407964736,0.0013637502135683,0.0008175767569232,0.9999999965898572,0.7853303991028444,0.0687351877836158
168054,67.5,0,0.1464466094067263,0.0008246649623584,0.000824725435796,0.0007997371758532,0.999999982363135,0.1245775339455657,0.0687351877836158
168054,67.5,1,0.1464466094067263,0.0007048334253929,0.0007049897134681,0.0004871211929176,0.9999999773831134,0.0671889333732378,0.0687351877836158
168054,67.5,2,0.1464466094067263,0.0006220886745653,0.0006221052751543,0.0005782532364602,0.9999999952463284,0.8169011061406806,0.0687351877836158
168054,67.5,3,0.1464466094067263,0.0009701870113588,0.0009700998551833,0.0004188674151582,0.9999999963049578,0.1931037688845877,0.0687351877836158
168054,90.0,0,3.749399456654644e-33,0.0005259881495569,0.0005259570976277,0.0006068603851689,0.999999987984233,0.2904371584350884,0.0687351877836158
168054,90.0,1,3.749399456654644e-33,0.0004151988656547,0.0004149290774774,0.0006696767728483,0.999999808913564,0.1717946191362197,0.0687351877836158
168054,90.0,2,3.749399456654644e-33,0.0003329921554555,0.0003330968842758,0.0007363440428246,0.9999999341908528,0.4876570359053328,0.0687351877836158
168054,90.0,3,3.749399456654644e-33,0.0007575371290226,0.0007575540585302,0.0007734873896728,0.9999999823664072,-0.4839216335059575,0.0687351877836158
168055,0.0,0,1.0,0.0032191506963911,0.0032197064626718,0.0010859238052053,0.9999999680644496,0.4959750644919042,0.0698893147195024
168055,0.0,1,1.0,0.0032191506963911,0.0032197064626718,0.0014065597304386,0.9999999680644496,0.2333006715498135,0.0698893147195024
168055,0.0,2,1.0,0.0032191506963911,0.0032197064626718,0.0010295506649088,0.9999999680644496,0.6368556207315696,0.0698893147195024
168055,0.0,3,1.0,0.0032191506963911,0.0032197064626718,0.0017656222194502,0.9999999680644496,0.8734112870042539,0.0698893147195024
168055,22.5,0,0.8535533905932737,0.0031241900118887,0.0031244902261944,0.0014354872511525,0.9999999864585112,0.2539942641781511,0.0698893147195024
168055,22.5,1,0.8535533905932737,0.003196556839893,0.0031971644076841,0.0012274756148039,0.9999999713979392,0.8339184848482165,0.0698893147195024
168055,22.5,2,0.8535533905932737,0.0030115093363696,0.0030117911790379,0.0010120848606124,0.9999999764246282,0.2004686155538081,0.0698893147195024
168055,22.5,3,0.8535533905932737,0.0031606905565919,0.0031612060673294,0.0010872563986685,0.9999999750827766,-0.2613232331860957,0.0698893147195024
168055,45.0,0,0.5000000000000001,0.0022865878031782,0.0022868604449837,0.0017091606391034,0.999999971123097,-0.7927048603466694,0.0698893147195024
168055,45.0,1,0.5000000000000001,0.002353586891327,0.0023538114420715,0.0010405698464676,0.9999999482503134,-0.1020048103231174,0.0698893147195024
168055,45.0,2,0.5000000000000001,0.0023595264487372,0.0023596300530801,0.0017488471399238,0.9999999820713906,0.1754630499165802,0.0698893147195024
168055,45.0,3,0.5000000000000001,0.0028118781050731,0.0028121672338913,0.0017083413949911,0.9999999859724766,-0.6688577291270381,0.0698893147195024
168055,67.5,0,0.1464466094067263,0.0019090757292154,0.0019092309287324,0.0018895216657771,0.9999999861851738,-0.3651337134808983,0.0698893147195024
168055,67.5,1,0.1464466094067263,0.0027026785311285,0.0027035580817627,0.0008710194911687,0.9999999883440204,-0.2047796448557295,0.0698893147195024
168055,67.5,2,0.1464466094067263,0.0018401148768404,0.0018403184920774,0.0007915190450302,0.9999999774490984,0.7481786705733918,0.0698893147195024
168055,67.5,3,0.1464466094067263,0.0024770519082139,0.0024777676899983,0.0013517627782736,0.9999999777596204,-0.4131159877015427,0.0698893147195024
168055,90.0,0,3.749399456654644e-33,0.0009129314435889,0.0009128442870239,0.0009497552653132,0.9999999656283832,0.3686957170863391,0.0698893147195024
168055,90.0,1,3.749399456654644e-33,0.001085095198412,0.0010850436695438,0.0010412294273929,0.9999999465371512,0.288248092248257,0.0698893147195024
168055,90.0,2,3.749399456654644e-33,0.0014651593566776,0.0014655912446837,0.0023407854732353,0.9999999494868452,-0.1666702942135118,0.0698893147195024
168055,90.0,3,3.749399456654644e-33,0.0016850899391871,0.0016850712334702,0.0014574312632625,0.9999999637146164,-0.2871600182968657,0.0698893147195024
168056,0.0,0,1.0,0.0026306838942015,0.0026328493937033,0.0008530040615323,0.9999998077593084,-0.2958668024071862,0.0728337800742011
168056,0.0,1,1.0,0.0026306838942015,0.0026328493937033,0.0009268011664037,0.9999998077593084,-0.0082742783588039,0.0728337800742011
168056,0.0,2,1.0,0.0026306838942015,0.0026328493937033,0.0012105137710469,0.9999998077593084,-0.4472608488430556,0.0728337800742011
168056,0.0,3,1.0,0.0026306838942015,0.0026328493937033,0.0008229548897313,0.9999998077593084,0.2090907589668829,0.0728337800742011
168056,22.5,0,0.8535533905932737,0.0023699577897973,0.0023716272959682,0.0011242790554233,0.999999724013164,0.0048022003016235,0.0728337800742011
168056,22.5,1,0.8535533905932737,0.0024640560035136,0.0024662111707697,0.0008394619455776,0.999999942658807,0.3429941803831434,0.0728337800742011
168056,22.5,2,0.8535533905932737,0.0025343789621471,0.0025365453549591,0.0007890596290421,0.9999996677336692,0.3870231434489003,0.0728337800742011
168056,22.5,3,0.8535533905932737,0.0024314849483256,0.0024330167977999,0.0013554944786542,0.9999999312634652,-0.2933784620105301,0.0728337800742011
168056,45.0,0,0.5000000000000001,0.0021055144558941,0.0021062410238095,0.0010036695137222,0.9999999361655756,-0.1102859244894899,0.0728337800742011
168056,45.0,1,0.5000000000000001,0.002354079381323,0.0023547919385196,0.0013168744272402,0.999999991221515,0.7869563376739721,0.0728337800742011
168056,45.0,2,0.5000000000000001,0.0020137665680205,0.0020142476474085,0.0016940635558064,0.9999999842336604,0.4294240604578951,0.0728337800742011
168056,45.0,3,0.5000000000000001,0.0019238074709636,0.0019250547287251,0.0009852665281767,0.9999998017911504,0.5256165320456595,0.0728337800742011
168056,67.5,0,0.1464466094067263,0.0014944360789826,0.0014945708621611,0.0013901591209013,0.9999999771089522,-0.418792677300089,0.0728337800742011
168056,67.5,1,0.1464466094067263,0.0015155622271144,0.0015160506651852,0.001643788052008,0.9999999779203512,0.4647314537338785,0.0728337800742011
168056,67.5,2,0.1464466094067263,0.0013239557065243,0.001324309402814,0.0004842920196894,0.9999999542497632,-0.1973306691790599,0.0728337800742011
168056,67.5,3,0.1464466094067263,0.0017615531267693,0.0017620466175607,0.0012053070393424,0.9999999623517344,-0.0215603348979179,0.0728337800742011
168056,90.0,0,3.749399456654644e-33,0.001077101669396,0.0010770244427868,0.0013138612109494,0.999999982002988,0.3706179655471602,0.0728337800742011
168056,90.0,1,3.749399456654644e-33,0.0010044179151886,0.0010043611597977,0.0013670860194623,0.9999999614716084,0.1366399484758124,0.0728337800742011
168056,90.0,2,3.749399456654644e-33,0.0012022090184682,0.0012019624152965,0.0011502857738574,0.9999999575911626,-0.7509694305316036,0.0728337800742011
168056,90.0,3,3.749399456654644e-33,0.0010311882950219,0.0010312067566606,0.0013216644449195,0.9999999865157136,0.1963243853183112,0.0728337800742011
168057,0.0,0,1.0,0.0018561992318723,0.0018576345023445,0.0008525012286141,0.9999999341425062,-0.0327317719238074,0.1422632596328507
168057,0.0,1,1.0,0.0018561992318723,0.0018576345023445,0.0012268249658753,0.9999999341425062,-0.6442491324490117,0.1422632596328507
168057,0.0,2,1.0,0.0018561992318723,0.0018576345023445,0.000987737166312,0.9999999341425062,0.4842734059240349,0.1422632596328507
168057,0.0,3,1.0,0.0018561992318723,0.0018576345023445,0.0009399350839174,0.9999999341425062,0.0098640594778653,0.1422632596328507
168057,22.5,0,0.8535533905932737,0.0018592862225681,0.0018604709328621,0.0008018567055218,0.9999998754464096,-0.3131183882844164,0.1422632596328507
168057,22.5,1,0.8535533905932737,0.0016294371754238,0.0016309375591573,0.0012865786026433,0.9999999629809744,-0.4064181584420132,0.1422632596328507
168057,22.5,2,0.8535533905932737,0.0016865019301228,0.0016877426762066,0.0009871396366608,0.9999999330386048,0.2395838672242765,0.1422632596328507
168057,22.5,3,0.8535533905932737,0.0018293883501001,0.0018306007213227,0.0008421638352964,0.9999999433859816,0.2228712420977781,0.1422632596328507
168057,45.0,0,0.5000000000000001,0.0014161202721222,0.0014168885022433,0.0005187928805813,0.9999999267038652,-0.4910197316358489,0.1422632596328507
168057,45.0,1,0.5000000000000001,0.0013621382190868,0.0013627205886097,0.0008350995822362,0.9999998070259136,-0.159642658043292,0.1422632596328507
168057,45.0,2,0.5000000000000001,0.0011552263265676,0.0011564012695479,0.0007086041618247,0.9999992185794648,-0.7080137030696527,0.1422632596328507
168057,45.0,3,0.5000000000000001,0.0016041481799396,0.0016045945690285,0.0004040774335186,0.9999999091310308,-0.6269947941949776,0.1422632596328507
168057,67.5,0,0.1464466094067263,0.0014974433870293,0.0014977061123006,0.0009155288536635,0.9999999322764368,0.6128597076079907,0.1422632596328507
168057,67.5,1,0.1464466094067263,0.00127191897806,0.0012721348715169,0.000259580575205,0.9999999925964348,0.6666017719966127,0.1422632596328507
168057,67.5,2,0.1464466094067263,0.0008206027716403,0.0008209078039511,0.0006457389668805,0.999999909918518,0.2343903310916592,0.1422632596328507
168057,67.5,3,0.1464466094067263,0.0010232299885559,0.0010235405107546,0.0009202245478553,0.9999998546012094,0.537063763142043,0.1422632596328507
168057,90.0,0,3.749399456654644e-33,0.0007219256082215,0.0007219380394353,0.0008181281958608,0.9999999337665862,-0.68430160575862,0.1422632596328507
168057,90.0,1,3.749399456654644e-33,0.0011718705210053,0.0011719530618221,0.0010459420668822,0.9999999874609792,-0.4377818958008946,0.1422632596328507
168057,90.0,2,3.749399456654644e-33,0.0007536356584763,0.00075371113821,0.0010464935623866,0.9999999858452986,0.0150169605839027,0.1422632596328507
168057,90.0,3,3.749399456654644e-33,0.0008315936727949,0.0008316966000816,0.0008563955586013,0.9999998873276954,0.1885484700682188,0.1422632596328507
168058,0.0,0,1.0,0.00224615873807,0.0022452602312523,0.0008571210006298,0.9999999105607492,-0.3664545626905519,0.0519001825032207
168058,0.0,1,1.0,0.00224615873807,0.0022452602312523,0.0010178623326672,0.9999999105607492,-0.4586258758930048,0.0519001825032207
168058,0.0,2,1.0,0.00224615873807,0.0022452602312523,0.0011053133054445,0.9999999105607492,-0.593224583096448,0.0519001825032207
168058,0.0,3,1.0,0.00224615873807,0.0022452602312523,0.0008187381630534,0.9999999105607492,-0.670433245320036,0.0519001825032207
168058,22.5,0,0.8535533905932737,0.0021164346826165,0.0021158450753723,0.0004908426306789,0.999999934726704,-0.1661863553873107,0.0519001825032207
168058,22.5,1,0.8535533905932737,0.0020789275829205,0.0020779908747311,0.000773563843872,0.9999998698866048,0.0609070307366006,0.0519001825032207
168058,22.5,2,0.8535533905932737,0.0021345908533551,0.0021339190223008,0.0006255523827336,0.9999999553124644,0.4633833719136681,0.0519001825032207
168058,22.5,3,0.8535533905932737,0.0020445039822296,0.0020438324506995,0.0008979713132263,0.9999999245011176,0.0581836636251597,0.0519001825032207
168058,45.0,0,0.5000000000000001,0.0015833281869682,0.0015829685985581,0.0008572153111031,0.9999999686040968,-0.1953875245350886,0.0519001825032207
168058,45.0,1,0.5000000000000001,0.0016253107352143,0.00162505074022,0.0009139786683345,0.9999998721564956,0.1973304224085618,0.0519001825032207
168058,45.0,2,0.5000000000000001,0.001765381293871,0.0017648650264242,0.0010212206667327,0.999999870175236,-0.5301369528533842,0.0519001825032207
168058,45.0,3,0.5000000000000001,0.0016593673899001,0.0016586513545766,0.0014184188890085,0.9999999365682706,0.9041252439183642,0.0519001825032207
168058,67.5,0,0.1464466094067263,0.0008665049033156,0.0008660901147924,0.00123896321341,0.9999997732515956,-0.4436538738162768,0.0519001825032207
168058,67.5,1,0.1464466094067263,0.0014160045212993,0.0014157363496418,0.0009192973694294,0.9999999854759578,0.1068104812203328,0.0519001825032207
168058,67.5,2,0.1464466094067263,0.0011889051496392,0.0011886451035657,0.0011137880871494,0.999999979909273,-0.0025181152431067,0.0519001825032207
168058,67.5,3,0.1464466094067263,0.0010790603778471,0.0010785564258645,0.0008733404577761,0.9999998807137932,0.1107506487502111,0.0519001825032207
168058,90.0,0,3.749399456654644e-33,0.0005807827973771,0.0005808231473121,0.0011903029414806,0.9999997094529086,-0.1778403096034875,0.0519001825032207
168058,90.0,1,3.749399456654644e-33,0.0009700001862196,0.0009698378424976,0.0014203124149194,0.9999999489196972,0.3367283681102639,0.0519001825032207
168058,90.0,2,3.749399456654644e-33,0.0010019716314073,0.0010021577046371,0.0008308187539862,0.9999999876957136,0.2932711962505409,0.0519001825032207
168058,90.0,3,3.749399456654644e-33,0.000678507243776,0.0006784293402254,0.0005047691058651,0.9999999739447832,0.5497033622242621,0.0519001825032207
168059,0.0,0,1.0,0.0060358213638313,0.006022922778275,0.0038242743161007,0.9999990999447788,0.6627911926969786,0.1226353200634311
168059,0.0,1,1.0,0.0060358213638313,0.006022922778275,0.0040238665942408,0.9999990999447788,0.6849336530451043,0.1226353200634311
168059,0.0,2,1.0,0.0060358213638313,0.006022922778275,0.0023472195579629,0.9999990999447788,-0.5495641327820157,0.1226353200634311
168059,0.0,3,1.0,0.0060358213638313,0.006022922778275,0.0037662448439419,0.9999990999447788,-0.0696597077483591,0.1226353200634311
168059,22.5,0,0.8535533905932737,0.0059797917171497,0.0059693880583035,0.0037048599616332,0.99999910938912,-0.2408895865270641,0.1226353200634311
168059,22.5,1,0.8535533905932737,0.0060642701952525,0.0060546592850858,0.0021752429313921,0.9999992105414712,-0.4687956834206012,0.1226353200634311
168059,22.5,2,0.8535533905932737,0.0060862988255329,0.0060732824825121,0.002834000112357,0.9999989477840432,0.324570118977198,0.1226353200634311
168059,22.5,3,0.8535533905932737,0.0053134169580963,0.0053023122066691,0.0035441457743884,0.9999989173346158,0.309195726489146,0.1226353200634311
168059,45.0,0,0.5000000000000001,0.0033498658528751,0.003340614093698,0.0028219337170064,0.999993575724336,-0.0356117924359164,0.1226353200634311
168059,45.0,1,0.5000000000000001,0.0043974033377976,0.0043861194030359,0.0047432039722842,0.9999978312382322,0.2152091226227203,0.1226353200634311
168059,45.0,2,0.5000000000000001,0.0050888132820906,0.005079617503466,0.0033545135516333,0.9999977733413484,0.1078065525915498,0.1226353200634311
168059,45.0,3,0.5000000000000001,0.0046864051034719,0.0046769985438399,0.005063635574835,0.9999980013593656,0.1543498435327669,0.1226353200634311
168059,67.5,0,0.1464466094067263,0.0041037276964188,0.0041018588453294,0.0034694039791547,0.9999996912764324,0.488487552352625,0.1226353200634311
168059,67.5,1,0.1464466094067263,0.0034058415367717,0.0034051105989904,0.004573066148828,0.9999995664321428,-0.096725017507527,0.1226353200634311
168059,67.5,2,0.1464466094067263,0.0034032769227622,0.0033996135125083,0.0031323633581629,0.9999995014349664,0.8455607024933565,0.1226353200634311
168059,67.5,3,0.1464466094067263,0.0038191766160956,0.0038172993700077,0.003769102612062,0.9999991989535656,0.1388335694835303,0.1226353200634311
168059,90.0,0,3.749399456654644e-33,0.0034600116463285,0.0034582054366432,0.0034593730398899,0.99999978629999,-0.6066579018736333,0.1226353200634311
168059,90.0,1,3.749399456654644e-33,0.0039785820963281,0.003977045655015,0.0025655959456459,0.9999961009851238,-0.3712485971467859,0.1226353200634311
168059,90.0,2,3.749399456654644e-33,0.0014951815978714,0.001493908731304,0.0025049469972369,0.9999993185359688,-0.1371020014109047,0.1226353200634311
168059,90.0,3,3.749399456654644e-33,0.0031897760717986,0.0031896181353462,0.0019404361135968,0.9999988606441168,-0.3164699732306484,0.1226353200634311
168060,0.0,0,1.0,0.0013294360849704,0.0013297409231351,0.0007160915906512,0.9999999800090938,0.5123893489433838,0.0534692988169321
168060,0.0,1,1.0,0.0013294360849704,0.0013297409231351,0.0006877318788891,0.9999999800090938,-0.9023631993362048,0.0534692988169321
168060,0.0,2,1.0,0.0013294360849704,0.0013297409231351,0.0005348654448059,0.9999999800090938,-0.3577473800196475,0.0534692988169321
168060,0.0,3,1.0,0.0013294360849704,0.0013297409231351,0.0006177574700925,0.9999999800090938,-0.4470651221062937,0.0534692988169321
168060,22.5,0,0.8535533905932737,0.0012398873384822,0.001240212375567,0.0004139590307229,0.9999999740205548,0.285041587261176,0.0534692988169321
168060,22.5,1,0.8535533905932737,0.0012653281935496,0.0012655056565962,0.0002508514452737,0.9999999816693697,0.4190165384016232,0.0534692988169321
168060,22.5,2,0.8535533905932737,0.001280121311048,0.0012803362719569,0.0005010355603158,0.9999999848984812,-0.7016698961691371,0.0534692988169321
168060,22.5,3,0.8535533905932737,0.0011068633477621,0.0011072569980858,0.0004434307813779,0.9999999574173356,-0.2303343285862967,0.0534692988169321
168060,45.0,0,0.5000000000000001,0.0009721708633594,0.0009722403212674,0.0006927704122701,0.9999999852470336,-0.6535177334822007,0.0534692988169321
168060,45.0,1,0.5000000000000001,0.0011767522233932,0.0011769942620319,0.0006129812919911,0.9999999740676102,-0.1911443351371478,0.0534692988169321
168060,45.0,2,0.5000000000000001,0.0009517991289287,0.0009519722106053,0.0004100765903342,0.999999984065223,-0.2558554290427852,0.0534692988169321
168060,45.0,3,0.5000000000000001,0.0009022229478688,0.0009024495600356,0.000557894331319,0.9999999265639,-0.2392387402215334,0.0534692988169321
168060,67.5,0,0.1464466094067263,0.0006532890372469,0.0006533994001951,0.0005377257424555,0.9999999489967252,-0.1002067807570972,0.0534692988169321
168060,67.5,1,0.1464466094067263,0.0008514530433465,0.0008514689948784,0.000497017467459,0.9999999941072084,0.7823355688822546,0.0534692988169321
168060,67.5,2,0.1464466094067263,0.0008941729560662,0.0008941381651972,0.0005197422693761,0.999999973671531,0.1605799171942586,0.0534692988169321
168060,67.5,3,0.1464466094067263,0.0007496312612036,0.0007497309271451,0.00043761575748,0.9999998945563292,-0.3872920155795449,0.0534692988169321
168060,90.0,0,3.749399456654644e-33,0.000698847933748,0.000698801480147,0.0004121519998899,0.9999999216208284,-0.5714791806251558,0.0534692988169321
168060,90.0,1,3.749399456654644e-33,0.0006387752625573,0.0006387725308493,0.000362905485803,0.9999999412061724,-0.1200629063074418,0.0534692988169321
168060,90.0,2,3.749399456654644e-33,0.0005867785321721,0.0005866687151387,0.0006117966122872,0.9999999905633764,-0.0646858930978429,0.0534692988169321
168060,90.0,3,3.749399456654644e-33,0.0005338900284485,0.0005339682315255,0.000598601069128,0.9999999878809068,0.0615564835393049,0.0534692988169321
168061,0.0,0,1.0,0.0034170785794557,0.0034192059381911,0.001196380813178,0.9999998779023008,0.0610387320365868,0.0890234471324582
168061,0.0,1,1.0,0.0034170785794557,0.0034192059381911,0.0012193087155172,0.9999998779023008,-0.058509066954266,0.0890234471324582
168061,0.0,2,1.0,0.0034170785794557,0.0034192059381911,0.000946229359039,0.9999998779023008,-0.1397743597092835,0.0890234471324582
168061,0.0,3,1.0,0.0034170785794557,0.0034192059381911,0.0008300749806519,0.9999998779023008,-0.3288313969727913,0.0890234471324582
168061,22.5,0,0.8535533905932737,0.003290784768548,0.0032920279496191,0.0012425252544584,0.9999999161333638,-0.0708822736187675,0.0890234471324582
168061,22.5,1,0.8535533905932737,0.0032160131555553,0.0032180297371121,0.0017277669103834,0.9999998985703488,-0.67200068991968,0.0890234471324582
168061,22.5,2,0.8535533905932737,0.0031187226349396,0.0031208978231574,0.0013798846160365,0.9999998503362854,0.8132252834369761,0.0890234471324582
168061,22.5,3,0.8535533905932737,0.0033508668621151,0.0033531011170591,0.0014750113995829,0.9999998826045106,-0.4871044549538136,0.0890234471324582
168061,45.0,0,0.5000000000000001,0.0028177214818103,0.0028186468453441,0.0006530670018375,0.9999999631228836,0.8597303132896132,0.0890234471324582
168061,45.0,1,0.5000000000000001,0.0024825868091071,0.0024836367665166,0.0011269060685149,0.9999999313719532,-0.2393434065817468,0.0890234471324582
168061,45.0,2,0.5000000000000001,0.0025942838626311,0.0025957245584673,0.0011555262451434,0.9999999274058184,0.1692823229332643,0.0890234471324582
168061,45.0,3,0.5000000000000001,0.0026625982632668,0.0026633642918552,0.0007783578083769,0.9999999513124492,0.1131791727436183,0.0890234471324582
168061,67.5,0,0.1464466094067263,0.0017304367409225,0.0017304813559494,0.0013868739949925,0.9999999222404736,-0.1243913841678381,0.0890234471324582
168061,67.5,1,0.1464466094067263,0.0013736333929673,0.0013741427350432,0.0012330464126173,0.9999999787591434,0.3756064576727483,0.0890234471324582
168061,67.5,2,0.1464466094067263,0.0009755631776682,0.0009757029321732,0.001499337653275,0.9999998005122286,-0.3162634488670957,0.0890234471324582
168061,67.5,3,0.1464466094067263,0.0019782755024111,0.0019789128785391,0.0009674468122668,0.9999999910634736,-0.5177058114678234,0.0890234471324582
168061,90.0,0,3.749399456654644e-33,0.0024127814823069,0.0024133302834021,0.0019167152844822,0.9999999707373368,-0.2910236342224644,0.0890234471324582
168061,90.0,1,3.749399456654644e-33,0.0011332097388468,0.0011330113309838,0.0017124379141779,0.9999999910591132,-0.1092796415826744,0.0890234471324582
168061,90.0,2,3.749399456654644e-33,0.001544078410949,0.0015437560568455,0.0013177476828723,0.9999998551427964,-0.2496866910183764,0.0890234471324582
168061,90.0,3,3.749399456654644e-33,0.001373846252362,0.0013739977535617,0.001045073777578,0.9999999481389352,0.1844765958658996,0.0890234471324582
168062,0.0,0,1.0,0.0043767977078677,0.0043633449702335,0.0019862649675995,0.9999973117987928,-0.4334127553617032,0.111348801784608
168062,0.0,1,1.0,0.0043767977078677,0.0043633449702335,0.002870642457738,0.9999973117987928,-0.2699626959161983,0.111348801784608
168062,0.0,2,1.0,0.0043767977078677,0.0043633449702335,0.0025694382795671,0.9999973117987928,-0.1630194662009435,0.111348801784608
168062,0.0,3,1.0,0.0043767977078677,0.0043633449702335,0.0020301236279205,0.9999973117987928,0.2636248432966525,0.111348801784608
168062,22.5,0,0.8535533905932737,0.0042060846753324,0.0041966927159648,0.0022335352810398,0.9999976427575712,-0.1681014999951352,0.111348801784608
168062,22.5,1,0.8535533905932737,0.0039610868120363,0.003950686403569,0.0022304231830425,0.9999978651128488,0.4521454660720441,0.111348801784608
168062,22.5,2,0.8535533905932737,0.0038316483123134,0.0038203093464184,0.0015302179787318,0.9999969367548436,0.1808588127924039,0.111348801784608
168062,22.5,3,0.8535533905932737,0.0038764665035297,0.0038640549138095,0.0032965544927136,0.9999980155709784,0.3299951755292992,0.111348801784608
168062,45.0,0,0.5000000000000001,0.0035872370432962,0.0035811207323186,0.0017167327356179,0.9999965277959182,-0.1875339515884081,0.111348801784608
168062,45.0,1,0.5000000000000001,0.0033557550884156,0.0033471672835337,0.0023736078252759,0.999997285513314,-0.4273591877994807,0.111348801784608
168062,45.0,2,0.5000000000000001,0.0035585281280013,0.0035482969171726,0.001301200467478,0.9999981249399944,-0.0245676473718297,0.111348801784608
168062,45.0,3,0.5000000000000001,0.0039755691383012,0.0039651768460692,0.0029283082856446,0.9999982471298756,-0.6441323146901741,0.111348801784608
168062,67.5,0,0.1464466094067263,0.0018074962780293,0.0018049716269624,0.001214349066428,0.9999938064671304,0.5496443244887709,0.111348801784608
168062,67.5,1,0.1464466094067263,0.0022253917506143,0.0022223783150686,0.0028349097472275,0.9999986031890506,0.2626449460891814,0.111348801784608
168062,67.5,2,0.1464466094067263,0.0025350214615732,0.0025330442272641,0.0023739672593012,0.9999999044411474,0.4092965004785145,0.111348801784608
168062,67.5,3,0.1464466094067263,0.0023272090646739,0.0023260751794062,0.0020638241527924,0.9999989899097214,-0.0413855608212557,0.111348801784608
168062,90.0,0,3.749399456654644e-33,0.0024107795926611,0.0024107169403933,0.0026635284241709,0.9999999731835014,0.6744602672114614,0.111348801784608
168062,90.0,1,3.749399456654644e-33,0.0020744518924417,0.0020742829016925,0.0021496539428256,0.99999986842949,-0.3507877424000447,0.111348801784608
168062,90.0,2,3.749399456654644e-33,0.0029878819925049,0.0029875598663869,0.0024594990698661,0.9999999897899392,0.6551665758962794,0.111348801784608
168062,90.0,3,3.749399456654644e-33,0.0024435461475682,0.0024433710089128,0.0016347607841657,0.9999999333902516,-0.0492948504773114,0.111348801784608
168063,0.0,0,1.0,0.0035192109562819,0.0035171546596216,0.0019019728409547,0.9999995969280044,-0.3692520146018899,0.0978651950704259
168063,0.0,1,1.0,0.0035192109562819,0.0035171546596216,0.0028061244670884,0.9999995969280044,-0.0626499049286161,0.0978651950704259
168063,0.0,2,1.0,0.0035192109562819,0.0035171546596216,0.0026492211989652,0.9999995969280044,0.6827417247256032,0.0978651950704259
168063,0.0,3,1.0,0.0035192109562819,0.0035171546596216,0.001952704799316,0.9999995969280044,-0.4505852770277964,0.0978651950704259
168063,22.5,0,0.8535533905932737,0.0032958551711832,0.0032936793664317,0.0022359674804394,0.9999994402400868,-0.4438704514994034,0.0978651950704259
168063,22.5,1,0.8535533905932737,0.0030195056767452,0.0030173635596855,0.0012477196150218,0.9999994470067838,0.5303564374025498,0.0978651950704259
168063,22.5,2,0.8535533905932737,0.0032026851774261,0.0032007670657986,0.0023067748883307,0.999999487806371,0.3409558507182125,0.0978651950704259
168063,22.5,3,0.8535533905932737,0.0033450379665503,0.0033432531906934,0.0031158389110224,0.9999997451882976,0.8205376261071571,0.0978651950704259
168063,45.0,0,0.5000000000000001,0.0029921481880197,0.0029908172905548,0.0021729132766519,0.9999996751613324,-0.1570550874348057,0.0978651950704259
168063,45.0,1,0.5000000000000001,0.0028899349087127,0.0028900242677669,0.0016176148722089,0.9999997081177529,-0.2945858355257874,0.0978651950704259
168063,45.0,2,0.5000000000000001,0.0024151466683314,0.0024133305402142,0.0023261849947872,0.999999474245179,0.2832944110793415,0.0978651950704259
168063,45.0,3,0.5000000000000001,0.0026666144699015,0.0026648848972931,0.0017724782688684,0.9999994423484396,0.4685861001832771,0.0978651950704259
168063,67.5,0,0.1464466094067263,0.0020010384974767,0.0020021726220928,0.0015173720355226,0.9999996013914876,0.6859349792271785,0.0978651950704259
168063,67.5,1,0.1464466094067263,0.0018761023745308,0.0018770622178302,0.0007840906519508,0.9999996260285648,-0.2984462558913321,0.0978651950704259
168063,67.5,2,0.1464466094067263,0.0017778494446932,0.0017774212559877,0.0009983102995994,0.999999922776246,-0.1532606652749016,0.0978651950704259
168063,67.5,3,0.1464466094067263,0.0015808775948887,0.0015806912270349,0.0023926081163677,0.9999996780802208,-0.4684159153332914,0.0978651950704259
168063,90.0,0,3.749399456654644e-33,0.0011342240092499,0.0011356950976001,0.0018214045155398,0.9999971439588604,0.0073682486929985,0.0978651950704259
168063,90.0,1,3.749399456654644e-33,0.0027129618032767,0.0027138769035869,0.0021505866339949,0.9999999172046696,-0.3015754746692103,0.0978651950704259
168063,90.0,2,3.749399456654644e-33,0.002403926571676,0.0024037985933857,0.0024815504447072,0.9999998111046772,-0.0679289948835247,0.0978651950704259
168063,90.0,3,3.749399456654644e-33,0.0013115136919909,0.0013114031720367,0.0030297406400985,0.9999998528284378,-0.7792164283324408,0.0978651950704259
