seed,condition,first_sigma1,first_u1_v1_abs_cos,first_output_norm_gain,second_loop_gain,second_proj_on_v1,second_proj_on_u1,inherited_dx_norm,gain_rescue_vs_xonly,gain_ratio_vs_xonly
174000,X_ONLY,0.1377187117143486,0.0352678848389968,0.1373005416453706,0.0479857202664629,0.018090437431384,0.0047089009346114,0.0124637739393605,0.0,0.9999999999999792
174000,M,0.1377187117143486,0.0352678848389968,0.1373005416453706,0.0480091508272097,0.0180973443160613,0.0047037874485255,0.0124637739393605,2.3430560746807997e-05,1.0004882819433718
174000,THETA,0.1377187117143486,0.0352678848389968,0.1373005416453706,0.0479861492553087,0.0180906392623844,0.0047094024768445,0.0124637739393605,4.289888458283708e-07,1.0000089399271792
174000,R,0.1377187117143486,0.0352678848389968,0.1373005416453706,0.0479857202664629,0.018090437431384,0.0047089009346114,0.0124637739393605,0.0,0.9999999999999792
174000,KB,0.1377187117143486,0.0352678848389968,0.1373005416453706,0.0479857202244588,0.0180904374139915,0.0047089009610425,0.0124637739393605,-4.200408076915352e-11,0.9999999991246338
174000,GH,0.1377187117143486,0.0352678848389968,0.1373005416453706,0.047985808136537,0.0180904269926659,0.0047087911782194,0.0124637739393605,8.787007411970028e-08,1.0000018311712866
174000,FASTCTX,0.1377187117143486,0.0352678848389968,0.1373005416453706,0.0479855429105231,0.0180904004220867,0.0047089327424397,0.0124637739393605,-1.7735593982326495e-07,0.9999963039850224
174000,ALL_SLOW,0.1377187117143486,0.0352678848389968,0.1373005416453706,0.0480096666827441,0.0180975355053556,0.0047041818361356,0.0124637739393605,2.3946416281221683e-05,1.0004990321317937
174000,ALL_NONX,0.1377187117143486,0.0352678848389968,0.1373005416453706,0.0480094916889116,0.0180974990853407,0.0047042120068129,0.0124637739393605,2.3771422448734536e-05,1.0004953853420504
174001,X_ONLY,0.115988041673024,0.2314234382320222,0.1158847120965268,0.0551254336892412,0.0026778695334764,0.027615510787857,0.0114837377668549,0.0,0.999999999999982
174001,M,0.115988041673024,0.2314234382320222,0.1158847120965268,0.0550977890268464,0.0026757529744577,0.0276037888949479,0.0114837377668549,-2.7644662394785136e-05,0.9994985134710844
174001,THETA,0.115988041673024,0.2314234382320222,0.1158847120965268,0.0551253169237685,0.0026777437552514,0.0276156466776077,0.0114837377668549,-1.1676547263805849e-07,0.9999978818221316
174001,R,0.115988041673024,0.2314234382320222,0.1158847120965268,0.0551254336892412,0.0026778695334764,0.027615510787857,0.0114837377668549,0.0,0.999999999999982
174001,KB,0.115988041673024,0.2314234382320222,0.1158847120965268,0.0551254335972276,0.0026778694971072,0.0276155107901308,0.0114837377668549,-9.20135773130326e-11,0.9999999983308144
174001,GH,0.115988041673024,0.2314234382320222,0.1158847120965268,0.0551256365286063,0.0026778495688431,0.0276156535834389,0.0114837377668549,2.028393650821414e-07,1.0000036795967036
174001,FASTCTX,0.115988041673024,0.2314234382320222,0.1158847120965268,0.0551256426397293,0.0026779249441539,0.0276155137796115,0.0114837377668549,2.089504881203075e-07,1.0000037904552062
174001,ALL_SLOW,0.115988041673024,0.2314234382320222,0.1158847120965268,0.0550978756796362,0.0026756073934295,0.0276040672114839,0.0114837377668549,-2.7558009604945755e-05,0.999500085391413
174001,ALL_NONX,0.115988041673024,0.2314234382320222,0.1158847120965268,0.0550980880557216,0.0026756632605494,0.0276040719620541,0.0114837377668549,-2.7345633519602897e-05,0.9995039379885016
174002,X_ONLY,0.1410364850263997,0.4045958840849178,0.1403899886878745,0.0599476018331304,0.0206265189316917,0.0562818126617594,0.017799021829477,0.0,0.9999999999999832
174002,M,0.1410364850263997,0.4045958840849178,0.1403899886878745,0.0599951552626304,0.020662001804354,0.0563401332604011,0.017799021829477,4.755342949994135e-05,1.0007932499056644
174002,THETA,0.1410364850263997,0.4045958840849178,0.1403899886878745,0.0599477340817,0.0206264734266185,0.0562819599571218,0.017799021829477,1.322485695398612e-07,1.0000022060693756
174002,R,0.1410364850263997,0.4045958840849178,0.1403899886878745,0.0599476018331304,0.0206265189316917,0.0562818126617594,0.017799021829477,0.0,0.9999999999999832
174002,KB,0.1410364850263997,0.4045958840849178,0.1403899886878745,0.0599476014415045,0.0206265187754768,0.0562818122105221,0.017799021829477,-3.9162594001052037e-10,0.9999999934671792
174002,GH,0.1410364850263997,0.4045958840849178,0.1403899886878745,0.0599480986667671,0.0206266977560104,0.0562823700399314,0.017799021829477,4.968336366623083e-07,1.0000082877983518
174002,FASTCTX,0.1410364850263997,0.4045958840849178,0.1403899886878745,0.059946315557758,0.0206261737224612,0.0562804182305726,0.017799021829477,-1.2862753724432463e-06,0.9999785433389476
174002,ALL_SLOW,0.1410364850263997,0.4045958840849178,0.1403899886878745,0.0599957829733508,0.020662133842469,0.0563408363414601,0.017799021829477,4.818114022039216e-05,1.0008037208953495
174002,ALL_NONX,0.1410364850263997,0.4045958840849178,0.1403899886878745,0.0599945040970018,0.0206617933177698,0.0563394501183935,0.017799021829477,4.6902263871342886e-05,1.0007823876591575
174003,X_ONLY,0.0542774141101079,0.2651486820788235,0.0543155324223268,0.0177786063014688,0.0031933951584705,0.0141768948878187,0.0023168037708887,0.0,0.9999999999999438
174003,M,0.0542774141101079,0.2651486820788235,0.0543155324223268,0.0177781093470202,0.0031933574403439,0.014176595497185,0.0023168037708887,-4.969544486026212e-07,0.9999720476149156
174003,THETA,0.0542774141101079,0.2651486820788235,0.0543155324223268,0.0177785999625765,0.0031933967556099,0.0141768901656659,0.0023168037708887,-6.3388923485230295e-09,0.9999996434538658
174003,R,0.0542774141101079,0.2651486820788235,0.0543155324223268,0.0177786063014688,0.0031933951584705,0.0141768948878187,0.0023168037708887,0.0,0.9999999999999438
174003,KB,0.0542774141101079,0.2651486820788235,0.0543155324223268,0.0177786063033554,0.0031933951582462,0.0141768948892043,0.0023168037708887,1.886549944041249e-12,1.0000000001060574
174003,GH,0.0542774141101079,0.2651486820788235,0.0543155324223268,0.0177785934001435,0.0031933952464654,0.014176884911347,0.0023168037708887,-1.290132534137456e-08,0.9999992743342128
174003,FASTCTX,0.0542774141101079,0.2651486820788235,0.0543155324223268,0.0177786466892496,0.0031934028593597,0.0141769350639917,0.0023168037708887,4.038778081069672e-08,1.0000022717067427
174003,ALL_SLOW,0.0542774141101079,0.2651486820788235,0.0543155324223268,0.0177780900907192,0.003193359127661,0.0141765807899949,0.0023168037708887,-5.162107495730595e-07,0.999970964498464
174003,ALL_NONX,0.0542774141101079,0.2651486820788235,0.0543155324223268,0.0177781304761022,0.003193366833416,0.0141766209594062,0.0023168037708887,-4.758253666324597e-07,0.9999732360703892
174004,X_ONLY,0.0480094212594159,0.2599445443766982,0.0480271960137132,0.0181102111851826,0.0020359387510072,0.0123445459112776,0.0019553712444646,0.0,0.9999999999999448
174004,M,0.0480094212594159,0.2599445443766982,0.0480271960137132,0.0181098764304701,0.0020360349019089,0.0123441648721188,0.0019553712444646,-3.347547124395167e-07,0.9999815156924446
174004,THETA,0.0480094212594159,0.2599445443766982,0.0480271960137132,0.0181102025668228,0.0020359395735517,0.0123445389641991,0.0019553712444646,-8.618359803591602e-09,0.9999995241159412
174004,R,0.0480094212594159,0.2599445443766982,0.0480271960137132,0.0181102111851826,0.0020359387510072,0.0123445459112776,0.0019553712444646,0.0,0.9999999999999448
174004,KB,0.0480094212594159,0.2599445443766982,0.0480271960137132,0.0181102111810339,0.0020359387540785,0.0123445459012179,0.0019553712444646,-4.148660581737573e-12,0.9999999997708664
174004,GH,0.0480094212594159,0.2599445443766982,0.0480271960137132,0.0181102122707982,0.0020359397249068,0.0123445464012688,0.0019553712444646,1.0856156078264956e-09,1.0000000599448895
174004,FASTCTX,0.0480094212594159,0.2599445443766982,0.0480271960137132,0.0181102175960895,0.0020359415193154,0.0123445445210497,0.0019553712444646,6.410906958076445e-09,1.0000003539939923
174004,ALL_SLOW,0.0480094212594159,0.2599445443766982,0.0480271960137132,0.0181098689011182,0.0020360367044171,0.0123441584065319,0.0019553712444646,-3.422840643314829e-07,0.9999810999407004
174004,ALL_NONX,0.0480094212594159,0.2599445443766982,0.0480271960137132,0.0181098752834498,0.0020360394646752,0.0123441570065137,0.0019553712444646,-3.35901732734234e-07,0.9999814523568888
174005,X_ONLY,0.0901762667982987,0.5510383271682403,0.0901801532520232,0.0516721412062392,0.0293920284140864,0.0501113534075363,0.0069226133292983,0.0,0.9999999999999808
174005,M,0.0901762667982987,0.5510383271682403,0.0901801532520232,0.0516881365752587,0.0294036806853353,0.0501279826493911,0.0069226133292983,1.5995369019465577e-05,1.0003095549873695
174005,THETA,0.0901762667982987,0.5510383271682403,0.0901801532520232,0.0516722264690435,0.0293920681434728,0.0501114375050229,0.0069226133292983,8.526280430298795e-08,1.000001650072966
174005,R,0.0901762667982987,0.5510383271682403,0.0901801532520232,0.0516721412062392,0.0293920284140864,0.0501113534075363,0.0069226133292983,0.0,0.9999999999999808
174005,KB,0.0901762667982987,0.5510383271682403,0.0901801532520232,0.0516721412268697,0.0293920284239155,0.0501113534270575,0.0069226133292983,2.0630525066067665e-11,1.0000000003992389
174005,GH,0.0901762667982987,0.5510383271682403,0.0901801532520232,0.05167211024526,0.0293920121358387,0.0501113210277021,0.0069226133292983,-3.096097924565333e-08,0.9999994008187096
174005,FASTCTX,0.0901762667982987,0.5510383271682403,0.0901801532520232,0.0516722620604904,0.0293920937448468,0.0501114740589816,0.0069226133292983,1.2085425121766136e-07,1.0000023388666968
174005,ALL_SLOW,0.0901762667982987,0.5510383271682403,0.0901801532520232,0.0516881912209417,0.0294037043746576,0.0501280347179063,0.0069226133292983,1.6050014702506665e-05,1.000310612533695
174005,ALL_NONX,0.0901762667982987,0.5510383271682403,0.0901801532520232,0.0516883116539498,0.0294037693192037,0.0501281549052977,0.0069226133292983,1.617044771061449e-05,1.0003129432481823
174006,X_ONLY,0.1575759590391012,0.3096919796421066,0.1570604145114821,0.0524751567127177,0.0103173531784868,0.0489007739425193,0.0202699207376451,0.0,0.9999999999999808
174006,M,0.1575759590391012,0.3096919796421066,0.1570604145114821,0.0523983295412568,0.0103198709542864,0.0488290918025873,0.0202699207376451,-7.68271714609095e-05,0.9985359325007354
174006,THETA,0.1575759590391012,0.3096919796421066,0.1570604145114821,0.0524747603078323,0.0103170855157209,0.0489002357449075,0.0202699207376451,-3.964048854027125e-07,0.9999924458560728
174006,R,0.1575759590391012,0.3096919796421066,0.1570604145114821,0.0524751567127177,0.0103173531784868,0.0489007739425193,0.0202699207376451,0.0,0.9999999999999808
174006,KB,0.1575759590391012,0.3096919796421066,0.1570604145114821,0.0524751567048067,0.0103173531648202,0.0489007739359189,0.0202699207376451,-7.910984367587304e-12,0.9999999998492242
174006,GH,0.1575759590391012,0.3096919796421066,0.1570604145114821,0.0524751458262834,0.0103175413471742,0.0489008406274106,0.0202699207376451,-1.0886434351209397e-08,0.999999792541156
174006,FASTCTX,0.1575759590391012,0.3096919796421066,0.1570604145114821,0.0524749519708412,0.0103173741661797,0.0489007319143288,0.0202699207376451,-2.047418765638298e-07,0.9999960983084112
174006,ALL_SLOW,0.1575759590391012,0.3096919796421066,0.1570604145114821,0.0523979269777991,0.0103197914000576,0.048828624932959,0.0202699207376451,-7.722973491864488e-05,0.9985282609951516
174006,ALL_NONX,0.1575759590391012,0.3096919796421066,0.1570604145114821,0.0523976984901139,0.0103198056092241,0.0488285601508392,0.0202699207376451,-7.745822260386837e-05,0.9985239067883318
174007,X_ONLY,0.0550450692932715,0.0110493146923623,0.0550072891677778,0.017016069358285,0.0018721662559983,0.0006787068510913,0.003250747246479,0.0,0.9999999999999412
174007,M,0.0550450692932715,0.0110493146923623,0.0550072891677778,0.0170142579544388,0.0018717152320895,0.0006800670453313,0.003250747246479,-1.811403846217752e-06,0.9998935474574606
174007,THETA,0.0550450692932715,0.0110493146923623,0.0550072891677778,0.0170160516186199,0.0018721554945524,0.0006786867089585,0.003250747246479,-1.773966512574887e-08,0.9999989574756808
174007,R,0.0550450692932715,0.0110493146923623,0.0550072891677778,0.017016069358285,0.0018721662559983,0.0006787068510913,0.003250747246479,0.0,0.9999999999999412
174007,KB,0.0550450692932715,0.0110493146923623,0.0550072891677778,0.0170160693511677,0.0018721662497244,0.0006787068582394,0.003250747246479,-7.117331030093155e-12,0.99999999958167
174007,GH,0.0550450692932715,0.0110493146923623,0.0550072891677778,0.017016058701339,0.0018721600849142,0.0006787149118349,0.003250747246479,-1.0656946020093372e-08,0.9999993737127656
174007,FASTCTX,0.0550450692932715,0.0110493146923623,0.0550072891677778,0.0170160375670702,0.0018721444147351,0.0006786810405007,0.003250747246479,-3.179121479263136e-08,0.9999981316945104
174007,ALL_SLOW,0.0550450692932715,0.0110493146923623,0.0550072891677778,0.017014229536551,0.0018716982934553,0.0006800549998381,0.003250747246479,-1.8398217339829488e-06,0.9998918773956404
174007,ALL_NONX,0.0550450692932715,0.0110493146923623,0.0550072891677778,0.0170141976304039,0.0018716764049251,0.0006800292738701,0.003250747246479,-1.871727881113533e-06,0.9998900023358684
174008,X_ONLY,0.0994623027472057,0.1619720044621357,0.099809568508816,0.0243158028097895,0.0037822813450588,0.0160336945584667,0.0197939922533402,0.0,0.9999999999999588
174008,M,0.0994623027472057,0.1619720044621357,0.099809568508816,0.024323807561142,0.0037835970460801,0.0160469063984441,0.0197939922533402,8.004751352503475e-06,1.000329199550355
174008,THETA,0.0994623027472057,0.1619720044621357,0.099809568508816,0.02431583263856,0.0037823044773769,0.0160337133697273,0.0197939922533402,2.9828770540391014e-08,1.0000012267236158
174008,R,0.0994623027472057,0.1619720044621357,0.099809568508816,0.0243158028097895,0.0037822813450588,0.0160336945584667,0.0197939922533402,0.0,0.9999999999999588
174008,KB,0.0994623027472057,0.1619720044621357,0.099809568508816,0.0243158027451833,0.0037822812877079,0.0160336944828636,0.0197939922533402,-6.460619192405481e-11,0.9999999973429956
174008,GH,0.0994623027472057,0.1619720044621357,0.099809568508816,0.024315937680131,0.0037822948437587,0.0160338605830527,0.0197939922533402,1.3487034148870758e-07,1.0000055466126925
174008,FASTCTX,0.0994623027472057,0.1619720044621357,0.099809568508816,0.0243158195821907,0.0037823083383587,0.0160334372817076,0.0197939922533402,1.6772401207482135e-08,1.0000006897736562
174008,ALL_SLOW,0.0994623027472057,0.1619720044621357,0.099809568508816,0.0243239683090158,0.0037836337732663,0.0160470877860682,0.0197939922533402,8.165499226307077e-06,1.0003358103900242
174008,ALL_NONX,0.0994623027472057,0.1619720044621357,0.099809568508816,0.0243239782438254,0.0037836641542981,0.0160468244063016,0.0197939922533402,8.175434035948698e-06,1.0003362189642226
174009,X_ONLY,0.118195532758776,0.4214471163847735,0.1177511977852578,0.0551971419479697,0.0301836965418817,0.0496277631968264,0.0145907845109487,0.0,0.999999999999982
174009,M,0.118195532758776,0.4214471163847735,0.1177511977852578,0.0552018569256126,0.0301905058468772,0.0496257020423967,0.0145907845109487,4.714977642920892e-06,1.0000854206843963
174009,THETA,0.118195532758776,0.4214471163847735,0.1177511977852578,0.055197356155657,0.0301837844255337,0.0496280056815013,0.0145907845109487,2.142076873448695e-07,1.0000038807749605
174009,R,0.118195532758776,0.4214471163847735,0.1177511977852578,0.0551971419479697,0.0301836965418817,0.0496277631968264,0.0145907845109487,0.0,0.999999999999982
174009,KB,0.118195532758776,0.4214471163847735,0.1177511977852578,0.0551971420086908,0.0301836965663989,0.0496277632368063,0.0145907845109487,6.072116420785534e-11,1.00000000110006
174009,GH,0.118195532758776,0.4214471163847735,0.1177511977852578,0.0551977866596963,0.0301840430327244,0.0496282442467497,0.0145907845109487,6.447117266022984e-07,1.0000116801650023
174009,FASTCTX,0.118195532758776,0.4214471163847735,0.1177511977852578,0.0551978475915383,0.0301840918064056,0.0496284085941589,0.0145907845109487,7.056435686533802e-07,1.000012784059876
174009,ALL_SLOW,0.118195532758776,0.4214471163847735,0.1177511977852578,0.0552027163377156,0.0301909393567775,0.0496264283990665,0.0145907845109487,5.574389745979791e-06,1.0001009905503846
174009,ALL_NONX,0.118195532758776,0.4214471163847735,0.1177511977852578,0.055203425840175,0.0301913353696146,0.0496270797232446,0.0145907845109487,6.283892205354025e-06,1.0001138445213391
174010,X_ONLY,0.0939354101413559,0.1180065399042356,0.0938381250031293,0.0235905521253571,0.0098376272919469,0.0111736534961903,0.0089539395438973,0.0,0.9999999999999576
174010,M,0.0939354101413559,0.1180065399042356,0.0938381250031293,0.0235733972208192,0.0098304578160416,0.0111684223882893,0.0089539395438973,-1.7154904537981103e-05,0.9992728061451118
174010,THETA,0.0939354101413559,0.1180065399042356,0.0938381250031293,0.0235905579871751,0.0098375978539616,0.0111735951558304,0.0089539395438973,5.8618179754610375e-09,1.000000248481551
174010,R,0.0939354101413559,0.1180065399042356,0.0938381250031293,0.0235905521253571,0.0098376272919469,0.0111736534961903,0.0089539395438973,0.0,0.9999999999999576
174010,KB,0.0939354101413559,0.1180065399042356,0.0938381250031293,0.0235905521026979,0.0098376272917575,0.0111736534746274,0.0089539395438973,-2.265925294619997e-11,0.9999999990394352
174010,GH,0.0939354101413559,0.1180065399042356,0.0938381250031293,0.0235904135549553,0.0098375959781982,0.0111736583307035,0.0089539395438973,-1.3857040179546254e-07,0.9999941260212114
174010,FASTCTX,0.0939354101413559,0.1180065399042356,0.0938381250031293,0.0235906722658796,0.0098376649774338,0.0111736794857539,0.0089539395438973,1.201405224228458e-07,1.000005092738855
174010,ALL_SLOW,0.0939354101413559,0.1180065399042356,0.0938381250031293,0.023573263018859,0.0098303968539781,0.0111683686270126,0.0089539395438973,-1.728910649814383e-05,0.9992671173439576
174010,ALL_NONX,0.0939354101413559,0.1180065399042356,0.0938381250031293,0.0235733852869481,0.0098304352909509,0.011168394248735,0.0089539395438973,-1.716683840907729e-05,0.999272300270089
174011,X_ONLY,0.0873642514095173,0.4474082125441574,0.0874060655603261,0.0386948623614691,0.0156878261579305,0.0372168407111724,0.0132274580559779,0.0,0.999999999999974
174011,M,0.0873642514095173,0.4474082125441574,0.0874060655603261,0.0387677678877885,0.0157262524301295,0.037292105488667,0.0132274580559779,7.290552631945141e-05,1.0018841138556691
174011,THETA,0.0873642514095173,0.4474082125441574,0.0874060655603261,0.0386949976670684,0.0156879129644667,0.0372169650763066,0.0132274580559779,1.353055993150165e-07,1.000003496732901
174011,R,0.0873642514095173,0.4474082125441574,0.0874060655603261,0.0386948623614691,0.0156878261579305,0.0372168407111724,0.0132274580559779,0.0,0.999999999999974
174011,KB,0.0873642514095173,0.4474082125441574,0.0874060655603261,0.0386948627785968,0.0156878263507148,0.037216841135608,0.0132274580559779,4.1712770737500893e-10,1.000000010779899
174011,GH,0.0873642514095173,0.4474082125441574,0.0874060655603261,0.0386952085460566,0.0156880220430187,0.0372171901594972,0.0132274580559779,3.461845875241121e-07,1.0000089465258537
174011,FASTCTX,0.0873642514095173,0.4474082125441574,0.0874060655603261,0.0386947474487609,0.0156877610498408,0.0372167176272963,0.0132274580559779,-1.1491270816843536e-07,0.9999970302851036
174011,ALL_SLOW,0.0873642514095173,0.4474082125441574,0.0874060655603261,0.0387682461849678,0.0157265329402811,0.0372925759386203,0.0132274580559779,7.338382349867528e-05,1.001896474596864
174011,ALL_NONX,0.0873642514095173,0.4474082125441574,0.0874060655603261,0.0387681323185711,0.015726468536927,0.0372924539907961,0.0132274580559779,7.326995710200263e-05,1.001893531922056
174012,X_ONLY,0.0772346932321496,0.3810320120380605,0.0773024410318165,0.0342129645758557,0.0097378397188529,0.0289105005927936,0.0036255437409202,0.0,0.9999999999999708
174012,M,0.0772346932321496,0.3810320120380605,0.0773024410318165,0.0342111355916291,0.0097361779793408,0.0289088350374998,0.0036255437409202,-1.8289842265567515e-06,0.9999465411942452
174012,THETA,0.0772346932321496,0.3810320120380605,0.0773024410318165,0.0342129599422039,0.0097378361734084,0.0289104974555076,0.0036255437409202,-4.633651774776926e-09,0.999999864564418
174012,R,0.0772346932321496,0.3810320120380605,0.0773024410318165,0.0342129645758557,0.0097378397188529,0.0289105005927936,0.0036255437409202,0.0,0.9999999999999708
174012,KB,0.0772346932321496,0.3810320120380605,0.0773024410318165,0.0342129645761661,0.0097378397192322,0.0289105005924473,0.0036255437409202,3.1039060210957814e-13,1.0000000000090432
174012,GH,0.0772346932321496,0.3810320120380605,0.0773024410318165,0.0342129544304628,0.0097378367669537,0.0289104904707762,0.0036255437409202,-1.0145392886906636e-08,0.9999997034634672
174012,FASTCTX,0.0772346932321496,0.3810320120380605,0.0773024410318165,0.0342129366430566,0.0097378301136431,0.0289104735254649,0.0036255437409202,-2.7932799087637683e-08,0.999999183560956
174012,ALL_SLOW,0.0772346932321496,0.3810320120380605,0.0773024410318165,0.0342111208223444,0.0097361714849531,0.0289088217843486,0.0036255437409202,-1.843753511233948e-06,0.9999461095074604
174012,ALL_NONX,0.0772346932321496,0.3810320120380605,0.0773024410318165,0.0342110929365456,0.0097361618907817,0.028908794758816,0.0036255437409202,-1.8716393101053663e-06,0.9999452944422004
174013,X_ONLY,0.0650125179353914,0.077633671404388,0.0650609307034061,0.0160401800728706,0.0002346907789078,0.0047504589786993,0.0069018927632841,0.0,0.9999999999999376
174013,M,0.0650125179353914,0.077633671404388,0.0650609307034061,0.0160444067920268,0.0002355400439562,0.0047508742214508,0.0069018927632841,4.226719156188996e-06,1.0002635082110043
174013,THETA,0.0650125179353914,0.077633671404388,0.0650609307034061,0.0160401733303342,0.0002347114295595,0.004750450102592,0.0069018927632841,-6.742536404202859e-09,0.9999995796470256
174013,R,0.0650125179353914,0.077633671404388,0.0650609307034061,0.0160401800728706,0.0002346907789078,0.0047504589786993,0.0069018927632841,0.0,0.9999999999999376
174013,KB,0.0650125179353914,0.077633671404388,0.0650609307034061,0.0160401800688683,0.0002346907794976,0.0047504589782974,0.0069018927632841,-4.0022603287059866e-12,0.9999999997504232
174013,GH,0.0650125179353914,0.077633671404388,0.0650609307034061,0.0160401783587231,0.0002346980232109,0.0047504243216531,0.0069018927632841,-1.7141475253112935e-09,0.9999998931340848
174013,FASTCTX,0.0650125179353914,0.077633671404388,0.0650609307034061,0.0160401927756591,0.000234694472392,0.0047504106074109,0.0069018927632841,1.2702788505097873e-08,1.0000007919354676
174013,ALL_SLOW,0.0650125179353914,0.077633671404388,0.0650609307034061,0.0160443983854737,0.0002355678641612,0.0047508308108891,0.0069018927632841,4.218312603113811e-06,1.0002629841175692
174013,ALL_NONX,0.0650125179353914,0.077633671404388,0.0650609307034061,0.0160444110720497,0.00023557126863,0.0047507824695407,0.0069018927632841,4.23099917909453e-06,1.0002637750423544
174014,X_ONLY,0.0984201986331654,0.0850272904087702,0.0984765791674278,0.0404262427092938,0.0069076404752195,0.0077652278467556,0.0069444764131789,0.0,0.9999999999999752
174014,M,0.0984201986331654,0.0850272904087702,0.0984765791674278,0.0404090657763243,0.0069041507704677,0.0077680263935864,0.0069444764131789,-1.7176932969535652e-05,0.9995751043921136
174014,THETA,0.0984201986331654,0.0850272904087702,0.0984765791674278,0.0404262740011131,0.0069076505374117,0.0077652964950966,0.0069444764131789,3.1291819302392554e-08,1.0000007740471586
174014,R,0.0984201986331654,0.0850272904087702,0.0984765791674278,0.0404262427092938,0.0069076404752195,0.0077652278467556,0.0069444764131789,0.0,0.9999999999999752
174014,KB,0.0984201986331654,0.0850272904087702,0.0984765791674278,0.0404262426905295,0.006907640457774,0.0077652278001238,0.0069444764131789,-1.876434424508133e-11,0.9999999995358128
174014,GH,0.0984201986331654,0.0850272904087702,0.0984765791674278,0.0404258780779734,0.0069076384374741,0.0077649905216029,0.0069444764131789,-3.646313204777596e-07,0.9999909803311652
174014,FASTCTX,0.0984201986331654,0.0850272904087702,0.0984765791674278,0.0404260657204225,0.0069075896908024,0.0077655010696312,0.0069444764131789,-1.769888713504253e-07,0.9999956219311892
174014,ALL_SLOW,0.0984201986331654,0.0850272904087702,0.0984765791674278,0.0404087311050974,0.006904158521729,0.0077678577824622,0.0069444764131789,-1.751160419645459e-05,0.9995668258283764
174014,ALL_NONX,0.0984201986331654,0.0850272904087702,0.0984765791674278,0.0404085535043856,0.0069041080181934,0.0077681292502911,0.0069444764131789,-1.76892049082375e-05,0.999562432624856
174015,X_ONLY,0.0851215598812662,0.1321166187069598,0.0851540065567052,0.0294780919889504,0.00697556214046,0.0107686374298285,0.0086594605980133,0.0,0.999999999999966
174015,M,0.0851215598812662,0.1321166187069598,0.0851540065567052,0.0294854852751438,0.0069740777611885,0.0107758116982181,0.0086594605980133,7.393286193379395e-06,1.0002508061307072
174015,THETA,0.0851215598812662,0.1321166187069598,0.0851540065567052,0.0294780970292932,0.0069755869906571,0.0107686160315794,0.0086594605980133,5.040342761220007e-09,1.000000170986025
174015,R,0.0851215598812662,0.1321166187069598,0.0851540065567052,0.0294780919889504,0.00697556214046,0.0107686374298285,0.0086594605980133,0.0,0.999999999999966
174015,KB,0.0851215598812662,0.1321166187069598,0.0851540065567052,0.0294780919889985,0.0069755621425998,0.0107686374258793,0.0086594605980133,4.811429032969272e-14,1.0000000000015985
174015,GH,0.0851215598812662,0.1321166187069598,0.0851540065567052,0.0294780932649326,0.0069755655691173,0.0107686586541784,0.0086594605980133,1.2759822018426623e-09,1.000000043285746
174015,FASTCTX,0.0851215598812662,0.1321166187069598,0.0851540065567052,0.0294780553691337,0.0069755569288127,0.0107685944945489,0.0086594605980133,-3.661981670330383e-08,0.9999987577276808
174015,ALL_SLOW,0.0851215598812662,0.1321166187069598,0.0851540065567052,0.0294854916033456,0.0069741060319718,0.0107758114638566,0.0086594605980133,7.399614395147552e-06,1.0002510208054485
174015,ALL_NONX,0.0851215598812662,0.1321166187069598,0.0851540065567052,0.0294854552322313,0.0069741009932582,0.0107757688995975,0.0086594605980133,7.363243280926468e-06,1.000249786970021
174016,X_ONLY,0.0524440746794722,0.2139699861010698,0.0524479241380289,0.0164772408297178,0.0040602032950006,0.0112401430446892,0.0016617589025575,0.0,0.9999999999999394
174016,M,0.0524440746794722,0.2139699861010698,0.0524479241380289,0.0164773654786692,0.004060259891491,0.0112402637177806,0.0016617589025575,1.2464895140368304e-07,1.000007564916462
174016,THETA,0.0524440746794722,0.2139699861010698,0.0524479241380289,0.0164772391167451,0.004060202198559,0.0112401416926687,0.0016617589025575,-1.7129726803677412e-09,0.9999998960400168
174016,R,0.0524440746794722,0.2139699861010698,0.0524479241380289,0.0164772408297178,0.0040602032950006,0.0112401430446892,0.0016617589025575,0.0,0.9999999999999394
174016,KB,0.0524440746794722,0.2139699861010698,0.0524479241380289,0.0164772408278175,0.0040602032941544,0.0112401430427074,0.0016617589025575,-1.900250790054514e-12,0.9999999998846136
174016,GH,0.0524440746794722,0.2139699861010698,0.0524479241380289,0.0164772402185224,0.0040602039274575,0.0112401422531524,0.0016617589025575,-6.111953443355134e-10,0.9999999629066328
174016,FASTCTX,0.0524440746794722,0.2139699861010698,0.0524479241380289,0.0164772408654843,0.0040602032422495,0.0112401427663265,0.0016617589025575,3.5766514749902e-11,1.000000002170601
174016,ALL_SLOW,0.0524440746794722,0.2139699861010698,0.0524479241380289,0.016477363145471,0.0040602594276117,0.011240261568771,0.0016617589025575,1.2231575317184218e-07,1.000007423315192
174016,ALL_NONX,0.0524440746794722,0.2139699861010698,0.0524479241380289,0.0164773631571309,0.0040602593747697,0.0112402612520134,0.0016617589025575,1.2232741313650264e-07,1.0000074240228325
174017,X_ONLY,0.0563807644918789,0.0332595271289089,0.0563919195669712,0.016204960921237,0.0044326319189181,0.001984448113107,0.0034466174271236,0.0,0.9999999999999384
174017,M,0.0563807644918789,0.0332595271289089,0.0563919195669712,0.0162062234090058,0.0044327476750462,0.0019842599303295,0.0034466174271236,1.262487768750875e-06,1.0000779074861017
174017,THETA,0.0563807644918789,0.0332595271289089,0.0563919195669712,0.0162049502530497,0.0044326308922839,0.0019844625696825,0.0034466174271236,-1.0668187298834564e-08,0.999999341671458
174017,R,0.0563807644918789,0.0332595271289089,0.0563919195669712,0.016204960921237,0.0044326319189181,0.001984448113107,0.0034466174271236,0.0,0.9999999999999384
174017,KB,0.0563807644918789,0.0332595271289089,0.0563919195669712,0.0162049609233707,0.0044326319190382,0.0019844481139946,0.0034466174271236,2.1337341615801364e-12,1.00000000013161
174017,GH,0.0563807644918789,0.0332595271289089,0.0563919195669712,0.0162049594132857,0.0044326300259649,0.0019844568534073,0.0034466174271236,-1.5079512916127411e-09,0.9999999069450216
174017,FASTCTX,0.0563807644918789,0.0332595271289089,0.0563919195669712,0.0162049671527295,0.0044326340178246,0.0019844396141643,0.0034466174271236,6.231492495623048e-09,1.0000003845422107
174017,ALL_SLOW,0.0563807644918789,0.0332595271289089,0.0563919195669712,0.0162062112298432,0.004432744770295,0.0019842830637312,0.0034466174271236,1.25030860621822e-06,1.0000771559160986
174017,ALL_NONX,0.0563807644918789,0.0332595271289089,0.0563919195669712,0.0162062174057399,0.0044327468437924,0.0019842746132005,0.0034466174271236,1.2564845028491256e-06,1.000077537027578
174018,X_ONLY,0.0988903770332364,0.3363554527382505,0.0991732115871272,0.0587254948445215,0.0225435006619115,0.0366575634165631,0.0163893705531632,0.0,0.999999999999983
174018,M,0.0988903770332364,0.3363554527382505,0.0991732115871272,0.0588621070199296,0.0226046257706725,0.0367401227260782,0.0163893705531632,0.0001366121754081,1.0023262839379865
174018,THETA,0.0988903770332364,0.3363554527382505,0.0991732115871272,0.0587261566954265,0.0225433360655645,0.0366579637919846,0.0163893705531632,6.61850904956629e-07,1.0000112702482238
174018,R,0.0988903770332364,0.3363554527382505,0.0991732115871272,0.0587254948445215,0.0225435006619115,0.0366575634165631,0.0163893705531632,0.0,0.999999999999983
174018,KB,0.0988903770332364,0.3363554527382505,0.0991732115871272,0.0587254949008467,0.0225435006889364,0.036657563433052,0.0163893705531632,5.6325201447382505e-11,1.00000000095911
174018,GH,0.0988903770332364,0.3363554527382505,0.0991732115871272,0.0587260107092226,0.0225436589775939,0.0366577763579049,0.0163893705531632,5.158647011088702e-07,1.000008784339774
174018,FASTCTX,0.0988903770332364,0.3363554527382505,0.0991732115871272,0.0587273794820333,0.0225442246685301,0.0366580166955495,0.0163893705531632,1.8846375117453904e-06,1.0000320923223505
174018,ALL_SLOW,0.0988903770332364,0.3363554527382505,0.0991732115871272,0.0588632882521491,0.0226046203733521,0.0367407383435224,0.0163893705531632,0.0001377934076275,1.002346398408244
174018,ALL_NONX,0.0988903770332364,0.3363554527382505,0.0991732115871272,0.0588651563619532,0.0226053385859175,0.0367411857201223,0.0163893705531632,0.0001396615174316,1.0023782092905376
174019,X_ONLY,0.0524035902032463,0.2574561071823092,0.0523851891948775,0.0181180998438663,0.0043620619026736,0.0135608983640293,0.0024998878933846,0.0,0.9999999999999448
174019,M,0.0524035902032463,0.2574561071823092,0.0523851891948775,0.0181185143478079,0.0043622888402312,0.0135614485371041,0.0024998878933846,4.145039416321439e-07,1.0000228778925055
174019,THETA,0.0524035902032463,0.2574561071823092,0.0523851891948775,0.0181181001677681,0.0043620585281255,0.0135609010572674,0.0024998878933846,3.23901822030237e-10,1.000000017877196
174019,R,0.0524035902032463,0.2574561071823092,0.0523851891948775,0.0181180998438663,0.0043620619026736,0.0135608983640293,0.0024998878933846,0.0,0.9999999999999448
174019,KB,0.0524035902032463,0.2574561071823092,0.0523851891948775,0.0181180998438175,0.0043620618994923,0.013560898365062,0.0024998878933846,-4.8832465848747126e-14,0.9999999999972496
174019,GH,0.0524035902032463,0.2574561071823092,0.0523851891948775,0.0181180988673084,0.0043620652722205,0.0135608936394515,0.0024998878933846,-9.765578762310767e-10,0.99999994610037
174019,FASTCTX,0.0524035902032463,0.2574561071823092,0.0523851891948775,0.0181180996167435,0.0043620629681865,0.0135609038030161,0.0024998878933846,-2.271228344286058e-10,0.9999999874642576
174019,ALL_SLOW,0.0524035902032463,0.2574561071823092,0.0523851891948775,0.0181185136550312,0.0043622888356602,0.0135614464638767,0.0024998878933846,4.13811164903799e-07,1.0000228396557846
174019,ALL_NONX,0.0524035902032463,0.2574561071823092,0.0523851891948775,0.0181185134785742,0.004362289861851,0.0135614519869412,0.0024998878933846,4.136347078846636e-07,1.0000228299165173
174020,X_ONLY,0.0904756608395992,0.2305115299834117,0.0905654353842781,0.0323211670617758,0.0063729623563702,0.0209388409023198,0.0088802337333778,0.0,0.9999999999999692
174020,M,0.0904756608395992,0.2305115299834117,0.0905654353842781,0.0323285340245603,0.0063743728074033,0.0209418064889301,0.0088802337333778,7.366962784562114e-06,1.0002279299744803
174020,THETA,0.0904756608395992,0.2305115299834117,0.0905654353842781,0.0323212085524233,0.0063729904164233,0.0209388102708919,0.0088802337333778,4.1490647556541305e-08,1.0000012836988983
174020,R,0.0904756608395992,0.2305115299834117,0.0905654353842781,0.0323211670617758,0.0063729623563702,0.0209388409023198,0.0088802337333778,0.0,0.9999999999999692
174020,KB,0.0904756608395992,0.2305115299834117,0.0905654353842781,0.0323211670879496,0.0063729623354343,0.020938840958579,0.0088802337333778,2.617377148350641e-11,1.0000000008097718
174020,GH,0.0904756608395992,0.2305115299834117,0.0905654353842781,0.0323212236882439,0.0063729726849071,0.0209388725742491,0.0088802337333778,5.662646807708117e-08,1.0000017519932671
174020,FASTCTX,0.0904756608395992,0.2305115299834117,0.0905654353842781,0.0323212514801217,0.0063730542319495,0.0209387832766592,0.0088802337333778,8.441834589006937e-08,1.0000026118594272
174020,ALL_SLOW,0.0904756608395992,0.2305115299834117,0.0905654353842781,0.0323286318439759,0.0063744109111963,0.0209418076386394,0.0088802337333778,7.464782200074238e-06,1.0002309564560217
174020,ALL_NONX,0.0904756608395992,0.2305115299834117,0.0905654353842781,0.0323287160640205,0.0063745014043622,0.0209417519743951,0.0088802337333778,7.549002244769398e-06,1.0002335621801448
174021,X_ONLY,0.0674701892943724,0.2731738025201205,0.0674410008376737,0.0218961831078936,0.0092718919018853,0.0184151914330597,0.0037243458947146,0.0,0.9999999999999544
174021,M,0.0674701892943724,0.2731738025201205,0.0674410008376737,0.021896789379583,0.0092718289341327,0.0184155381306355,0.0037243458947146,6.062716893968922e-07,1.0000276884644876
174021,THETA,0.0674701892943724,0.2731738025201205,0.0674410008376737,0.021896164907715,0.0092718840583239,0.0184151738864797,0.0037243458947146,-1.8200178530936032e-08,0.9999991687967058
174021,R,0.0674701892943724,0.2731738025201205,0.0674410008376737,0.0218961831078936,0.0092718919018853,0.0184151914330597,0.0037243458947146,0.0,0.9999999999999544
174021,KB,0.0674701892943724,0.2731738025201205,0.0674410008376737,0.0218961830977969,0.0092718919017705,0.0184151914239799,0.0037243458947146,-1.009671860008332e-11,0.9999999995388368
174021,GH,0.0674701892943724,0.2731738025201205,0.0674410008376737,0.021896185378785,0.0092718932924665,0.0184151928957384,0.0037243458947146,2.270891388128637e-09,1.0000001037117008
174021,FASTCTX,0.0674701892943724,0.2731738025201205,0.0674410008376737,0.02189618346564,0.0092718908155961,0.018415192147325,0.0037243458947146,3.5774637419105915e-10,1.0000000163382528
174021,ALL_SLOW,0.0674701892943724,0.2731738025201205,0.0674410008376737,0.0218967733882602,0.009271822468675,0.0184155219718249,0.0037243458947146,5.90280366578877e-07,1.0000269581398125
174021,ALL_NONX,0.0674701892943724,0.2731738025201205,0.0674410008376737,0.0218967735493621,0.0092718213524378,0.0184155224377371,0.0037243458947146,5.904414685335702e-07,1.0000269654973484
174022,X_ONLY,0.1186660127237378,0.4081216802047931,0.1185523557939875,0.0437156057519495,0.0155477688888721,0.041637132791279,0.0064333279244183,0.0,0.9999999999999772
174022,M,0.1186660127237378,0.4081216802047931,0.1185523557939875,0.0436506226099648,0.0155204387241989,0.041570580846581,0.0064333279244183,-6.498314198474103e-05,0.998513502423952
174022,THETA,0.1186660127237378,0.4081216802047931,0.1185523557939875,0.0437154602594739,0.0155476958886803,0.0416369851928923,0.0064333279244183,-1.454924756505438e-07,0.9999966718412304
174022,R,0.1186660127237378,0.4081216802047931,0.1185523557939875,0.0437156057519495,0.0155477688888721,0.041637132791279,0.0064333279244183,0.0,0.9999999999999772
174022,KB,0.1186660127237378,0.4081216802047931,0.1185523557939875,0.0437156059509425,0.0155477689766798,0.0416371329944387,0.0064333279244183,1.9899298875358795e-10,1.0000000045519668
174022,GH,0.1186660127237378,0.4081216802047931,0.1185523557939875,0.0437153693108254,0.0155476679448291,0.041636899596243,0.0064333279244183,-2.3644112410320386e-07,0.9999945913794164
174022,FASTCTX,0.1186660127237378,0.4081216802047931,0.1185523557939875,0.0437158167489431,0.0155477619726114,0.0416373115082338,0.0064333279244183,2.109969935645828e-07,1.00000482658284
174022,ALL_SLOW,0.1186660127237378,0.4081216802047931,0.1185523557939875,0.0436502411777424,0.015520265015858,0.0415702005870663,0.0064333279244183,-6.536457420710379e-05,0.9985047771137155
174022,ALL_NONX,0.1186660127237378,0.4081216802047931,0.1185523557939875,0.0436504519789198,0.0155202578223125,0.041570378971514,0.0064333279244183,-6.515377302974967e-05,0.998509599217258
174023,X_ONLY,0.1491604225102482,0.3934370142326676,0.1494343211753192,0.0747434731077411,0.0131552867413549,0.0582710048075558,0.0156024433961563,0.0,0.9999999999999868
174023,M,0.1491604225102482,0.3934370142326676,0.1494343211753192,0.0747390407428376,0.0131566557997579,0.0582683787006995,0.0156024433961563,-4.432364903467212e-06,0.9999406989704896
174023,THETA,0.1491604225102482,0.3934370142326676,0.1494343211753192,0.07474338979728,0.013155250836049,0.0582709330166975,0.0156024433961563,-8.33104610575841e-08,0.999998885381444
174023,R,0.1491604225102482,0.3934370142326676,0.1494343211753192,0.0747434731077411,0.0131552867413549,0.0582710048075558,0.0156024433961563,0.0,0.9999999999999868
174023,KB,0.1491604225102482,0.3934370142326676,0.1494343211753192,0.0747434731693398,0.0131552867258535,0.0582710048789376,0.0156024433961563,6.159873999767029e-11,1.000000000824122
174023,GH,0.1491604225102482,0.3934370142326676,0.1494343211753192,0.0747437430137666,0.0131555824993098,0.0582714914469431,0.0156024433961563,2.699060255018093e-07,1.0000036110982442
174023,FASTCTX,0.1491604225102482,0.3934370142326676,0.1494343211753192,0.0747436226162532,0.0131554737365705,0.058271229690977,0.0156024433961563,1.495085121122619e-07,1.0000020002885188
174023,ALL_SLOW,0.1491604225102482,0.3934370142326676,0.1494343211753192,0.0747392229595954,0.0131569137868662,0.0582687884037369,0.0156024433961563,-4.250148145687471e-06,0.999943136865736
174023,ALL_NONX,0.1491604225102482,0.3934370142326676,0.1494343211753192,0.0747393621060819,0.0131570956939001,0.0582690030396837,0.0156024433961563,-4.111001659187763e-06,0.9999449985197468
174024,X_ONLY,0.1560209964007815,0.3111348156215991,0.1570459121294255,0.0679465898615997,0.0061591424681671,0.04986198963595,0.0177650770909221,0.0,0.9999999999999852
174024,M,0.1560209964007815,0.3111348156215991,0.1570459121294255,0.067962372490866,0.0061471180158682,0.0498858654348126,0.0177650770909221,1.57826292662977e-05,1.0002322799318912
174024,THETA,0.1560209964007815,0.3111348156215991,0.1570459121294255,0.0679464947852199,0.0061591883963386,0.0498618401755132,0.0177650770909221,-9.507637981076569e-08,0.9999986007188734
174024,R,0.1560209964007815,0.3111348156215991,0.1570459121294255,0.0679465898615997,0.0061591424681671,0.04986198963595,0.0177650770909221,0.0,0.9999999999999852
174024,KB,0.1560209964007815,0.3111348156215991,0.1570459121294255,0.0679465903026887,0.0061591426032656,0.0498619897422856,0.0177650770909221,4.410890402928303e-10,1.0000000064916876
174024,GH,0.1560209964007815,0.3111348156215991,0.1570459121294255,0.0679469604212462,0.0061590111575493,0.0498624611771255,0.0177650770909221,3.705596464953498e-07,1.0000054536901153
174024,FASTCTX,0.1560209964007815,0.3111348156215991,0.1570459121294255,0.067945399885928,0.0061595649570412,0.0498604592161567,0.0177650770909221,-1.189975671639365e-06,0.9999824866019758
174024,ALL_SLOW,0.1560209964007815,0.3111348156215991,0.1570459121294255,0.0679626492976662,0.0061470336875617,0.0498861875862066,0.0177650770909221,1.605943606647342e-05,1.0002363538199368
174024,ALL_NONX,0.1560209964007815,0.3111348156215991,0.1570459121294255,0.0679614918180878,0.0061474476811872,0.049884694907656,0.0177650770909221,1.4901956488150292e-05,1.0002193186812982
174025,X_ONLY,0.0721876602744674,0.1832369783562779,0.0721159314833269,0.0196055861335566,0.0042883533274003,0.0132740282126947,0.0056704763998982,0.0,0.999999999999949
174025,M,0.0721876602744674,0.1832369783562779,0.0721159314833269,0.0196046800406264,0.0042883281390165,0.0132735724671919,0.0056704763998982,-9.060929302036336e-07,0.999953783940708
174025,THETA,0.0721876602744674,0.1832369783562779,0.0721159314833269,0.0196055736434787,0.0042883455992971,0.0132740082803694,0.0056704763998982,-1.2490077864329985e-08,0.9999993629326468
174025,R,0.0721876602744674,0.1832369783562779,0.0721159314833269,0.0196055861335566,0.0042883533274003,0.0132740282126947,0.0056704763998982,0.0,0.999999999999949
174025,KB,0.0721876602744674,0.1832369783562779,0.0721159314833269,0.0196055860690647,0.0042883532847719,0.0132740281113918,0.0056704763998982,-6.449192221924527e-11,0.9999999967104825
174025,GH,0.0721876602744674,0.1832369783562779,0.0721159314833269,0.0196055868534453,0.004288357569886,0.0132740310997079,0.0056704763998982,7.198887146120381e-10,1.0000000367185
174025,FASTCTX,0.0721876602744674,0.1832369783562779,0.0721159314833269,0.0196055551895138,0.0042883487750609,0.0132739902791182,0.0056704763998982,-3.0944042824637696e-08,0.999998421672088
174025,ALL_SLOW,0.0721876602744674,0.1832369783562779,0.0721159314833269,0.019604668466079,0.0042883246653905,0.0132735557425731,0.0056704763998982,-9.176674776352478e-07,0.9999531935708332
174025,ALL_NONX,0.0721876602744674,0.1832369783562779,0.0721159314833269,0.0196046373928465,0.0042883201124646,0.0132735175468241,0.0056704763998982,-9.487407100841616e-07,0.9999516086535428
174026,X_ONLY,0.1153998194623033,0.6063238913623679,0.1155937765223393,0.0687489699784028,0.0415570664384924,0.0683941171247442,0.0063549332020563,0.0,0.9999999999999856
174026,M,0.1153998194623033,0.6063238913623679,0.1155937765223393,0.0688292110149023,0.0416074237784028,0.0684746257558453,0.0063549332020563,8.024103649949266e-05,1.001167159835612
174026,THETA,0.1153998194623033,0.6063238913623679,0.1155937765223393,0.0687490051872569,0.0415570966454111,0.0683941600272639,0.0063549332020563,3.520885412389152e-08,1.0000005121364457
174026,R,0.1153998194623033,0.6063238913623679,0.1155937765223393,0.0687489699784028,0.0415570664384924,0.0683941171247442,0.0063549332020563,0.0,0.9999999999999856
174026,KB,0.1153998194623033,0.6063238913623679,0.1155937765223393,0.0687489699290294,0.0415570664063294,0.0683941170764952,0.0063549332020563,-4.937335262855669e-11,0.9999999992818168
174026,GH,0.1153998194623033,0.6063238913623679,0.1155937765223393,0.0687489549153276,0.0415570566627365,0.0683941019523498,0.0063549332020563,-1.506307521770278e-08,0.9999997808974268
174026,FASTCTX,0.1153998194623033,0.6063238913623679,0.1155937765223393,0.0687493929836243,0.0415573324437892,0.0683945440848746,0.0063549332020563,4.23005221503181e-07,1.0000061528953907
174026,ALL_SLOW,0.1153998194623033,0.6063238913623679,0.1155937765223393,0.0688292309985618,0.0416074441313206,0.0684746533453241,0.0063549332020563,8.026102015902536e-05,1.0011674505113783
174026,ALL_NONX,0.1153998194623033,0.6063238913623679,0.1155937765223393,0.0688296512768125,0.0416077084556814,0.0684750775643963,0.0063549332020563,8.068129840974048e-05,1.0011735637411598
174027,X_ONLY,0.15916702724478,0.3682166337379409,0.1583098947149719,0.0605176416358078,0.015598537688167,0.057492800805821,0.022913860197668,0.0,0.9999999999999836
174027,M,0.15916702724478,0.3682166337379409,0.1583098947149719,0.060459213493091,0.0155833864642849,0.0574345903912703,0.022913860197668,-5.842814271680291e-05,0.9990345271041886
174027,THETA,0.15916702724478,0.3682166337379409,0.1583098947149719,0.0605175082591682,0.0155985028487453,0.0574926582703926,0.022913860197668,-1.3337663958695736e-07,0.9999977960700884
174027,R,0.15916702724478,0.3682166337379409,0.1583098947149719,0.0605176416358078,0.015598537688167,0.057492800805821,0.022913860197668,0.0,0.9999999999999836
174027,KB,0.15916702724478,0.3682166337379409,0.1583098947149719,0.0605176420926806,0.0155985378052374,0.0574928012588246,0.022913860197668,4.5687285898932117e-10,1.0000000075493995
174027,GH,0.15916702724478,0.3682166337379409,0.1583098947149719,0.0605175753581697,0.0155985783408687,0.0574927620118481,0.022913860197668,-6.627763806527076e-08,0.9999989048211848
174027,FASTCTX,0.15916702724478,0.3682166337379409,0.1583098947149719,0.0605176852929929,0.0155987022699805,0.0574929606367818,0.022913860197668,4.365718512394645e-08,1.000000721395992
174027,ALL_SLOW,0.15916702724478,0.3682166337379409,0.1583098947149719,0.0604590142233664,0.0155833921570847,0.0574344087015084,0.022913860197668,-5.862741244137132e-05,0.9990312343498912
174027,ALL_NONX,0.15916702724478,0.3682166337379409,0.1583098947149719,0.0604590482103057,0.0155835568818468,0.0574345601945189,0.022913860197668,-5.859342550203206e-05,0.9990317959537214
174028,X_ONLY,0.1467583315420459,0.2482976501837537,0.1468660315308312,0.0584512104288392,0.0127894473996047,0.0392076038450852,0.0121529361937312,0.0,0.9999999999999828
174028,M,0.1467583315420459,0.2482976501837537,0.1468660315308312,0.0585164236398994,0.0128031943173737,0.0392691166432485,0.0121529361937312,6.521321106017774e-05,1.0011156862378163
174028,THETA,0.1467583315420459,0.2482976501837537,0.1468660315308312,0.0584512940593105,0.0127893842182948,0.0392074123435904,0.0121529361937312,8.363047120790723e-08,1.0000014307739669
174028,R,0.1467583315420459,0.2482976501837537,0.1468660315308312,0.0584512104288392,0.0127894473996047,0.0392076038450852,0.0121529361937312,0.0,0.9999999999999828
174028,KB,0.1467583315420459,0.2482976501837537,0.1468660315308312,0.0584512102360591,0.0127894473862482,0.0392076036859285,0.0121529361937312,-1.9278011825774044e-10,0.9999999967018456
174028,GH,0.1467583315420459,0.2482976501837537,0.1468660315308312,0.0584510029406041,0.0127894002971989,0.0392074643767028,0.0121529361937312,-2.0748823513494496e-07,0.9999964502320036
174028,FASTCTX,0.1467583315420459,0.2482976501837537,0.1468660315308312,0.0584507628447555,0.0127893573108476,0.0392070554758522,0.0121529361937312,-4.475840837542267e-07,0.9999923426036608
174028,ALL_SLOW,0.1467583315420459,0.2482976501837537,0.1468660315308312,0.0585163011382343,0.012803084261929,0.0392687865228577,0.0121529361937312,6.509070939503953e-05,1.0011135904443464
174028,ALL_NONX,0.1467583315420459,0.2482976501837537,0.1468660315308312,0.0585158545245119,0.0128029936096641,0.039268237448558,0.0121529361937312,6.464409567261131e-05,1.0011059496492432
174029,X_ONLY,0.0743744319470515,0.4360318679631305,0.0743811999325244,0.0385675796463463,0.0171974473371303,0.0322411764041782,0.0040542372663341,0.0,0.999999999999974
174029,M,0.0743744319470515,0.4360318679631305,0.0743811999325244,0.038555261316152,0.017190678364815,0.0322292109308461,0.0040542372663341,-1.231833019430667e-05,0.9996806040122752
174029,THETA,0.0743744319470515,0.4360318679631305,0.0743811999325244,0.038567575882565,0.0171974418085033,0.0322411535252599,0.0040542372663341,-3.763781238064201e-09,0.9999999024107225
174029,R,0.0743744319470515,0.4360318679631305,0.0743811999325244,0.0385675796463463,0.0171974473371303,0.0322411764041782,0.0040542372663341,0.0,0.999999999999974
174029,KB,0.0743744319470515,0.4360318679631305,0.0743811999325244,0.0385675797263111,0.017197447376865,0.0322411764823281,0.0040542372663341,7.996479867156124e-11,1.0000000020733424
174029,GH,0.0743744319470515,0.4360318679631305,0.0743811999325244,0.0385676071316659,0.0171974586065021,0.0322412017384293,0.0040542372663341,2.7485319624431792e-08,1.0000007126534485
174029,FASTCTX,0.0743744319470515,0.4360318679631305,0.0743811999325244,0.0385676466107125,0.0171974829083544,0.0322412482497973,0.0040542372663341,6.696436621878021e-08,1.000001736286431
174029,ALL_SLOW,0.0743744319470515,0.4360318679631305,0.0743811999325244,0.0385552850921146,0.0171906841292687,0.0322292134335314,0.0040542372663341,-1.2294554231649655e-05,0.999681220487638
174029,ALL_NONX,0.0743744319470515,0.4360318679631305,0.0743811999325244,0.0385553520127153,0.0171907196694808,0.0322292851907767,0.0040542372663341,-1.2227633631005376e-05,0.9996829556393186
174030,X_ONLY,0.0920044290621706,0.208739249004903,0.0921710153463467,0.0284899665393405,0.0047309561002383,0.0190520064350438,0.0089546211175791,0.0,0.9999999999999648
174030,M,0.0920044290621706,0.208739249004903,0.0921710153463467,0.0285037788189607,0.0047323668169298,0.0190644535640464,0.0089546211175791,1.3812279620165764e-05,1.0004848120688417
174030,THETA,0.0920044290621706,0.208739249004903,0.0921710153463467,0.0284900836702346,0.0047310314678265,0.0190521497421544,0.0089546211175791,1.1713089409504108e-07,1.0000041113032876
174030,R,0.0920044290621706,0.208739249004903,0.0921710153463467,0.0284899665393405,0.0047309561002383,0.0190520064350438,0.0089546211175791,0.0,0.9999999999999648
174030,KB,0.0920044290621706,0.208739249004903,0.0921710153463467,0.0284899665413243,0.0047309561022402,0.0190520064403297,0.0089546211175791,1.9838367060209805e-12,1.0000000000695977
174030,GH,0.0920044290621706,0.208739249004903,0.0921710153463467,0.0284899468736818,0.004730946402616,0.0190519657947691,0.0089546211175791,-1.966565871258652e-08,0.9999993097338432
174030,FASTCTX,0.0920044290621706,0.208739249004903,0.0921710153463467,0.0284898957320928,0.0047309682413192,0.0190519388105163,0.0089546211175791,-7.080724770056057e-08,0.9999975146601664
174030,ALL_SLOW,0.0920044290621706,0.208739249004903,0.0921710153463467,0.0285038773550984,0.0047324327944784,0.0190645572526145,0.0089546211175791,1.3910815757935818e-05,1.000488270694798
174030,ALL_NONX,0.0920044290621706,0.208739249004903,0.0921710153463467,0.0285038063913281,0.0047324446749163,0.0190644897828649,0.0089546211175791,1.3839851987593188e-05,1.0004857798610427
174031,X_ONLY,0.0592536982067568,0.4100653420337655,0.0591123897959343,0.0291605427266029,0.0088162375391831,0.0240514833027213,0.0023450820727209,0.0,0.9999999999999656
174031,M,0.0592536982067568,0.4100653420337655,0.0591123897959343,0.0291436127434133,0.0088032955949326,0.0240307035741352,0.0023450820727209,-1.6929983189566816e-05,0.9994194215330868
174031,THETA,0.0592536982067568,0.4100653420337655,0.0591123897959343,0.0291605129319421,0.0088162208228974,0.0240514568954282,0.0023450820727209,-2.9794660755949612e-08,0.9999989782542104
174031,R,0.0592536982067568,0.4100653420337655,0.0591123897959343,0.0291605427266029,0.0088162375391831,0.0240514833027213,0.0023450820727209,0.0,0.9999999999999656
174031,KB,0.0592536982067568,0.4100653420337655,0.0591123897959343,0.0291605427255318,0.0088162375375667,0.0240514833017123,0.0023450820727209,-1.0711188880296874e-12,0.999999999963234
174031,GH,0.0592536982067568,0.4100653420337655,0.0591123897959343,0.0291605156966607,0.0088162199198599,0.0240514500773474,0.0023450820727209,-2.7029942152589917e-08,0.9999990730644692
174031,FASTCTX,0.0592536982067568,0.4100653420337655,0.0591123897959343,0.029160477451329,0.0088162037481849,0.0240514086109056,0.0023450820727209,-6.527527383198839e-08,0.9999977615205778
174031,ALL_SLOW,0.0592536982067568,0.4100653420337655,0.0591123897959343,0.0291435559514224,0.0088032612926328,0.0240306439660938,0.0023450820727209,-1.6986775180444225e-05,0.9994174739701964
174031,ALL_NONX,0.0592536982067568,0.4100653420337655,0.0591123897959343,0.0291434906320537,0.0088032274878435,0.0240305692202197,0.0023450820727209,-1.705209454913245e-05,0.9994152339786676
174032,X_ONLY,0.0700957218529822,0.0441495148130216,0.070093218748492,0.0169493883895214,0.0025540783930482,0.002962694820951,0.0045017611199735,0.0,0.999999999999941
174032,M,0.0700957218529822,0.0441495148130216,0.070093218748492,0.0169490618499223,0.0025534796035445,0.0029624842621947,0.0045017611199735,-3.265395990791065e-07,0.9999807344316756
174032,THETA,0.0700957218529822,0.0441495148130216,0.070093218748492,0.0169493919703165,0.0025540806271075,0.0029627010332866,0.0045017611199735,3.5807950701793882e-09,1.0000002112639104
174032,R,0.0700957218529822,0.0441495148130216,0.070093218748492,0.0169493883895214,0.0025540783930482,0.002962694820951,0.0045017611199735,0.0,0.999999999999941
174032,KB,0.0700957218529822,0.0441495148130216,0.070093218748492,0.0169493883946652,0.0025540783928935,0.0029626948296303,0.0045017611199735,5.143760417603005e-12,1.0000000003034186
174032,GH,0.0700957218529822,0.0441495148130216,0.070093218748492,0.0169493825151139,0.0025540651649637,0.0029627037555303,0.0045017611199735,-5.874407536798909e-09,0.9999996534147192
174032,FASTCTX,0.0700957218529822,0.0441495148130216,0.070093218748492,0.0169493648773682,0.0025540872896405,0.0029626611256324,0.0045017611199735,-2.3512153245197623e-08,0.9999986128022024
174032,ALL_SLOW,0.0700957218529822,0.0441495148130216,0.070093218748492,0.0169490594561203,0.0025534685503807,0.0029624995406668,0.0045017611199735,-3.289334010829481e-07,0.9999805931993224
174032,ALL_NONX,0.0700957218529822,0.0441495148130216,0.070093218748492,0.0169490357477694,0.0025534773825512,0.0029624659887007,0.0045017611199735,-3.526417520424707e-07,0.9999791944260796
174033,X_ONLY,0.0993411423510243,0.4746917594005495,0.0993682404568974,0.0475329097026739,0.01972615534993,0.0468738010654666,0.0102002039316562,0.0,0.999999999999979
174033,M,0.0993411423510243,0.4746917594005495,0.0993682404568974,0.0475504684611459,0.0197269362221049,0.046889933417345,0.0102002039316562,1.755875847202909e-05,1.0003694021380316
174033,THETA,0.0993411423510243,0.4746917594005495,0.0993682404568974,0.0475329815645924,0.0197261418230475,0.0468738685409764,0.0102002039316562,7.186191854774426e-08,1.0000015118350212
174033,R,0.0993411423510243,0.4746917594005495,0.0993682404568974,0.0475329097026739,0.01972615534993,0.0468738010654666,0.0102002039316562,0.0,0.999999999999979
174033,KB,0.0993411423510243,0.4746917594005495,0.0993682404568974,0.04753290976546,0.0197261553779379,0.0468738011303828,0.0102002039316562,6.278608882803738e-11,1.0000000013208763
174033,GH,0.0993411423510243,0.4746917594005495,0.0993682404568974,0.0475328182393691,0.0197261530923242,0.0468737213891079,0.0102002039316562,-9.146330481185629e-08,0.9999980757898816
174033,FASTCTX,0.0993411423510243,0.4746917594005495,0.0993682404568974,0.0475331630058665,0.0197263037508379,0.0468740592119395,0.0102002039316562,2.533031926432727e-07,1.0000053290066446
174033,ALL_SLOW,0.0993411423510243,0.4746917594005495,0.0993682404568974,0.0475504493435207,0.0197269202161451,0.0468899215992278,0.0102002039316562,1.7539640846789273e-05,1.0003689999403678
174033,ALL_NONX,0.0993411423510243,0.4746917594005495,0.0993682404568974,0.0475507001336646,0.0197270672441407,0.046890177111229,0.0102002039316562,1.7790430990670403e-05,1.0003742760773735
174034,X_ONLY,0.0606299672157652,0.1011383349502486,0.0606310855711518,0.0144435921998868,0.0056871834301877,0.0061136136029551,0.0031290300767125,0.0,0.9999999999999308
174034,M,0.0606299672157652,0.1011383349502486,0.0606310855711518,0.0144431054530882,0.0056872227563309,0.0061130910334282,0.0031290300767125,-4.867467985666257e-07,0.9999663001563026
174034,THETA,0.0606299672157652,0.1011383349502486,0.0606310855711518,0.0144435957742189,0.0056871864294105,0.0061136148834742,0.0031290300767125,3.574332094191668e-09,1.0000002474682923
174034,R,0.0606299672157652,0.1011383349502486,0.0606310855711518,0.0144435921998868,0.0056871834301877,0.0061136136029551,0.0031290300767125,0.0,0.9999999999999308
174034,KB,0.0606299672157652,0.1011383349502486,0.0606310855711518,0.0144435921957072,0.0056871834235052,0.0061136136121197,0.0031290300767125,-4.179661824976755e-12,0.9999999997105524
174034,GH,0.0606299672157652,0.1011383349502486,0.0606310855711518,0.0144435993001445,0.0056871872924442,0.0061136113973816,0.0031290300767125,7.1002576543938164e-09,1.0000004915852343
174034,FASTCTX,0.0606299672157652,0.1011383349502486,0.0606310855711518,0.0144436102582809,0.0056871917055763,0.0061136141106648,0.0031290300767125,1.8058394101252984e-08,1.0000012502702134
174034,ALL_SLOW,0.0606299672157652,0.1011383349502486,0.0606310855711518,0.0144431161095263,0.0056872295903323,0.0061130901372512,0.0031290300767125,-4.760903604874439e-07,0.9999670379532392
174034,ALL_NONX,0.0606299672157652,0.1011383349502486,0.0606310855711518,0.0144431341918088,0.0056872378416081,0.0061130907493411,0.0031290300767125,-4.580080779723744e-07,0.9999682898774326
174035,X_ONLY,0.0563873182023136,0.2690148347336037,0.0563782955552498,0.0202182247217674,0.0013248626720269,0.0151247397312586,0.0038329259431783,0.0,0.9999999999999506
174035,M,0.0563873182023136,0.2690148347336037,0.0563782955552498,0.0202193997180502,0.0013249005173443,0.0151257631010596,0.0038329259431783,1.1749962828128124e-06,1.000058115699968
174035,THETA,0.0563873182023136,0.2690148347336037,0.0563782955552498,0.020218232411064,0.001324851314679,0.0151247563114323,0.0038329259431783,7.689296616097963e-09,1.0000003803150732
174035,R,0.0563873182023136,0.2690148347336037,0.0563782955552498,0.0202182247217674,0.0013248626720269,0.0151247397312586,0.0038329259431783,0.0,0.9999999999999506
174035,KB,0.0563873182023136,0.2690148347336037,0.0563782955552498,0.0202182247217964,0.0013248626724819,0.015124739730978,0.0038329259431783,2.9053148775659565e-14,1.0000000000013876
174035,GH,0.0563873182023136,0.2690148347336037,0.0563782955552498,0.0202182268405505,0.0013248637699998,0.0151247413159645,0.0038329259431783,2.118783093418841e-09,1.0000001047956546
174035,FASTCTX,0.0563873182023136,0.2690148347336037,0.0563782955552498,0.0202182181954935,0.0013248590010459,0.0151247374985637,0.0038329259431783,-6.526273882423439e-09,0.9999996772083122
174035,ALL_SLOW,0.0563873182023136,0.2690148347336037,0.0563782955552498,0.020219409536168,0.0013248902523275,0.0151257812710792,0.0038329259431783,1.1848144006523786e-06,1.000058601307284
174035,ALL_NONX,0.0563873182023136,0.2690148347336037,0.0563782955552498,0.0202194031718088,0.0013248866397939,0.0151257790955676,0.0038329259431783,1.1784500414391277e-06,1.000058286523998
174036,X_ONLY,0.1067732815476051,0.4635852072573551,0.1070755877771617,0.0517771344762599,0.0191511451416411,0.0491065412169903,0.003970144887684,0.0,0.9999999999999808
174036,M,0.1067732815476051,0.4635852072573551,0.1070755877771617,0.0518123649579542,0.0191742347309761,0.0491455529744921,0.003970144887684,3.523048169423032e-05,1.0006804254822057
174036,THETA,0.1067732815476051,0.4635852072573551,0.1070755877771617,0.0517771329837742,0.0191511463673958,0.0491065375894632,0.003970144887684,-1.4924857252851531e-09,0.999999971174791
174036,R,0.1067732815476051,0.4635852072573551,0.1070755877771617,0.0517771344762599,0.0191511451416411,0.0491065412169903,0.003970144887684,0.0,0.9999999999999808
174036,KB,0.1067732815476051,0.4635852072573551,0.1070755877771617,0.0517771344858678,0.0191511451487241,0.0491065412281402,0.003970144887684,9.607821482848776e-12,1.0000000001855418
174036,GH,0.1067732815476051,0.4635852072573551,0.1070755877771617,0.0517771474422933,0.0191511511674469,0.0491065542820358,0.003970144887684,1.2966033337280525e-08,1.000000250420045
174036,FASTCTX,0.1067732815476051,0.4635852072573551,0.1070755877771617,0.0517770539294825,0.0191510983815382,0.0491064544966044,0.003970144887684,-8.054677744923079e-08,0.9999984443561958
174036,ALL_SLOW,0.1067732815476051,0.4635852072573551,0.1070755877771617,0.0518123761786541,0.0191742418829156,0.0491455621599048,0.003970144887684,3.524170239412039e-05,1.0006806421936942
174036,ALL_NONX,0.1067732815476051,0.4635852072573551,0.1070755877771617,0.0518122968972252,0.0191741956084769,0.049145476700134,0.003970144887684,3.51624209652332e-05,1.0006791109882751
174037,X_ONLY,0.192662887961704,0.5570881688630731,0.1980079946440097,0.1264809953372078,0.0665672882625058,0.1247055348244692,0.0176675622872042,0.0,0.999999999999992
174037,M,0.192662887961704,0.5570881688630731,0.1980079946440097,0.1277116174763039,0.0671976467977172,0.1259598585120333,0.0176675622872042,0.001230622139096,1.009729699990217
174037,THETA,0.192662887961704,0.5570881688630731,0.1980079946440097,0.1264812000931716,0.0665670821974247,0.1247056835923689,0.0176675622872042,2.047559637397001e-07,1.000001618867421
174037,R,0.192662887961704,0.5570881688630731,0.1980079946440097,0.1264809953372078,0.0665672882625058,0.1247055348244692,0.0176675622872042,0.0,0.999999999999992
174037,KB,0.192662887961704,0.5570881688630731,0.1980079946440097,0.1264809923454167,0.066567286731351,0.124705531815103,0.0176675622872042,-2.991791148154732e-09,0.9999999763459156
174037,GH,0.192662887961704,0.5570881688630731,0.1980079946440097,0.1264881905580365,0.0665711566492345,0.1247128483619545,0.0176675622872042,7.195220828676296e-06,1.0000568877625329
174037,FASTCTX,0.192662887961704,0.5570881688630731,0.1980079946440097,0.1264919885720261,0.066572858892829,0.124716641012759,0.0176675622872042,1.099323481829062e-05,1.0000869160998298
174037,ALL_SLOW,0.192662887961704,0.5570881688630731,0.1980079946440097,0.1277190059711552,0.0672012916478414,0.1259673018598663,0.0176675622872042,0.0012380106339473,1.0097881158402158
174037,ALL_NONX,0.192662887961704,0.5570881688630731,0.1980079946440097,0.1277300103505071,0.0672068616766455,0.1259784132504557,0.0176675622872042,0.0012490150132992,1.0098751200523703
174038,X_ONLY,0.0904797044939875,0.5098579033754816,0.0899843334244353,0.0470243027088348,0.0253356788986022,0.0465330489626369,0.0081990595286328,0.0,0.9999999999999788
174038,M,0.0904797044939875,0.5098579033754816,0.0899843334244353,0.0470045294057878,0.0253283778528789,0.0465134715661556,0.0081990595286328,-1.977330304694241e-05,0.9995795088516172
174038,THETA,0.0904797044939875,0.5098579033754816,0.0899843334244353,0.0470241880625423,0.0253356284769874,0.0465329339540896,0.0081990595286328,-1.146462924525582e-07,0.9999975619778104
174038,R,0.0904797044939875,0.5098579033754816,0.0899843334244353,0.0470243027088348,0.0253356788986022,0.0465330489626369,0.0081990595286328,0.0,0.9999999999999788
174038,KB,0.0904797044939875,0.5098579033754816,0.0899843334244353,0.0470243027049555,0.0253356788972566,0.0465330489580142,0.0081990595286328,-3.879271903706183e-12,0.9999999999174836
174038,GH,0.0904797044939875,0.5098579033754816,0.0899843334244353,0.0470242934091444,0.0253356816907282,0.0465330384812658,0.0081990595286328,-9.299690399700022e-09,0.9999998022364848
174038,FASTCTX,0.0904797044939875,0.5098579033754816,0.0899843334244353,0.0470242774558613,0.0253356744914698,0.0465330233542869,0.0081990595286328,-2.5252973455403005e-08,0.9999994629803528
174038,ALL_SLOW,0.0904797044939875,0.5098579033754816,0.0899843334244353,0.0470044042680569,0.0253283296252438,0.0465133448634138,0.0081990595286328,-1.989844077791847e-05,0.9995768477227164
174038,ALL_NONX,0.0904797044939875,0.5098579033754816,0.0899843334244353,0.0470043785188356,0.0253283249280023,0.0465133187751776,0.0081990595286328,-1.992418999922918e-05,0.999576300150082
174039,X_ONLY,0.0492407488391749,0.0384011843157604,0.0492359630891822,0.020579079143375,0.007797577031422,0.0018834413618466,0.0023068738878125,0.0,0.9999999999999516
174039,M,0.0492407488391749,0.0384011843157604,0.0492359630891822,0.0205791763416587,0.0077978104164367,0.0018827677363736,0.0023068738878125,9.71982836647789e-08,1.000004723159962
174039,THETA,0.0492407488391749,0.0384011843157604,0.0492359630891822,0.0205790802706496,0.0077975767951209,0.0018834414269105,0.0023068738878125,1.1272746382184895e-09,1.0000000547776522
174039,R,0.0492407488391749,0.0384011843157604,0.0492359630891822,0.020579079143375,0.007797577031422,0.0018834413618466,0.0023068738878125,0.0,0.9999999999999516
174039,KB,0.0492407488391749,0.0384011843157604,0.0492359630891822,0.0205790791428097,0.0077975770313785,0.0018834413633574,0.0023068738878125,-5.652596446470426e-13,0.9999999999724838
174039,GH,0.0492407488391749,0.0384011843157604,0.0492359630891822,0.020579075616955,0.0077975755810866,0.0018834460239076,0.0023068738878125,-3.5264199477191838e-09,0.9999998286404886
174039,FASTCTX,0.0492407488391749,0.0384011843157604,0.0492359630891822,0.0205790838548872,0.0077975776231838,0.0018834417783783,0.0023068738878125,4.711512222033143e-09,1.0000002289466496
174039,ALL_SLOW,0.0492407488391749,0.0384011843157604,0.0492359630891822,0.0205791739538427,0.0077978087349978,0.0018827724612238,0.0023068738878125,9.481046769552193e-08,1.000004607128727
174039,ALL_NONX,0.0492407488391749,0.0384011843157604,0.0492359630891822,0.0205791786662976,0.007797809327764,0.0018827728768473,0.0023068738878125,9.952292262527253e-08,1.000004836121234
174040,X_ONLY,0.2920725284335989,0.3009712519382219,0.2918318488222566,0.0924813018627182,0.0351653309630046,0.0757960906682325,0.0313418866564183,0.0,0.9999999999999892
174040,M,0.2920725284335989,0.3009712519382219,0.2918318488222566,0.0922432074994263,0.0350739367846236,0.0755190922544653,0.0313418866564183,-0.0002380943632919,0.9974254864659416
174040,THETA,0.2920725284335989,0.3009712519382219,0.2918318488222566,0.0924820610157772,0.0351658044854968,0.0757969724952103,0.0313418866564183,7.591530589712292e-07,1.000008208719413
174040,R,0.2920725284335989,0.3009712519382219,0.2918318488222566,0.0924813018627182,0.0351653309630046,0.0757960906682325,0.0313418866564183,0.0,0.9999999999999892
174040,KB,0.2920725284335989,0.3009712519382219,0.2918318488222566,0.0924813027065369,0.035165331314906,0.0757960914676738,0.0313418866564183,8.438186954728977e-10,1.0000000091241978
174040,GH,0.2920725284335989,0.3009712519382219,0.2918318488222566,0.0924791082603368,0.0351642195163236,0.0757953842826348,0.0313418866564183,-2.19360238147559e-06,0.9999762805849584
174040,FASTCTX,0.2920725284335989,0.3009712519382219,0.2918318488222566,0.0924831734953836,0.0351657261925928,0.0757934515631639,0.0313418866564183,1.8716326654066864e-06,1.000020237957584
174040,ALL_SLOW,0.2920725284335989,0.3009712519382219,0.2918318488222566,0.0922416738234964,0.0350732691103274,0.0755191716066825,0.0313418866564183,-0.0002396280392218,0.9974089028333688
174040,ALL_NONX,0.2920725284335989,0.3009712519382219,0.2918318488222566,0.0922436714929021,0.0350736824570752,0.0755166094643534,0.0313418866564183,-0.0002376303698161,0.9974305036258044
174041,X_ONLY,0.1046981642214124,0.1687316114737623,0.1046747683462075,0.0432737202638786,0.018724833370963,0.0176375035326604,0.0064976270675068,0.0,0.9999999999999768
174041,M,0.1046981642214124,0.1687316114737623,0.1046747683462075,0.0432687169202463,0.0187254833816201,0.0176429551507242,0.0064976270675068,-5.003343632271895e-06,0.9998843791658596
174041,THETA,0.1046981642214124,0.1687316114737623,0.1046747683462075,0.0432739309524794,0.0187249628744982,0.0176377886507698,0.0064976270675068,2.1068860080880605e-07,1.000004868742473
174041,R,0.1046981642214124,0.1687316114737623,0.1046747683462075,0.0432737202638786,0.018724833370963,0.0176375035326604,0.0064976270675068,0.0,0.9999999999999768
174041,KB,0.1046981642214124,0.1687316114737623,0.1046747683462075,0.0432737202820021,0.0187248333715611,0.017637503530253,0.0064976270675068,1.8123551270843308e-11,1.0000000004187888
174041,GH,0.1046981642214124,0.1687316114737623,0.1046747683462075,0.0432737044225012,0.0187248261263735,0.0176374756700106,0.0064976270675068,-1.584137735571867e-08,0.9999996339261276
174041,FASTCTX,0.1046981642214124,0.1687316114737623,0.1046747683462075,0.0432737512776469,0.0187248875089921,0.0176376319824576,0.0064976270675068,3.1013768303500555e-08,1.0000007166882603
174041,ALL_SLOW,0.1046981642214124,0.1687316114737623,0.1046747683462075,0.0432689125895686,0.0187256059687748,0.0176432126915491,0.0064976270675068,-4.807674309943721e-06,0.9998889008321534
174041,ALL_NONX,0.1046981642214124,0.1687316114737623,0.1046747683462075,0.0432689401574433,0.018725658427031,0.0176433383235884,0.0064976270675068,-4.780106435273157e-06,0.9998895378902688
174042,X_ONLY,0.0535675010731685,0.0422560159681978,0.0535586116409597,0.0141504287245122,0.0041468079717502,0.0022854177654483,0.0015263611958227,0.0,0.9999999999999294
174042,M,0.0535675010731685,0.0422560159681978,0.0535586116409597,0.0141504385991378,0.0041467929621308,0.0022852884386728,0.0015263611958227,9.874625634537226e-09,1.0000006978321878
174042,THETA,0.0535675010731685,0.0422560159681978,0.0535586116409597,0.0141504275377447,0.0041468061935383,0.0022854167083236,0.0015263611958227,-1.1867674325899411e-09,0.9999999161319806
174042,R,0.0535675010731685,0.0422560159681978,0.0535586116409597,0.0141504287245122,0.0041468079717502,0.0022854177654483,0.0015263611958227,0.0,0.9999999999999294
174042,KB,0.0535675010731685,0.0422560159681978,0.0535586116409597,0.0141504287250348,0.0041468079718942,0.0022854177666953,0.0015263611958227,5.226236110544846e-13,1.0000000000368627
174042,GH,0.0535675010731685,0.0422560159681978,0.0535586116409597,0.0141504280385973,0.0041468080394922,0.0022854178366748,0.0015263611958227,-6.859148683063808e-10,0.9999999515268492
174042,FASTCTX,0.0535675010731685,0.0422560159681978,0.0535586116409597,0.0141504287682211,0.0041468059705966,0.0022854192350148,0.0015263611958227,4.3708885469340146e-11,1.000000003088803
174042,ALL_SLOW,0.0535675010731685,0.0422560159681978,0.0535586116409597,0.0141504367221054,0.004146791248933,0.0022852874585879,0.0015263611958227,7.997593266459435e-09,1.0000005651837427
174042,ALL_NONX,0.0535675010731685,0.0422560159681978,0.0535586116409597,0.0141504367803283,0.0041467892568615,0.0022852889078629,0.0015263611958227,8.055816153040851e-09,1.0000005692983096
174043,X_ONLY,0.0973130479068544,0.5321510608741663,0.0972805662298019,0.0522738444831598,0.0261778259411116,0.051575801349759,0.0046516421139815,0.0,0.9999999999999808
174043,M,0.0973130479068544,0.5321510608741663,0.0972805662298019,0.0522709478648531,0.0261754939497602,0.0515727384827625,0.0046516421139815,-2.8966183067205557e-06,0.9999445876166876
174043,THETA,0.0973130479068544,0.5321510608741663,0.0972805662298019,0.0522737868925661,0.0261777942260998,0.0515757419953307,0.0046516421139815,-5.759059371057696e-08,0.9999988982904304
174043,R,0.0973130479068544,0.5321510608741663,0.0972805662298019,0.0522738444831598,0.0261778259411116,0.051575801349759,0.0046516421139815,0.0,0.9999999999999808
174043,KB,0.0973130479068544,0.5321510608741663,0.0972805662298019,0.0522738445278164,0.026177825959222,0.0515758013897533,0.0046516421139815,4.465653541396719e-11,1.0000000008542616
174043,GH,0.0973130479068544,0.5321510608741663,0.0972805662298019,0.0522739176766742,0.0261778686219062,0.0515758757495879,0.0046516421139815,7.319351431195331e-08,1.000001400193807
174043,FASTCTX,0.0973130479068544,0.5321510608741663,0.0972805662298019,0.0522738287554197,0.0261778143412583,0.0515757844896541,0.0046516421139815,-1.5727740172721827e-08,0.9999996991279037
174043,ALL_SLOW,0.0973130479068544,0.5321510608741663,0.0972805662298019,0.0522709638302802,0.0261755051088992,0.0515727538726166,0.0046516421139815,-2.8806528796290758e-06,0.9999448930357216
174043,ALL_NONX,0.0973130479068544,0.5321510608741663,0.0972805662298019,0.0522709479760058,0.0261754934122859,0.0515727368854832,0.0046516421139815,-2.8965071540848486e-06,0.9999445897430402
174044,X_ONLY,0.0590965915989757,0.5378751716980449,0.0590788558965659,0.0330438436798631,0.0173610526749468,0.0317179099083696,0.0025235886186074,0.0,0.9999999999999698
174044,M,0.0590965915989757,0.5378751716980449,0.0590788558965659,0.0330429275022413,0.0173603829086521,0.031716881811744,0.0025235886186074,-9.161776217611606e-07,0.9999722738785586
174044,THETA,0.0590965915989757,0.5378751716980449,0.0590788558965659,0.0330438510133364,0.0173610587798274,0.031717916891286,0.0025235886186074,7.333473280024538e-09,1.0000002219315751
174044,R,0.0590965915989757,0.5378751716980449,0.0590788558965659,0.0330438436798631,0.0173610526749468,0.0317179099083696,0.0025235886186074,0.0,0.9999999999999698
174044,KB,0.0590965915989757,0.5378751716980449,0.0590788558965659,0.0330438436757946,0.017361052673203,0.0317179099037617,0.0025235886186074,-4.068481662677925e-12,0.999999999876846
174044,GH,0.0590965915989757,0.5378751716980449,0.0590788558965659,0.0330438387363484,0.0173610500273124,0.0317179050936206,0.0025235886186074,-4.943514743394051e-09,0.999999850395257
174044,FASTCTX,0.0590965915989757,0.5378751716980449,0.0590788558965659,0.033043857329869,0.0173610609503021,0.0317179253046595,0.0025235886186074,1.3650005931120646e-08,1.0000004130876865
174044,ALL_SLOW,0.0590965915989757,0.5378751716980449,0.0590788558965659,0.0330429299269826,0.0173603863851369,0.0317168840061356,0.0025235886186074,-9.137528805200356e-07,0.999972347258074
174044,ALL_NONX,0.0590965915989757,0.5378751716980449,0.0590788558965659,0.0330429436383528,0.0173603946935483,0.0317168994759502,0.0025235886186074,-9.000415103002646e-07,0.9999727622028473
174045,X_ONLY,0.0752157794350942,0.5060048711249896,0.0752084215300402,0.0420192410261312,0.0198046176930444,0.0375590928377002,0.0027825491556351,0.0,0.9999999999999762
174045,M,0.0752157794350942,0.5060048711249896,0.0752084215300402,0.0420164821359784,0.0198033836075789,0.0375571426830179,0.0027825491556351,-2.7588901528458054e-06,0.9999343422183156
174045,THETA,0.0752157794350942,0.5060048711249896,0.0752084215300402,0.0420192457499382,0.0198046206233169,0.0375590984642161,0.0027825491556351,4.7238069289523565e-09,1.000000112420068
174045,R,0.0752157794350942,0.5060048711249896,0.0752084215300402,0.0420192410261312,0.0198046176930444,0.0375590928377002,0.0027825491556351,0.0,0.9999999999999762
174045,KB,0.0752157794350942,0.5060048711249896,0.0752084215300402,0.0420192410328841,0.0198046176937173,0.0375590928422054,0.0027825491556351,6.752820524980052e-12,1.000000000160684
174045,GH,0.0752157794350942,0.5060048711249896,0.0752084215300402,0.0420192070551445,0.0198046193670369,0.0375590770397047,0.0027825491556351,-3.39709867180904e-08,0.9999991915373316
174045,FASTCTX,0.0752157794350942,0.5060048711249896,0.0752084215300402,0.0420192350018225,0.0198046159975786,0.0375590878909062,0.0027825491556351,-6.024308746299667e-09,0.9999998566297345
174045,ALL_SLOW,0.0752157794350942,0.5060048711249896,0.0752084215300402,0.0420164528060461,0.0198033881555246,0.0375571324042775,0.0027825491556351,-2.788220085134241e-06,0.9999336442063672
174045,ALL_NONX,0.0752157794350942,0.5060048711249896,0.0752084215300402,0.0420164467779891,0.0198033864330668,0.0375571274245117,0.0027825491556351,-2.7942481421391885e-06,0.999933500746922
174046,X_ONLY,0.0559977868619303,0.0171481507632343,0.0560055977638399,0.0207720634183737,6.729311120361804e-05,0.0009591270621145,0.0057727863125585,0.0,0.999999999999952
174046,M,0.0559977868619303,0.0171481507632343,0.0560055977638399,0.0207707115965545,6.705237392194043e-05,0.0009594565900685,0.0057727863125585,-1.3518218191892195e-06,0.9999349211586273
174046,THETA,0.0559977868619303,0.0171481507632343,0.0560055977638399,0.0207720648359012,6.729898529621099e-05,0.0009591343858459,0.0057727863125585,1.4175274218319878e-09,1.000000068241965
174046,R,0.0559977868619303,0.0171481507632343,0.0560055977638399,0.0207720634183737,6.729311120361804e-05,0.0009591270621145,0.0057727863125585,0.0,0.999999999999952
174046,KB,0.0559977868619303,0.0171481507632343,0.0560055977638399,0.0207720634189893,6.729311155786567e-05,0.0009591270628879,0.0057727863125585,6.155284615338985e-13,1.0000000000295843
174046,GH,0.0559977868619303,0.0171481507632343,0.0560055977638399,0.0207720527950998,6.728985131364016e-05,0.0009591245848692,0.0057727863125585,-1.0623273909854404e-08,0.999999488578737
174046,FASTCTX,0.0559977868619303,0.0171481507632343,0.0560055977638399,0.0207720624086383,6.72935424571815e-05,0.0009591282653593,0.0057727863125585,-1.0097354584404084e-09,0.9999999513896892
174046,ALL_SLOW,0.0559977868619303,0.0171481507632343,0.0560055977638399,0.0207707022772709,6.705494943838213e-05,0.0009594614802306,0.0057727863125585,-1.3611411028152665e-06,0.999934472513568
174046,ALL_NONX,0.0559977868619303,0.0171481507632343,0.0560055977638399,0.0207707012974404,6.705535320980345e-05,0.0009594627599079,0.0057727863125585,-1.3621209332924378e-06,0.9999344253429784
174047,X_ONLY,0.0730765802254413,0.1719968972597295,0.0731424618975219,0.0327735260457616,0.0036023719387549,0.0128350633853086,0.0055195110607557,0.0,0.9999999999999696
174047,M,0.0730765802254413,0.1719968972597295,0.0731424618975219,0.032779197142234,0.0036027006828402,0.0128381367551433,0.0055195110607557,5.671096472439907e-06,1.000173038948068
174047,THETA,0.0730765802254413,0.1719968972597295,0.0731424618975219,0.032773502015175,0.0036023664469936,0.012835107643609,0.0055195110607557,-2.4030586603940307e-08,0.9999992667683189
174047,R,0.0730765802254413,0.1719968972597295,0.0731424618975219,0.0327735260457616,0.0036023719387549,0.0128350633853086,0.0055195110607557,0.0,0.9999999999999696
174047,KB,0.0730765802254413,0.1719968972597295,0.0731424618975219,0.0327735260594033,0.0036023719475268,0.0128350634125552,0.0055195110607557,1.3641691942734012e-11,1.0000000004162106
174047,GH,0.0730765802254413,0.1719968972597295,0.0731424618975219,0.0327734917129073,0.0036023569646678,0.0128350476124932,0.0055195110607557,-3.433285426096555e-08,0.9999989524210726
174047,FASTCTX,0.0730765802254413,0.1719968972597295,0.0731424618975219,0.0327735311826661,0.0036023759183027,0.0128351316133859,0.0055195110607557,5.1369045128701885e-09,1.0000001567394214
174047,ALL_SLOW,0.0730765802254413,0.1719968972597295,0.0731424618975219,0.0327791389317128,0.003602680249582,0.0128381654577555,0.0055195110607557,5.612885951244984e-06,1.0001712628034716
174047,ALL_NONX,0.0730765802254413,0.1719968972597295,0.0731424618975219,0.0327791437740795,0.0036026841828126,0.0128382334585513,0.0055195110607557,5.617728317960924e-06,1.000171410555859
174048,X_ONLY,0.0575035413740846,0.2350982586986291,0.0576160116030729,0.0192957565219105,0.0063482384231303,0.0138358804145624,0.0046380334315133,0.0,0.9999999999999484
174048,M,0.0575035413740846,0.2350982586986291,0.0576160116030729,0.0192972383041629,0.0063491169419802,0.013836637990436,0.0046380334315133,1.481782252475694e-06,1.000076793166922
174048,THETA,0.0575035413740846,0.2350982586986291,0.0576160116030729,0.0192957454501841,0.0063482287988697,0.0138358552604236,0.0046380334315133,-1.1071726396805204e-08,0.9999994262092092
174048,R,0.0575035413740846,0.2350982586986291,0.0576160116030729,0.0192957565219105,0.0063482384231303,0.0138358804145624,0.0046380334315133,0.0,0.9999999999999484
174048,KB,0.0575035413740846,0.2350982586986291,0.0576160116030729,0.0192957565230748,0.0063482384228369,0.0138358804142523,0.0046380334315133,1.1643151720530653e-12,1.0000000000602889
174048,GH,0.0575035413740846,0.2350982586986291,0.0576160116030729,0.0192957672277234,0.0063482456522394,0.0138358862385814,0.0046380334315133,1.070581296183648e-08,1.0000005548272726
174048,FASTCTX,0.0575035413740846,0.2350982586986291,0.0576160116030729,0.0192957537401505,0.006348238013698,0.0138358697021591,0.0046380334315133,-2.781759985553966e-09,0.9999998558356092
174048,ALL_SLOW,0.0575035413740846,0.2350982586986291,0.0576160116030729,0.0192972379168214,0.006349114488976,0.0138366186192134,0.0046380334315133,1.4813949109175606e-06,1.0000767730929978
174048,ALL_NONX,0.0575035413740846,0.2350982586986291,0.0576160116030729,0.0192972350862514,0.0063491140872079,0.0138366078810409,0.0046380334315133,1.4785643409308269e-06,1.000076626399087
174049,X_ONLY,0.2393248261755272,0.2055553982923799,0.245059624511035,0.0721724010697946,0.0045572557510615,0.0646129837219228,0.0694035221071742,0.0,0.999999999999986
174049,M,0.2393248261755272,0.2055553982923799,0.245059624511035,0.0724016855517278,0.0055513816084902,0.0642800068082873,0.0694035221071742,0.0002292844819331,1.0031768997363746
174049,THETA,0.2393248261755272,0.2055553982923799,0.245059624511035,0.0721728222368228,0.0045565498419294,0.0646139061423154,0.0694035221071742,4.211670282389113e-07,1.0000058355690125
174049,R,0.2393248261755272,0.2055553982923799,0.245059624511035,0.0721724010697946,0.0045572557510615,0.0646129837219228,0.0694035221071742,0.0,0.999999999999986
174049,KB,0.2393248261755272,0.2055553982923799,0.245059624511035,0.0721724006997364,0.0045572570922148,0.0646129825566393,0.0694035221071742,-3.7005816466706415e-10,0.9999999948725669
174049,GH,0.2393248261755272,0.2055553982923799,0.245059624511035,0.0721730289186353,0.0045566021545646,0.0646140636997918,0.0694035221071742,6.278488407368554e-07,1.0000086992926718
174049,FASTCTX,0.2393248261755272,0.2055553982923799,0.245059624511035,0.0721843067112529,0.0045572311957487,0.0646244499690599,0.0694035221071742,1.1905641458268e-05,1.000164961138618
174049,ALL_SLOW,0.2393248261755272,0.2055553982923799,0.245059624511035,0.0724027902539017,0.0055501566338596,0.0642820403576465,0.0694035221071742,0.000230389184107,1.0031922061714873
174049,ALL_NONX,0.2393248261755272,0.2055553982923799,0.245059624511035,0.0724153220183089,0.0055502803749634,0.0642940643068183,0.0694035221071742,0.0002429209485143,1.0033658426893457
174050,X_ONLY,0.1342011041679936,0.0044775335906788,0.134018982785243,0.0119892915614669,0.0029514873319389,0.0005716398152901,0.0144083572975614,0.0,0.9999999999999166
174050,M,0.1342011041679936,0.0044775335906788,0.134018982785243,0.0119922550594057,0.0029529286577586,0.0005724465488445,0.0144083572975614,2.963497938764797e-06,1.0002471787363392
174050,THETA,0.1342011041679936,0.0044775335906788,0.134018982785243,0.0119893085225187,0.0029514893596267,0.0005716222180207,0.0144083572975614,1.6961051747116374e-08,1.0000014146833165
174050,R,0.1342011041679936,0.0044775335906788,0.134018982785243,0.0119892915614669,0.0029514873319389,0.0005716398152901,0.0144083572975614,0.0,0.9999999999999166
174050,KB,0.1342011041679936,0.0044775335906788,0.134018982785243,0.0119892915705487,0.0029514873276358,0.0005716398184587,0.0144083572975614,9.08181863046309e-12,1.0000000007574108
174050,GH,0.1342011041679936,0.0044775335906788,0.134018982785243,0.0119892849815391,0.0029514801502975,0.0005716140533277,0.0144083572975614,-6.579927781455441e-09,0.9999994511828536
174050,FASTCTX,0.1342011041679936,0.0044775335906788,0.134018982785243,0.0119893039099795,0.0029515052169422,0.0005715100267856,0.0144083572975614,1.2348512580528936e-08,1.0000010299617386
174050,ALL_SLOW,0.1342011041679936,0.0044775335906788,0.134018982785243,0.0119922654312736,0.002952923504576,0.0005724046425623,0.0144083572975614,2.9738698066345687e-06,1.0002480438306458
174050,ALL_NONX,0.1342011041679936,0.0044775335906788,0.134018982785243,0.0119922778524057,0.002952941595066,0.0005722752812165,0.0144083572975614,2.986290938722727e-06,1.0002490798494983
174051,X_ONLY,0.0588970230122125,0.0738114269990977,0.0589041882495397,0.0158540719926782,0.0009641837780635,0.0042909811062939,0.0071940998342422,0.0,0.9999999999999368
174051,M,0.0588970230122125,0.0738114269990977,0.0589041882495397,0.0158509806493544,0.0009638639318549,0.0042929982204354,0.0071940998342422,-3.091343323845253e-06,0.9998050126600744
174051,THETA,0.0588970230122125,0.0738114269990977,0.0589041882495397,0.0158540579152468,0.0009641848338234,0.0042909882508815,0.0071940998342422,-1.4077431456649414e-08,0.9999991120620328
174051,R,0.0588970230122125,0.0738114269990977,0.0589041882495397,0.0158540719926782,0.0009641837780635,0.0042909811062939,0.0071940998342422,0.0,0.9999999999999368
174051,KB,0.0588970230122125,0.0738114269990977,0.0589041882495397,0.0158540719964346,0.0009641837776193,0.0042909810952909,0.0071940998342422,3.756380623221034e-12,1.0000000002368716
174051,GH,0.0588970230122125,0.0738114269990977,0.0589041882495397,0.0158540876987946,0.000964187984312,0.0042909832235706,0.0071940998342422,1.5706116348462862e-08,1.0000009906675935
174051,FASTCTX,0.0588970230122125,0.0738114269990977,0.0589041882495397,0.0158540252147646,0.0009641759418521,0.0042910087194233,0.0071940998342422,-4.677791358431716e-08,0.9999970494700284
174051,ALL_SLOW,0.0588970230122125,0.0738114269990977,0.0589041882495397,0.0158509824357127,0.0009638692423254,0.0042930073699203,0.0071940998342422,-3.089556965506224e-06,0.9998051253351232
174051,ALL_NONX,0.0588970230122125,0.0738114269990977,0.0589041882495397,0.0158509345600924,0.000963861166067,0.0042930351409237,0.0071940998342422,-3.1374325857695677e-06,0.9998021055670608
174052,X_ONLY,0.0715846931426961,0.3946635541504003,0.0716252397946101,0.0437841528266062,0.0145834306010599,0.0283236947224144,0.0028837744204296,0.0,0.9999999999999772
174052,M,0.0715846931426961,0.3946635541504003,0.0716252397946101,0.0437766068957805,0.0145811211709707,0.0283175793386648,0.0028837744204296,-7.54593082577526e-06,0.9998276561189464
174052,THETA,0.0715846931426961,0.3946635541504003,0.0716252397946101,0.0437841563148928,0.0145834332337261,0.0283237025460095,0.0028837744204296,3.488286555441977e-09,1.000000079670048
174052,R,0.0715846931426961,0.3946635541504003,0.0716252397946101,0.0437841528266062,0.0145834306010599,0.0283236947224144,0.0028837744204296,0.0,0.9999999999999772
174052,KB,0.0715846931426961,0.3946635541504003,0.0716252397946101,0.0437841528031793,0.0145834305923685,0.0283236947090208,0.0028837744204296,-2.3426989514963023e-11,0.9999999994649208
174052,GH,0.0715846931426961,0.3946635541504003,0.0716252397946101,0.0437841444057286,0.0145834303178775,0.0283236920006354,0.0028837744204296,-8.42087759939103e-09,0.9999998076729124
174052,FASTCTX,0.0715846931426961,0.3946635541504003,0.0716252397946101,0.0437841501378588,0.0145834406531645,0.0283237057407449,0.0028837744204296,-2.6887474052772475e-09,0.9999999385908318
174052,ALL_SLOW,0.0715846931426961,0.3946635541504003,0.0716252397946101,0.0437766018388918,0.0145811234847068,0.0283175843706032,0.0028837744204296,-7.550987714412259e-06,0.9998275406230808
174052,ALL_NONX,0.0715846931426961,0.3946635541504003,0.0716252397946101,0.0437765990889814,0.0145811335313012,0.0283175953584395,0.0028837744204296,-7.553737624843571e-06,0.999827477817014
174053,X_ONLY,0.1341854103443604,0.1506072449991407,0.1340134962956024,0.030323477494095,0.0072286017275465,0.01844029896603,0.0127749099519025,0.0,0.999999999999967
174053,M,0.1341854103443604,0.1506072449991407,0.1340134962956024,0.0302615025007331,0.0072144835187585,0.0183799981749668,0.0127749099519025,-6.197499336185047e-05,0.9979562042851148
174053,THETA,0.1341854103443604,0.1506072449991407,0.1340134962956024,0.0303235946938295,0.0072287217980359,0.0184404369340254,0.0127749099519025,1.1719973458737545e-07,1.0000038649832828
174053,R,0.1341854103443604,0.1506072449991407,0.1340134962956024,0.030323477494095,0.0072286017275465,0.01844029896603,0.0127749099519025,0.0,0.999999999999967
174053,KB,0.1341854103443604,0.1506072449991407,0.1340134962956024,0.0303234775030709,0.0072286017369965,0.0184402989801423,0.0127749099519025,8.975917231701658e-12,1.0000000002959726
174053,GH,0.1341854103443604,0.1506072449991407,0.1340134962956024,0.0303237980261579,0.0072286851762344,0.0184405608255423,0.0127749099519025,3.2053206292653735e-07,1.0000105704255715
174053,FASTCTX,0.1341854103443604,0.1506072449991407,0.1340134962956024,0.0303231064364099,0.0072285675279205,0.0184401392118143,0.0127749099519025,-3.710576850189662e-07,0.9999877633531282
174053,ALL_SLOW,0.1341854103443604,0.1506072449991407,0.1340134962956024,0.030261941837523,0.0072146876351248,0.0183803990474171,0.0127749099519025,-6.153565657196491e-05,0.9979706926230693
174053,ALL_NONX,0.1341854103443604,0.1506072449991407,0.1340134962956024,0.0302615677273973,0.0072146519854715,0.0183802367386883,0.0127749099519025,-6.190976669766951e-05,0.9979583553136108
174054,X_ONLY,0.0761912704344585,0.5959164038496627,0.0766511218150997,0.0559383192715342,0.0357816781415011,0.0545777685226165,0.004634278262231,0.0,0.999999999999982
174054,M,0.0761912704344585,0.5959164038496627,0.0766511218150997,0.0560546391498779,0.0358731370977583,0.0546876332390528,0.004634278262231,0.0001163198783436,1.002079431056517
174054,THETA,0.0761912704344585,0.5959164038496627,0.0766511218150997,0.0559384600353291,0.0357817705407171,0.0545778931033477,0.004634278262231,1.4076379484945225e-07,1.0000025164108557
174054,R,0.0761912704344585,0.5959164038496627,0.0766511218150997,0.0559383192715342,0.0357816781415011,0.0545777685226165,0.004634278262231,0.0,0.999999999999982
174054,KB,0.0761912704344585,0.5959164038496627,0.0766511218150997,0.0559383187531508,0.0357816777440601,0.0545777680370617,0.004634278262231,-5.1838345421773e-10,0.9999999907329276
174054,GH,0.0761912704344585,0.5959164038496627,0.0766511218150997,0.0559379510407729,0.0357814337886635,0.0545774041911446,0.004634278262231,-3.682307613758762e-07,0.9999934172001024
174054,FASTCTX,0.0761912704344585,0.5959164038496627,0.0766511218150997,0.0559389092348989,0.0357820720135405,0.0545783578806018,0.004634278262231,5.899633646541669e-07,1.0000105466766134
174054,ALL_SLOW,0.0761912704344585,0.5959164038496627,0.0766511218150997,0.056054411387483,0.0358729848509503,0.0546873931547995,0.004634278262231,0.0001160921159487,1.0020753593861875
174054,ALL_NONX,0.0761912704344585,0.5959164038496627,0.0766511218150997,0.0560550022845128,0.0358733794185155,0.0546879832905166,0.004634278262231,0.0001166830129785,1.0020859227537957
174055,X_ONLY,0.0731375211476036,0.0923216262908934,0.0730815066627306,0.0232837753218477,0.0011802195542978,0.0071279827917779,0.0084448229645637,0.0,0.999999999999957
174055,M,0.0731375211476036,0.0923216262908934,0.0730815066627306,0.0232865108369131,0.0011795614514607,0.00712912257399,0.0084448229645637,2.735515065407229e-06,1.000117485889921
174055,THETA,0.0731375211476036,0.0923216262908934,0.0730815066627306,0.0232837571950607,0.0011802108090658,0.0071279336628708,0.0084448229645637,-1.8126787022787472e-08,0.9999992214841548
174055,R,0.0731375211476036,0.0923216262908934,0.0730815066627306,0.0232837753218477,0.0011802195542978,0.0071279827917779,0.0084448229645637,0.0,0.999999999999957
174055,KB,0.0731375211476036,0.0923216262908934,0.0730815066627306,0.0232837753173158,0.0011802195516915,0.0071279827825947,0.0084448229645637,-4.531850589239994e-12,0.9999999998053216
174055,GH,0.0731375211476036,0.0923216262908934,0.0730815066627306,0.0232837833017809,0.0011802114880461,0.0071279796121445,0.0084448229645637,7.979933186463839e-09,1.0000003427250124
174055,FASTCTX,0.0731375211476036,0.0923216262908934,0.0730815066627306,0.0232837603452381,0.0011802159266934,0.007127996896666,0.0084448229645637,-1.4976609577499467e-08,0.9999993567791148
174055,ALL_SLOW,0.0731375211476036,0.0923216262908934,0.0730815066627306,0.0232865004741719,0.0011795446965424,0.0071290698086211,0.0084448229645637,2.7251523241900166e-06,1.000117040827165
174055,ALL_NONX,0.0731375211476036,0.0923216262908934,0.0730815066627306,0.0232864857170144,0.0011795410604141,0.007129083978781,0.0084448229645637,2.7103951667113717e-06,1.0001164070314306
174056,X_ONLY,0.107748566825611,0.0209924741394106,0.1076772512247841,0.0528730325918205,0.0078466728692162,0.0014057704971559,0.0065170621927449,0.0,0.9999999999999812
174056,M,0.107748566825611,0.0209924741394106,0.1076772512247841,0.0528579339858703,0.0078450139327388,0.0014081165944213,0.0065170621927449,-1.5098605950163158e-05,0.9997144365433372
174056,THETA,0.107748566825611,0.0209924741394106,0.1076772512247841,0.0528730372126854,0.0078466765928692,0.0014057348047062,0.0065170621927449,4.620864940685365e-09,1.0000000873954775
174056,R,0.107748566825611,0.0209924741394106,0.1076772512247841,0.0528730325918205,0.0078466728692162,0.0014057704971559,0.0065170621927449,0.0,0.9999999999999812
174056,KB,0.107748566825611,0.0209924741394106,0.1076772512247841,0.052873032621965,0.0078466728726663,0.0014057703589611,0.0065170621927449,3.0144504947760004e-11,1.000000000570111
174056,GH,0.107748566825611,0.0209924741394106,0.1076772512247841,0.0528730283579738,0.0078466674528191,0.0014057632827082,0.0065170621927449,-4.2338466968439015e-09,0.9999999199242507
174056,FASTCTX,0.107748566825611,0.0209924741394106,0.1076772512247841,0.0528728039499699,0.0078466949907484,0.0014059071994136,0.0065170621927449,-2.286418506192156e-07,0.9999956756433211
174056,ALL_SLOW,0.107748566825611,0.0209924741394106,0.1076772512247841,0.0528579344135713,0.007845012410709,0.0014080731446718,0.0065170621927449,-1.5098178249149665e-05,0.9997144446325464
174056,ALL_NONX,0.107748566825611,0.0209924741394106,0.1076772512247841,0.0528577050167208,0.007845034266624,0.0014082101863841,0.0065170621927449,-1.5327575099727264e-05,0.999710105996396
174057,X_ONLY,0.128728067424062,0.3115470470189597,0.1238602397681495,0.0449043836197339,0.0028332030640812,0.0391895291375982,0.0363373484360017,0.0,0.9999999999999778
174057,M,0.128728067424062,0.3115470470189597,0.1238602397681495,0.0438600101739464,0.0024990067848894,0.0381472488297758,0.0363373484360017,-0.0010443734457874,0.9767422830111072
174057,THETA,0.128728067424062,0.3115470470189597,0.1238602397681495,0.0449048775753443,0.0028330188493992,0.0391895594272577,0.0363373484360017,4.93955610456065e-07,1.000011000164564
174057,R,0.128728067424062,0.3115470470189597,0.1238602397681495,0.0449043836197339,0.0028332030640812,0.0391895291375982,0.0363373484360017,0.0,0.9999999999999778
174057,KB,0.128728067424062,0.3115470470189597,0.1238602397681495,0.044904385393472,0.0028332038874596,0.0391895310911211,0.0363373484360017,1.7737381216575974e-09,1.000000039500311
174057,GH,0.128728067424062,0.3115470470189597,0.1238602397681495,0.0449021118073316,0.0028329201132742,0.0391875186310321,0.0363373484360017,-2.2718124022616526e-06,0.9999494077811534
174057,FASTCTX,0.128728067424062,0.3115470470189597,0.1238602397681495,0.0449057780850367,0.0028342578009181,0.0391913571756348,0.0363373484360017,1.3944653028397092e-06,1.000031054101837
174057,ALL_SLOW,0.128728067424062,0.3115470470189597,0.1238602397681495,0.0438581584803173,0.002498561857677,0.0381452416526565,0.0363373484360017,-0.0010462251394165,0.9767010466444132
174057,ALL_NONX,0.128728067424062,0.3115470470189597,0.1238602397681495,0.0438595143536289,0.0024996031926211,0.0381470357756737,0.0363373484360017,-0.0010448692661049,0.9767312413203512
174058,X_ONLY,0.0734858169074001,0.3863604394614549,0.0735068135590708,0.0301489376046841,0.0074521736444043,0.0281601787276763,0.0039197177415638,0.0,0.9999999999999668
174058,M,0.0734858169074001,0.3863604394614549,0.0735068135590708,0.0301603131260267,0.0074555582840342,0.0281717156453683,0.0039197177415638,1.1375521342626288e-05,1.0003773108522358
174058,THETA,0.0734858169074001,0.3863604394614549,0.0735068135590708,0.0301489172978543,0.0074521720030937,0.0281601589546093,0.0039197177415638,-2.0306829745520005e-08,0.9999993264495416
174058,R,0.0734858169074001,0.3863604394614549,0.0735068135590708,0.0301489376046841,0.0074521736444043,0.0281601787276763,0.0039197177415638,0.0,0.9999999999999668
174058,KB,0.0734858169074001,0.3863604394614549,0.0735068135590708,0.0301489408828686,0.0074521739952403,0.0281601818449489,0.0039197177415638,3.2781845502038998e-09,1.0000001087329708
174058,GH,0.0734858169074001,0.3863604394614549,0.0735068135590708,0.0301490184617724,0.0074521914630243,0.0281602525141775,0.0039197177415638,8.085708839283835e-08,1.0000026819216137
174058,FASTCTX,0.0734858169074001,0.3863604394614549,0.0735068135590708,0.030148988003709,0.0074521882018072,0.0281602201880813,0.0039197177415638,5.0399024918712516e-08,1.0000016716683215
174058,ALL_SLOW,0.0734858169074001,0.3863604394614549,0.0735068135590708,0.0301603730456122,0.0074555743343683,0.0281717690779545,0.0039197177415638,1.1435440928183466e-05,1.0003792983048732
174058,ALL_NONX,0.0734858169074001,0.3863604394614549,0.0735068135590708,0.030160419927908,0.0074555885652503,0.0281718073033344,0.0039197177415638,1.1482323223902665e-05,1.0003808533280163
174059,X_ONLY,0.1185996035357582,0.0176316519048941,0.11857621559418,0.021950716565508,0.0019637481184716,0.0022571968873556,0.0077443769449759,0.0,0.9999999999999544
174059,M,0.1185996035357582,0.0176316519048941,0.11857621559418,0.0219500874069104,0.0019620192296748,0.002256773634716,0.0077443769449759,-6.291585976300751e-07,0.9999713376737952
174059,THETA,0.1185996035357582,0.0176316519048941,0.11857621559418,0.0219507483604382,0.0019637225424806,0.0022571798389695,0.0077443769449759,3.1794930223372215e-08,1.000001448468852
174059,R,0.1185996035357582,0.0176316519048941,0.11857621559418,0.021950716565508,0.0019637481184716,0.0022571968873556,0.0077443769449759,0.0,0.9999999999999544
174059,KB,0.1185996035357582,0.0176316519048941,0.11857621559418,0.0219507165686339,0.0019637481163902,0.0022571968921023,0.0077443769449759,3.125933539793735e-12,1.0000000001423617
174059,GH,0.1185996035357582,0.0176316519048941,0.11857621559418,0.0219507037043279,0.0019637592146443,0.002257224193553,0.0077443769449759,-1.2861180103546088e-08,0.9999994140883254
174059,FASTCTX,0.1185996035357582,0.0176316519048941,0.11857621559418,0.0219506317579247,0.0019637877399653,0.0022570086800118,0.0077443769449759,-8.48075832372841e-08,0.9999961364548632
174059,ALL_SLOW,0.1185996035357582,0.0176316519048941,0.11857621559418,0.0219501066236643,0.0019620044477053,0.0022567831877756,0.0077443769449759,-6.099418436468496e-07,0.9999722131237572
174059,ALL_NONX,0.1185996035357582,0.0176316519048941,0.11857621559418,0.0219500203145695,0.0019620447075201,0.002256594424101,0.0077443769449759,-6.962509385040339e-07,0.9999682811749028
174060,X_ONLY,0.1259946855552542,0.5085167156136545,0.126522853481106,0.0658018939353643,0.0311716943892533,0.0638815784390497,0.0105136821744267,0.0,0.9999999999999848
174060,M,0.1259946855552542,0.5085167156136545,0.126522853481106,0.0658703256971004,0.0312104278538378,0.0639527327454729,0.0105136821744267,6.84317617360708e-05,1.0010399664453775
174060,THETA,0.1259946855552542,0.5085167156136545,0.126522853481106,0.065802087479633,0.0311718283843523,0.0638818374058447,0.0105136821744267,1.9354426873674504e-07,1.0000029413175846
174060,R,0.1259946855552542,0.5085167156136545,0.126522853481106,0.0658018939353643,0.0311716943892533,0.0638815784390497,0.0105136821744267,0.0,0.9999999999999848
174060,KB,0.1259946855552542,0.5085167156136545,0.126522853481106,0.0658018939506062,0.0311716944105252,0.0638815784661028,0.0105136821744267,1.524190496038358e-11,1.000000000231618
174060,GH,0.1259946855552542,0.5085167156136545,0.126522853481106,0.0658008940678338,0.0311713327614503,0.0638806004964843,0.0105136821744267,-9.99867530465659e-07,0.9999848048821748
174060,FASTCTX,0.1259946855552542,0.5085167156136545,0.126522853481106,0.0658024139306496,0.0311719048271346,0.0638820689269489,0.0105136821744267,5.199952853168766e-07,1.000007902436438
174060,ALL_SLOW,0.1259946855552542,0.5085167156136545,0.126522853481106,0.0658695226268101,0.0312102014739235,0.0639520168013861,0.0105136821744267,6.762869144574801e-05,1.001027762081
174060,ALL_NONX,0.1259946855552542,0.5085167156136545,0.126522853481106,0.0658700440383562,0.0312104121922905,0.0639525088205616,0.0105136821744267,6.815010299186797e-05,1.001035686040554
174061,X_ONLY,0.0626470046278831,0.3349938904852677,0.0626396297752179,0.0318016177596097,0.0031198871975631,0.0209331652791197,0.002462951935657,0.0,0.9999999999999686
174061,M,0.0626470046278831,0.3349938904852677,0.0626396297752179,0.0318021613665419,0.0031200444592111,0.0209334305511367,0.002462951935657,5.436069322115045e-07,1.000017093687979
174061,THETA,0.0626470046278831,0.3349938904852677,0.0626396297752179,0.0318016209749764,0.0031198835604457,0.0209331703160744,0.002462951935657,3.2153666951195703e-09,1.0000001011069852
174061,R,0.0626470046278831,0.3349938904852677,0.0626396297752179,0.0318016177596097,0.0031198871975631,0.0209331652791197,0.002462951935657,0.0,0.9999999999999686
174061,KB,0.0626470046278831,0.3349938904852677,0.0626396297752179,0.0318016177529798,0.0031198871898526,0.0209331652823894,0.002462951935657,-6.629856386108912e-12,0.9999999997914932
174061,GH,0.0626470046278831,0.3349938904852677,0.0626396297752179,0.0318016105536601,0.003119892965696,0.020933152761766,0.002462951935657,-7.205949587030247e-09,0.9999997734093076
174061,FASTCTX,0.0626470046278831,0.3349938904852677,0.0626396297752179,0.0318016026028016,0.0031198908750707,0.020933147208524,0.002462951935657,-1.515680810720843e-08,0.9999995233950292
174061,ALL_SLOW,0.0626470046278831,0.3349938904852677,0.0626396297752179,0.0318021573553479,0.0031200465669245,0.0209334230682299,0.002462951935657,5.39595738265064e-07,1.0000169675562214
174061,ALL_NONX,0.0626470046278831,0.3349938904852677,0.0626396297752179,0.0318021422428607,0.0031200502711033,0.0209334050015935,0.002462951935657,5.244832510381547e-07,1.0000164923449493
174062,X_ONLY,0.1692925316469286,0.4194404750662522,0.169849018898283,0.0848175826338504,0.0337068658054979,0.0712884384624977,0.0281623360060124,0.0,0.9999999999999882
174062,M,0.1692925316469286,0.4194404750662522,0.169849018898283,0.0850809530370085,0.0338416127742702,0.071548142824923,0.0281623360060124,0.000263370403158,1.003105139229138
174062,THETA,0.1692925316469286,0.4194404750662522,0.169849018898283,0.0848174815471731,0.0337068069170161,0.0712882683376193,0.0281623360060124,-1.0108667732044997e-07,0.9999988081872274
174062,R,0.1692925316469286,0.4194404750662522,0.169849018898283,0.0848175826338504,0.0337068658054979,0.0712884384624977,0.0281623360060124,0.0,0.9999999999999882
174062,KB,0.1692925316469286,0.4194404750662522,0.169849018898283,0.0848175833295773,0.033706866175732,0.071288439114754,0.0281623360060124,6.957268650076286e-10,1.0000000082026137
174062,GH,0.1692925316469286,0.4194404750662522,0.169849018898283,0.0848177843027267,0.0337069477171996,0.0712886092111627,0.0281623360060124,2.016688762790375e-07,1.0000023776777056
174062,FASTCTX,0.1692925316469286,0.4194404750662522,0.169849018898283,0.0848182258051257,0.0337071588446608,0.0712890618391549,0.0281623360060124,6.43171275210852e-07,1.0000075829946369
174062,ALL_SLOW,0.1692925316469286,0.4194404750662522,0.169849018898283,0.0850810508611095,0.0338416349445545,0.0715481407038806,0.0281623360060124,0.000263468227259,1.0031062925760967
174062,ALL_NONX,0.1692925316469286,0.4194404750662522,0.169849018898283,0.0850816781315461,0.0338419222836515,0.0715487495733028,0.0281623360060124,0.0002640954976956,1.0031136880997271
174063,X_ONLY,0.0657981050410774,0.1332286405667068,0.0657954273381016,0.0236052308085374,0.0055473678182886,0.0087587359848072,0.0055009463490245,0.0,0.9999999999999576
174063,M,0.0657981050410774,0.1332286405667068,0.0657954273381016,0.0236043220826144,0.0055455592296715,0.0087593478244111,0.0055009463490245,-9.087259229267896e-07,0.9999615031968424
174063,THETA,0.0657981050410774,0.1332286405667068,0.0657954273381016,0.0236052305419827,0.0055473665800665,0.00875873641854,0.0055009463490245,-2.6655467069702787e-10,0.9999999887077712
174063,R,0.0657981050410774,0.1332286405667068,0.0657954273381016,0.0236052308085374,0.0055473678182886,0.0087587359848072,0.0055009463490245,0.0,0.9999999999999576
174063,KB,0.0657981050410774,0.1332286405667068,0.0657954273381016,0.0236052308618577,0.0055473678239264,0.00875873602777,0.0055009463490245,5.3320313442295486e-11,1.0000000022587925
174063,GH,0.0657981050410774,0.1332286405667068,0.0657954273381016,0.0236052217121747,0.0055473630984107,0.0087587447455958,0.0055009463490245,-9.096362624944064e-09,0.9999996146462748
174063,FASTCTX,0.0657981050410774,0.1332286405667068,0.0657954273381016,0.0236052237375436,0.0055473718427097,0.0087587112983748,0.0055009463490245,-7.0709937245727605e-09,0.9999997004479736
174063,ALL_SLOW,0.0657981050410774,0.1332286405667068,0.0657954273381016,0.0236043128490234,0.0055455532502092,0.0087593570350313,0.0055009463490245,-9.17959514019906e-07,0.9999611120296824
174063,ALL_NONX,0.0657981050410774,0.1332286405667068,0.0657954273381016,0.0236043060165678,0.0055455572857319,0.0087593324703913,0.0055009463490245,-9.247919696038498e-07,0.999960822583007
