seed,condition,generation,norm_rel_initial,postclosure_align_vA,preclosure_align_vA,generation_gain,gammaA,sigmaA
186000,UNCORRECTED,0,0.999999999999993,0.9999999999999932,0.9999999999999932,,11.359036913567357,0.0880356325636707
186000,STATIC,0,0.999999999999993,0.9999999999999932,0.9999999999999932,,11.359036913567357,0.0880356325636707
186000,WRONG_SEED,0,0.999999999999993,0.9999999999999932,0.9999999999999932,,11.359036913567357,0.0880356325636707
186000,FIXED_DYNAMIC,0,0.999999999999993,0.9999999999999932,0.9999999999999932,,11.359036913567357,0.0880356325636707
186000,UNCORRECTED,1,1.0271927137526764,0.1312535726713753,0.1312535726713753,1.0271927137526764,11.359036913567357,0.0880356325636707
186000,STATIC,1,1.0271927137526764,0.6467370735708032,0.1312535726713753,1.0271927137526764,11.359036913567357,0.0880356325636707
186000,WRONG_SEED,1,1.0271927137526764,0.113931253754328,0.1312535726713753,1.0271927137526764,11.359036913567357,0.0880356325636707
186000,FIXED_DYNAMIC,1,1.0271927137526764,0.9996987286839903,0.1312535726713753,1.0271927137526764,11.359036913567357,0.0880356325636707
186000,UNCORRECTED,2,0.313711091836478,0.4005295639468397,0.4005295639468397,0.3054062666492103,11.359036913567357,0.0880356325636707
186000,STATIC,2,0.6981819848952111,0.5187872566885455,0.1470528363223153,0.6796991212530271,11.359036913567357,0.0880356325636707
186000,WRONG_SEED,2,0.2069691523387748,0.0894588454848104,0.1144613528701691,0.2014900899974711,11.359036913567357,0.0880356325636707
186000,FIXED_DYNAMIC,2,1.0513819653514591,0.9995530800013284,0.1312454026048152,1.023548893284498,11.359036913567357,0.0880356325636707
186000,UNCORRECTED,3,0.1408425305622517,0.0180497774521427,0.0180497774521427,0.4489561709079218,11.359036913567357,0.0880356325636707
186000,STATIC,3,0.391967053953965,0.4245368731551462,0.1585348408136568,0.561411010931184,11.359036913567357,0.0880356325636707
186000,WRONG_SEED,3,0.045605936598928,0.1440542525893894,0.2266217706350795,0.2203513716105722,11.359036913567357,0.0880356325636707
186000,FIXED_DYNAMIC,3,1.062519829378176,0.9997050296943008,0.1290744987051475,1.010593546773447,11.359036913567357,0.0880356325636707
186000,UNCORRECTED,4,0.0359664199758832,0.6226237743215881,0.6226237743215881,0.2553661868492518,11.359036913567357,0.0880356325636707
186000,STATIC,4,0.1902960087339263,0.3444625107062829,0.1689108101718539,0.4854898053658165,11.359036913567357,0.0880356325636707
186000,WRONG_SEED,4,0.0103757683699054,0.0025122033681409,0.3166425006393958,0.2275091609487474,11.359036913567357,0.0880356325636707
186000,FIXED_DYNAMIC,4,1.0833349394622047,0.9996379584820728,0.1275871264206941,1.0195903262306203,11.359036913567357,0.0880356325636707
186001,UNCORRECTED,0,0.9999999999999796,0.9999999999999796,0.9999999999999796,,16.939799438480573,0.0590325761312365
186001,STATIC,0,0.9999999999999796,0.9999999999999796,0.9999999999999796,,16.939799438480573,0.0590325761312365
186001,WRONG_SEED,0,0.9999999999999796,0.9999999999999796,0.9999999999999796,,16.939799438480573,0.0590325761312365
186001,FIXED_DYNAMIC,0,0.9999999999999796,0.9999999999999796,0.9999999999999796,,16.939799438480573,0.0590325761312365
186001,UNCORRECTED,1,0.9991676156267216,0.1817458566196882,0.1817458566196882,0.9991676156267216,16.939799438480573,0.0590325761312365
186001,STATIC,1,0.999167615626722,0.7004548383104526,0.1817458566196882,0.999167615626722,16.939799438480573,0.0590325761312365
186001,WRONG_SEED,1,0.9991676156267216,0.1596040547600361,0.1817458566196882,0.9991676156267216,16.939799438480573,0.0590325761312365
186001,FIXED_DYNAMIC,1,0.9991676156267216,0.9999827824552232,0.1817458566196882,0.9991676156267216,16.939799438480573,0.0590325761312365
186001,UNCORRECTED,2,0.2471666897621064,0.236567378525411,0.236567378525411,0.2473725988477595,16.939799438480573,0.0590325761312365
186001,STATIC,2,0.7043472191163576,0.6548384914756029,0.1958864274914212,0.7049339951581052,16.939799438480573,0.0590325761312365
186001,WRONG_SEED,2,0.1966433046010225,0.0965401187419261,0.0018484774291269,0.1968071237753989,16.939799438480573,0.0590325761312365
186001,FIXED_DYNAMIC,2,0.9878569999121782,0.9999733377070276,0.1821543439337711,0.9886799616624192,16.939799438480573,0.0590325761312365
186001,UNCORRECTED,3,0.0685415117872815,0.2806307077286131,0.2806307077286131,0.2773088552233548,16.939799438480573,0.0590325761312365
186001,STATIC,3,0.4724927907221473,0.63157471081185,0.1997938722105876,0.6708236760200486,16.939799438480573,0.0590325761312365
186001,WRONG_SEED,3,0.0308417011553753,0.0965763300400811,0.0443080728266069,0.1568408404138045,16.939799438480573,0.0590325761312365
186001,FIXED_DYNAMIC,3,0.9821495932979148,0.9999430724605392,0.1860174200406978,0.9942224364307878,16.939799438480573,0.0590325761312365
186001,UNCORRECTED,4,0.0207610519398911,0.2450893622938038,0.2450893622938038,0.3028974908565886,16.939799438480573,0.0590325761312365
186001,STATIC,4,0.3091173213772135,0.617204801652002,0.1969404502131586,0.6542265351916842,16.939799438480573,0.0590325761312365
186001,WRONG_SEED,4,0.0045519422172493,0.1023614982189897,0.0215015126073112,0.1475905039840182,16.939799438480573,0.0590325761312365
186001,FIXED_DYNAMIC,4,0.9795739914915924,0.9999410679061688,0.1854581430246143,0.9973775870560668,16.939799438480573,0.0590325761312365
186002,UNCORRECTED,0,0.9999999999999803,0.9999999999999802,0.9999999999999802,,10.783892175059057,0.0927308975058917
186002,STATIC,0,0.9999999999999803,0.9999999999999802,0.9999999999999802,,10.783892175059057,0.0927308975058917
186002,WRONG_SEED,0,0.9999999999999803,0.9999999999999802,0.9999999999999802,,10.783892175059057,0.0927308975058917
186002,FIXED_DYNAMIC,0,0.9999999999999803,0.9999999999999802,0.9999999999999802,,10.783892175059057,0.0927308975058917
186002,UNCORRECTED,1,1.044967344666215,0.1874847088350443,0.1874847088350443,1.044967344666215,10.783892175059057,0.0927308975058917
186002,STATIC,1,1.044967344666215,0.6510696313786409,0.1874847088350443,1.044967344666215,10.783892175059057,0.0927308975058917
186002,WRONG_SEED,1,1.044967344666215,0.1873854245544418,0.1874847088350443,1.044967344666215,10.783892175059057,0.0927308975058917
186002,FIXED_DYNAMIC,1,1.044967344666215,0.999735157974088,0.1874847088350443,1.044967344666215,10.783892175059057,0.0927308975058917
186002,UNCORRECTED,2,0.317191818312497,0.3263190338515601,0.3263190338515601,0.3035423259219731,10.783892175059057,0.0927308975058917
186002,STATIC,2,0.7143124415763573,0.6275369012558145,0.1054285802899015,0.6835739367573354,10.783892175059057,0.0927308975058917
186002,WRONG_SEED,2,0.2520067951526679,0.2386640429883316,0.2184787570660143,0.2411623640097189,10.783892175059057,0.0927308975058917
186002,FIXED_DYNAMIC,2,1.104910026266203,0.9987380432884648,0.1999684418585992,1.0573632103490416,10.783892175059057,0.0927308975058917
186002,UNCORRECTED,3,0.1381792159422023,0.4175560745104926,0.4175560745104926,0.4356329765292364,10.783892175059057,0.0927308975058917
186002,STATIC,3,0.4746547668579564,0.6129990667013236,0.063597087562306,0.664491809509109,10.783892175059057,0.0927308975058917
186002,WRONG_SEED,3,0.0734412974538634,0.2023422384444644,0.0934304638569008,0.2914258617882362,10.783892175059057,0.0927308975058917
186002,FIXED_DYNAMIC,3,1.1621964116171253,0.9981109570097444,0.2030032512940856,1.0518471042791493,10.783892175059057,0.0927308975058917
186002,UNCORRECTED,4,0.0616773415021361,0.0741688516998786,0.0741688516998786,0.4463575877281415,10.783892175059057,0.0927308975058917
186002,STATIC,4,0.306161540408723,0.6039103553081018,0.0424921229188774,0.6450194157648296,10.783892175059057,0.0927308975058917
186002,WRONG_SEED,4,0.0193350743519793,0.2352600925458063,0.1653553648495498,0.2632725050115122,10.783892175059057,0.0927308975058917
186002,FIXED_DYNAMIC,4,1.1917515801290752,0.9981944897368308,0.2101535473708695,1.025430442063408,10.783892175059057,0.0927308975058917
186003,UNCORRECTED,0,0.9999999999999778,0.999999999999978,0.999999999999978,,16.09898720817594,0.0621157087131623
186003,STATIC,0,0.9999999999999778,0.999999999999978,0.999999999999978,,16.09898720817594,0.0621157087131623
186003,WRONG_SEED,0,0.9999999999999778,0.999999999999978,0.999999999999978,,16.09898720817594,0.0621157087131623
186003,FIXED_DYNAMIC,0,0.9999999999999778,0.999999999999978,0.999999999999978,,16.09898720817594,0.0621157087131623
186003,UNCORRECTED,1,1.0026478537579375,0.0731706544215872,0.0731706544215872,1.0026478537579375,16.09898720817594,0.0621157087131623
186003,STATIC,1,1.0026478537579375,0.6386561407160387,0.0731706544215872,1.0026478537579375,16.09898720817594,0.0621157087131623
186003,WRONG_SEED,1,1.0026478537579375,0.3280600186526182,0.0731706544215872,1.0026478537579375,16.09898720817594,0.0621157087131623
186003,FIXED_DYNAMIC,1,1.002647853757938,0.9999963890871582,0.0731706544215872,1.002647853757938,16.09898720817594,0.0621157087131623
186003,UNCORRECTED,2,0.2807741462972785,0.3371377254871714,0.3371377254871714,0.2800326607641226,16.09898720817594,0.0621157087131623
186003,STATIC,2,0.656731770754697,0.5589254234170506,0.0632824470791215,0.6549974333393752,16.09898720817594,0.0621157087131623
186003,WRONG_SEED,2,0.3645551246058179,0.2338465964171758,0.0268055191019517,0.3635923851424528,16.09898720817594,0.0621157087131623
186003,FIXED_DYNAMIC,2,1.0096769082213126,0.9999869285352172,0.0728851388472413,1.0070104917065423,16.09898720817594,0.0621157087131623
186003,UNCORRECTED,3,0.1161015855006708,0.1409825291434235,0.1409825291434235,0.4135052569182614,16.09898720817594,0.0621157087131623
186003,STATIC,3,0.3880335891553472,0.509030160369953,0.0567472358694247,0.5908555158058171,16.09898720817594,0.0621157087131623
186003,WRONG_SEED,3,0.104374060004313,0.2157003997840081,0.056793786204985,0.2863052881705149,16.09898720817594,0.0621157087131623
186003,FIXED_DYNAMIC,3,1.0120410818900722,0.9999872839362264,0.0722801526639103,1.0023415150425716,16.09898720817594,0.0621157087131623
186003,UNCORRECTED,4,0.0297968686502619,0.324128795910667,0.324128795910667,0.2566448039599265,16.09898720817594,0.0621157087131623
186003,STATIC,4,0.2142126939343333,0.474095910493375,0.0511291246054829,0.5520467813124346,16.09898720817594,0.0621157087131623
186003,WRONG_SEED,4,0.0280928686389337,0.2061219402991559,0.0627039572008827,0.2691556564702657,16.09898720817594,0.0621157087131623
186003,FIXED_DYNAMIC,4,1.0026693413959995,0.9999514075461392,0.072794287190024,0.990739762780586,16.09898720817594,0.0621157087131623
186004,UNCORRECTED,0,0.9999999999999908,0.9999999999999908,0.9999999999999908,,9.121848890705978,0.1096268982288081
186004,STATIC,0,0.9999999999999908,0.9999999999999908,0.9999999999999908,,9.121848890705978,0.1096268982288081
186004,WRONG_SEED,0,0.9999999999999908,0.9999999999999908,0.9999999999999908,,9.121848890705978,0.1096268982288081
186004,FIXED_DYNAMIC,0,0.9999999999999908,0.9999999999999908,0.9999999999999908,,9.121848890705978,0.1096268982288081
186004,UNCORRECTED,1,0.9721829335933408,0.0733852201930609,0.0733852201930609,0.9721829335933408,9.121848890705978,0.1096268982288081
186004,STATIC,1,0.9721829335933408,0.6751161089100137,0.0733852201930609,0.9721829335933408,9.121848890705978,0.1096268982288081
186004,WRONG_SEED,1,0.9721829335933408,0.0838962394392739,0.0733852201930609,0.9721829335933408,9.121848890705978,0.1096268982288081
186004,FIXED_DYNAMIC,1,0.9721829335933408,0.99943948779449,0.0733852201930609,0.9721829335933408,9.121848890705978,0.1096268982288081
186004,UNCORRECTED,2,0.1968934104565268,0.5997530609807428,0.5997530609807428,0.2025271208256824,9.121848890705978,0.1096268982288081
186004,STATIC,2,0.6859821892990816,0.6375325689808296,0.1382480079246703,0.7056101949491925,9.121848890705978,0.1096268982288081
186004,WRONG_SEED,2,0.1680423373032737,0.1322579817346937,0.3397992186412266,0.1728505320312106,9.121848890705978,0.1096268982288081
186004,FIXED_DYNAMIC,2,1.0116506235414509,0.9986361102368068,0.0860134195012055,1.040596978803384,9.121848890705978,0.1096268982288081
186004,UNCORRECTED,3,0.142574162775796,0.4185862766062904,0.4185862766062904,0.7241185088175878,9.121848890705978,0.1096268982288081
186004,STATIC,3,0.46928211083292,0.6201845631467795,0.1807013983155364,0.6841024711041168,9.121848890705978,0.1096268982288081
186004,WRONG_SEED,3,0.0298109970915426,0.1048821486181806,0.1471786055056265,0.1774017046533917,9.121848890705978,0.1096268982288081
186004,FIXED_DYNAMIC,3,1.0774815012513332,0.9975976483059324,0.0988021058488959,1.0650727397166235,9.121848890705978,0.1096268982288081
186004,UNCORRECTED,4,0.0739249757195455,0.4561684209118349,0.4561684209118349,0.5185019100255285,9.121848890705978,0.1096268982288081
186004,STATIC,4,0.3149333993898049,0.610390304661274,0.206216811487599,0.6710961106760057,9.121848890705978,0.1096268982288081
186004,WRONG_SEED,4,0.0053683779589383,0.0775883239132099,0.2586402588945904,0.1800804562977768,9.121848890705978,0.1096268982288081
186004,FIXED_DYNAMIC,4,1.1485126850653236,0.996508899654487,0.1110029618046817,1.065923344142325,9.121848890705978,0.1096268982288081
186005,UNCORRECTED,0,0.9999999999999885,0.9999999999999885,0.9999999999999885,,13.069897052957534,0.0765116967599757
186005,STATIC,0,0.9999999999999885,0.9999999999999885,0.9999999999999885,,13.069897052957534,0.0765116967599757
186005,WRONG_SEED,0,0.9999999999999885,0.9999999999999885,0.9999999999999885,,13.069897052957534,0.0765116967599757
186005,FIXED_DYNAMIC,0,0.9999999999999885,0.9999999999999885,0.9999999999999885,,13.069897052957534,0.0765116967599757
186005,UNCORRECTED,1,0.959130940330024,0.1516795099958412,0.1516795099958412,0.959130940330024,13.069897052957534,0.0765116967599757
186005,STATIC,1,0.959130940330024,0.6375372424332869,0.1516795099958412,0.959130940330024,13.069897052957534,0.0765116967599757
186005,WRONG_SEED,1,0.959130940330024,0.0374370745024593,0.1516795099958412,0.959130940330024,13.069897052957534,0.0765116967599757
186005,FIXED_DYNAMIC,1,0.959130940330024,0.9997144803407616,0.1516795099958412,0.959130940330024,13.069897052957534,0.0765116967599757
186005,UNCORRECTED,2,0.2773073344326146,0.3650613319439227,0.3650613319439227,0.2891235417107841,13.069897052957534,0.0765116967599757
186005,STATIC,2,0.6666429152268207,0.4896308002861569,0.130070342667855,0.6950489106288552,13.069897052957534,0.0765116967599757
186005,WRONG_SEED,2,0.1635056716407869,0.1985695363839684,0.4448488457647007,0.1704727318926077,13.069897052957534,0.0765116967599757
186005,FIXED_DYNAMIC,2,0.92989836628076,0.9996686842451928,0.156930010734355,0.9695218110269528,13.069897052957534,0.0765116967599757
186005,UNCORRECTED,3,0.1394868531990059,0.277484954783518,0.277484954783518,0.5030045580453093,13.069897052957534,0.0765116967599757
186005,STATIC,3,0.4594662853023788,0.3700586111275672,0.0880949912916513,0.6892239830465168,13.069897052957534,0.0765116967599757
186005,WRONG_SEED,3,0.0359035136860199,0.1467239819183769,0.0684917538486523,0.2195857386824811,13.069897052957534,0.0765116967599757
186005,FIXED_DYNAMIC,3,0.9297931880436722,0.9997932506554588,0.1521944604791375,0.9998868927606356,13.069897052957534,0.0765116967599757
186005,UNCORRECTED,4,0.0569962652832361,0.1916764667073423,0.1916764667073423,0.4086138870873717,13.069897052957534,0.0765116967599757
186005,STATIC,4,0.2911374065504409,0.3026090988696679,0.0755563069535193,0.6336425889417185,13.069897052957534,0.0765116967599757
186005,WRONG_SEED,4,0.0082943541038583,0.1193927821684059,0.2731648568613739,0.2310178935797387,13.069897052957534,0.0765116967599757
186005,FIXED_DYNAMIC,4,0.9396444263142424,0.9999149310355326,0.1592786412940999,1.0105950854418346,13.069897052957534,0.0765116967599757
186006,UNCORRECTED,0,0.99999999999998,0.99999999999998,0.99999999999998,,8.832671895609117,0.1132160247565755
186006,STATIC,0,0.99999999999998,0.99999999999998,0.99999999999998,,8.832671895609117,0.1132160247565755
186006,WRONG_SEED,0,0.99999999999998,0.99999999999998,0.99999999999998,,8.832671895609117,0.1132160247565755
186006,FIXED_DYNAMIC,0,0.99999999999998,0.99999999999998,0.99999999999998,,8.832671895609117,0.1132160247565755
186006,UNCORRECTED,1,0.9902355953035522,0.4232825366343344,0.4232825366343344,0.9902355953035522,8.832671895609117,0.1132160247565755
186006,STATIC,1,0.9902355953035522,0.5177776481363611,0.4232825366343344,0.9902355953035522,8.832671895609117,0.1132160247565755
186006,WRONG_SEED,1,0.9902355953035524,0.0929106719388864,0.4232825366343344,0.9902355953035524,8.832671895609117,0.1132160247565755
186006,FIXED_DYNAMIC,1,0.9902355953035522,0.9999904806911752,0.4232825366343344,0.9902355953035522,8.832671895609117,0.1132160247565755
186006,UNCORRECTED,2,0.4589924366375443,0.3008878497252417,0.3008878497252417,0.463518418055688,8.832671895609117,0.1132160247565755
186006,STATIC,2,0.5140591357268611,0.4473358846949724,0.4110195075458774,0.5191281127086411,8.832671895609117,0.1132160247565755
186006,WRONG_SEED,2,0.1583673368342604,0.2786360789937183,0.3907511275971502,0.1599289478032855,8.832671895609117,0.1132160247565755
186006,FIXED_DYNAMIC,2,0.973725622567292,0.9999284234809414,0.4228235183009813,0.9833272275662654,8.832671895609117,0.1132160247565755
186006,UNCORRECTED,3,0.1453152968111634,0.2940470506834538,0.2940470506834538,0.3165962774369399,8.832671895609117,0.1132160247565755
186006,STATIC,3,0.2440200031779569,0.3603310257182436,0.3692650714186952,0.4746924745008411,8.832671895609117,0.1132160247565755
186006,WRONG_SEED,3,0.0495567861997626,0.1422591463353776,0.3675442942146979,0.3129230256086212,8.832671895609117,0.1132160247565755
186006,FIXED_DYNAMIC,3,0.9279715873429928,0.999787025254396,0.4213034983924803,0.9530113677160053,8.832671895609117,0.1132160247565755
186006,UNCORRECTED,4,0.0453607592924628,0.2800518719360397,0.2800518719360397,0.3121540559587663,8.832671895609117,0.1132160247565755
186006,STATIC,4,0.1122144641360599,0.2359935877280808,0.281862392497674,0.4598576455808661,8.832671895609117,0.1132160247565755
186006,WRONG_SEED,4,0.00876055313849,0.2482425231858505,0.4513365554348306,0.1767780723950271,8.832671895609117,0.1132160247565755
186006,FIXED_DYNAMIC,4,0.8882106189063417,0.9998081068558748,0.4223496357237646,0.9571528169838524,8.832671895609117,0.1132160247565755
186007,UNCORRECTED,0,0.9999999999999876,0.9999999999999876,0.9999999999999876,,17.243172358145557,0.0579939688144211
186007,STATIC,0,0.9999999999999876,0.9999999999999876,0.9999999999999876,,17.243172358145557,0.0579939688144211
186007,WRONG_SEED,0,0.9999999999999876,0.9999999999999876,0.9999999999999876,,17.243172358145557,0.0579939688144211
186007,FIXED_DYNAMIC,0,0.9999999999999876,0.9999999999999876,0.9999999999999876,,17.243172358145557,0.0579939688144211
186007,UNCORRECTED,1,1.0061131823996774,0.3356709501317458,0.3356709501317458,1.0061131823996774,17.243172358145557,0.0579939688144211
186007,STATIC,1,1.0061131823996776,0.5007352436175413,0.3356709501317458,1.0061131823996776,17.243172358145557,0.0579939688144211
186007,WRONG_SEED,1,1.0061131823996772,0.111652528002953,0.3356709501317458,1.0061131823996772,17.243172358145557,0.0579939688144211
186007,FIXED_DYNAMIC,1,1.0061131823996776,0.9999569209106332,0.3356709501317458,1.0061131823996776,17.243172358145557,0.0579939688144211
186007,UNCORRECTED,2,0.4054030419155847,0.1546538391060779,0.1546538391060779,0.4029397974377536,17.243172358145557,0.0579939688144211
186007,STATIC,2,0.5118460466061154,0.4720095969279695,0.3748004187161552,0.5087360503371069,17.243172358145557,0.0579939688144211
186007,WRONG_SEED,2,0.2202438547265835,0.1238280834434377,0.2761308113337258,0.2189056445928656,17.243172358145557,0.0579939688144211
186007,FIXED_DYNAMIC,2,1.002628399015775,0.9999376596772278,0.3378912416979355,0.9965363902939792,17.243172358145557,0.0579939688144211
186007,UNCORRECTED,3,0.1039623761153583,0.1004061751936915,0.1004061751936915,0.2564420227932151,17.243172358145557,0.0579939688144211
186007,STATIC,3,0.251930301551009,0.4427347168402601,0.3899384331774667,0.4921993697547742,17.243172358145557,0.0579939688144211
186007,WRONG_SEED,3,0.041555115587896,0.0647608382621518,0.2109689952270577,0.1886777528457321,17.243172358145557,0.0579939688144211
186007,FIXED_DYNAMIC,3,1.0165134767380593,0.999889364910668,0.338728369820389,1.013848677870986,17.243172358145557,0.0579939688144211
186007,UNCORRECTED,4,0.0198231062484301,0.1313336819663523,0.1313336819663523,0.1906757712658636,17.243172358145557,0.0579939688144211
186007,STATIC,4,0.1197630183854779,0.4179520233237513,0.3918423112697111,0.4753815545337378,17.243172358145557,0.0579939688144211
186007,WRONG_SEED,4,0.0069645058788911,0.0448932682499478,0.076812583062166,0.1675968356809885,17.243172358145557,0.0579939688144211
186007,FIXED_DYNAMIC,4,1.0263246882124732,0.9999173442712193,0.3366545390907803,1.00965182626588,17.243172358145557,0.0579939688144211
186008,UNCORRECTED,0,0.9999999999999808,0.9999999999999808,0.9999999999999808,,14.898387897436685,0.0671213561416291
186008,STATIC,0,0.9999999999999808,0.9999999999999808,0.9999999999999808,,14.898387897436685,0.0671213561416291
186008,WRONG_SEED,0,0.9999999999999808,0.9999999999999808,0.9999999999999808,,14.898387897436685,0.0671213561416291
186008,FIXED_DYNAMIC,0,0.9999999999999808,0.9999999999999808,0.9999999999999808,,14.898387897436685,0.0671213561416291
186008,UNCORRECTED,1,0.9837501653915812,0.2149568697054434,0.2149568697054434,0.9837501653915812,14.898387897436685,0.0671213561416291
186008,STATIC,1,0.9837501653915814,0.6917491844986174,0.2149568697054434,0.9837501653915814,14.898387897436685,0.0671213561416291
186008,WRONG_SEED,1,0.9837501653915812,0.1812970124059918,0.2149568697054434,0.9837501653915812,14.898387897436685,0.0671213561416291
186008,FIXED_DYNAMIC,1,0.9837501653915814,0.9999827802755128,0.2149568697054434,0.9837501653915814,14.898387897436685,0.0671213561416291
186008,UNCORRECTED,2,0.3261266695790306,0.2970659075514986,0.2970659075514986,0.3315137125788535,14.898387897436685,0.0671213561416291
186008,STATIC,2,0.6971322030780269,0.6683551540340308,0.2116595737215044,0.7086476095285027,14.898387897436685,0.0671213561416291
186008,WRONG_SEED,2,0.2413536759137027,0.0628515277162812,0.2456716153781421,0.2453404171145702,14.898387897436685,0.0671213561416291
186008,FIXED_DYNAMIC,2,1.0004609334716923,0.9999085749734856,0.2146210189361315,1.0169868007833471,14.898387897436685,0.0671213561416291
186008,UNCORRECTED,3,0.111231185234994,0.1817625949257486,0.1817625949257486,0.3410674305740359,14.898387897436685,0.0671213561416291
186008,STATIC,3,0.4726732317817306,0.6557040453098928,0.2084339467671616,0.6780252435545764,14.898387897436685,0.0671213561416291
186008,WRONG_SEED,3,0.0477957657725945,0.0477437112209283,0.0118802716665646,0.1980320605917782,14.898387897436685,0.0671213561416291
186008,FIXED_DYNAMIC,3,1.010934958926276,0.9999518593757384,0.213907053375683,1.010469199849931,14.898387897436685,0.0671213561416291
186008,UNCORRECTED,4,0.0326712766748183,0.2594654011942862,0.2594654011942862,0.2937240721276982,14.898387897436685,0.0671213561416291
186008,STATIC,4,0.3175820677835425,0.6512813180771604,0.2086995252589845,0.6718850284506519,14.898387897436685,0.0671213561416291
186008,WRONG_SEED,4,0.0097767421663917,0.0425941821601333,0.0667483026602289,0.2045524746460627,14.898387897436685,0.0671213561416291
186008,FIXED_DYNAMIC,4,1.0261237250036932,0.999942818423536,0.2139721891936938,1.0150244740705474,14.898387897436685,0.0671213561416291
186009,UNCORRECTED,0,0.9999999999999842,0.999999999999984,0.999999999999984,,6.677195403095146,0.1497634769736487
186009,STATIC,0,0.9999999999999842,0.999999999999984,0.999999999999984,,6.677195403095146,0.1497634769736487
186009,WRONG_SEED,0,0.9999999999999842,0.999999999999984,0.999999999999984,,6.677195403095146,0.1497634769736487
186009,FIXED_DYNAMIC,0,0.9999999999999842,0.999999999999984,0.999999999999984,,6.677195403095146,0.1497634769736487
186009,UNCORRECTED,1,0.8387637294762226,0.2876798701564218,0.2876798701564218,0.8387637294762226,6.677195403095146,0.1497634769736487
186009,STATIC,1,0.8387637294762225,0.6697468949098708,0.2876798701564218,0.8387637294762225,6.677195403095146,0.1497634769736487
186009,WRONG_SEED,1,0.8387637294762226,0.0904907674414297,0.2876798701564218,0.8387637294762226,6.677195403095146,0.1497634769736487
186009,FIXED_DYNAMIC,1,0.8387637294762225,0.997029866721691,0.2876798701564218,0.8387637294762225,6.677195403095146,0.1497634769736487
186009,UNCORRECTED,2,0.2242856265840266,0.3743199718154206,0.3743199718154206,0.26740024479132,6.677195403095146,0.1497634769736487
186009,STATIC,2,0.4749696672284822,0.6281973837619319,0.2546225033413706,0.5662734934009064,6.677195403095146,0.1497634769736487
186009,WRONG_SEED,2,0.142128810928649,0.0816128611260268,0.0813323253565128,0.1694503540554867,6.677195403095146,0.1497634769736487
186009,FIXED_DYNAMIC,2,0.6895369299003398,0.9946940016617336,0.2930551041122498,0.822087204856745,6.677195403095146,0.1497634769736487
186009,UNCORRECTED,3,0.0712016633624595,0.3703431226752603,0.3703431226752603,0.3174597697003086,6.677195403095146,0.1497634769736487
186009,STATIC,3,0.2456414287653768,0.6320687969945179,0.2653793759263201,0.5171728758990495,6.677195403095146,0.1497634769736487
186009,WRONG_SEED,3,0.0212353038984184,0.2141926441508866,0.0912759740287489,0.1494088620010796,6.677195403095146,0.1497634769736487
186009,FIXED_DYNAMIC,3,0.5428264498154021,0.9913332116746052,0.3027941716639952,0.7872333246804425,6.677195403095146,0.1497634769736487
186009,UNCORRECTED,4,0.0237439519859939,0.3657735188256485,0.3657735188256485,0.3334746811337488,6.677195403095146,0.1497634769736487
186009,STATIC,4,0.1357100153755059,0.6317799565786508,0.2647868361659722,0.5524720160503545,6.677195403095146,0.1497634769736487
186009,WRONG_SEED,4,0.0043788369423213,0.2120266443309963,0.3344915458302026,0.2062055228060208,6.677195403095146,0.1497634769736487
186009,FIXED_DYNAMIC,4,0.4497192917672364,0.9929230556702664,0.2921467360880623,0.828477116249878,6.677195403095146,0.1497634769736487
186010,UNCORRECTED,0,0.999999999999988,0.999999999999988,0.999999999999988,,11.180435933366882,0.0894419507396478
186010,STATIC,0,0.999999999999988,0.999999999999988,0.999999999999988,,11.180435933366882,0.0894419507396478
186010,WRONG_SEED,0,0.999999999999988,0.999999999999988,0.999999999999988,,11.180435933366882,0.0894419507396478
186010,FIXED_DYNAMIC,0,0.999999999999988,0.999999999999988,0.999999999999988,,11.180435933366882,0.0894419507396478
186010,UNCORRECTED,1,0.9987416510523756,0.0156142288847386,0.0156142288847386,0.9987416510523756,11.180435933366882,0.0894419507396478
186010,STATIC,1,0.9987416510523756,0.3796678427243684,0.0156142288847386,0.9987416510523756,11.180435933366882,0.0894419507396478
186010,WRONG_SEED,1,0.9987416510523756,0.1102239729022761,0.0156142288847386,0.9987416510523756,11.180435933366882,0.0894419507396478
186010,FIXED_DYNAMIC,1,0.9987416510523756,0.9997470080922648,0.0156142288847386,0.9987416510523756,11.180435933366882,0.0894419507396478
186010,UNCORRECTED,2,0.2050510805463547,0.4386372783863593,0.4386372783863593,0.2053094314533589,11.180435933366882,0.0894419507396478
186010,STATIC,2,0.4030927056710323,0.2399213069011443,0.0927477501288818,0.4036005760311367,11.180435933366882,0.0894419507396478
186010,WRONG_SEED,2,0.1697369019951594,0.0468614041822845,0.3175735724928565,0.1699507593543388,11.180435933366882,0.0894419507396478
186010,FIXED_DYNAMIC,2,0.9909131453013172,0.9995067424619428,0.0134690741678584,0.9921616308453528,11.180435933366882,0.0894419507396478
186010,UNCORRECTED,3,0.0928348311064901,0.0135710738324207,0.0135710738324207,0.4527400238961336,11.180435933366882,0.0894419507396478
186010,STATIC,3,0.1277422040918478,0.0839340872878686,0.168861844422049,0.3169052733891334,11.180435933366882,0.0894419507396478
186010,WRONG_SEED,3,0.011441578870479,0.1502716506670968,0.164613517321184,0.0674077277008656,11.180435933366882,0.0894419507396478
186010,FIXED_DYNAMIC,3,0.9850169377829504,0.9995701579747684,0.0107000763527409,0.9940497231807476,11.180435933366882,0.0894419507396478
186010,UNCORRECTED,4,0.0142626379884211,0.310772105210591,0.310772105210591,0.1536345552463898,11.180435933366882,0.0894419507396478
186010,STATIC,4,0.0306915579681241,0.1631225830698924,0.1730534567446702,0.2402616910074114,11.180435933366882,0.0894419507396478
186010,WRONG_SEED,4,0.0019868736897179,0.0462011402937531,0.1832191908675226,0.1736538035709615,11.180435933366882,0.0894419507396478
186010,FIXED_DYNAMIC,4,0.9395936837812596,0.999619042200116,0.0037935819767408,0.9538858142846358,11.180435933366882,0.0894419507396478
186011,UNCORRECTED,0,0.9999999999999822,0.999999999999982,0.999999999999982,,10.402739065306388,0.0961285286232964
186011,STATIC,0,0.9999999999999822,0.999999999999982,0.999999999999982,,10.402739065306388,0.0961285286232964
186011,WRONG_SEED,0,0.9999999999999822,0.999999999999982,0.999999999999982,,10.402739065306388,0.0961285286232964
186011,FIXED_DYNAMIC,0,0.9999999999999822,0.999999999999982,0.999999999999982,,10.402739065306388,0.0961285286232964
186011,UNCORRECTED,1,0.9911955193732588,0.3098995399880258,0.3098995399880258,0.9911955193732588,10.402739065306388,0.0961285286232964
186011,STATIC,1,0.9911955193732588,0.4354043541885937,0.3098995399880258,0.9911955193732588,10.402739065306388,0.0961285286232964
186011,WRONG_SEED,1,0.9911955193732588,0.1102401973581553,0.3098995399880258,0.9911955193732588,10.402739065306388,0.0961285286232964
186011,FIXED_DYNAMIC,1,0.9911955193732588,0.9999940481460344,0.3098995399880258,0.9911955193732588,10.402739065306388,0.0961285286232964
186011,UNCORRECTED,2,0.3596922795317759,0.1924529346525607,0.1924529346525607,0.3628873138563075,10.402739065306388,0.0961285286232964
186011,STATIC,2,0.4327544721278138,0.421453695353128,0.3302894369835977,0.4365984951197524,10.402739065306388,0.0961285286232964
186011,WRONG_SEED,2,0.2105582781725336,0.00985341569144,0.1889020748000118,0.2124286016805923,10.402739065306388,0.0961285286232964
186011,FIXED_DYNAMIC,2,0.9856548537283424,0.9999878380472031,0.3096130281336957,0.994410118350376,10.402739065306388,0.0961285286232964
186011,UNCORRECTED,3,0.1125845168237676,0.0332231444596996,0.0332231444596996,0.3130023167867747,10.402739065306388,0.0961285286232964
186011,STATIC,3,0.1838614473651075,0.4188448849403172,0.3435332281858354,0.4248631942751976,10.402739065306388,0.0961285286232964
186011,WRONG_SEED,3,0.054858896146869,0.1122852588268646,0.2540197863708502,0.2605402011404771,10.402739065306388,0.0961285286232964
186011,FIXED_DYNAMIC,3,0.9727677015418936,0.9999489516349924,0.3086954944450653,0.9869252891742792,10.402739065306388,0.0961285286232964
186011,UNCORRECTED,4,0.0300480048947097,0.1595904369104815,0.1595904369104815,0.2668928707287539,10.402739065306388,0.0961285286232964
186011,STATIC,4,0.0775912496602609,0.4211175024614217,0.3597560945955612,0.4220093487362508,10.402739065306388,0.0961285286232964
186011,WRONG_SEED,4,0.0128926403315898,0.173166394617818,0.1528926622943644,0.2350145780744353,10.402739065306388,0.0961285286232964
186011,FIXED_DYNAMIC,4,0.9546204245146276,0.9999599627494566,0.307151211267326,0.9813446961710188,10.402739065306388,0.0961285286232964
186012,UNCORRECTED,0,0.9999999999999762,0.9999999999999762,0.9999999999999762,,11.664797586360049,0.0857280199331803
186012,STATIC,0,0.9999999999999762,0.9999999999999762,0.9999999999999762,,11.664797586360049,0.0857280199331803
186012,WRONG_SEED,0,0.9999999999999762,0.9999999999999762,0.9999999999999762,,11.664797586360049,0.0857280199331803
186012,FIXED_DYNAMIC,0,0.9999999999999762,0.9999999999999762,0.9999999999999762,,11.664797586360049,0.0857280199331803
186012,UNCORRECTED,1,1.0110836432684889,0.3641028767879602,0.3641028767879602,1.0110836432684889,11.664797586360049,0.0857280199331803
186012,STATIC,1,1.0110836432684889,0.5999004272517585,0.3641028767879602,1.0110836432684889,11.664797586360049,0.0857280199331803
186012,WRONG_SEED,1,1.0110836432684889,0.3183251365536231,0.3641028767879602,1.0110836432684889,11.664797586360049,0.0857280199331803
186012,FIXED_DYNAMIC,1,1.0110836432684889,0.9998843879406824,0.3641028767879602,1.0110836432684889,11.664797586360049,0.0857280199331803
186012,UNCORRECTED,2,0.615618398679519,0.4249790352275152,0.4249790352275152,0.6088699018900356,11.664797586360049,0.0857280199331803
186012,STATIC,2,0.6509641753687829,0.4842151136461069,0.2519655412594198,0.6438282131282654,11.664797586360049,0.0857280199331803
186012,WRONG_SEED,2,0.4087879286495638,0.3913242424818796,0.2156626186045157,0.4043067370055382,11.664797586360049,0.0857280199331803
186012,FIXED_DYNAMIC,2,1.011553429346376,0.9999350611964312,0.3669795439828173,1.0004646362157978,11.664797586360049,0.0857280199331803
186012,UNCORRECTED,3,0.2762630352725342,0.4640434531651966,0.4640434531651966,0.4487569505152844,11.664797586360049,0.0857280199331803
186012,STATIC,3,0.3837033812661571,0.3980453113114647,0.1358116292254285,0.5894385525113854,11.664797586360049,0.0857280199331803
186012,WRONG_SEED,3,0.1754228999270161,0.3656785839314655,0.319844928805216,0.4291293544467365,11.664797586360049,0.0857280199331803
186012,FIXED_DYNAMIC,3,0.986596422899436,0.9999071969021868,0.3717876759562665,0.9753280393077316,11.664797586360049,0.0857280199331803
186012,UNCORRECTED,4,0.1666635889616515,0.4569240467118977,0.4569240467118977,0.6032786427515471,11.664797586360049,0.0857280199331803
186012,STATIC,4,0.2240213611839565,0.3184612290774951,0.0501428783444319,0.5838399454409539,11.664797586360049,0.0857280199331803
186012,WRONG_SEED,4,0.0712718898933337,0.3735510200942974,0.2936537302433892,0.4062861229803884,11.664797586360049,0.0857280199331803
186012,FIXED_DYNAMIC,4,0.9444920438039148,0.999260097586994,0.3777705346722002,0.957323604547636,11.664797586360049,0.0857280199331803
186013,UNCORRECTED,0,0.9999999999999906,0.9999999999999906,0.9999999999999906,,10.711773100493437,0.0933552261253484
186013,STATIC,0,0.9999999999999906,0.9999999999999906,0.9999999999999906,,10.711773100493437,0.0933552261253484
186013,WRONG_SEED,0,0.9999999999999906,0.9999999999999906,0.9999999999999906,,10.711773100493437,0.0933552261253484
186013,FIXED_DYNAMIC,0,0.9999999999999906,0.9999999999999906,0.9999999999999906,,10.711773100493437,0.0933552261253484
186013,UNCORRECTED,1,0.9792594124541456,0.2488068634405573,0.2488068634405573,0.9792594124541456,10.711773100493437,0.0933552261253484
186013,STATIC,1,0.9792594124541456,0.666119458739161,0.2488068634405573,0.9792594124541456,10.711773100493437,0.0933552261253484
186013,WRONG_SEED,1,0.9792594124541456,0.2616356290503442,0.2488068634405573,0.9792594124541456,10.711773100493437,0.0933552261253484
186013,FIXED_DYNAMIC,1,0.9792594124541456,0.9998565625153266,0.2488068634405573,0.9792594124541456,10.711773100493437,0.0933552261253484
186013,UNCORRECTED,2,0.368391085430781,0.1524805774953655,0.1524805774953655,0.3761935609151243,10.711773100493437,0.0933552261253484
186013,STATIC,2,0.6518857553905762,0.6621187582990641,0.2067472834281412,0.6656926112733126,10.711773100493437,0.0933552261253484
186013,WRONG_SEED,2,0.264256653518981,0.2262278771200387,0.187854626539752,0.269853575220399,10.711773100493437,0.0933552261253484
186013,FIXED_DYNAMIC,2,0.9629695699820104,0.9999483438630924,0.2505753866900237,0.9833651407737606,10.711773100493437,0.0933552261253484
186013,UNCORRECTED,3,0.1144227654087059,0.4981583114139363,0.4981583114139363,0.3106013417097262,10.711773100493437,0.0933552261253484
186013,STATIC,3,0.442741243678526,0.6596059594947019,0.1900889388245379,0.6791699926212561,10.711773100493437,0.0933552261253484
186013,WRONG_SEED,3,0.0636537169504073,0.1792074706797235,0.1970039289393484,0.2408783888797445,10.711773100493437,0.0933552261253484
186013,FIXED_DYNAMIC,3,0.961707238410938,0.999911626318421,0.2574239651299975,0.998689126208728,10.711773100493437,0.0933552261253484
186013,UNCORRECTED,4,0.0566941072048668,0.2541262928346544,0.2541262928346544,0.4954792606380104,10.711773100493437,0.0933552261253484
186013,STATIC,4,0.2880619464621674,0.6603828214079402,0.163284699910061,0.650632735429823,10.711773100493437,0.0933552261253484
186013,WRONG_SEED,4,0.011934667076379,0.1302099129683012,0.1806552600929011,0.1874936397771653,10.711773100493437,0.0933552261253484
186013,FIXED_DYNAMIC,4,0.9250131736298204,0.99966114872511,0.2466434226426331,0.9618448699192932,10.711773100493437,0.0933552261253484
186014,UNCORRECTED,0,0.9999999999999788,0.9999999999999788,0.9999999999999788,,8.131030236962355,0.1229856452204731
186014,STATIC,0,0.9999999999999788,0.9999999999999788,0.9999999999999788,,8.131030236962355,0.1229856452204731
186014,WRONG_SEED,0,0.9999999999999788,0.9999999999999788,0.9999999999999788,,8.131030236962355,0.1229856452204731
186014,FIXED_DYNAMIC,0,0.9999999999999788,0.9999999999999788,0.9999999999999788,,8.131030236962355,0.1229856452204731
186014,UNCORRECTED,1,0.9978650372591192,0.2953671266544025,0.2953671266544025,0.9978650372591192,8.131030236962355,0.1229856452204731
186014,STATIC,1,0.9978650372591192,0.6609176174025273,0.2953671266544025,0.9978650372591192,8.131030236962355,0.1229856452204731
186014,WRONG_SEED,1,0.9978650372591192,0.1656728478634113,0.2953671266544025,0.9978650372591192,8.131030236962355,0.1229856452204731
186014,FIXED_DYNAMIC,1,0.9978650372591192,0.999938489151442,0.2953671266544025,0.9978650372591192,8.131030236962355,0.1229856452204731
186014,UNCORRECTED,2,0.3807949167496881,0.5515527792010211,0.5515527792010211,0.3816096391107424,8.131030236962355,0.1229856452204731
186014,STATIC,2,0.6877744848754441,0.6182062186493992,0.3733370320269327,0.689245999403457,8.131030236962355,0.1229856452204731
186014,WRONG_SEED,2,0.1932421828220481,0.149370287630586,0.3525190031036168,0.1936556303774616,8.131030236962355,0.1229856452204731
186014,FIXED_DYNAMIC,2,1.0192625226975525,0.9999197734624256,0.2946931673180598,1.021443266012391,8.131030236962355,0.1229856452204731
186014,UNCORRECTED,3,0.214342781185542,0.3268101212797223,0.3268101212797223,0.5628824644380069,8.131030236962355,0.1229856452204731
186014,STATIC,3,0.4482883329655648,0.5937892278881252,0.4014389360416783,0.6517955272021119,8.131030236962355,0.1229856452204731
186014,WRONG_SEED,3,0.0390181996341315,0.1105457224116402,0.4006937609393481,0.2019134697420497,8.131030236962355,0.1229856452204731
186014,FIXED_DYNAMIC,3,1.02630782556189,0.9999196317122174,0.2926271424043494,1.0069121572778623,8.131030236962355,0.1229856452204731
186014,UNCORRECTED,4,0.0820579950654733,0.5316511911428207,0.5316511911428207,0.3828353565797637,8.131030236962355,0.1229856452204731
186014,STATIC,4,0.2768520706148233,0.5809480799565139,0.4107794320926319,0.6175758998306936,8.131030236962355,0.1229856452204731
186014,WRONG_SEED,4,0.0074567744078829,0.043449865101657,0.405425678918507,0.1911101608428919,8.131030236962355,0.1229856452204731
186014,FIXED_DYNAMIC,4,1.0033793674676577,0.999898101168083,0.2834197740853409,0.9776592777301486,8.131030236962355,0.1229856452204731
186015,UNCORRECTED,0,0.999999999999994,0.999999999999994,0.999999999999994,,9.357494100952874,0.1068662175163071
186015,STATIC,0,0.999999999999994,0.999999999999994,0.999999999999994,,9.357494100952874,0.1068662175163071
186015,WRONG_SEED,0,0.999999999999994,0.999999999999994,0.999999999999994,,9.357494100952874,0.1068662175163071
186015,FIXED_DYNAMIC,0,0.999999999999994,0.999999999999994,0.999999999999994,,9.357494100952874,0.1068662175163071
186015,UNCORRECTED,1,1.012218898368742,0.5207907270613436,0.5207907270613436,1.012218898368742,9.357494100952874,0.1068662175163071
186015,STATIC,1,1.012218898368742,0.3163059338406966,0.5207907270613436,1.012218898368742,9.357494100952874,0.1068662175163071
186015,WRONG_SEED,1,1.012218898368742,0.0531779195118834,0.5207907270613436,1.012218898368742,9.357494100952874,0.1068662175163071
186015,FIXED_DYNAMIC,1,1.0122188983687417,0.9999121234696972,0.5207907270613436,1.0122188983687417,9.357494100952874,0.1068662175163071
186015,UNCORRECTED,2,0.5576435436765595,0.5586640209302871,0.5586640209302871,0.5509120058667508,9.357494100952874,0.1068662175163071
186015,STATIC,2,0.3946035785351546,0.0095787233423969,0.7042376540892069,0.3898401612250891,9.357494100952874,0.1068662175163071
186015,WRONG_SEED,2,0.2023255119617237,0.1078440527672639,0.3600756814276526,0.1998831599447348,9.357494100952874,0.1068662175163071
186015,FIXED_DYNAMIC,2,1.0231721027728042,0.9995410841888842,0.5328017663925132,1.010820983901514,9.357494100952874,0.1068662175163071
186015,UNCORRECTED,3,0.3272916917177575,0.5464659069262783,0.5464659069262783,0.5869191805932348,9.357494100952874,0.1068662175163071
186015,STATIC,3,0.146534106203885,0.4339259988407667,0.5163448780695059,0.371345102210796,9.357494100952874,0.1068662175163071
186015,WRONG_SEED,3,0.0496040872132555,0.3239480533850307,0.237978951855323,0.2451697105930879,9.357494100952874,0.1068662175163071
186015,FIXED_DYNAMIC,3,1.0417790347367584,0.9993627321949566,0.5347615442940874,1.0181855348807138,9.357494100952874,0.1068662175163071
186015,UNCORRECTED,4,0.1884979681314622,0.5499647017677868,0.5499647017677868,0.5759326402150517,9.357494100952874,0.1068662175163071
186015,STATIC,4,0.080519937581047,0.4492646839616708,0.0880474630905876,0.5494962208252719,9.357494100952874,0.1068662175163071
186015,WRONG_SEED,4,0.0170448106391789,0.1318198380242718,0.4196161229020159,0.3436170605437952,9.357494100952874,0.1068662175163071
186015,FIXED_DYNAMIC,4,1.0465528044047503,0.9996211220093448,0.5255117284272679,1.004582324570577,9.357494100952874,0.1068662175163071
186016,UNCORRECTED,0,0.999999999999992,0.999999999999992,0.999999999999992,,9.582471981316951,0.1043572057345642
186016,STATIC,0,0.999999999999992,0.999999999999992,0.999999999999992,,9.582471981316951,0.1043572057345642
186016,WRONG_SEED,0,0.999999999999992,0.999999999999992,0.999999999999992,,9.582471981316951,0.1043572057345642
186016,FIXED_DYNAMIC,0,0.999999999999992,0.999999999999992,0.999999999999992,,9.582471981316951,0.1043572057345642
186016,UNCORRECTED,1,1.000278437372267,0.3107408227662588,0.3107408227662588,1.000278437372267,9.582471981316951,0.1043572057345642
186016,STATIC,1,1.000278437372267,0.6037589552134506,0.3107408227662588,1.000278437372267,9.582471981316951,0.1043572057345642
186016,WRONG_SEED,1,1.000278437372267,0.1587577470472586,0.3107408227662588,1.000278437372267,9.582471981316951,0.1043572057345642
186016,FIXED_DYNAMIC,1,1.0002784373722673,0.9999928376267369,0.3107408227662588,1.0002784373722673,9.582471981316951,0.1043572057345642
186016,UNCORRECTED,2,0.4080020821425337,0.3252902408915164,0.3252902408915164,0.4078885107374227,9.582471981316951,0.1043572057345642
186016,STATIC,2,0.6136802222602254,0.593533988837393,0.3181447986657798,0.6135093983154923,9.582471981316951,0.1043572057345642
186016,WRONG_SEED,2,0.2115990643820859,0.1563962952237829,0.0197438642262044,0.2115401636947761,9.582471981316951,0.1043572057345642
186016,FIXED_DYNAMIC,2,1.002285649374551,0.9999856287545252,0.3118375838972131,1.0020066532750105,9.582471981316951,0.1043572057345642
186016,UNCORRECTED,3,0.1444414295397369,0.3156773156530435,0.3156773156530435,0.3540213049434245,9.582471981316951,0.1043572057345642
186016,STATIC,3,0.3719918341478838,0.5907411067477928,0.312541185344893,0.6061655902447174,9.582471981316951,0.1043572057345642
186016,WRONG_SEED,3,0.0442200276192907,0.1664396756090992,0.0349635577300484,0.2089802606094734,9.582471981316951,0.1043572057345642
186016,FIXED_DYNAMIC,3,0.993382793166758,0.999884459968878,0.3185934487262873,0.9911174461957464,9.582471981316951,0.1043572057345642
186016,UNCORRECTED,4,0.0568785636251678,0.3749451649881622,0.3749451649881622,0.393782890451918,9.582471981316951,0.1043572057345642
186016,STATIC,4,0.2247018722991636,0.592584326995848,0.3030804561479351,0.6040505507705027,9.582471981316951,0.1043572057345642
186016,WRONG_SEED,4,0.0104767386086865,0.1980633225232569,0.0919919223017963,0.2369229322713985,9.582471981316951,0.1043572057345642
186016,FIXED_DYNAMIC,4,0.9888258567824918,0.9999086228142512,0.3154193777394188,0.9954127085594592,9.582471981316951,0.1043572057345642
186017,UNCORRECTED,0,0.9999999999999803,0.9999999999999803,0.9999999999999803,,16.909295384297117,0.0591390697999537
186017,STATIC,0,0.9999999999999803,0.9999999999999803,0.9999999999999803,,16.909295384297117,0.0591390697999537
186017,WRONG_SEED,0,0.9999999999999803,0.9999999999999803,0.9999999999999803,,16.909295384297117,0.0591390697999537
186017,FIXED_DYNAMIC,0,0.9999999999999803,0.9999999999999803,0.9999999999999803,,16.909295384297117,0.0591390697999537
186017,UNCORRECTED,1,0.9695448088942058,0.1049390885428536,0.1049390885428536,0.9695448088942058,16.909295384297117,0.0591390697999537
186017,STATIC,1,0.9695448088942056,0.5602220511045735,0.1049390885428536,0.9695448088942056,16.909295384297117,0.0591390697999537
186017,WRONG_SEED,1,0.9695448088942058,0.133410881341187,0.1049390885428536,0.9695448088942058,16.909295384297117,0.0591390697999537
186017,FIXED_DYNAMIC,1,0.9695448088942058,0.9998204501454294,0.1049390885428536,0.9695448088942058,16.909295384297117,0.0591390697999537
186017,UNCORRECTED,2,0.2425108462458063,0.1735218642742464,0.1735218642742464,0.2501285593209376,16.909295384297117,0.0591390697999537
186017,STATIC,2,0.5754531812052719,0.5137093386480076,0.1469377151031553,0.5935292272479717,16.909295384297117,0.0591390697999537
186017,WRONG_SEED,2,0.3056711966261931,0.1425109840062383,0.2046676185050315,0.3152728928277321,16.909295384297117,0.0591390697999537
186017,FIXED_DYNAMIC,2,0.947934913520329,0.9999676812355665,0.1015220061965501,0.9777112979455352,16.909295384297117,0.0591390697999537
186017,UNCORRECTED,3,0.0651560337531899,0.1719764596571097,0.1719764596571097,0.2686726584061449,16.909295384297117,0.0591390697999537
186017,STATIC,3,0.3565573240418905,0.4659188178504991,0.1209267112523762,0.6196113527343412,16.909295384297117,0.0591390697999537
186017,WRONG_SEED,3,0.1057291413330177,0.0762821447060694,0.0299804663264596,0.3458917375924947,16.909295384297117,0.0591390697999537
186017,FIXED_DYNAMIC,3,0.942995923467639,0.9999791073580788,0.0995853367364858,0.994789737162051,16.909295384297117,0.0591390697999537
186017,UNCORRECTED,4,0.0179019411805826,0.220629120995293,0.220629120995293,0.2747549252059992,16.909295384297117,0.0591390697999537
186017,STATIC,4,0.2181156111468003,0.4421609012780376,0.0788212464567636,0.6117266325488881,16.909295384297117,0.0591390697999537
186017,WRONG_SEED,4,0.0292884484997424,0.1432092397481759,0.3547109057982673,0.2770139635153799,16.909295384297117,0.0591390697999537
186017,FIXED_DYNAMIC,4,0.9391908787853388,0.9999686093359887,0.1012512146688227,0.9959649404757474,16.909295384297117,0.0591390697999537
186018,UNCORRECTED,0,0.9999999999999776,0.9999999999999776,0.9999999999999776,,10.456312490470388,0.0956360094355791
186018,STATIC,0,0.9999999999999776,0.9999999999999776,0.9999999999999776,,10.456312490470388,0.0956360094355791
186018,WRONG_SEED,0,0.9999999999999776,0.9999999999999776,0.9999999999999776,,10.456312490470388,0.0956360094355791
186018,FIXED_DYNAMIC,0,0.9999999999999776,0.9999999999999776,0.9999999999999776,,10.456312490470388,0.0956360094355791
186018,UNCORRECTED,1,1.014236687835929,0.1306465587102398,0.1306465587102398,1.014236687835929,10.456312490470388,0.0956360094355791
186018,STATIC,1,1.014236687835929,0.4563048695629829,0.1306465587102398,1.014236687835929,10.456312490470388,0.0956360094355791
186018,WRONG_SEED,1,1.0142366878359286,0.1535369460444528,0.1306465587102398,1.0142366878359286,10.456312490470388,0.0956360094355791
186018,FIXED_DYNAMIC,1,1.014236687835929,0.9998811892525852,0.1306465587102398,1.014236687835929,10.456312490470388,0.0956360094355791
186018,UNCORRECTED,2,0.2838906869290802,0.041729805964052,0.041729805964052,0.2799057560566162,10.456312490470388,0.0956360094355791
186018,STATIC,2,0.4924528902557529,0.3658206936540427,0.164099273307959,0.4855404031050049,10.456312490470388,0.0956360094355791
186018,WRONG_SEED,2,0.2139833125664245,0.0175232806958372,0.2601222753743917,0.2109796609931305,10.456312490470388,0.0956360094355791
186018,FIXED_DYNAMIC,2,1.0491397269151894,0.9996401217472132,0.1263164144268306,1.034413110369444,10.456312490470388,0.0956360094355791
186018,UNCORRECTED,3,0.0889910101596692,0.2524694084683701,0.2524694084683701,0.3134692832734362,10.456312490470388,0.0956360094355791
186018,STATIC,3,0.2008905979648479,0.3104200457245636,0.2133840696686181,0.407938712392382,10.456312490470388,0.0956360094355791
186018,WRONG_SEED,3,0.0313869550581821,0.1830994005597659,0.2259758354796968,0.1466794521579139,10.456312490470388,0.0956360094355791
186018,FIXED_DYNAMIC,3,1.0879831530821935,0.9996052499466562,0.1282626847284424,1.0370240733149945,10.456312490470388,0.0956360094355791
186018,UNCORRECTED,4,0.0320689889859505,0.297490330235396,0.297490330235396,0.360362118919694,10.456312490470388,0.0956360094355791
186018,STATIC,4,0.0721444433559003,0.2716129878718817,0.2560422500621286,0.3591230455121456,10.456312490470388,0.0956360094355791
186018,WRONG_SEED,4,0.0079090082660691,0.0855151336503179,0.3139436236298897,0.2519839293554464,10.456312490470388,0.0956360094355791
186018,FIXED_DYNAMIC,4,1.104773662085138,0.9998555709024886,0.1390374740445715,1.0154326920921108,10.456312490470388,0.0956360094355791
186019,UNCORRECTED,0,0.9999999999999942,0.9999999999999942,0.9999999999999942,,7.58375664119341,0.1318607712921848
186019,STATIC,0,0.9999999999999942,0.9999999999999942,0.9999999999999942,,7.58375664119341,0.1318607712921848
186019,WRONG_SEED,0,0.9999999999999942,0.9999999999999942,0.9999999999999942,,7.58375664119341,0.1318607712921848
186019,FIXED_DYNAMIC,0,0.9999999999999942,0.9999999999999942,0.9999999999999942,,7.58375664119341,0.1318607712921848
186019,UNCORRECTED,1,0.9870684859469258,0.1665198022735155,0.1665198022735155,0.9870684859469258,7.58375664119341,0.1318607712921848
186019,STATIC,1,0.9870684859469258,0.4957209623097457,0.1665198022735155,0.9870684859469258,7.58375664119341,0.1318607712921848
186019,WRONG_SEED,1,0.9870684859469256,0.0113892051811538,0.1665198022735155,0.9870684859469256,7.58375664119341,0.1318607712921848
186019,FIXED_DYNAMIC,1,0.9870684859469258,0.9999381640098924,0.1665198022735155,0.9870684859469258,7.58375664119341,0.1318607712921848
186019,UNCORRECTED,2,0.3715356484310025,0.4081133861038536,0.4081133861038536,0.376403110544629,7.58375664119341,0.1318607712921848
186019,STATIC,2,0.4967130855350942,0.4671903039962941,0.2086309172855019,0.5032204883520102,7.58375664119341,0.1318607712921848
186019,WRONG_SEED,2,0.2050057740861735,0.2640757212197893,0.158478587239089,0.2076915401564095,7.58375664119341,0.1318607712921848
186019,FIXED_DYNAMIC,2,0.9970944976444972,0.999834415229503,0.1579245818576455,1.0101573617639583,7.58375664119341,0.1318607712921848
186019,UNCORRECTED,3,0.1960755431878247,0.3893997830486715,0.3893997830486715,0.5277435530502926,7.58375664119341,0.1318607712921848
186019,STATIC,3,0.2370956836743601,0.4581654317311963,0.2464539136926734,0.4773292481693759,7.58375664119341,0.1318607712921848
186019,WRONG_SEED,3,0.0590487819036978,0.0558937096389904,0.1186012681236689,0.2880347256896052,7.58375664119341,0.1318607712921848
186019,FIXED_DYNAMIC,3,1.0001005175672713,0.999859495002618,0.1653616981705076,1.0030147793713329,7.58375664119341,0.1318607712921848
186019,UNCORRECTED,4,0.1071301455371464,0.4630544971846685,0.4630544971846685,0.546371790154987,7.58375664119341,0.1318607712921848
186019,STATIC,4,0.1100917648009229,0.4611017483016902,0.2541241857132508,0.4643347491391962,7.58375664119341,0.1318607712921848
186019,WRONG_SEED,4,0.0147597882896317,0.3865110569514665,0.1294947473729736,0.249959233938168,7.58375664119341,0.1318607712921848
186019,FIXED_DYNAMIC,4,0.9880454888101008,0.9993145701385194,0.153424936928583,0.9879461828631988,7.58375664119341,0.1318607712921848
186020,UNCORRECTED,0,0.9999999999999918,0.999999999999992,0.999999999999992,,7.096221945904741,0.1409200568447689
186020,STATIC,0,0.9999999999999918,0.999999999999992,0.999999999999992,,7.096221945904741,0.1409200568447689
186020,WRONG_SEED,0,0.9999999999999918,0.999999999999992,0.999999999999992,,7.096221945904741,0.1409200568447689
186020,FIXED_DYNAMIC,0,0.9999999999999918,0.999999999999992,0.999999999999992,,7.096221945904741,0.1409200568447689
186020,UNCORRECTED,1,0.9338707462335656,0.0644399192891407,0.0644399192891407,0.9338707462335656,7.096221945904741,0.1409200568447689
186020,STATIC,1,0.9338707462335656,0.5516932737027681,0.0644399192891407,0.9338707462335656,7.096221945904741,0.1409200568447689
186020,WRONG_SEED,1,0.9338707462335654,0.1801340400785803,0.0644399192891407,0.9338707462335654,7.096221945904741,0.1409200568447689
186020,FIXED_DYNAMIC,1,0.9338707462335656,0.999067740935474,0.0644399192891407,0.9338707462335656,7.096221945904741,0.1409200568447689
186020,UNCORRECTED,2,0.2301036215553103,0.4064513028790236,0.4064513028790236,0.2463977188313791,7.096221945904741,0.1409200568447689
186020,STATIC,2,0.4956120392057364,0.4634363076298801,0.04844728561721,0.530707318121492,7.096221945904741,0.1409200568447689
186020,WRONG_SEED,2,0.195467191486609,0.0323779839729668,0.2881366641729007,0.2093086139328751,7.096221945904741,0.1409200568447689
186020,FIXED_DYNAMIC,2,0.8429249373166298,0.997038293682461,0.0539018570896794,0.9026141366096532,7.096221945904741,0.1409200568447689
186020,UNCORRECTED,3,0.0801088292902318,0.0904889725621228,0.0904889725621228,0.3481424097055036,7.096221945904741,0.1409200568447689
186020,STATIC,3,0.2205342228191896,0.4154212192679583,0.0946327791677637,0.4449734981672604,7.096221945904741,0.1409200568447689
186020,WRONG_SEED,3,0.0345740920375612,0.115630790075733,0.0636381363832986,0.1768792592486209,7.096221945904741,0.1409200568447689
186020,FIXED_DYNAMIC,3,0.6819516431664334,0.992410712247728,0.0325701789351801,0.8090300962471866,7.096221945904741,0.1409200568447689
186020,UNCORRECTED,4,0.0226575962639706,0.4027385492829882,0.4027385492829882,0.282835193882069,7.096221945904741,0.1409200568447689
186020,STATIC,4,0.0912408322281676,0.4143015664083525,0.0582438953336939,0.4137264097235839,7.096221945904741,0.1409200568447689
186020,WRONG_SEED,4,0.0079691092584852,0.1362579911523687,0.3022494252944401,0.2304936670448406,7.096221945904741,0.1409200568447689
186020,FIXED_DYNAMIC,4,0.6163174705353908,0.993122165776571,0.0237024314902821,0.903755386047172,7.096221945904741,0.1409200568447689
186021,UNCORRECTED,0,0.9999999999999902,0.99999999999999,0.99999999999999,,11.408172604587964,0.0876564577571191
186021,STATIC,0,0.9999999999999902,0.99999999999999,0.99999999999999,,11.408172604587964,0.0876564577571191
186021,WRONG_SEED,0,0.9999999999999902,0.99999999999999,0.99999999999999,,11.408172604587964,0.0876564577571191
186021,FIXED_DYNAMIC,0,0.9999999999999902,0.99999999999999,0.99999999999999,,11.408172604587964,0.0876564577571191
186021,UNCORRECTED,1,0.9318698867919034,0.5750718060527753,0.5750718060527753,0.9318698867919034,11.408172604587964,0.0876564577571191
186021,STATIC,1,0.9318698867919034,0.60081414358733,0.5750718060527753,0.9318698867919034,11.408172604587964,0.0876564577571191
186021,WRONG_SEED,1,0.9318698867919034,0.1664123119226138,0.5750718060527753,0.9318698867919034,11.408172604587964,0.0876564577571191
186021,FIXED_DYNAMIC,1,0.9318698867919032,0.999312167760054,0.5750718060527753,0.9318698867919032,11.408172604587964,0.0876564577571191
186021,UNCORRECTED,2,0.5843542012541028,0.5710789893095523,0.5710789893095523,0.627077030319995,11.408172604587964,0.0876564577571191
186021,STATIC,2,0.6463334350968442,0.3984532386168805,0.5282202255126831,0.6935876394953951,11.408172604587964,0.0876564577571191
186021,WRONG_SEED,2,0.1793984934927296,0.0771652656869529,0.5786559905501212,0.1925145302316109,11.408172604587964,0.0876564577571191
186021,FIXED_DYNAMIC,2,0.9899508179326046,0.9992398353371282,0.5812392007839061,1.0623272969369608,11.408172604587964,0.0876564577571191
186021,UNCORRECTED,3,0.4061933987085981,0.567924693848769,0.567924693848769,0.6951150480938542,11.408172604587964,0.0876564577571191
186021,STATIC,3,0.3464295820549138,0.2468249526035338,0.4188756562980375,0.5359920487526704,11.408172604587964,0.0876564577571191
186021,WRONG_SEED,3,0.0247401721562202,0.0797115841149659,0.5771614638988702,0.1379062425472459,11.408172604587964,0.0876564577571191
186021,FIXED_DYNAMIC,3,1.0999358005406987,0.9985633182539022,0.5905607868800534,1.1111014614218653,11.408172604587964,0.0876564577571191
186021,UNCORRECTED,4,0.2199951597755253,0.5366925833728576,0.5366925833728576,0.5416020065194213,11.408172604587964,0.0876564577571191
186021,STATIC,4,0.1576073448870457,0.0751342276512981,0.2285557328585178,0.4549477095811592,11.408172604587964,0.0876564577571191
186021,WRONG_SEED,4,0.0022912745627965,0.0823032486784702,0.5734641330089826,0.0926135254163776,11.408172604587964,0.0876564577571191
186021,FIXED_DYNAMIC,4,0.9782353573657429,0.99768109312023,0.5723468993306563,0.8893567759907989,11.408172604587964,0.0876564577571191
186022,UNCORRECTED,0,0.9999999999999872,0.9999999999999872,0.9999999999999872,,8.76872792269384,0.1140416271112653
186022,STATIC,0,0.9999999999999872,0.9999999999999872,0.9999999999999872,,8.76872792269384,0.1140416271112653
186022,WRONG_SEED,0,0.9999999999999872,0.9999999999999872,0.9999999999999872,,8.76872792269384,0.1140416271112653
186022,FIXED_DYNAMIC,0,0.9999999999999872,0.9999999999999872,0.9999999999999872,,8.76872792269384,0.1140416271112653
186022,UNCORRECTED,1,0.9893067181489388,0.3502514237419264,0.3502514237419264,0.9893067181489388,8.76872792269384,0.1140416271112653
186022,STATIC,1,0.9893067181489388,0.6013281302765169,0.3502514237419264,0.9893067181489388,8.76872792269384,0.1140416271112653
186022,WRONG_SEED,1,0.9893067181489388,0.2975375800987261,0.3502514237419264,0.9893067181489388,8.76872792269384,0.1140416271112653
186022,FIXED_DYNAMIC,1,0.9893067181489388,0.9999890154955072,0.3502514237419264,0.9893067181489388,8.76872792269384,0.1140416271112653
186022,UNCORRECTED,2,0.4119405293565392,0.2730215623582192,0.2730215623582192,0.4163931385478743,8.76872792269384,0.1140416271112653
186022,STATIC,2,0.6019364879208178,0.5882878409696636,0.2880908234629347,0.6084427376042434,8.76872792269384,0.1140416271112653
186022,WRONG_SEED,2,0.3047289333658673,0.2337127302387667,0.3984670559808521,0.3080227069882152,8.76872792269384,0.1140416271112653
186022,FIXED_DYNAMIC,2,0.9777475174939936,0.9999624545926984,0.3435093299389142,0.9883158575162758,8.76872792269384,0.1140416271112653
186022,UNCORRECTED,3,0.1279857130029708,0.3473727341756701,0.3473727341756701,0.3106897813693726,8.76872792269384,0.1140416271112653
186022,STATIC,3,0.3294012495958132,0.5930974436500231,0.2522675439373842,0.5472358898421482,8.76872792269384,0.1140416271112653
186022,WRONG_SEED,3,0.0711994390905397,0.2438408360575758,0.2998051900021764,0.2336484373311948,8.76872792269384,0.1140416271112653
186022,FIXED_DYNAMIC,3,0.8878984076794115,0.999179312341043,0.3229700410977,0.9081060210258772,8.76872792269384,0.1140416271112653
186022,UNCORRECTED,4,0.0485945363281588,0.4201316085982656,0.4201316085982656,0.3796871946716892,8.76872792269384,0.1140416271112653
186022,STATIC,4,0.1919953362841288,0.5924374771355533,0.2867067203354748,0.582861590597201,8.76872792269384,0.1140416271112653
186022,WRONG_SEED,4,0.0182763134940585,0.239746652774866,0.3675775868245913,0.2566918184680422,8.76872792269384,0.1140416271112653
186022,FIXED_DYNAMIC,4,0.8481749295885175,0.9998505428128946,0.3426631581587457,0.9552612351285474,8.76872792269384,0.1140416271112653
186023,UNCORRECTED,0,0.9999999999999872,0.9999999999999868,0.9999999999999868,,13.477792582991665,0.0741961262456241
186023,STATIC,0,0.9999999999999872,0.9999999999999868,0.9999999999999868,,13.477792582991665,0.0741961262456241
186023,WRONG_SEED,0,0.9999999999999872,0.9999999999999868,0.9999999999999868,,13.477792582991665,0.0741961262456241
186023,FIXED_DYNAMIC,0,0.9999999999999872,0.9999999999999868,0.9999999999999868,,13.477792582991665,0.0741961262456241
186023,UNCORRECTED,1,0.9134173182198768,0.281814465517531,0.281814465517531,0.9134173182198768,13.477792582991665,0.0741961262456241
186023,STATIC,1,0.9134173182198766,0.6031245437935465,0.281814465517531,0.9134173182198766,13.477792582991665,0.0741961262456241
186023,WRONG_SEED,1,0.9134173182198768,0.2169123835902796,0.281814465517531,0.9134173182198768,13.477792582991665,0.0741961262456241
186023,FIXED_DYNAMIC,1,0.9134173182198766,0.9986622350614808,0.281814465517531,0.9134173182198766,13.477792582991665,0.0741961262456241
186023,UNCORRECTED,2,0.3372124452923677,0.0722410269386134,0.0722410269386134,0.3691767591505086,13.477792582991665,0.0741961262456241
186023,STATIC,2,0.5434060619921534,0.3959773827789775,0.1856801719065997,0.5949154358614183,13.477792582991665,0.0741961262456241
186023,WRONG_SEED,2,0.2102793296599008,0.1157340044756177,0.0789161846073304,0.2302116737502885,13.477792582991665,0.0741961262456241
186023,FIXED_DYNAMIC,2,0.8148855456285506,0.9935446140665826,0.2992446777369593,0.8921284164139102,13.477792582991665,0.0741961262456241
186023,UNCORRECTED,3,0.088893695421114,0.5312532597661008,0.5312532597661008,0.2636133294073372,13.477792582991665,0.0741961262456241
186023,STATIC,3,0.3089195333214331,0.2009210780988065,0.0610222000859523,0.5684874625596034,13.477792582991665,0.0741961262456241
186023,WRONG_SEED,3,0.0320422767761882,0.1921122840630132,0.258677461365436,0.1523795839943492,13.477792582991665,0.0741961262456241
186023,FIXED_DYNAMIC,3,0.7852147393759549,0.995848741459533,0.2969707121781837,0.96358898938412,13.477792582991665,0.0741961262456241
186023,UNCORRECTED,4,0.0512460269099859,0.5676365754823122,0.5676365754823122,0.5764866300946532,13.477792582991665,0.0741961262456241
186023,STATIC,4,0.1553038916059886,0.010291265824531,0.0638502030985773,0.5027325075115507,13.477792582991665,0.0741961262456241
186023,WRONG_SEED,4,0.007014661664679,0.1121791874927875,0.0361834842799875,0.218918952410055,13.477792582991665,0.0741961262456241
186023,FIXED_DYNAMIC,4,0.7581124129411105,0.9968060687497686,0.2956061221179861,0.965484185311656,13.477792582991665,0.0741961262456241
186024,UNCORRECTED,0,0.9999999999999925,0.9999999999999925,0.9999999999999925,,6.77613364469862,0.1475767823414099
186024,STATIC,0,0.9999999999999925,0.9999999999999925,0.9999999999999925,,6.77613364469862,0.1475767823414099
186024,WRONG_SEED,0,0.9999999999999925,0.9999999999999925,0.9999999999999925,,6.77613364469862,0.1475767823414099
186024,FIXED_DYNAMIC,0,0.9999999999999925,0.9999999999999925,0.9999999999999925,,6.77613364469862,0.1475767823414099
186024,UNCORRECTED,1,0.956754515322148,0.0785837619857283,0.0785837619857283,0.956754515322148,6.77613364469862,0.1475767823414099
186024,STATIC,1,0.956754515322148,0.5678877023389127,0.0785837619857283,0.956754515322148,6.77613364469862,0.1475767823414099
186024,WRONG_SEED,1,0.956754515322148,0.1552161990300771,0.0785837619857283,0.956754515322148,6.77613364469862,0.1475767823414099
186024,FIXED_DYNAMIC,1,0.956754515322148,0.999830509773386,0.0785837619857283,0.956754515322148,6.77613364469862,0.1475767823414099
186024,UNCORRECTED,2,0.1977851658511047,0.5655321751260595,0.5655321751260595,0.2067250926790841,6.77613364469862,0.1475767823414099
186024,STATIC,2,0.5861354061209176,0.4535894929300321,0.1473316235210764,0.6126288371093351,6.77613364469862,0.1475767823414099
186024,WRONG_SEED,2,0.2172405775057314,0.0424983508203547,0.0881473583253703,0.2270598926126655,6.77613364469862,0.1475767823414099
186024,FIXED_DYNAMIC,2,0.953123755685372,0.9999663960741368,0.0694620504221509,0.9962051293423364,6.77613364469862,0.1475767823414099
186024,UNCORRECTED,3,0.1144787343321877,0.1727364524000293,0.1727364524000293,0.5788034397805369,6.77613364469862,0.1475767823414099
186024,STATIC,3,0.2978086612797422,0.4391841367752455,0.212920707094507,0.508088503389781,6.77613364469862,0.1475767823414099
186024,WRONG_SEED,3,0.0244545004360506,0.0497338538588901,0.1932446190978448,0.1125687508145416,6.77613364469862,0.1475767823414099
186024,FIXED_DYNAMIC,3,0.9506967327328952,0.9999802807319912,0.0701491776002177,0.997453611938631,6.77613364469862,0.1475767823414099
186024,UNCORRECTED,4,0.0303442271419145,0.426491646520323,0.426491646520323,0.2650643136380369,6.77613364469862,0.1475767823414099
186024,STATIC,4,0.1459948893602727,0.4562459307616132,0.211646193375193,0.4902305014666142,6.77613364469862,0.1475767823414099
186024,WRONG_SEED,4,0.004106602038724,0.1766135841693122,0.4267445219549937,0.1679282735487378,6.77613364469862,0.1475767823414099
186024,FIXED_DYNAMIC,4,0.9465698479623216,0.9999602378209004,0.0665347833164157,0.9956590944004636,6.77613364469862,0.1475767823414099
186025,UNCORRECTED,0,0.9999999999999918,0.9999999999999918,0.9999999999999918,,9.682977012597524,0.1032740239596761
186025,STATIC,0,0.9999999999999918,0.9999999999999918,0.9999999999999918,,9.682977012597524,0.1032740239596761
186025,WRONG_SEED,0,0.9999999999999918,0.9999999999999918,0.9999999999999918,,9.682977012597524,0.1032740239596761
186025,FIXED_DYNAMIC,0,0.9999999999999918,0.9999999999999918,0.9999999999999918,,9.682977012597524,0.1032740239596761
186025,UNCORRECTED,1,1.0705576727234667,0.2717551019459566,0.2717551019459566,1.0705576727234667,9.682977012597524,0.1032740239596761
186025,STATIC,1,1.0705576727234667,0.5927837737689595,0.2717551019459566,1.0705576727234667,9.682977012597524,0.1032740239596761
186025,WRONG_SEED,1,1.0705576727234667,0.1482385234270798,0.2717551019459566,1.0705576727234667,9.682977012597524,0.1032740239596761
186025,FIXED_DYNAMIC,1,1.0705576727234667,0.9996200535181342,0.2717551019459566,1.0705576727234667,9.682977012597524,0.1032740239596761
186025,UNCORRECTED,2,0.583992537170441,0.3300095201238147,0.3300095201238147,0.5455031074456521,9.682977012597524,0.1032740239596761
186025,STATIC,2,0.6695935518829901,0.5407916662121132,0.3300287752925608,0.6254623818439964,9.682977012597524,0.1032740239596761
186025,WRONG_SEED,2,0.1983455941234858,0.0269733152475612,0.0381685567813779,0.1852731517199806,9.682977012597524,0.1032740239596761
186025,FIXED_DYNAMIC,2,1.123910420491134,0.9996893428331848,0.2675526618497917,1.04983640688122,9.682977012597524,0.1032740239596761
186025,UNCORRECTED,3,0.2476043298184137,0.5570815433386483,0.5570815433386483,0.4239854348449418,9.682977012597524,0.1032740239596761
186025,STATIC,3,0.3880469579027043,0.5065082724147758,0.3915470943052924,0.5795261271729061,9.682977012597524,0.1032740239596761
186025,WRONG_SEED,3,0.022595555240912,0.1878377181695515,0.1859556537883294,0.113920126841051,9.682977012597524,0.1032740239596761
186025,FIXED_DYNAMIC,3,1.171302687726918,0.9990170971822162,0.2892924352641683,1.042167299432161,9.682977012597524,0.1032740239596761
186025,UNCORRECTED,4,0.1750870417764571,0.0745005182567752,0.0745005182567752,0.7071243136372268,9.682977012597524,0.1032740239596761
186025,STATIC,4,0.2099045392928748,0.4926466096410882,0.3910805890680316,0.5409256148465932,9.682977012597524,0.1032740239596761
186025,WRONG_SEED,4,0.0053995656802555,0.1757267297657113,0.2193495164387043,0.2389658330005086,9.682977012597524,0.1032740239596761
186025,FIXED_DYNAMIC,4,1.2092733372862938,0.9998177813382711,0.255801941933693,1.0324174527705172,9.682977012597524,0.1032740239596761
186026,UNCORRECTED,0,0.9999999999999896,0.9999999999999896,0.9999999999999896,,14.337169781354264,0.0697487729621855
186026,STATIC,0,0.9999999999999896,0.9999999999999896,0.9999999999999896,,14.337169781354264,0.0697487729621855
186026,WRONG_SEED,0,0.9999999999999896,0.9999999999999896,0.9999999999999896,,14.337169781354264,0.0697487729621855
186026,FIXED_DYNAMIC,0,0.9999999999999896,0.9999999999999896,0.9999999999999896,,14.337169781354264,0.0697487729621855
186026,UNCORRECTED,1,1.025347947243814,0.4419071664524611,0.4419071664524611,1.025347947243814,14.337169781354264,0.0697487729621855
186026,STATIC,1,1.025347947243814,0.4999093536144741,0.4419071664524611,1.025347947243814,14.337169781354264,0.0697487729621855
186026,WRONG_SEED,1,1.0253479472438145,0.3169401554808889,0.4419071664524611,1.0253479472438145,14.337169781354264,0.0697487729621855
186026,FIXED_DYNAMIC,1,1.025347947243814,0.9999139940014709,0.4419071664524611,1.025347947243814,14.337169781354264,0.0697487729621855
186026,UNCORRECTED,2,0.5624169026406847,0.3577699450263951,0.3577699450263951,0.5485132185152205,14.337169781354264,0.0697487729621855
186026,STATIC,2,0.570406285948129,0.3375548106662809,0.4559606397135105,0.5563050937795345,14.337169781354264,0.0697487729621855
186026,WRONG_SEED,2,0.3982770776026696,0.2279431828321281,0.364161600271162,0.3884311454206877,14.337169781354264,0.0697487729621855
186026,FIXED_DYNAMIC,2,1.0454144906254257,0.999790872641836,0.4409800603963469,1.0195704720875882,14.337169781354264,0.0697487729621855
186026,UNCORRECTED,3,0.2975047659937844,0.2818151736915595,0.2818151736915595,0.5289755065982574,14.337169781354264,0.0697487729621855
186026,STATIC,3,0.3055436499376355,0.1060437055728965,0.3673290535228739,0.5356596823433589,14.337169781354264,0.0697487729621855
186026,WRONG_SEED,3,0.1210624587443171,0.142027235213433,0.2887342736206061,0.3039654189315124,14.337169781354264,0.0697487729621855
186026,FIXED_DYNAMIC,3,1.0425909550131456,0.9995699060326422,0.4429446871176838,0.997299123326097,14.337169781354264,0.0697487729621855
186026,UNCORRECTED,4,0.1413261048482156,0.2202224244604694,0.2202224244604694,0.4750381204016184,14.337169781354264,0.0697487729621855
186026,STATIC,4,0.1620926601822296,0.1072621185217215,0.1996007641102307,0.5305057402283074,14.337169781354264,0.0697487729621855
186026,WRONG_SEED,4,0.0309195248884165,0.0292103848405772,0.2115415938700575,0.2554014283958632,14.337169781354264,0.0697487729621855
186026,FIXED_DYNAMIC,4,1.047794473504736,0.999675928882193,0.4443120724123449,1.0049909491987816,14.337169781354264,0.0697487729621855
186027,UNCORRECTED,0,0.9999999999999936,0.9999999999999936,0.9999999999999936,,7.969481366183628,0.1254786797348226
186027,STATIC,0,0.9999999999999936,0.9999999999999936,0.9999999999999936,,7.969481366183628,0.1254786797348226
186027,WRONG_SEED,0,0.9999999999999936,0.9999999999999936,0.9999999999999936,,7.969481366183628,0.1254786797348226
186027,FIXED_DYNAMIC,0,0.9999999999999936,0.9999999999999936,0.9999999999999936,,7.969481366183628,0.1254786797348226
186027,UNCORRECTED,1,1.035191175397845,0.4020269930669047,0.4020269930669047,1.035191175397845,7.969481366183628,0.1254786797348226
186027,STATIC,1,1.035191175397845,0.538839972113249,0.4020269930669047,1.035191175397845,7.969481366183628,0.1254786797348226
186027,WRONG_SEED,1,1.035191175397845,0.011209718474472,0.4020269930669047,1.035191175397845,7.969481366183628,0.1254786797348226
186027,FIXED_DYNAMIC,1,1.0351911753978449,0.9993267848848124,0.4020269930669047,1.0351911753978449,7.969481366183628,0.1254786797348226
186027,UNCORRECTED,2,0.5531272418393197,0.4783310030429388,0.4783310030429388,0.5343237606587384,7.969481366183628,0.1254786797348226
186027,STATIC,2,0.5722539489269464,0.4969454050987544,0.4183443697649976,0.5528002580847099,7.969481366183628,0.1254786797348226
186027,WRONG_SEED,2,0.1003084128610483,0.0446084732325691,0.3451805426610835,0.096898442765895,7.969481366183628,0.1254786797348226
186027,FIXED_DYNAMIC,2,1.0524529998149112,0.9974845571174292,0.3849693704527428,1.016675011174072,7.969481366183628,0.1254786797348226
186027,UNCORRECTED,3,0.2841869317601321,0.3625549231845303,0.3625549231845303,0.5137822010268726,7.969481366183628,0.1254786797348226
186027,STATIC,3,0.3063785206376173,0.4880154143080436,0.4716264873557938,0.5353890894280678,7.969481366183628,0.1254786797348226
186027,WRONG_SEED,3,0.0111543684756673,0.0523225296415088,0.3696869147725899,0.1112007274117492,7.969481366183628,0.1254786797348226
186027,FIXED_DYNAMIC,3,1.0916847226620991,0.9966497975258912,0.3821630473389762,1.037276460662928,7.969481366183628,0.1254786797348226
186027,UNCORRECTED,4,0.1382408037897021,0.4313343921666496,0.4313343921666496,0.4864432116336058,7.969481366183628,0.1254786797348226
186027,STATIC,4,0.163123725694488,0.4838759587200914,0.4992194166618651,0.5324254629697963,7.969481366183628,0.1254786797348226
186027,WRONG_SEED,4,0.0015254380227136,0.0090669328005339,0.2694198866472975,0.1367570047592084,7.969481366183628,0.1254786797348226
186027,FIXED_DYNAMIC,4,1.098227304258376,0.9971985533567777,0.3826839246310508,1.0059931053906446,7.969481366183628,0.1254786797348226
186028,UNCORRECTED,0,0.9999999999999856,0.999999999999986,0.999999999999986,,12.270658625007671,0.081495218028638
186028,STATIC,0,0.9999999999999856,0.999999999999986,0.999999999999986,,12.270658625007671,0.081495218028638
186028,WRONG_SEED,0,0.9999999999999856,0.999999999999986,0.999999999999986,,12.270658625007671,0.081495218028638
186028,FIXED_DYNAMIC,0,0.9999999999999856,0.999999999999986,0.999999999999986,,12.270658625007671,0.081495218028638
186028,UNCORRECTED,1,0.9691675721661914,0.1015564950524992,0.1015564950524992,0.9691675721661914,12.270658625007671,0.081495218028638
186028,STATIC,1,0.9691675721661916,0.3538724138640378,0.1015564950524992,0.9691675721661916,12.270658625007671,0.081495218028638
186028,WRONG_SEED,1,0.9691675721661914,0.2074049681346013,0.1015564950524992,0.9691675721661914,12.270658625007671,0.081495218028638
186028,FIXED_DYNAMIC,1,0.9691675721661912,0.9997657644488824,0.1015564950524992,0.9691675721661912,12.270658625007671,0.081495218028638
186028,UNCORRECTED,2,0.1727357108589473,0.1524628918572034,0.1524628918572034,0.1782310054729362,12.270658625007671,0.081495218028638
186028,STATIC,2,0.3660899397199045,0.2597537541616028,0.2423989259107617,0.3777364722404501,12.270658625007671,0.081495218028638
186028,WRONG_SEED,2,0.2953337492027127,0.1688075327060996,0.216108899684065,0.3047292931423679,12.270658625007671,0.081495218028638
186028,FIXED_DYNAMIC,2,0.9650527881510184,0.9998826733400388,0.1007187655542986,0.9957543110878236,12.270658625007671,0.081495218028638
186028,UNCORRECTED,3,0.0358203039328752,0.2486466389272023,0.2486466389272023,0.207370576441616,12.270658625007671,0.081495218028638
186028,STATIC,3,0.125409282762603,0.1755133168328019,0.3521782088761309,0.342564132897366,12.270658625007671,0.081495218028638
186028,WRONG_SEED,3,0.0740809506144424,0.1739312411532888,0.241009195762884,0.2508380800177048,12.270658625007671,0.081495218028638
186028,FIXED_DYNAMIC,3,0.9488465097020587,0.9998861331276162,0.0996030572925948,0.9832068476999856,12.270658625007671,0.081495218028638
186028,UNCORRECTED,4,0.0095943391918785,0.0663511180096236,0.0663511180096236,0.267846392645184,12.270658625007671,0.081495218028638
186028,STATIC,4,0.0419450119542661,0.0992233214029236,0.4165552087702495,0.3344649696598799,12.270658625007671,0.081495218028638
186028,WRONG_SEED,4,0.0199636678868547,0.1729887064466689,0.2686573725707047,0.2694844993384692,12.270658625007671,0.081495218028638
186028,FIXED_DYNAMIC,4,0.9416372868038344,0.9999023876217202,0.1002819140500857,0.9924021189681116,12.270658625007671,0.081495218028638
186029,UNCORRECTED,0,0.9999999999999868,0.999999999999987,0.999999999999987,,14.83805615973519,0.067394272486554
186029,STATIC,0,0.9999999999999868,0.999999999999987,0.999999999999987,,14.83805615973519,0.067394272486554
186029,WRONG_SEED,0,0.9999999999999868,0.999999999999987,0.999999999999987,,14.83805615973519,0.067394272486554
186029,FIXED_DYNAMIC,0,0.9999999999999868,0.999999999999987,0.999999999999987,,14.83805615973519,0.067394272486554
186029,UNCORRECTED,1,1.0188745552910314,0.3735007602179016,0.3735007602179016,1.0188745552910314,14.83805615973519,0.067394272486554
186029,STATIC,1,1.0188745552910314,0.5909682369871666,0.3735007602179016,1.0188745552910314,14.83805615973519,0.067394272486554
186029,WRONG_SEED,1,1.0188745552910314,0.0960577732744472,0.3735007602179016,1.0188745552910314,14.83805615973519,0.067394272486554
186029,FIXED_DYNAMIC,1,1.0188745552910312,0.9992115342878858,0.3735007602179016,1.0188745552910312,14.83805615973519,0.067394272486554
186029,UNCORRECTED,2,0.3983187715624926,0.3889449998387752,0.3889449998387752,0.3909399537892195,14.83805615973519,0.067394272486554
186029,STATIC,2,0.6695328785639725,0.4689789374480134,0.4804707787053346,0.6571298449716593,14.83805615973519,0.067394272486554
186029,WRONG_SEED,2,0.1793121939135102,0.4268564637915353,0.098229026848053,0.1759904523891944,14.83805615973519,0.067394272486554
186029,FIXED_DYNAMIC,2,1.0297643372089185,0.997410540530602,0.3857941782948912,1.0106880497322492,14.83805615973519,0.067394272486554
186029,UNCORRECTED,3,0.1682211402257096,0.394404623720951,0.394404623720951,0.4223279248573191,14.83805615973519,0.067394272486554
186029,STATIC,3,0.4090897269291146,0.3666991293505649,0.4838606404162054,0.6110076741959714,14.83805615973519,0.067394272486554
186029,WRONG_SEED,3,0.0908607276003486,0.3711977829048728,0.2277853942707386,0.5067180631573102,14.83805615973519,0.067394272486554
186029,FIXED_DYNAMIC,3,1.0724067930186072,0.9961685005992232,0.3898804828765699,1.0414099170740885,14.83805615973519,0.067394272486554
186029,UNCORRECTED,4,0.0720955524960026,0.3823590377341457,0.3823590377341457,0.4285760541110545,14.83805615973519,0.067394272486554
186029,STATIC,4,0.2272143078341474,0.2867441570074175,0.4546961585771004,0.5554143574803354,14.83805615973519,0.067394272486554
186029,WRONG_SEED,4,0.0381909671957178,0.274809562705516,0.2996634380208545,0.4203242501391304,14.83805615973519,0.067394272486554
186029,FIXED_DYNAMIC,4,1.1192172750963785,0.9947810341911936,0.3955655962069373,1.0436499305883689,14.83805615973519,0.067394272486554
186030,UNCORRECTED,0,0.9999999999999803,0.9999999999999802,0.9999999999999802,,13.880786273781824,0.0720420284756344
186030,STATIC,0,0.9999999999999803,0.9999999999999802,0.9999999999999802,,13.880786273781824,0.0720420284756344
186030,WRONG_SEED,0,0.9999999999999803,0.9999999999999802,0.9999999999999802,,13.880786273781824,0.0720420284756344
186030,FIXED_DYNAMIC,0,0.9999999999999803,0.9999999999999802,0.9999999999999802,,13.880786273781824,0.0720420284756344
186030,UNCORRECTED,1,0.9990485534405332,0.3383357469510998,0.3383357469510998,0.9990485534405332,13.880786273781824,0.0720420284756344
186030,STATIC,1,0.999048553440533,0.5371101295369501,0.3383357469510998,0.999048553440533,13.880786273781824,0.0720420284756344
186030,WRONG_SEED,1,0.999048553440533,0.0621667633371397,0.3383357469510998,0.999048553440533,13.880786273781824,0.0720420284756344
186030,FIXED_DYNAMIC,1,0.9990485534405332,0.9999970028871752,0.3383357469510998,0.9990485534405332,13.880786273781824,0.0720420284756344
186030,UNCORRECTED,2,0.4624426651509351,0.3941226024071968,0.3941226024071968,0.4628830736587941,13.880786273781824,0.0720420284756344
186030,STATIC,2,0.5467797981621793,0.5320562365153148,0.317198732712822,0.5473005253640206,13.880786273781824,0.0720420284756344
186030,WRONG_SEED,2,0.2596693525152573,0.0072251243890666,0.3341564264684998,0.2599166493169931,13.880786273781824,0.0720420284756344
186030,FIXED_DYNAMIC,2,0.9979470221771264,0.9999935641670528,0.3384010085023357,0.9988974196903316,13.880786273781824,0.0720420284756344
186030,UNCORRECTED,3,0.2264991376326102,0.1760616870461384,0.1760616870461384,0.4897885828909716,13.880786273781824,0.0720420284756344
186030,STATIC,3,0.303649931892288,0.534821253004388,0.2987777514834577,0.5553422655937484,13.880786273781824,0.0720420284756344
186030,WRONG_SEED,3,0.042215972142237,0.2035557247951415,0.0979150888365673,0.1625758747935162,13.880786273781824,0.0720420284756344
186030,FIXED_DYNAMIC,3,0.9951100290338978,0.9999953627902962,0.3380757452830434,0.9971571705910208,13.880786273781824,0.0720420284756344
186030,UNCORRECTED,4,0.0786281212735536,0.0587243626835436,0.0587243626835436,0.3471453449906045,13.880786273781824,0.0720420284756344
186030,STATIC,4,0.1727238630610335,0.5424357084211261,0.2977499477313152,0.5688256275397148,13.880786273781824,0.0720420284756344
186030,WRONG_SEED,4,0.0111500922146778,0.270600799631268,0.3051360828147377,0.2641202286448601,13.880786273781824,0.0720420284756344
186030,FIXED_DYNAMIC,4,0.9988731054445232,0.9999955299029,0.3373391382057408,1.0037815681691595,13.880786273781824,0.0720420284756344
186031,UNCORRECTED,0,0.999999999999982,0.999999999999982,0.999999999999982,,13.425160581514472,0.0744870047496428
186031,STATIC,0,0.999999999999982,0.999999999999982,0.999999999999982,,13.425160581514472,0.0744870047496428
186031,WRONG_SEED,0,0.999999999999982,0.999999999999982,0.999999999999982,,13.425160581514472,0.0744870047496428
186031,FIXED_DYNAMIC,0,0.999999999999982,0.999999999999982,0.999999999999982,,13.425160581514472,0.0744870047496428
186031,UNCORRECTED,1,1.0647222926055069,0.2221490331837018,0.2221490331837018,1.0647222926055069,13.425160581514472,0.0744870047496428
186031,STATIC,1,1.064722292605507,0.5868184679326782,0.2221490331837018,1.064722292605507,13.425160581514472,0.0744870047496428
186031,WRONG_SEED,1,1.064722292605507,0.0444454334561946,0.2221490331837018,1.064722292605507,13.425160581514472,0.0744870047496428
186031,FIXED_DYNAMIC,1,1.064722292605507,0.9986019219237956,0.2221490331837018,1.064722292605507,13.425160581514472,0.0744870047496428
186031,UNCORRECTED,2,0.4162274872769042,0.2418344092464837,0.2418344092464837,0.3909258688087925,13.425160581514472,0.0744870047496428
186031,STATIC,2,0.6803193870546307,0.5437275901187272,0.2537648731813521,0.6389641616217067,13.425160581514472,0.0744870047496428
186031,WRONG_SEED,2,0.1550294865607028,0.0760423383390816,0.4398035181043364,0.1456055608465977,13.425160581514472,0.0744870047496428
186031,FIXED_DYNAMIC,2,1.1307328371970369,0.996307962888536,0.2402601376572068,1.0619978984660634,13.425160581514472,0.0744870047496428
186031,UNCORRECTED,3,0.1711066231869067,0.3924717253102086,0.3924717253102086,0.4110891962141536,13.425160581514472,0.0744870047496428
186031,STATIC,3,0.4253535895938235,0.4962784357964785,0.3103162683824373,0.625226324117169,13.425160581514472,0.0744870047496428
186031,WRONG_SEED,3,0.0170142569096616,0.0387284451093518,0.1009139696689025,0.1097485213111222,13.425160581514472,0.0744870047496428
186031,FIXED_DYNAMIC,3,1.1964582404721096,0.9955176956893712,0.243884777849681,1.0581263770830076,13.425160581514472,0.0744870047496428
186031,UNCORRECTED,4,0.0721342035119205,0.059795473892633,0.059795473892633,0.4215745841300239,13.425160581514472,0.0744870047496428
186031,STATIC,4,0.2676081001214685,0.4355978151038477,0.3674786104190868,0.6291426866222056,13.425160581514472,0.0744870047496428
186031,WRONG_SEED,4,0.0013426224018428,0.0603760970744328,0.4570102753494225,0.0789116097735094,13.425160581514472,0.0744870047496428
186031,FIXED_DYNAMIC,4,1.2633403416003612,0.993553347463498,0.2542727514413939,1.055900071449081,13.425160581514472,0.0744870047496428
186032,UNCORRECTED,0,0.9999999999999788,0.9999999999999788,0.9999999999999788,,12.984701051951392,0.0770137099036025
186032,STATIC,0,0.9999999999999788,0.9999999999999788,0.9999999999999788,,12.984701051951392,0.0770137099036025
186032,WRONG_SEED,0,0.9999999999999788,0.9999999999999788,0.9999999999999788,,12.984701051951392,0.0770137099036025
186032,FIXED_DYNAMIC,0,0.9999999999999788,0.9999999999999788,0.9999999999999788,,12.984701051951392,0.0770137099036025
186032,UNCORRECTED,1,0.9759152051370196,0.0126916046425639,0.0126916046425639,0.9759152051370196,12.984701051951392,0.0770137099036025
186032,STATIC,1,0.9759152051370196,0.5260535903242196,0.0126916046425639,0.9759152051370196,12.984701051951392,0.0770137099036025
186032,WRONG_SEED,1,0.9759152051370196,0.0189000057398839,0.0126916046425639,0.9759152051370196,12.984701051951392,0.0770137099036025
186032,FIXED_DYNAMIC,1,0.9759152051370196,0.9999044785696144,0.0126916046425639,0.9759152051370196,12.984701051951392,0.0770137099036025
186032,UNCORRECTED,2,0.284961138458091,0.0132877062897209,0.0132877062897209,0.2919937479794425,12.984701051951392,0.0770137099036025
186032,STATIC,2,0.5400401162392978,0.442791591016637,0.0881005452711453,0.5533678678194831,12.984701051951392,0.0770137099036025
186032,WRONG_SEED,2,0.2674460074651009,0.0763150969209545,0.0947676035642242,0.2740463577750541,12.984701051951392,0.0770137099036025
186032,FIXED_DYNAMIC,2,0.9741140860063928,0.9999685464952892,0.0131607662049148,0.9981544307116365,12.984701051951392,0.0770137099036025
186032,UNCORRECTED,3,0.0724556287559336,0.4135175639337052,0.4135175639337052,0.2542649469607738,12.984701051951392,0.0770137099036025
186032,STATIC,3,0.2695817554116503,0.4113946961230303,0.148455645032636,0.4991883886125693,12.984701051951392,0.0770137099036025
186032,WRONG_SEED,3,0.0392303820947488,0.0142748509352447,0.0808104863560653,0.1466852411317635,12.984701051951392,0.0770137099036025
186032,FIXED_DYNAMIC,3,0.9781418686054282,0.9999781323620478,0.0156070386353958,1.0041348160927708,12.984701051951392,0.0770137099036025
186032,UNCORRECTED,4,0.0337540129916215,0.1621912736785041,0.1621912736785041,0.4658577058976582,12.984701051951392,0.0770137099036025
186032,STATIC,4,0.1319236566322835,0.395627741664124,0.1901000955881756,0.489364187241923,12.984701051951392,0.0770137099036025
186032,WRONG_SEED,4,0.0099540400466488,0.1102215705596075,0.2550979523252462,0.2537329364420303,12.984701051951392,0.0770137099036025
186032,FIXED_DYNAMIC,4,0.9742457634801543,0.9999796560769924,0.0173769837724252,0.9960168302264276,12.984701051951392,0.0770137099036025
186033,UNCORRECTED,0,0.9999999999999812,0.9999999999999816,0.9999999999999816,,13.73090623750291,0.0728284049649038
186033,STATIC,0,0.9999999999999812,0.9999999999999816,0.9999999999999816,,13.73090623750291,0.0728284049649038
186033,WRONG_SEED,0,0.9999999999999812,0.9999999999999816,0.9999999999999816,,13.73090623750291,0.0728284049649038
186033,FIXED_DYNAMIC,0,0.9999999999999812,0.9999999999999816,0.9999999999999816,,13.73090623750291,0.0728284049649038
186033,UNCORRECTED,1,1.0010489236268598,0.675331390655296,0.675331390655296,1.0010489236268598,13.73090623750291,0.0728284049649038
186033,STATIC,1,1.00104892362686,0.2456169262011317,0.675331390655296,1.00104892362686,13.73090623750291,0.0728284049649038
186033,WRONG_SEED,1,1.0010489236268598,0.2144695095216741,0.675331390655296,1.0010489236268598,13.73090623750291,0.0728284049649038
186033,FIXED_DYNAMIC,1,1.0010489236268598,0.9999525462487728,0.675331390655296,1.0010489236268598,13.73090623750291,0.0728284049649038
186033,UNCORRECTED,2,0.6922284385186409,0.6566628685749214,0.6566628685749214,0.6915031045741932,13.73090623750291,0.0728284049649038
186033,STATIC,2,0.3905644037190913,0.0221652020616292,0.4575512990549625,0.3901551607528289,13.73090623750291,0.0728284049649038
186033,WRONG_SEED,2,0.2307065283469731,0.1230250975820589,0.6253044818246084,0.2304647883852723,13.73090623750291,0.0728284049649038
186033,FIXED_DYNAMIC,2,1.0030726755888488,0.9999649904538748,0.6728548169480938,1.002021631425004,13.73090623750291,0.0728284049649038
186033,UNCORRECTED,3,0.4652320205005821,0.6450799652586524,0.6450799652586524,0.6720787454155446,13.73090623750291,0.0728284049649038
186033,STATIC,3,0.1796879334950656,0.0836446323263254,0.059501199276565,0.4600724791711827,13.73090623750291,0.0728284049649038
186033,WRONG_SEED,3,0.0358732866428225,0.1220631498174395,0.5250818586214148,0.1554931579086817,13.73090623750291,0.0728284049649038
186033,FIXED_DYNAMIC,3,0.9929923929205848,0.9999520774808446,0.6744565135762519,0.9899505958904076,13.73090623750291,0.0728284049649038
186033,UNCORRECTED,4,0.3133191787045443,0.6465705624670847,0.6465705624670847,0.6734686455317614,13.73090623750291,0.0728284049649038
186033,STATIC,4,0.0772530425727744,0.0982523433868778,0.1551367615673037,0.4299289388560302,13.73090623750291,0.0728284049649038
186033,WRONG_SEED,4,0.0073461200454923,0.1047445893467383,0.4591096292490436,0.2047796768283644,13.73090623750291,0.0728284049649038
186033,FIXED_DYNAMIC,4,1.001287581321372,0.9999217174881594,0.675235896999929,1.008353728044553,13.73090623750291,0.0728284049649038
186034,UNCORRECTED,0,0.9999999999999925,0.999999999999992,0.999999999999992,,10.19828840374186,0.0980556697762223
186034,STATIC,0,0.9999999999999925,0.999999999999992,0.999999999999992,,10.19828840374186,0.0980556697762223
186034,WRONG_SEED,0,0.9999999999999925,0.999999999999992,0.999999999999992,,10.19828840374186,0.0980556697762223
186034,FIXED_DYNAMIC,0,0.9999999999999925,0.999999999999992,0.999999999999992,,10.19828840374186,0.0980556697762223
186034,UNCORRECTED,1,1.0085291086338115,0.475186980206247,0.475186980206247,1.0085291086338115,10.19828840374186,0.0980556697762223
186034,STATIC,1,1.0085291086338115,0.3578333152549384,0.475186980206247,1.0085291086338115,10.19828840374186,0.0980556697762223
186034,WRONG_SEED,1,1.008529108633812,0.0244315380256003,0.475186980206247,1.008529108633812,10.19828840374186,0.0980556697762223
186034,FIXED_DYNAMIC,1,1.008529108633812,0.9999962816540384,0.475186980206247,1.008529108633812,10.19828840374186,0.0980556697762223
186034,UNCORRECTED,2,0.5483685211389437,0.41026350353351,0.41026350353351,0.5437309805383589,10.19828840374186,0.0980556697762223
186034,STATIC,2,0.4477171640314918,0.0893991299618565,0.5960116763699896,0.4439308297585793,10.19828840374186,0.0980556697762223
186034,WRONG_SEED,2,0.2449224578555143,0.1591210347084625,0.0628370754919141,0.2428511539813589,10.19828840374186,0.0980556697762223
186034,FIXED_DYNAMIC,2,1.0078725468991867,0.9998615104370008,0.4751846202597428,0.9993489907936102,10.19828840374186,0.0980556697762223
186034,UNCORRECTED,3,0.26317083993684,0.4041260190244495,0.4041260190244495,0.4799160232433456,10.19828840374186,0.0980556697762223
186034,STATIC,3,0.1328215327473611,0.1445537814354986,0.4423949827871093,0.2966639285198732,10.19828840374186,0.0980556697762223
186034,WRONG_SEED,3,0.043047281607268,0.0681697419642623,0.3122501610097651,0.1757588176444861,10.19828840374186,0.0980556697762223
186034,FIXED_DYNAMIC,3,1.009749494741023,0.9998677821316222,0.4755636029879248,1.0018622869008618,10.19828840374186,0.0980556697762223
186034,UNCORRECTED,4,0.125417024549124,0.4277170068368274,0.4277170068368274,0.4765612504000064,10.19828840374186,0.0980556697762223
186034,STATIC,4,0.0405951489567506,0.3192851354985675,0.0493779574978179,0.3056368053963361,10.19828840374186,0.0980556697762223
186034,WRONG_SEED,4,0.0111580611808944,0.1782574264324272,0.152473982566055,0.2592047805176286,10.19828840374186,0.0980556697762223
186034,FIXED_DYNAMIC,4,1.0176480300402349,0.9998970040192992,0.4760109667442327,1.0078222720985166,10.19828840374186,0.0980556697762223
186035,UNCORRECTED,0,0.999999999999989,0.999999999999989,0.999999999999989,,15.84322573241892,0.0631184593901071
186035,STATIC,0,0.999999999999989,0.999999999999989,0.999999999999989,,15.84322573241892,0.0631184593901071
186035,WRONG_SEED,0,0.999999999999989,0.999999999999989,0.999999999999989,,15.84322573241892,0.0631184593901071
186035,FIXED_DYNAMIC,0,0.999999999999989,0.999999999999989,0.999999999999989,,15.84322573241892,0.0631184593901071
186035,UNCORRECTED,1,0.9878150842958028,0.2332628503847953,0.2332628503847953,0.9878150842958028,15.84322573241892,0.0631184593901071
186035,STATIC,1,0.9878150842958028,0.593599846609755,0.2332628503847953,0.9878150842958028,15.84322573241892,0.0631184593901071
186035,WRONG_SEED,1,0.9878150842958028,0.0650615204375067,0.2332628503847953,0.9878150842958028,15.84322573241892,0.0631184593901071
186035,FIXED_DYNAMIC,1,0.9878150842958028,0.9999314284959424,0.2332628503847953,0.9878150842958028,15.84322573241892,0.0631184593901071
186035,UNCORRECTED,2,0.2595702803319364,0.2517290595487013,0.2517290595487013,0.2627721366666282,15.84322573241892,0.0631184593901071
186035,STATIC,2,0.5991323596948626,0.4570637275668906,0.2184172606810228,0.6065227887484302,15.84322573241892,0.0631184593901071
186035,WRONG_SEED,2,0.149007761942356,0.1484582064119849,0.3243930340586747,0.1508458053650593,15.84322573241892,0.0631184593901071
186035,FIXED_DYNAMIC,2,0.9761076547126736,0.9998155242805148,0.2317944115179529,0.9881481567053758,15.84322573241892,0.0631184593901071
186035,UNCORRECTED,3,0.0695442744234614,0.3251746834264103,0.3251746834264103,0.2679207894467956,15.84322573241892,0.0631184593901071
186035,STATIC,3,0.3206152398653378,0.2965632946226495,0.1806185271688067,0.5351325707538496,15.84322573241892,0.0631184593901071
186035,WRONG_SEED,3,0.0286781888577904,0.1055823244627437,0.2815865853203656,0.192461040176434,15.84322573241892,0.0631184593901071
186035,FIXED_DYNAMIC,3,0.9569139724859136,0.99979465785913,0.2338325996526573,0.9803365109021498,15.84322573241892,0.0631184593901071
186035,UNCORRECTED,4,0.0236169623229699,0.3140356792755386,0.3140356792755386,0.3395960705429235,15.84322573241892,0.0631184593901071
186035,STATIC,4,0.1466712408660679,0.1043855376697005,0.1290477292776325,0.45746808831566,15.84322573241892,0.0631184593901071
186035,WRONG_SEED,4,0.0041313387823032,0.1380737156346572,0.3218156758132816,0.1440585666963898,15.84322573241892,0.0631184593901071
186035,FIXED_DYNAMIC,4,0.9367353867154856,0.9996809479729863,0.2333048354208208,0.9789128528262389,15.84322573241892,0.0631184593901071
186036,UNCORRECTED,0,0.9999999999999868,0.9999999999999868,0.9999999999999868,,11.21905895241293,0.0891340355943949
186036,STATIC,0,0.9999999999999868,0.9999999999999868,0.9999999999999868,,11.21905895241293,0.0891340355943949
186036,WRONG_SEED,0,0.9999999999999868,0.9999999999999868,0.9999999999999868,,11.21905895241293,0.0891340355943949
186036,FIXED_DYNAMIC,0,0.9999999999999868,0.9999999999999868,0.9999999999999868,,11.21905895241293,0.0891340355943949
186036,UNCORRECTED,1,0.9772856247755254,0.1593498331846721,0.1593498331846721,0.9772856247755254,11.21905895241293,0.0891340355943949
186036,STATIC,1,0.9772856247755254,0.6296281428495235,0.1593498331846721,0.9772856247755254,11.21905895241293,0.0891340355943949
186036,WRONG_SEED,1,0.9772856247755254,0.2226511573966511,0.1593498331846721,0.9772856247755254,11.21905895241293,0.0891340355943949
186036,FIXED_DYNAMIC,1,0.9772856247755252,0.999884324533514,0.1593498331846721,0.9772856247755252,11.21905895241293,0.0891340355943949
186036,UNCORRECTED,2,0.600847969320963,0.2762143029181012,0.2762143029181012,0.6148130639483873,11.21905895241293,0.0891340355943949
186036,STATIC,2,0.6502296770585332,0.4615142160045367,0.2761088526058244,0.6653425166341486,11.21905895241293,0.0891340355943949
186036,WRONG_SEED,2,0.2780432772076947,0.10571531692858,0.0239002257881465,0.2845056451859252,11.21905895241293,0.0891340355943949
186036,FIXED_DYNAMIC,2,0.9667161944714676,0.9997825162971627,0.1516148664026015,0.9891849117227132,11.21905895241293,0.0891340355943949
186036,UNCORRECTED,3,0.264627268319911,0.2857603670318785,0.2857603670318785,0.4404230052054078,11.21905895241293,0.0891340355943949
186036,STATIC,3,0.3986594090628753,0.2813900214674036,0.3845202167599947,0.61310552736734,11.21905895241293,0.0891340355943949
186036,WRONG_SEED,3,0.052785728602958,0.2865137506823968,0.3706115241412576,0.1898471674376263,11.21905895241293,0.0891340355943949
186036,FIXED_DYNAMIC,3,0.9457313086087026,0.9999211084282796,0.1594799078828206,0.9782926095758112,11.21905895241293,0.0891340355943949
186036,UNCORRECTED,4,0.0994743282982897,0.0296395302938284,0.0296395302938284,0.3759035451253236,11.21905895241293,0.0891340355943949
186036,STATIC,4,0.2435581916904599,0.0989731339018478,0.4300351537321421,0.6109430409857419,11.21905895241293,0.0891340355943949
186036,WRONG_SEED,4,0.017826840670234,0.0456969895410926,0.1918500108001545,0.3377208412584175,11.21905895241293,0.0891340355943949
186036,FIXED_DYNAMIC,4,0.9224094092740586,0.9998593709821236,0.1597786045530828,0.9753398252523048,11.21905895241293,0.0891340355943949
186037,UNCORRECTED,0,0.9999999999999812,0.9999999999999812,0.9999999999999812,,10.660024534237571,0.0938084144917506
186037,STATIC,0,0.9999999999999812,0.9999999999999812,0.9999999999999812,,10.660024534237571,0.0938084144917506
186037,WRONG_SEED,0,0.9999999999999812,0.9999999999999812,0.9999999999999812,,10.660024534237571,0.0938084144917506
186037,FIXED_DYNAMIC,0,0.9999999999999812,0.9999999999999812,0.9999999999999812,,10.660024534237571,0.0938084144917506
186037,UNCORRECTED,1,0.9914287518500337,0.0280563606437558,0.0280563606437558,0.9914287518500337,10.660024534237571,0.0938084144917506
186037,STATIC,1,0.9914287518500337,0.5613517079506667,0.0280563606437558,0.9914287518500337,10.660024534237571,0.0938084144917506
186037,WRONG_SEED,1,0.9914287518500337,0.136596717231969,0.0280563606437558,0.9914287518500337,10.660024534237571,0.0938084144917506
186037,FIXED_DYNAMIC,1,0.9914287518500334,0.999991685871898,0.0280563606437558,0.9914287518500334,10.660024534237571,0.0938084144917506
186037,UNCORRECTED,2,0.1595207840994842,0.2223138310915823,0.2223138310915823,0.1608998970443523,10.660024534237571,0.0938084144917506
186037,STATIC,2,0.5703995810775252,0.4957601013380326,0.0146972354983541,0.5753308848599891,10.660024534237571,0.0938084144917506
186037,WRONG_SEED,2,0.1647260807799658,0.210175860778429,0.0298247822551454,0.1661501953343387,10.660024534237571,0.0938084144917506
186037,FIXED_DYNAMIC,2,0.9861261839314448,0.9999588655375088,0.0286802230905134,0.9946515895280296,10.660024534237571,0.0938084144917506
186037,UNCORRECTED,3,0.0502501315317058,0.0144695547354479,0.0144695547354479,0.3150067987401674,10.660024534237571,0.0938084144917506
186037,STATIC,3,0.2997303670171203,0.4717149249378451,0.0245159214055993,0.5254743813992616,10.660024534237571,0.0938084144917506
186037,WRONG_SEED,3,0.0391570040002839,0.0097913731469652,0.2189403683179065,0.2377098017197641,10.660024534237571,0.0938084144917506
186037,FIXED_DYNAMIC,3,0.9877144362093836,0.999953619092538,0.0273167881509994,1.0016105974101488,10.660024534237571,0.0938084144917506
186037,UNCORRECTED,4,0.0112750941553545,0.0421992152386574,0.0421992152386574,0.224379395867575,10.660024534237571,0.0938084144917506
186037,STATIC,4,0.1523562139796657,0.4640999163145081,0.0424403238001747,0.5083109045502676,10.660024534237571,0.0938084144917506
186037,WRONG_SEED,4,0.0045031740857233,0.0515896449730586,0.0589615256359793,0.1150030294883786,10.660024534237571,0.0938084144917506
186037,FIXED_DYNAMIC,4,0.9886830998732492,0.999929133129576,0.024268572303234,1.000980712266963,10.660024534237571,0.0938084144917506
186038,UNCORRECTED,0,0.9999999999999626,0.9999999999999626,0.9999999999999626,,8.844390041144742,0.1130660221166093
186038,STATIC,0,0.9999999999999626,0.9999999999999626,0.9999999999999626,,8.844390041144742,0.1130660221166093
186038,WRONG_SEED,0,0.9999999999999626,0.9999999999999626,0.9999999999999626,,8.844390041144742,0.1130660221166093
186038,FIXED_DYNAMIC,0,0.9999999999999626,0.9999999999999626,0.9999999999999626,,8.844390041144742,0.1130660221166093
186038,UNCORRECTED,1,1.0180302609509382,0.2567634300739231,0.2567634300739231,1.0180302609509382,8.844390041144742,0.1130660221166093
186038,STATIC,1,1.0180302609509382,0.6788261767459116,0.2567634300739231,1.0180302609509382,8.844390041144742,0.1130660221166093
186038,WRONG_SEED,1,1.018030260950938,0.0365087351142879,0.2567634300739231,1.018030260950938,8.844390041144742,0.1130660221166093
186038,FIXED_DYNAMIC,1,1.0180302609509382,0.9999636712592346,0.2567634300739231,1.0180302609509382,8.844390041144742,0.1130660221166093
186038,UNCORRECTED,2,0.3799640790409477,0.1039792982184264,0.1039792982184264,0.373234562483448,8.844390041144742,0.1130660221166093
186038,STATIC,2,0.722303052402259,0.582603693385515,0.2314537902207773,0.7095103948359373,8.844390041144742,0.1130660221166093
186038,WRONG_SEED,2,0.1248502013251167,0.1188176715377961,0.3206613085185327,0.1226389883621829,8.844390041144742,0.1130660221166093
186038,FIXED_DYNAMIC,2,1.038379772105973,0.9999263725888424,0.2553565106939658,1.0199891024221504,8.844390041144742,0.1130660221166093
186038,UNCORRECTED,3,0.0692796534415214,0.0918754907590755,0.0918754907590755,0.1823321131207471,8.844390041144742,0.1130660221166093
186038,STATIC,3,0.4592580797634851,0.4999372044576282,0.2158162477909103,0.6358246420751593,8.844390041144742,0.1130660221166093
186038,WRONG_SEED,3,0.0181017423523822,0.0174099415126645,0.2485423273071632,0.1449876905303413,8.844390041144742,0.1130660221166093
186038,FIXED_DYNAMIC,3,1.0557557216671194,0.9999609638003818,0.2564223643686693,1.0167337134523216,8.844390041144742,0.1130660221166093
186038,UNCORRECTED,4,0.0098689635982274,0.1378574739378699,0.1378574739378699,0.1424511109391221,8.844390041144742,0.1130660221166093
186038,STATIC,4,0.2617130414757144,0.4196026620214577,0.1968404528710498,0.5698605054710711,8.844390041144742,0.1130660221166093
186038,WRONG_SEED,4,0.0032119308224831,0.1284557612913112,0.3135510338752438,0.1774376609693482,8.844390041144742,0.1130660221166093
186038,FIXED_DYNAMIC,4,1.0460452472227375,0.9999531149178348,0.2545726722694882,0.9908023473184826,8.844390041144742,0.1130660221166093
186039,UNCORRECTED,0,0.9999999999999808,0.999999999999981,0.999999999999981,,10.912953345943544,0.0916342229550261
186039,STATIC,0,0.9999999999999808,0.999999999999981,0.999999999999981,,10.912953345943544,0.0916342229550261
186039,WRONG_SEED,0,0.9999999999999808,0.999999999999981,0.999999999999981,,10.912953345943544,0.0916342229550261
186039,FIXED_DYNAMIC,0,0.9999999999999808,0.999999999999981,0.999999999999981,,10.912953345943544,0.0916342229550261
186039,UNCORRECTED,1,1.012766853829747,0.3223491342908839,0.3223491342908839,1.012766853829747,10.912953345943544,0.0916342229550261
186039,STATIC,1,1.012766853829747,0.5419172977905323,0.3223491342908839,1.012766853829747,10.912953345943544,0.0916342229550261
186039,WRONG_SEED,1,1.012766853829747,0.1972635855307705,0.3223491342908839,1.012766853829747,10.912953345943544,0.0916342229550261
186039,FIXED_DYNAMIC,1,1.012766853829747,0.9999522311712516,0.3223491342908839,1.012766853829747,10.912953345943544,0.0916342229550261
186039,UNCORRECTED,2,0.3712202061715206,0.3461263364131505,0.3461263364131505,0.3665406354559844,10.912953345943544,0.0916342229550261
186039,STATIC,2,0.5819307594205034,0.3971363786407846,0.2945205012048708,0.5745949891822969,10.912953345943544,0.0916342229550261
186039,WRONG_SEED,2,0.230881090254168,0.2267370494413169,0.2567403299205763,0.2279706226374745,10.912953345943544,0.0916342229550261
186039,FIXED_DYNAMIC,2,1.0524211072959575,0.9999208604496712,0.3196828283529773,1.0391543752801933,10.912953345943544,0.0916342229550261
186039,UNCORRECTED,3,0.1419151479649314,0.3607595645224482,0.3607595645224482,0.3822937049373678,10.912953345943544,0.0916342229550261
186039,STATIC,3,0.2558987467560278,0.2917729134089363,0.2711026840084074,0.4397408843121606,10.912953345943544,0.0916342229550261
186039,WRONG_SEED,3,0.0547133528606476,0.2026885367787814,0.3045350353693289,0.2369763275130558,10.912953345943544,0.0916342229550261
186039,FIXED_DYNAMIC,3,1.0797433629710305,0.9999423627980704,0.321971903155996,1.0259613338098603,10.912953345943544,0.0916342229550261
186039,UNCORRECTED,4,0.0570918005555454,0.3772599469233529,0.3772599469233529,0.4022953248771277,10.912953345943544,0.0916342229550261
186039,STATIC,4,0.0917310525820767,0.1913357809214274,0.2382571850685234,0.358466204875656,10.912953345943544,0.0916342229550261
186039,WRONG_SEED,4,0.0124574081651838,0.2016990978667266,0.3106600625367988,0.2276849711058264,10.912953345943544,0.0916342229550261
186039,FIXED_DYNAMIC,4,1.1313350439468055,0.9999314930030097,0.3235431180964023,1.047781429129414,10.912953345943544,0.0916342229550261
186040,UNCORRECTED,0,0.9999999999999916,0.9999999999999912,0.9999999999999912,,11.844594263869377,0.0844266994480661
186040,STATIC,0,0.9999999999999916,0.9999999999999912,0.9999999999999912,,11.844594263869377,0.0844266994480661
186040,WRONG_SEED,0,0.9999999999999916,0.9999999999999912,0.9999999999999912,,11.844594263869377,0.0844266994480661
186040,FIXED_DYNAMIC,0,0.9999999999999916,0.9999999999999912,0.9999999999999912,,11.844594263869377,0.0844266994480661
186040,UNCORRECTED,1,0.9924133054856809,0.4862188555989565,0.4862188555989565,0.9924133054856809,11.844594263869377,0.0844266994480661
186040,STATIC,1,0.9924133054856809,0.7251079350487656,0.4862188555989565,0.9924133054856809,11.844594263869377,0.0844266994480661
186040,WRONG_SEED,1,0.9924133054856809,0.2339249335172885,0.4862188555989565,0.9924133054856809,11.844594263869377,0.0844266994480661
186040,FIXED_DYNAMIC,1,0.9924133054856809,0.999942346251428,0.4862188555989565,0.9924133054856809,11.844594263869377,0.0844266994480661
186040,UNCORRECTED,2,0.5162510471204975,0.450493284996854,0.450493284996854,0.5201976276082304,11.844594263869377,0.0844266994480661
186040,STATIC,2,0.7369298164609643,0.6968753956748149,0.4927001785331147,0.7425634182729033,11.844594263869377,0.0844266994480661
186040,WRONG_SEED,2,0.2838258125241263,0.3619994434886475,0.3800360819458109,0.2859955735732719,11.844594263869377,0.0844266994480661
186040,FIXED_DYNAMIC,2,1.0162276653816371,0.99983221363298,0.4802074245597215,1.0239964133535002,11.844594263869377,0.0844266994480661
186040,UNCORRECTED,3,0.2391954600417117,0.4579457781184562,0.4579457781184562,0.4633316704651207,11.844594263869377,0.0844266994480661
186040,STATIC,3,0.521552850182433,0.6801117356451987,0.4932662420220475,0.7077374785663242,11.844594263869377,0.0844266994480661
186040,WRONG_SEED,3,0.1086862460692382,0.2113403302740774,0.4018698573268371,0.3829329161525653,11.844594263869377,0.0844266994480661
186040,FIXED_DYNAMIC,3,1.0226433441912457,0.9997815692163048,0.4807667876260291,1.006313229828466,11.844594263869377,0.0844266994480661
186040,UNCORRECTED,4,0.1139259088650839,0.4488173450952252,0.4488173450952252,0.4762879230450824,11.844594263869377,0.0844266994480661
186040,STATIC,4,0.361238556861737,0.6691272387048115,0.486284651260613,0.6926211921483588,11.844594263869377,0.0844266994480661
186040,WRONG_SEED,4,0.0267124261975222,0.3282050957189666,0.3750218226305934,0.2457755894936608,11.844594263869377,0.0844266994480661
186040,FIXED_DYNAMIC,4,1.0269336301340573,0.999336739666509,0.4765027299763628,1.0041952905352316,11.844594263869377,0.0844266994480661
186041,UNCORRECTED,0,0.999999999999978,0.9999999999999782,0.9999999999999782,,12.17407061447816,0.0821417939543348
186041,STATIC,0,0.999999999999978,0.9999999999999782,0.9999999999999782,,12.17407061447816,0.0821417939543348
186041,WRONG_SEED,0,0.999999999999978,0.9999999999999782,0.9999999999999782,,12.17407061447816,0.0821417939543348
186041,FIXED_DYNAMIC,0,0.999999999999978,0.9999999999999782,0.9999999999999782,,12.17407061447816,0.0821417939543348
186041,UNCORRECTED,1,0.9907709243405456,0.4486386595366271,0.4486386595366271,0.9907709243405456,12.17407061447816,0.0821417939543348
186041,STATIC,1,0.9907709243405456,0.6912906274310652,0.4486386595366271,0.9907709243405456,12.17407061447816,0.0821417939543348
186041,WRONG_SEED,1,0.9907709243405456,0.1432008263422019,0.4486386595366271,0.9907709243405456,12.17407061447816,0.0821417939543348
186041,FIXED_DYNAMIC,1,0.9907709243405456,0.9996252451488608,0.4486386595366271,0.9907709243405456,12.17407061447816,0.0821417939543348
186041,UNCORRECTED,2,0.5592000661161108,0.2820165421643566,0.2820165421643566,0.5644090398477333,12.17407061447816,0.0821417939543348
186041,STATIC,2,0.706320085335873,0.6080571168753494,0.4324730477006553,0.7128994886542337,12.17407061447816,0.0821417939543348
186041,WRONG_SEED,2,0.1810097786805421,0.0250749130153212,0.2073330025961251,0.1826958928987725,12.17407061447816,0.0821417939543348
186041,FIXED_DYNAMIC,2,0.9879126569884432,0.9989957973189284,0.4460768663537731,0.9971151077591152,12.17407061447816,0.0821417939543348
186041,UNCORRECTED,3,0.21836460573905,0.237216336106837,0.237216336106837,0.390494599286583,12.17407061447816,0.0821417939543348
186041,STATIC,3,0.4695229530635367,0.5520424747181326,0.4118790554160503,0.6647452943947533,12.17407061447816,0.0821417939543348
186041,WRONG_SEED,3,0.0236274040572563,0.1575904436957664,0.0045484302846133,0.1305310919083145,12.17407061447816,0.0821417939543348
186041,FIXED_DYNAMIC,3,0.9814258215585684,0.9985008053163474,0.4485105229435815,0.993433796617536,12.17407061447816,0.0821417939543348
186041,UNCORRECTED,4,0.0783406154331005,0.2338995618839237,0.2338995618839237,0.358760592944771,12.17407061447816,0.0821417939543348
186041,STATIC,4,0.2992504765160428,0.514876112307225,0.3996970675650823,0.6373500476674964,12.17407061447816,0.0821417939543348
186041,WRONG_SEED,4,0.0050779362314115,0.0683757523314856,0.2488454106758489,0.214917229971665,12.17407061447816,0.0821417939543348
186041,FIXED_DYNAMIC,4,0.9758138134509204,0.998712081038184,0.4486916014823804,0.9942817806660542,12.17407061447816,0.0821417939543348
186042,UNCORRECTED,0,0.9999999999999888,0.9999999999999888,0.9999999999999888,,7.553900920321913,0.1323819322688941
186042,STATIC,0,0.9999999999999888,0.9999999999999888,0.9999999999999888,,7.553900920321913,0.1323819322688941
186042,WRONG_SEED,0,0.9999999999999888,0.9999999999999888,0.9999999999999888,,7.553900920321913,0.1323819322688941
186042,FIXED_DYNAMIC,0,0.9999999999999888,0.9999999999999888,0.9999999999999888,,7.553900920321913,0.1323819322688941
186042,UNCORRECTED,1,0.9967221864035488,0.3532072161897565,0.3532072161897565,0.9967221864035488,7.553900920321913,0.1323819322688941
186042,STATIC,1,0.9967221864035486,0.656693804625881,0.3532072161897565,0.9967221864035486,7.553900920321913,0.1323819322688941
186042,WRONG_SEED,1,0.9967221864035488,0.0724853869993152,0.3532072161897565,0.9967221864035488,7.553900920321913,0.1323819322688941
186042,FIXED_DYNAMIC,1,0.9967221864035488,0.9999516803799888,0.3532072161897565,0.9967221864035488,7.553900920321913,0.1323819322688941
186042,UNCORRECTED,2,0.3843150771176311,0.3488932856786188,0.3488932856786188,0.3855789329866756,7.553900920321913,0.1323819322688941
186042,STATIC,2,0.6601939713398991,0.6186108239230025,0.3815070452129916,0.6623650806069197,7.553900920321913,0.1323819322688941
186042,WRONG_SEED,2,0.1949756159141258,0.1875988669200289,0.0258064313989658,0.1956168113580876,7.553900920321913,0.1323819322688941
186042,FIXED_DYNAMIC,2,0.9913054089806028,0.9999292448471704,0.3536255417509391,0.9945654090007744,7.553900920321913,0.1323819322688941
186042,UNCORRECTED,3,0.147929074195686,0.2556291861641782,0.2556291861641782,0.3849161352324557,7.553900920321913,0.1323819322688941
186042,STATIC,3,0.4082215264835647,0.5960728132927003,0.3875865745862276,0.6183357379878074,7.553900920321913,0.1323819322688941
186042,WRONG_SEED,3,0.0392498614634923,0.1203841230650109,0.3388182831223257,0.2013065135323234,7.553900920321913,0.1323819322688941
186042,FIXED_DYNAMIC,3,0.9686793158162544,0.9996460582690528,0.3545117386180312,0.9771754567670254,7.553900920321913,0.1323819322688941
186042,UNCORRECTED,4,0.049215478365902,0.2042478679209576,0.2042478679209576,0.3326964535774372,7.553900920321913,0.1323819322688941
186042,STATIC,4,0.2456644629896962,0.5900548685603606,0.3832004021551938,0.6017920345990873,7.553900920321913,0.1323819322688941
186042,WRONG_SEED,4,0.0085368536011345,0.1004628563685459,0.1491679982026263,0.217500222493079,7.553900920321913,0.1323819322688941
186042,FIXED_DYNAMIC,4,0.9505858537600992,0.9997273238939596,0.3501826258496942,0.9813215150145744,7.553900920321913,0.1323819322688941
186043,UNCORRECTED,0,0.9999999999999876,0.9999999999999876,0.9999999999999876,,14.338315292761836,0.0697432006188898
186043,STATIC,0,0.9999999999999876,0.9999999999999876,0.9999999999999876,,14.338315292761836,0.0697432006188898
186043,WRONG_SEED,0,0.9999999999999876,0.9999999999999876,0.9999999999999876,,14.338315292761836,0.0697432006188898
186043,FIXED_DYNAMIC,0,0.9999999999999876,0.9999999999999876,0.9999999999999876,,14.338315292761836,0.0697432006188898
186043,UNCORRECTED,1,1.0009434809172535,0.1828752371853457,0.1828752371853457,1.0009434809172535,14.338315292761836,0.0697432006188898
186043,STATIC,1,1.0009434809172535,0.5745232459226327,0.1828752371853457,1.0009434809172535,14.338315292761836,0.0697432006188898
186043,WRONG_SEED,1,1.0009434809172535,0.2036985383171395,0.1828752371853457,1.0009434809172535,14.338315292761836,0.0697432006188898
186043,FIXED_DYNAMIC,1,1.000943480917254,0.99996978509778,0.1828752371853457,1.000943480917254,14.338315292761836,0.0697432006188898
186043,UNCORRECTED,2,0.3163974096542519,0.1913910595861092,0.1913910595861092,0.3160991761136252,14.338315292761836,0.0697432006188898
186043,STATIC,2,0.6106262487434665,0.4578467925796847,0.2723824247658651,0.6100506775706134,14.338315292761836,0.0697432006188898
186043,WRONG_SEED,2,0.3271543540889317,0.1516334325774545,0.613901757374464,0.3268459811428383,14.338315292761836,0.0697432006188898
186043,FIXED_DYNAMIC,2,0.9898763225151138,0.9999638724782016,0.1844291166413673,0.9889432734083942,14.338315292761836,0.0697432006188898
186043,UNCORRECTED,3,0.0772861938323828,0.2138800122891866,0.2138800122891866,0.2442693633833333,14.338315292761836,0.0697432006188898
186043,STATIC,3,0.3380064954663698,0.3961896350279576,0.361815221723304,0.553540723416174,14.338315292761836,0.0697432006188898
186043,WRONG_SEED,3,0.0913743852301534,0.140392796600269,0.6224381063865206,0.2793005322659143,14.338315292761836,0.0697432006188898
186043,FIXED_DYNAMIC,3,0.985158899084422,0.9999156846420724,0.1858093432619582,0.995234330467954,14.338315292761836,0.0697432006188898
186043,UNCORRECTED,4,0.024574439079514,0.4639191554966714,0.4639191554966714,0.3179667397362956,14.338315292761836,0.0697432006188898
186043,STATIC,4,0.1843426882961348,0.3681021642637646,0.4030125694058963,0.5453820881216451,14.338315292761836,0.0697432006188898
186043,WRONG_SEED,4,0.0296103414099742,0.1098526251698624,0.6332126630066767,0.3240551642058968,14.338315292761836,0.0697432006188898
186043,FIXED_DYNAMIC,4,0.9833782111617612,0.9999436484276774,0.185153315361997,0.998192486588379,14.338315292761836,0.0697432006188898
186044,UNCORRECTED,0,0.9999999999999932,0.9999999999999932,0.9999999999999932,,4.323405508390279,0.231299145559983
186044,STATIC,0,0.9999999999999932,0.9999999999999932,0.9999999999999932,,4.323405508390279,0.231299145559983
186044,WRONG_SEED,0,0.9999999999999932,0.9999999999999932,0.9999999999999932,,4.323405508390279,0.231299145559983
186044,FIXED_DYNAMIC,0,0.9999999999999932,0.9999999999999932,0.9999999999999932,,4.323405508390279,0.231299145559983
186044,UNCORRECTED,1,1.0774862287896303,0.6909334052148268,0.6909334052148268,1.0774862287896303,4.323405508390279,0.231299145559983
186044,STATIC,1,1.0774862287896303,0.5837848736391249,0.6909334052148268,1.0774862287896303,4.323405508390279,0.231299145559983
186044,WRONG_SEED,1,1.0774862287896303,0.0348520045969581,0.6909334052148268,1.0774862287896303,4.323405508390279,0.231299145559983
186044,FIXED_DYNAMIC,1,1.0774862287896303,0.9999004408972963,0.6909334052148268,1.0774862287896303,4.323405508390279,0.231299145559983
186044,UNCORRECTED,2,0.8017377789981791,0.7111875168758672,0.7111875168758672,0.7440816945742201,4.323405508390279,0.231299145559983
186044,STATIC,2,0.6717950444060805,0.5543533825077263,0.6941625097038278,0.6234836478241786,4.323405508390279,0.231299145559983
186044,WRONG_SEED,2,0.0635637660534101,0.0605895098646531,0.3725028518216194,0.0589926482167783,4.323405508390279,0.231299145559983
186044,FIXED_DYNAMIC,2,1.1679691510656898,0.9999105571158234,0.6908825879624876,1.0839759431335787,4.323405508390279,0.231299145559983
186044,UNCORRECTED,3,0.5898264478736504,0.7036409035814424,0.7036409035814424,0.7356849874414922,4.323405508390279,0.231299145559983
186044,STATIC,3,0.3848660590030584,0.5468434670258998,0.6858412086874317,0.5728920780344641,4.323405508390279,0.231299145559983
186044,WRONG_SEED,3,0.0051114795367604,0.1574995359791952,0.534944031221622,0.0804149888234264,4.323405508390279,0.231299145559983
186044,FIXED_DYNAMIC,3,1.223274971989807,0.99985518110271,0.6848183898795102,1.0473521247317596,4.323405508390279,0.231299145559983
186044,UNCORRECTED,4,0.420227468036465,0.7091612290186328,0.7091612290186328,0.7124595201713965,4.323405508390279,0.231299145559983
186044,STATIC,4,0.2142726671584993,0.544386033972483,0.689509640328811,0.5567460734613459,4.323405508390279,0.231299145559983
186044,WRONG_SEED,4,0.0008284277292762,0.0596632243814416,0.6747068106008156,0.1620720034810486,4.323405508390279,0.231299145559983
186044,FIXED_DYNAMIC,4,1.2594326296454497,0.9999565915973012,0.6891036862003037,1.0295580785052936,4.323405508390279,0.231299145559983
186045,UNCORRECTED,0,0.999999999999992,0.999999999999992,0.999999999999992,,10.326008054450789,0.0968428452434687
186045,STATIC,0,0.999999999999992,0.999999999999992,0.999999999999992,,10.326008054450789,0.0968428452434687
186045,WRONG_SEED,0,0.999999999999992,0.999999999999992,0.999999999999992,,10.326008054450789,0.0968428452434687
186045,FIXED_DYNAMIC,0,0.999999999999992,0.999999999999992,0.999999999999992,,10.326008054450789,0.0968428452434687
186045,UNCORRECTED,1,1.0228029455109438,0.1310446319985691,0.1310446319985691,1.0228029455109438,10.326008054450789,0.0968428452434687
186045,STATIC,1,1.022802945510944,0.7451702288179637,0.1310446319985691,1.022802945510944,10.326008054450789,0.0968428452434687
186045,WRONG_SEED,1,1.0228029455109438,0.0307753365756306,0.1310446319985691,1.0228029455109438,10.326008054450789,0.0968428452434687
186045,FIXED_DYNAMIC,1,1.0228029455109438,0.9998847990845988,0.1310446319985691,1.0228029455109438,10.326008054450789,0.0968428452434687
186045,UNCORRECTED,2,0.3884563780155511,0.3083596722681022,0.3083596722681022,0.3797959125171405,10.326008054450789,0.0968428452434687
186045,STATIC,2,0.7708501561073683,0.709825404935355,0.1394896314406602,0.753664388131266,10.326008054450789,0.0968428452434687
186045,WRONG_SEED,2,0.1274663807154272,0.3936204067923133,0.4488536059293249,0.1246245733597786,10.326008054450789,0.0968428452434687
186045,FIXED_DYNAMIC,2,1.0299976422405428,0.9998386869643942,0.1335210338845572,1.00703429410442,10.326008054450789,0.0968428452434687
186045,UNCORRECTED,3,0.1722434786355858,0.2439053601561202,0.2439053601561202,0.4434049442449541,10.326008054450789,0.0968428452434687
186045,STATIC,3,0.5469172360809533,0.702561910064369,0.1350605351939747,0.709498768013183,10.326008054450789,0.0968428452434687
186045,WRONG_SEED,3,0.0523581984117786,0.103554328397257,0.2672870580377735,0.4107608462553485,10.326008054450789,0.0968428452434687
186045,FIXED_DYNAMIC,3,1.0100082435333633,0.999794953561426,0.1354003126601947,0.9805927723643088,10.326008054450789,0.0968428452434687
186045,UNCORRECTED,4,0.0782021126807979,0.3216798111836319,0.3216798111836319,0.4540207460988745,10.326008054450789,0.0968428452434687
186045,STATIC,4,0.3842391348998607,0.7000185287894745,0.1341771607615858,0.7025544443492012,10.326008054450789,0.0968428452434687
186045,WRONG_SEED,4,0.0086183094935754,0.2874865370538948,0.012238372301994,0.1646028655492336,10.326008054450789,0.0968428452434687
186045,FIXED_DYNAMIC,4,0.9856634469665352,0.9996929103791384,0.1373875895453053,0.9758964377541424,10.326008054450789,0.0968428452434687
186046,UNCORRECTED,0,0.9999999999999838,0.999999999999984,0.999999999999984,,11.929563082584329,0.0838253667026467
186046,STATIC,0,0.9999999999999838,0.999999999999984,0.999999999999984,,11.929563082584329,0.0838253667026467
186046,WRONG_SEED,0,0.9999999999999838,0.999999999999984,0.999999999999984,,11.929563082584329,0.0838253667026467
186046,FIXED_DYNAMIC,0,0.9999999999999838,0.999999999999984,0.999999999999984,,11.929563082584329,0.0838253667026467
186046,UNCORRECTED,1,1.0251641212102491,0.396059543197255,0.396059543197255,1.0251641212102491,11.929563082584329,0.0838253667026467
186046,STATIC,1,1.0251641212102491,0.4299614923545641,0.396059543197255,1.0251641212102491,11.929563082584329,0.0838253667026467
186046,WRONG_SEED,1,1.0251641212102491,0.2313380446861954,0.396059543197255,1.0251641212102491,11.929563082584329,0.0838253667026467
186046,FIXED_DYNAMIC,1,1.0251641212102491,0.9985834605486468,0.396059543197255,1.0251641212102491,11.929563082584329,0.0838253667026467
186046,UNCORRECTED,2,0.4944422675950722,0.1743834652032417,0.1743834652032417,0.4823054741823725,11.929563082584329,0.0838253667026467
186046,STATIC,2,0.4486940572884013,0.3966442454260704,0.3877723077592432,0.4376802192010896,11.929563082584329,0.0838253667026467
186046,WRONG_SEED,2,0.320388264147001,0.285664063905337,0.1770281246678705,0.3125238754637298,11.929563082584329,0.0838253667026467
186046,FIXED_DYNAMIC,2,1.0298181887963838,0.9935637027733644,0.3694819296797417,1.0045398268334091,11.929563082584329,0.0838253667026467
186046,UNCORRECTED,3,0.1931227068964592,0.0839033319270114,0.0839033319270114,0.3905869695076563,11.929563082584329,0.0838253667026467
186046,STATIC,3,0.185899429804223,0.3874716787183703,0.40688067770244,0.4143122173885359,11.929563082584329,0.0838253667026467
186046,WRONG_SEED,3,0.097481601011732,0.2755765325895528,0.3162549709243575,0.304260835743348,11.929563082584329,0.0838253667026467
186046,FIXED_DYNAMIC,3,1.0380817308957138,0.9902657333248992,0.3636113997895797,1.008024272817488,11.929563082584329,0.0838253667026467
186046,UNCORRECTED,4,0.0650466235311321,0.4299473249837356,0.4299473249837356,0.3368149948623119,11.929563082584329,0.0838253667026467
186046,STATIC,4,0.0730485074961687,0.3873096550277892,0.4073881019317808,0.392946377367011,11.929563082584329,0.0838253667026467
186046,WRONG_SEED,4,0.0321611636545195,0.2827413593722682,0.2398751608835662,0.3299203472319209,11.929563082584329,0.0838253667026467
186046,FIXED_DYNAMIC,4,1.0703520768050403,0.982458543700423,0.330776061751241,1.0310865175148254,11.929563082584329,0.0838253667026467
186047,UNCORRECTED,0,0.999999999999982,0.9999999999999822,0.9999999999999822,,7.761303761539742,0.1288443321797786
186047,STATIC,0,0.999999999999982,0.9999999999999822,0.9999999999999822,,7.761303761539742,0.1288443321797786
186047,WRONG_SEED,0,0.999999999999982,0.9999999999999822,0.9999999999999822,,7.761303761539742,0.1288443321797786
186047,FIXED_DYNAMIC,0,0.999999999999982,0.9999999999999822,0.9999999999999822,,7.761303761539742,0.1288443321797786
186047,UNCORRECTED,1,0.9902647446374104,0.2116844803617975,0.2116844803617975,0.9902647446374104,7.761303761539742,0.1288443321797786
186047,STATIC,1,0.9902647446374104,0.5649930328368934,0.2116844803617975,0.9902647446374104,7.761303761539742,0.1288443321797786
186047,WRONG_SEED,1,0.9902647446374104,0.0842209553058375,0.2116844803617975,0.9902647446374104,7.761303761539742,0.1288443321797786
186047,FIXED_DYNAMIC,1,0.9902647446374104,0.999931950824803,0.2116844803617975,0.9902647446374104,7.761303761539742,0.1288443321797786
186047,UNCORRECTED,2,0.3278055408828931,0.0505230354955331,0.0505230354955331,0.331028184794072,7.761303761539742,0.1288443321797786
186047,STATIC,2,0.5782399889567331,0.5306829678721217,0.25592716968822,0.5839246444832767,7.761303761539742,0.1288443321797786
186047,WRONG_SEED,2,0.2326323917096341,0.1863554471228371,0.1378490348158129,0.2349193919801812,7.761303761539742,0.1288443321797786
186047,FIXED_DYNAMIC,2,0.9876188529678228,0.9997429421579992,0.2067751836759162,0.9973280966691648,7.761303761539742,0.1288443321797786
186047,UNCORRECTED,3,0.1782364887622072,0.1733462950154708,0.1733462950154708,0.5437262844372469,7.761303761539742,0.1288443321797786
186047,STATIC,3,0.3331800453619652,0.5031560419897506,0.285201244294496,0.5761968243723198,7.761303761539742,0.1288443321797786
186047,WRONG_SEED,3,0.0469199519507389,0.2869533661426306,0.0246641057334557,0.2016913964814481,7.761303761539742,0.1288443321797786
186047,FIXED_DYNAMIC,3,0.9698940547957076,0.9996137758358062,0.2047939276921938,0.9820529973492614,7.761303761539742,0.1288443321797786
186047,UNCORRECTED,4,0.0875170884909394,0.1444744761158369,0.1444744761158369,0.4910166773296956,7.761303761539742,0.1288443321797786
186047,STATIC,4,0.188596841184949,0.4839965553207377,0.3039662860732725,0.5660508299050389,7.761303761539742,0.1288443321797786
186047,WRONG_SEED,4,0.016583647614862,0.2125040932935401,0.1794789475268728,0.3534455370343696,7.761303761539742,0.1288443321797786
186047,FIXED_DYNAMIC,4,0.964419554991596,0.9994485660246172,0.2034184191932534,0.9943555692737156,7.761303761539742,0.1288443321797786
186048,UNCORRECTED,0,0.9999999999999892,0.9999999999999892,0.9999999999999892,,7.096070327226181,0.1409230678229323
186048,STATIC,0,0.9999999999999892,0.9999999999999892,0.9999999999999892,,7.096070327226181,0.1409230678229323
186048,WRONG_SEED,0,0.9999999999999892,0.9999999999999892,0.9999999999999892,,7.096070327226181,0.1409230678229323
186048,FIXED_DYNAMIC,0,0.9999999999999892,0.9999999999999892,0.9999999999999892,,7.096070327226181,0.1409230678229323
186048,UNCORRECTED,1,0.9295698898449024,0.3961962385315134,0.3961962385315134,0.9295698898449024,7.096070327226181,0.1409230678229323
186048,STATIC,1,0.9295698898449024,0.4533444614708618,0.3961962385315134,0.9295698898449024,7.096070327226181,0.1409230678229323
186048,WRONG_SEED,1,0.9295698898449024,0.0055117844401987,0.3961962385315134,0.9295698898449024,7.096070327226181,0.1409230678229323
186048,FIXED_DYNAMIC,1,0.9295698898449026,0.9986721460079848,0.3961962385315134,0.9295698898449026,7.096070327226181,0.1409230678229323
186048,UNCORRECTED,2,0.377727245756838,0.2957405311475148,0.2957405311475148,0.4063462574286446,7.096070327226181,0.1409230678229323
186048,STATIC,2,0.4181575293974851,0.4266261037100532,0.3623046249732509,0.4498397957653826,7.096070327226181,0.1409230678229323
186048,WRONG_SEED,2,0.2368721995542741,0.1957564523388643,0.1207836873890147,0.2548191396278909,7.096070327226181,0.1409230678229323
186048,FIXED_DYNAMIC,2,0.83637969534904,0.9994499002441316,0.4079788739323939,0.8997491253600941,7.096070327226181,0.1409230678229323
186048,UNCORRECTED,3,0.1180028841600435,0.2948831963500916,0.2948831963500916,0.3124023630426823,7.096070327226181,0.1409230678229323
186048,STATIC,3,0.1937427046026984,0.4238246508387018,0.3483287501719573,0.463324682642576,7.096070327226181,0.1409230678229323
186048,WRONG_SEED,3,0.0523491259232515,0.1302046289893433,0.4230649796886085,0.2210015612712477,7.096070327226181,0.1409230678229323
186048,FIXED_DYNAMIC,3,0.8419328371892012,0.9998809255558592,0.4155144153405243,1.00663949862847,7.096070327226181,0.1409230678229323
186048,UNCORRECTED,4,0.0406703961627189,0.26352333812749,0.26352333812749,0.3446559501677538,7.096070327226181,0.1409230678229323
186048,STATIC,4,0.0859217339428173,0.4258240532737798,0.336948741312165,0.4434837126848686,7.096070327226181,0.1409230678229323
186048,WRONG_SEED,4,0.0140681627252354,0.2030764721320078,0.238449864388849,0.2687372993745431,7.096070327226181,0.1409230678229323
186048,FIXED_DYNAMIC,4,0.8291949780764448,0.9998302348197128,0.4113886876686743,0.9848706944899636,7.096070327226181,0.1409230678229323
186049,UNCORRECTED,0,0.9999999999999856,0.9999999999999856,0.9999999999999856,,28.46481728114409,0.0351310879716203
186049,STATIC,0,0.9999999999999856,0.9999999999999856,0.9999999999999856,,28.46481728114409,0.0351310879716203
186049,WRONG_SEED,0,0.9999999999999856,0.9999999999999856,0.9999999999999856,,28.46481728114409,0.0351310879716203
186049,FIXED_DYNAMIC,0,0.9999999999999856,0.9999999999999856,0.9999999999999856,,28.46481728114409,0.0351310879716203
186049,UNCORRECTED,1,0.9997934042977744,0.257049072592721,0.257049072592721,0.9997934042977744,28.46481728114409,0.0351310879716203
186049,STATIC,1,0.9997934042977744,0.7765638235693301,0.257049072592721,0.9997934042977744,28.46481728114409,0.0351310879716203
186049,WRONG_SEED,1,0.9997934042977744,0.0739003855325528,0.257049072592721,0.9997934042977744,28.46481728114409,0.0351310879716203
186049,FIXED_DYNAMIC,1,0.999793404297774,0.9999916034347348,0.257049072592721,0.999793404297774,28.46481728114409,0.0351310879716203
186049,UNCORRECTED,2,0.3137528963396523,0.0630799805882278,0.0630799805882278,0.313817729733893,28.46481728114409,0.0351310879716203
186049,STATIC,2,0.7941904260312093,0.7224481919030061,0.2511328062599315,0.7943545362644335,28.46481728114409,0.0351310879716203
186049,WRONG_SEED,2,0.3655566943582022,0.0974688949631121,0.1087349449197809,0.3656322324060072,28.46481728114409,0.0351310879716203
186049,FIXED_DYNAMIC,2,0.99942692551589,0.9999438841786992,0.255527373639458,0.9996334454895148,28.46481728114409,0.0351310879716203
186049,UNCORRECTED,3,0.0678751344286199,0.0264129930784635,0.0264129930784635,0.2163330927633532,28.46481728114409,0.0351310879716203
186049,STATIC,3,0.6116086078912566,0.670942774379203,0.2433010100722011,0.7701032244214073,28.46481728114409,0.0351310879716203
186049,WRONG_SEED,3,0.074124866791316,0.1141080042307463,0.189098123142759,0.2027725601399589,28.46481728114409,0.0351310879716203
186049,FIXED_DYNAMIC,3,0.999314012419886,0.999916013962799,0.2543450146336668,0.9998870221592636,28.46481728114409,0.0351310879716203
186049,UNCORRECTED,4,0.016557748732349,0.1003234632696219,0.1003234632696219,0.243944249565476,28.46481728114409,0.0351310879716203
186049,STATIC,4,0.4596553036766928,0.6227287047776576,0.2363321346535843,0.7515513969980099,28.46481728114409,0.0351310879716203
186049,WRONG_SEED,4,0.0211178443015054,0.0139246459891343,0.0049690412940753,0.2848955447158441,28.46481728114409,0.0351310879716203
186049,FIXED_DYNAMIC,4,1.0005588892926212,0.9998819993277124,0.2533355814864389,1.0012457314290093,28.46481728114409,0.0351310879716203
186050,UNCORRECTED,0,0.9999999999999826,0.9999999999999823,0.9999999999999823,,17.825404188893007,0.0560997096841754
186050,STATIC,0,0.9999999999999826,0.9999999999999823,0.9999999999999823,,17.825404188893007,0.0560997096841754
186050,WRONG_SEED,0,0.9999999999999826,0.9999999999999823,0.9999999999999823,,17.825404188893007,0.0560997096841754
186050,FIXED_DYNAMIC,0,0.9999999999999826,0.9999999999999823,0.9999999999999823,,17.825404188893007,0.0560997096841754
186050,UNCORRECTED,1,0.996060629513494,0.1801504347010638,0.1801504347010638,0.996060629513494,17.825404188893007,0.0560997096841754
186050,STATIC,1,0.996060629513494,0.7026106247992832,0.1801504347010638,0.996060629513494,17.825404188893007,0.0560997096841754
186050,WRONG_SEED,1,0.9960606295134942,0.0270829537861165,0.1801504347010638,0.9960606295134942,17.825404188893007,0.0560997096841754
186050,FIXED_DYNAMIC,1,0.996060629513494,0.9999814105342704,0.1801504347010638,0.996060629513494,17.825404188893007,0.0560997096841754
186050,UNCORRECTED,2,0.4072487977517872,0.2986816088205744,0.2986816088205744,0.4088594465888012,17.825404188893007,0.0560997096841754
186050,STATIC,2,0.7145516955035455,0.6537770726602267,0.1885718931222121,0.7173777120902184,17.825404188893007,0.0560997096841754
186050,WRONG_SEED,2,0.2278465368283982,0.059680898622752,0.1235192601370291,0.2287476586035544,17.825404188893007,0.0560997096841754
186050,FIXED_DYNAMIC,2,0.9993075505641802,0.9999780585540496,0.1853470919295185,1.003259762462707,17.825404188893007,0.0560997096841754
186050,UNCORRECTED,3,0.251874463184546,0.3152359844513206,0.3152359844513206,0.6184781012860089,17.825404188893007,0.0560997096841754
186050,STATIC,3,0.5012613404409865,0.618884267188683,0.2130754154789154,0.7015046547300329,17.825404188893007,0.0560997096841754
186050,WRONG_SEED,3,0.0261945855766783,0.0389710383434939,0.2260926501632075,0.1149659149588247,17.825404188893007,0.0560997096841754
186050,FIXED_DYNAMIC,3,1.0072949619870764,0.9999550850543872,0.1849266132373862,1.0079929461339194,17.825404188893007,0.0560997096841754
186050,UNCORRECTED,4,0.1339530556505025,0.3150053213752853,0.3150053213752853,0.5318246794727548,17.825404188893007,0.0560997096841754
186050,STATIC,4,0.3531556707461862,0.5909151153692108,0.2386982547444025,0.7045340269718068,17.825404188893007,0.0560997096841754
186050,WRONG_SEED,4,0.0079402057602982,0.0068997777765797,0.2749720552642665,0.3031239313578715,17.825404188893007,0.0560997096841754
186050,FIXED_DYNAMIC,4,1.0144641645240118,0.9999119377097232,0.1848431048898806,1.0071172822335728,17.825404188893007,0.0560997096841754
186051,UNCORRECTED,0,0.9999999999999836,0.9999999999999832,0.9999999999999832,,10.504335951662757,0.0951987831121963
186051,STATIC,0,0.9999999999999836,0.9999999999999832,0.9999999999999832,,10.504335951662757,0.0951987831121963
186051,WRONG_SEED,0,0.9999999999999836,0.9999999999999832,0.9999999999999832,,10.504335951662757,0.0951987831121963
186051,FIXED_DYNAMIC,0,0.9999999999999836,0.9999999999999832,0.9999999999999832,,10.504335951662757,0.0951987831121963
186051,UNCORRECTED,1,1.0100656192282695,0.4501286784786536,0.4501286784786536,1.0100656192282695,10.504335951662757,0.0951987831121963
186051,STATIC,1,1.0100656192282695,0.6153710392625534,0.4501286784786536,1.0100656192282695,10.504335951662757,0.0951987831121963
186051,WRONG_SEED,1,1.0100656192282695,0.0955441143823063,0.4501286784786536,1.0100656192282695,10.504335951662757,0.0951987831121963
186051,FIXED_DYNAMIC,1,1.010065619228269,0.9999546098585644,0.4501286784786536,1.010065619228269,10.504335951662757,0.0951987831121963
186051,UNCORRECTED,2,0.4986624265887684,0.29668589653903,0.29668589653903,0.493693099830245,10.504335951662757,0.0951987831121963
186051,STATIC,2,0.6401262744876458,0.5246072439771798,0.5136876115327862,0.6337472163211706,10.504335951662757,0.0951987831121963
186051,WRONG_SEED,2,0.1301843389539243,0.0604674349275245,0.1243280166210382,0.1288870113739623,10.504335951662757,0.0951987831121963
186051,FIXED_DYNAMIC,2,1.0212449102582153,0.99992677673994,0.4515724083528301,1.01106788590475,10.504335951662757,0.0951987831121963
186051,UNCORRECTED,3,0.1798148878729383,0.2204394016214725,0.2204394016214725,0.3605944187594068,10.504335951662757,0.0951987831121963
186051,STATIC,3,0.3575480803928669,0.4615739009678038,0.5360343804896819,0.5585586698171976,10.504335951662757,0.0951987831121963
186051,WRONG_SEED,3,0.0163545120580069,0.0329698256654397,0.0925087044939613,0.1256258025306191,10.504335951662757,0.0951987831121963
186051,FIXED_DYNAMIC,3,1.0320055454089212,0.9999002825258524,0.4525359499169706,1.0105367821593043,10.504335951662757,0.0951987831121963
186051,UNCORRECTED,4,0.0541355774754444,0.1402779419968072,0.1402779419968072,0.301062821414949,10.504335951662757,0.0951987831121963
186051,STATIC,4,0.1809122355603024,0.426862484106936,0.5270935357193366,0.505980161777155,10.504335951662757,0.0951987831121963
186051,WRONG_SEED,4,0.0019743705817024,0.022505051262653,0.1647815032665401,0.1207232948740755,10.504335951662757,0.0951987831121963
186051,FIXED_DYNAMIC,4,1.0388486148586884,0.9998982629023044,0.4522752115732396,1.006630845619186,10.504335951662757,0.0951987831121963
186052,UNCORRECTED,0,0.999999999999982,0.999999999999982,0.999999999999982,,9.44049052798509,0.10592669915145
186052,STATIC,0,0.999999999999982,0.999999999999982,0.999999999999982,,9.44049052798509,0.10592669915145
186052,WRONG_SEED,0,0.999999999999982,0.999999999999982,0.999999999999982,,9.44049052798509,0.10592669915145
186052,FIXED_DYNAMIC,0,0.999999999999982,0.999999999999982,0.999999999999982,,9.44049052798509,0.10592669915145
186052,UNCORRECTED,1,0.9843248037264296,0.6197411693867657,0.6197411693867657,0.9843248037264296,9.44049052798509,0.10592669915145
186052,STATIC,1,0.9843248037264296,0.5680871322422433,0.6197411693867657,0.9843248037264296,9.44049052798509,0.10592669915145
186052,WRONG_SEED,1,0.9843248037264298,0.1847381615537688,0.6197411693867657,0.9843248037264298,9.44049052798509,0.10592669915145
186052,FIXED_DYNAMIC,1,0.9843248037264296,0.9999565203278388,0.6197411693867657,0.9843248037264296,9.44049052798509,0.10592669915145
186052,UNCORRECTED,2,0.646710317551675,0.6068727703169142,0.6068727703169142,0.6570090635767433,9.44049052798509,0.10592669915145
186052,STATIC,2,0.5687716415675913,0.5267599519922116,0.6298932133649724,0.5778292281311422,9.44049052798509,0.10592669915145
186052,WRONG_SEED,2,0.1922588485678622,0.2925171142111066,0.6138522667370161,0.1953205363107893,9.44049052798509,0.10592669915145
186052,FIXED_DYNAMIC,2,0.9928186637707012,0.9999832930863012,0.620339402259788,1.0086291232447844,9.44049052798509,0.10592669915145
186052,UNCORRECTED,3,0.395415191364967,0.629026494797954,0.629026494797954,0.6114255187112593,9.44049052798509,0.10592669915145
186052,STATIC,3,0.2952953952554886,0.5024807781207825,0.6230245324236259,0.5191809395447632,9.44049052798509,0.10592669915145
186052,WRONG_SEED,3,0.0579479674890293,0.3203055523521371,0.5939237555004206,0.3014059842794171,9.44049052798509,0.10592669915145
186052,FIXED_DYNAMIC,3,0.9502808746015704,0.9995192603659164,0.6126408728454543,0.9571545230550051,9.44049052798509,0.10592669915145
186052,UNCORRECTED,4,0.2433430688399671,0.6385476357487452,0.6385476357487452,0.6154115323691528,9.44049052798509,0.10592669915145
186052,STATIC,4,0.1464732483467947,0.4922761753792235,0.6283921486546884,0.4960227985270737,9.44049052798509,0.10592669915145
186052,WRONG_SEED,4,0.0179348627863015,0.2956559117927798,0.6063856897106051,0.3094994279081737,9.44049052798509,0.10592669915145
186052,FIXED_DYNAMIC,4,0.88933805023088,0.9995372849466624,0.6174212189806563,0.9358686194792052,9.44049052798509,0.10592669915145
186053,UNCORRECTED,0,0.9999999999999898,0.99999999999999,0.99999999999999,,12.88384169853751,0.0776166009640975
186053,STATIC,0,0.9999999999999898,0.99999999999999,0.99999999999999,,12.88384169853751,0.0776166009640975
186053,WRONG_SEED,0,0.9999999999999898,0.99999999999999,0.99999999999999,,12.88384169853751,0.0776166009640975
186053,FIXED_DYNAMIC,0,0.9999999999999898,0.99999999999999,0.99999999999999,,12.88384169853751,0.0776166009640975
186053,UNCORRECTED,1,0.9756287979491396,0.4428836387187482,0.4428836387187482,0.9756287979491396,12.88384169853751,0.0776166009640975
186053,STATIC,1,0.9756287979491396,0.5705167290071417,0.4428836387187482,0.9756287979491396,12.88384169853751,0.0776166009640975
186053,WRONG_SEED,1,0.9756287979491396,0.2632781339849186,0.4428836387187482,0.9756287979491396,12.88384169853751,0.0776166009640975
186053,FIXED_DYNAMIC,1,0.9756287979491396,0.9998566334597612,0.4428836387187482,0.9756287979491396,12.88384169853751,0.0776166009640975
186053,UNCORRECTED,2,0.4650239486621869,0.3702782172987813,0.3702782172987813,0.4766402443631273,12.88384169853751,0.0776166009640975
186053,STATIC,2,0.5590511518785554,0.5035420997768422,0.4128213988579886,0.5730162466029353,12.88384169853751,0.0776166009640975
186053,WRONG_SEED,2,0.3471713797847314,0.0865564435609953,0.5234845522528845,0.3558437189579824,12.88384169853751,0.0776166009640975
186053,FIXED_DYNAMIC,2,0.9577224775445314,0.9996145793066818,0.4415854018125083,0.9816463798093508,12.88384169853751,0.0776166009640975
186053,UNCORRECTED,3,0.1777423497580818,0.3985109711488082,0.3985109711488082,0.3822219269984254,12.88384169853751,0.0776166009640975
186053,STATIC,3,0.2856832911584401,0.4871787634867693,0.3923220237901097,0.5110145828310447,12.88384169853751,0.0776166009640975
186053,WRONG_SEED,3,0.0856519539126487,0.1203809758421255,0.4073198611875012,0.2467137526306344,12.88384169853751,0.0776166009640975
186053,FIXED_DYNAMIC,3,0.9409710582325826,0.9996377165445132,0.4397787072123069,0.9825091091576892,12.88384169853751,0.0776166009640975
186053,UNCORRECTED,4,0.0758977059383622,0.3938078851295892,0.3938078851295892,0.4270096915094194,12.88384169853751,0.0776166009640975
186053,STATIC,4,0.1436120426215051,0.4859230687262467,0.3837875573449361,0.502696682186613,12.88384169853751,0.0776166009640975
186053,WRONG_SEED,4,0.0211364993189401,0.4900040197607236,0.0154708053336607,0.2467719456872345,12.88384169853751,0.0776166009640975
186053,FIXED_DYNAMIC,4,0.9461683136888313,0.9998997011266272,0.4365560149464338,1.005523289383629,12.88384169853751,0.0776166009640975
186054,UNCORRECTED,0,0.9999999999999882,0.9999999999999885,0.9999999999999885,,7.686592971804028,0.1300966505795472
186054,STATIC,0,0.9999999999999882,0.9999999999999885,0.9999999999999885,,7.686592971804028,0.1300966505795472
186054,WRONG_SEED,0,0.9999999999999882,0.9999999999999885,0.9999999999999885,,7.686592971804028,0.1300966505795472
186054,FIXED_DYNAMIC,0,0.9999999999999882,0.9999999999999885,0.9999999999999885,,7.686592971804028,0.1300966505795472
186054,UNCORRECTED,1,1.0169113109050625,0.4053905136759165,0.4053905136759165,1.0169113109050625,7.686592971804028,0.1300966505795472
186054,STATIC,1,1.0169113109050625,0.3579127967961154,0.4053905136759165,1.0169113109050625,7.686592971804028,0.1300966505795472
186054,WRONG_SEED,1,1.016911310905062,0.3012404525130314,0.4053905136759165,1.016911310905062,7.686592971804028,0.1300966505795472
186054,FIXED_DYNAMIC,1,1.0169113109050625,0.9997145613631327,0.4053905136759165,1.0169113109050625,7.686592971804028,0.1300966505795472
186054,UNCORRECTED,2,0.4663955230351103,0.3497766627551841,0.3497766627551841,0.4586393307200091,7.686592971804028,0.1300966505795472
186054,STATIC,2,0.3733321369676306,0.2982420151681454,0.3947338221040674,0.3671235957001565,7.686592971804028,0.1300966505795472
186054,WRONG_SEED,2,0.3503005139252464,0.3254911545256115,0.3201772132795717,0.3444749902658385,7.686592971804028,0.1300966505795472
186054,FIXED_DYNAMIC,2,1.045040253330149,0.9949942042312444,0.3858922093435527,1.0276611560157,7.686592971804028,0.1300966505795472
186054,UNCORRECTED,3,0.1834744329189981,0.3651401479792482,0.3651401479792482,0.3933880662597645,7.686592971804028,0.1300966505795472
186054,STATIC,3,0.1228210388905003,0.2706210444719294,0.3942742634473686,0.3289859798518914,7.686592971804028,0.1300966505795472
186054,WRONG_SEED,3,0.1323668167587305,0.3323216116898397,0.3295123158164992,0.3778664646406225,7.686592971804028,0.1300966505795472
186054,FIXED_DYNAMIC,3,1.1002635434097403,0.9961266358803929,0.3880830570266462,1.052843218147438,7.686592971804028,0.1300966505795472
186054,UNCORRECTED,4,0.0753501879096332,0.365241884924632,0.365241884924632,0.4106849478199214,7.686592971804028,0.1300966505795472
186054,STATIC,4,0.0379537946593176,0.2614384237160601,0.3992019905160876,0.3090170462826916,7.686592971804028,0.1300966505795472
186054,WRONG_SEED,4,0.0510108157910162,0.3341010733157942,0.3307610971955036,0.3853746508385924,7.686592971804028,0.1300966505795472
186054,FIXED_DYNAMIC,4,1.1373807751958316,0.9935354944488812,0.3879362521866824,1.033734855624728,7.686592971804028,0.1300966505795472
186055,UNCORRECTED,0,0.99999999999999,0.99999999999999,0.99999999999999,,13.393238628432076,0.0746645399027774
186055,STATIC,0,0.99999999999999,0.99999999999999,0.99999999999999,,13.393238628432076,0.0746645399027774
186055,WRONG_SEED,0,0.99999999999999,0.99999999999999,0.99999999999999,,13.393238628432076,0.0746645399027774
186055,FIXED_DYNAMIC,0,0.99999999999999,0.99999999999999,0.99999999999999,,13.393238628432076,0.0746645399027774
186055,UNCORRECTED,1,1.007282920725688,0.0105129053056474,0.0105129053056474,1.007282920725688,13.393238628432076,0.0746645399027774
186055,STATIC,1,1.007282920725688,0.6493938089535509,0.0105129053056474,1.007282920725688,13.393238628432076,0.0746645399027774
186055,WRONG_SEED,1,1.007282920725688,0.0403079850200639,0.0105129053056474,1.007282920725688,13.393238628432076,0.0746645399027774
186055,FIXED_DYNAMIC,1,1.007282920725688,0.9999732912417646,0.0105129053056474,1.007282920725688,13.393238628432076,0.0746645399027774
186055,UNCORRECTED,2,0.3311895728668307,0.1979353684901966,0.1979353684901966,0.3287949850556633,13.393238628432076,0.0746645399027774
186055,STATIC,2,0.6687458766733675,0.60724022252193,0.0410263046776375,0.6639106679100336,13.393238628432076,0.0746645399027774
186055,WRONG_SEED,2,0.3162256434044869,0.0188030262634722,0.0218424713097939,0.313939248743205,13.393238628432076,0.0746645399027774
186055,FIXED_DYNAMIC,2,1.016499582301758,0.9999183051749814,0.0144925613902421,1.009150022686198,13.393238628432076,0.0746645399027774
186055,UNCORRECTED,3,0.238867223803216,0.242385629323531,0.242385629323531,0.7212401698988752,13.393238628432076,0.0746645399027774
186055,STATIC,3,0.4282964519172985,0.5704184288142563,0.0899947474854698,0.6404472414062944,13.393238628432076,0.0746645399027774
186055,WRONG_SEED,3,0.0385388842794891,0.0475679260300305,0.194562984046688,0.1218714708414477,13.393238628432076,0.0746645399027774
186055,FIXED_DYNAMIC,3,1.029452280463445,0.9999021308143324,0.0148865914158246,1.01274245300952,13.393238628432076,0.0746645399027774
186055,UNCORRECTED,4,0.1353482406494874,0.2266161300779218,0.2266161300779218,0.5666254184834693,13.393238628432076,0.0746645399027774
186055,STATIC,4,0.2711628295299368,0.5294444040194601,0.1406968847568009,0.6331194860850505,13.393238628432076,0.0746645399027774
186055,WRONG_SEED,4,0.0025762500474423,0.1439361919410927,0.2811055972337908,0.0668480703478168,13.393238628432076,0.0746645399027774
186055,FIXED_DYNAMIC,4,1.0404858198347666,0.9998400656116136,0.0163927978294966,1.010717873553444,13.393238628432076,0.0746645399027774
186056,UNCORRECTED,0,0.9999999999999808,0.9999999999999808,0.9999999999999808,,11.3556380050625,0.0880619829158145
186056,STATIC,0,0.9999999999999808,0.9999999999999808,0.9999999999999808,,11.3556380050625,0.0880619829158145
186056,WRONG_SEED,0,0.9999999999999808,0.9999999999999808,0.9999999999999808,,11.3556380050625,0.0880619829158145
186056,FIXED_DYNAMIC,0,0.9999999999999808,0.9999999999999808,0.9999999999999808,,11.3556380050625,0.0880619829158145
186056,UNCORRECTED,1,1.0003301538977731,0.099578633451563,0.099578633451563,1.0003301538977731,11.3556380050625,0.0880619829158145
186056,STATIC,1,1.000330153897773,0.6800859442324,0.099578633451563,1.000330153897773,11.3556380050625,0.0880619829158145
186056,WRONG_SEED,1,1.0003301538977731,0.0936456232021785,0.099578633451563,1.0003301538977731,11.3556380050625,0.0880619829158145
186056,FIXED_DYNAMIC,1,1.0003301538977731,0.9999846491512016,0.099578633451563,1.0003301538977731,11.3556380050625,0.0880619829158145
186056,UNCORRECTED,2,0.2777951082617271,0.0313424969036833,0.0313424969036833,0.2777034233940633,11.3556380050625,0.0880619829158145
186056,STATIC,2,0.68947815671735,0.6313832028630196,0.1040377960429278,0.6892505979458826,11.3556380050625,0.0880619829158145
186056,WRONG_SEED,2,0.1949393255781147,0.0289195704362856,0.1222499242187443,0.1948749868416267,11.3556380050625,0.0880619829158145
186056,FIXED_DYNAMIC,2,0.9880791406844518,0.999943265540654,0.0968398805820111,0.9877530301714844,11.3556380050625,0.0880619829158145
186056,UNCORRECTED,3,0.0933461965161511,0.0198872373722462,0.0198872373722462,0.3360253429235971,11.3556380050625,0.0880619829158145
186056,STATIC,3,0.4617289067545606,0.5965461212904434,0.1175490532610084,0.669678803100694,11.3556380050625,0.0880619829158145
186056,WRONG_SEED,3,0.0335232040274055,0.1370457256212906,0.0726085564705888,0.1719673746073829,11.3556380050625,0.0880619829158145
186056,FIXED_DYNAMIC,3,0.9880689207696522,0.999928674941504,0.0977469906744143,0.9999896567851724,11.3556380050625,0.0880619829158145
186056,UNCORRECTED,4,0.0275904633253053,0.0213153806019016,0.0213153806019016,0.2955713714647801,11.3556380050625,0.0880619829158145
186056,STATIC,4,0.3030813505813736,0.572384931320915,0.1310567794821026,0.6564054061758552,11.3556380050625,0.0880619829158145
186056,WRONG_SEED,4,0.0060620933892499,0.1719957266946191,0.00891158724241,0.180832756448061,11.3556380050625,0.0880619829158145
186056,FIXED_DYNAMIC,4,0.9912581232435832,0.9999135367198284,0.101033775329907,1.003227712568297,11.3556380050625,0.0880619829158145
186057,UNCORRECTED,0,0.999999999999988,0.9999999999999882,0.9999999999999882,,14.315867721879714,0.0698525593716985
186057,STATIC,0,0.999999999999988,0.9999999999999882,0.9999999999999882,,14.315867721879714,0.0698525593716985
186057,WRONG_SEED,0,0.999999999999988,0.9999999999999882,0.9999999999999882,,14.315867721879714,0.0698525593716985
186057,FIXED_DYNAMIC,0,0.999999999999988,0.9999999999999882,0.9999999999999882,,14.315867721879714,0.0698525593716985
186057,UNCORRECTED,1,1.0121547008272092,0.4892816135334311,0.4892816135334311,1.0121547008272092,14.315867721879714,0.0698525593716985
186057,STATIC,1,1.0121547008272092,0.2998840857779959,0.4892816135334311,1.0121547008272092,14.315867721879714,0.0698525593716985
186057,WRONG_SEED,1,1.0121547008272092,0.3379963458139702,0.4892816135334311,1.0121547008272092,14.315867721879714,0.0698525593716985
186057,FIXED_DYNAMIC,1,1.0121547008272092,0.9995617037098544,0.4892816135334311,1.0121547008272092,14.315867721879714,0.0698525593716985
186057,UNCORRECTED,2,0.5538280014016174,0.3245445895707058,0.3245445895707058,0.5471772259210779,14.315867721879714,0.0698525593716985
186057,STATIC,2,0.3775680653195367,0.1378998490802625,0.5669035399257119,0.3730339492677899,14.315867721879714,0.0698525593716985
186057,WRONG_SEED,2,0.4679626391558026,0.4560462759045552,0.0927559771882139,0.4623429983315226,14.315867721879714,0.0698525593716985
186057,FIXED_DYNAMIC,2,1.029760063513948,0.9978527501193296,0.4974412212530487,1.0173939444951827,14.315867721879714,0.0698525593716985
186057,UNCORRECTED,3,0.2182003571180185,0.3795185937898272,0.3795185937898272,0.3939857799999213,14.315867721879714,0.0698525593716985
186057,STATIC,3,0.1817607964751187,0.0837068814450547,0.4454115648922542,0.4813987547418462,14.315867721879714,0.0698525593716985
186057,WRONG_SEED,3,0.2362407779853092,0.4341504274349832,0.2689994884736379,0.5048282880263216,14.315867721879714,0.0698525593716985
186057,FIXED_DYNAMIC,3,1.0452358025224335,0.996409456219576,0.5037894365568302,1.0150284901860187,14.315867721879714,0.0698525593716985
186057,UNCORRECTED,4,0.0965205294546515,0.4601189029279727,0.4601189029279727,0.4423481736211868,14.315867721879714,0.0698525593716985
186057,STATIC,4,0.1057868382249904,0.1993333655078572,0.2300668103258656,0.5820113042884066,14.315867721879714,0.0698525593716985
186057,WRONG_SEED,4,0.119620560662441,0.4683810701734495,0.1871169205218364,0.5063501808729808,14.315867721879714,0.0698525593716985
186057,FIXED_DYNAMIC,4,1.05130907538578,0.992932834152686,0.5113267786299358,1.0058104332521696,14.315867721879714,0.0698525593716985
186058,UNCORRECTED,0,0.9999999999999905,0.9999999999999906,0.9999999999999906,,10.411173570028488,0.0960506510888237
186058,STATIC,0,0.9999999999999905,0.9999999999999906,0.9999999999999906,,10.411173570028488,0.0960506510888237
186058,WRONG_SEED,0,0.9999999999999905,0.9999999999999906,0.9999999999999906,,10.411173570028488,0.0960506510888237
186058,FIXED_DYNAMIC,0,0.9999999999999905,0.9999999999999906,0.9999999999999906,,10.411173570028488,0.0960506510888237
186058,UNCORRECTED,1,0.9843840559164876,0.394411425622135,0.394411425622135,0.9843840559164876,10.411173570028488,0.0960506510888237
186058,STATIC,1,0.9843840559164876,0.7103558572119721,0.394411425622135,0.9843840559164876,10.411173570028488,0.0960506510888237
186058,WRONG_SEED,1,0.9843840559164876,0.097556949049757,0.394411425622135,0.9843840559164876,10.411173570028488,0.0960506510888237
186058,FIXED_DYNAMIC,1,0.9843840559164876,0.9998166330918656,0.394411425622135,0.9843840559164876,10.411173570028488,0.0960506510888237
186058,UNCORRECTED,2,0.4066383500636387,0.4590364016983828,0.4590364016983828,0.4130891267687627,10.411173570028488,0.0960506510888237
186058,STATIC,2,0.7078889258703085,0.6849084759584642,0.4529515053890253,0.719118642379105,10.411173570028488,0.0960506510888237
186058,WRONG_SEED,2,0.1356358831984658,0.1069302554965748,0.5638082551430755,0.1377875661264992,10.411173570028488,0.0960506510888237
186058,FIXED_DYNAMIC,2,0.990353463932994,0.9997398048182842,0.3976748919986229,1.0060641047369865,10.411173570028488,0.0960506510888237
186058,UNCORRECTED,3,0.1945377708892002,0.5063104624027849,0.5063104624027849,0.4784048795662056,10.411173570028488,0.0960506510888237
186058,STATIC,3,0.4957559584238515,0.6709981251203866,0.476836787034424,0.7003301511099945,10.411173570028488,0.0960506510888237
186058,WRONG_SEED,3,0.0233902462957953,0.007376101664783,0.4297888259612065,0.1724488073821034,10.411173570028488,0.0960506510888237
186058,FIXED_DYNAMIC,3,0.9944489842656328,0.9997187108383776,0.3963321989561272,1.004135412740785,10.411173570028488,0.0960506510888237
186058,UNCORRECTED,4,0.1013252811839398,0.4248972221262034,0.4248972221262034,0.5208514558421924,10.411173570028488,0.0960506510888237
186058,STATIC,4,0.3417970199794614,0.6632380461708091,0.4746994372644399,0.6894461159198656,10.411173570028488,0.0960506510888237
186058,WRONG_SEED,4,0.0022467743875106,0.291196860778901,0.0120358039189067,0.0960560380210115,10.411173570028488,0.0960506510888237
186058,FIXED_DYNAMIC,4,0.9983697192075568,0.9999501334479248,0.3810772045382389,1.0039426204902906,10.411173570028488,0.0960506510888237
186059,UNCORRECTED,0,0.9999999999999932,0.9999999999999934,0.9999999999999934,,5.904422567409928,0.1693645718244486
186059,STATIC,0,0.9999999999999932,0.9999999999999934,0.9999999999999934,,5.904422567409928,0.1693645718244486
186059,WRONG_SEED,0,0.9999999999999932,0.9999999999999934,0.9999999999999934,,5.904422567409928,0.1693645718244486
186059,FIXED_DYNAMIC,0,0.9999999999999932,0.9999999999999934,0.9999999999999934,,5.904422567409928,0.1693645718244486
186059,UNCORRECTED,1,0.9906920642134636,0.2905104605276755,0.2905104605276755,0.9906920642134636,5.904422567409928,0.1693645718244486
186059,STATIC,1,0.990692064213464,0.6558729078023673,0.2905104605276755,0.990692064213464,5.904422567409928,0.1693645718244486
186059,WRONG_SEED,1,0.9906920642134636,0.153485498205487,0.2905104605276755,0.9906920642134636,5.904422567409928,0.1693645718244486
186059,FIXED_DYNAMIC,1,0.9906920642134636,0.999545727190438,0.2905104605276755,0.9906920642134636,5.904422567409928,0.1693645718244486
186059,UNCORRECTED,2,0.2834619818066676,0.284636883700497,0.284636883700497,0.2861252169529727,5.904422567409928,0.1693645718244486
186059,STATIC,2,0.6369466583203455,0.6377204156820956,0.2558650262056569,0.6429310189599929,5.904422567409928,0.1693645718244486
186059,WRONG_SEED,2,0.2322517107414563,0.1278652831543558,0.4579577299328965,0.2344338055497047,5.904422567409928,0.1693645718244486
186059,FIXED_DYNAMIC,2,0.971737260852412,0.9964822693434566,0.3172111104483652,0.9808671089173332,5.904422567409928,0.1693645718244486
186059,UNCORRECTED,3,0.0963560727840653,0.3418244233233171,0.3418244233233171,0.339925912356676,5.904422567409928,0.1693645718244486
186059,STATIC,3,0.4383571812902191,0.6305169836483027,0.2327035394315676,0.6882164708206182,5.904422567409928,0.1693645718244486
186059,WRONG_SEED,3,0.0587214270712295,0.1470709741875569,0.4424478025916586,0.2528352832526462,5.904422567409928,0.1693645718244486
186059,FIXED_DYNAMIC,3,1.056586629872765,0.9958946906555362,0.323512679583326,1.0873171920421325,5.904422567409928,0.1693645718244486
186059,UNCORRECTED,4,0.0346564502418245,0.3271853533270526,0.3271853533270526,0.3596706387098965,5.904422567409928,0.1693645718244486
186059,STATIC,4,0.279942056247518,0.6308521631719826,0.1902090503712125,0.6386163343407735,5.904422567409928,0.1693645718244486
186059,WRONG_SEED,4,0.0143801986442363,0.1631124725792035,0.4510136426804962,0.2448884395604239,5.904422567409928,0.1693645718244486
186059,FIXED_DYNAMIC,4,1.056802277252368,0.9993302748195562,0.2977860605376952,1.000204098152957,5.904422567409928,0.1693645718244486
186060,UNCORRECTED,0,0.999999999999987,0.9999999999999872,0.9999999999999872,,16.108624437878454,0.0620785470451806
186060,STATIC,0,0.999999999999987,0.9999999999999872,0.9999999999999872,,16.108624437878454,0.0620785470451806
186060,WRONG_SEED,0,0.999999999999987,0.9999999999999872,0.9999999999999872,,16.108624437878454,0.0620785470451806
186060,FIXED_DYNAMIC,0,0.999999999999987,0.9999999999999872,0.9999999999999872,,16.108624437878454,0.0620785470451806
186060,UNCORRECTED,1,1.0083693626096009,0.1095513455195388,0.1095513455195388,1.0083693626096009,16.108624437878454,0.0620785470451806
186060,STATIC,1,1.0083693626096009,0.5737696702024819,0.1095513455195388,1.0083693626096009,16.108624437878454,0.0620785470451806
186060,WRONG_SEED,1,1.0083693626096009,0.0506106255135847,0.1095513455195388,1.0083693626096009,16.108624437878454,0.0620785470451806
186060,FIXED_DYNAMIC,1,1.0083693626096009,0.9999897933399926,0.1095513455195388,1.0083693626096009,16.108624437878454,0.0620785470451806
186060,UNCORRECTED,2,0.4157702049284991,0.1287786904924551,0.1287786904924551,0.412319354737737,16.108624437878454,0.0620785470451806
186060,STATIC,2,0.6385439234058433,0.2933123448121143,0.0744554235006155,0.633244074129068,16.108624437878454,0.0620785470451806
186060,WRONG_SEED,2,0.3194075459213802,0.091143585464668,0.077010538846365,0.316756495947842,16.108624437878454,0.0620785470451806
186060,FIXED_DYNAMIC,2,0.9860506971778942,0.9999666050553848,0.116953006250324,0.9778665772094068,16.108624437878454,0.0620785470451806
186060,UNCORRECTED,3,0.1715551250170008,0.3024472523742713,0.3024472523742713,0.4126200554618823,16.108624437878454,0.0620785470451806
186060,STATIC,3,0.3135891210680095,0.0715351038466462,0.1007812393454304,0.4911003136564082,16.108624437878454,0.0620785470451806
186060,WRONG_SEED,3,0.0939412706761716,0.1190396995797019,0.0954147391201851,0.2941109935433106,16.108624437878454,0.0620785470451806
186060,FIXED_DYNAMIC,3,0.9563184928694805,0.99993931513585,0.1163369091959831,0.9698471849434104,16.108624437878454,0.0620785470451806
186060,UNCORRECTED,4,0.0627930583094657,0.2481101646535918,0.2481101646535918,0.366022631519975,16.108624437878454,0.0620785470451806
186060,STATIC,4,0.164499025056118,0.0412211873819963,0.2999701785739985,0.5245686600857418,16.108624437878454,0.0620785470451806
186060,WRONG_SEED,4,0.0282490301238541,0.1589123867480474,0.0944760123047597,0.3007094743398614,16.108624437878454,0.0620785470451806
186060,FIXED_DYNAMIC,4,0.9521838912013324,0.9999311958497604,0.112574652614595,0.9956765432238428,16.108624437878454,0.0620785470451806
186061,UNCORRECTED,0,0.9999999999999803,0.9999999999999803,0.9999999999999803,,11.270375754562728,0.088728186333552
186061,STATIC,0,0.9999999999999803,0.9999999999999803,0.9999999999999803,,11.270375754562728,0.088728186333552
186061,WRONG_SEED,0,0.9999999999999803,0.9999999999999803,0.9999999999999803,,11.270375754562728,0.088728186333552
186061,FIXED_DYNAMIC,0,0.9999999999999803,0.9999999999999803,0.9999999999999803,,11.270375754562728,0.088728186333552
186061,UNCORRECTED,1,0.9681789791132625,0.4060747167416254,0.4060747167416254,0.9681789791132625,11.270375754562728,0.088728186333552
186061,STATIC,1,0.9681789791132625,0.6059681281762045,0.4060747167416254,0.9681789791132625,11.270375754562728,0.088728186333552
186061,WRONG_SEED,1,0.9681789791132625,0.098510497412666,0.4060747167416254,0.9681789791132625,11.270375754562728,0.088728186333552
186061,FIXED_DYNAMIC,1,0.9681789791132625,0.9999728632073364,0.4060747167416254,0.9681789791132625,11.270375754562728,0.088728186333552
186061,UNCORRECTED,2,0.4104615759285544,0.3667676337181006,0.3667676337181006,0.4239521666794298,11.270375754562728,0.088728186333552
186061,STATIC,2,0.5671176529856939,0.5409449705222942,0.4075518834974163,0.5857570399897498,11.270375754562728,0.088728186333552
186061,WRONG_SEED,2,0.1270737883320291,0.2376154414587864,0.3551663267435196,0.1312503070955032,11.270375754562728,0.088728186333552
186061,FIXED_DYNAMIC,2,0.908115459750514,0.999802209923937,0.4061588640639104,0.937962380243188,11.270375754562728,0.088728186333552
186061,UNCORRECTED,3,0.1565520277047406,0.4003685268074805,0.4003685268074805,0.3814048302830246,11.270375754562728,0.088728186333552
186061,STATIC,3,0.3121641323030912,0.5171024795116353,0.416737091349543,0.5504398084941203,11.270375754562728,0.088728186333552
186061,WRONG_SEED,3,0.0323432501633517,0.1757536734495241,0.3591965111415454,0.254523380375169,11.270375754562728,0.088728186333552
186061,FIXED_DYNAMIC,3,0.871589053108037,0.9999283161389854,0.412237777625516,0.9597777944970448,11.270375754562728,0.088728186333552
186061,UNCORRECTED,4,0.066614448045419,0.3941906268947962,0.3941906268947962,0.4255099663802917,11.270375754562728,0.088728186333552
186061,STATIC,4,0.1713105427448539,0.5094632711211928,0.4154719802481693,0.5487835565250389,11.270375754562728,0.088728186333552
186061,WRONG_SEED,4,0.0061700622549431,0.1205741721281497,0.4039861172486207,0.19076815792405,11.270375754562728,0.088728186333552
186061,FIXED_DYNAMIC,4,0.8685799838669737,0.9999693524412762,0.4064579590528968,0.996547605513914,11.270375754562728,0.088728186333552
186062,UNCORRECTED,0,0.9999999999999868,0.9999999999999868,0.9999999999999868,,11.326242239489972,0.0882905361597686
186062,STATIC,0,0.9999999999999868,0.9999999999999868,0.9999999999999868,,11.326242239489972,0.0882905361597686
186062,WRONG_SEED,0,0.9999999999999868,0.9999999999999868,0.9999999999999868,,11.326242239489972,0.0882905361597686
186062,FIXED_DYNAMIC,0,0.9999999999999868,0.9999999999999868,0.9999999999999868,,11.326242239489972,0.0882905361597686
186062,UNCORRECTED,1,1.0131659934232633,0.490933505212531,0.490933505212531,1.0131659934232633,11.326242239489972,0.0882905361597686
186062,STATIC,1,1.0131659934232633,0.657799093251429,0.490933505212531,1.0131659934232633,11.326242239489972,0.0882905361597686
186062,WRONG_SEED,1,1.0131659934232633,0.0131699123434345,0.490933505212531,1.0131659934232633,11.326242239489972,0.0882905361597686
186062,FIXED_DYNAMIC,1,1.0131659934232635,0.9999523815691626,0.490933505212531,1.0131659934232635,11.326242239489972,0.0882905361597686
186062,UNCORRECTED,2,0.52735759190234,0.4267764311309884,0.4267764311309884,0.5205046313492112,11.326242239489972,0.0882905361597686
186062,STATIC,2,0.6801013639097613,0.632159008907947,0.4792587293892417,0.6712635129134571,11.326242239489972,0.0882905361597686
186062,WRONG_SEED,2,0.1038321557868153,0.0146417642782202,0.3163264787874381,0.1024828670334543,11.326242239489972,0.0882905361597686
186062,FIXED_DYNAMIC,2,1.033361829177632,0.9999362974990128,0.4910300310375808,1.0199333928353806,11.326242239489972,0.0882905361597686
186062,UNCORRECTED,3,0.2416045583581628,0.3929632202584359,0.3929632202584359,0.4581418037173129,11.326242239489972,0.0882905361597686
186062,STATIC,3,0.4381656447544613,0.6256161113430122,0.4696417063899307,0.6442652051681378,11.326242239489972,0.0882905361597686
186062,WRONG_SEED,3,0.0245017866900918,0.0842935335400251,0.4532143427510469,0.2359749395976612,11.326242239489972,0.0882905361597686
186062,FIXED_DYNAMIC,3,1.049402852365819,0.9998813850142068,0.4897848607616896,1.015523142751401,11.326242239489972,0.0882905361597686
186062,UNCORRECTED,4,0.1034610187369524,0.3560112300286541,0.3560112300286541,0.4282246139726081,11.326242239489972,0.0882905361597686
186062,STATIC,4,0.2793671234309791,0.623469639659231,0.4610206273836406,0.6375833586577103,11.326242239489972,0.0882905361597686
186062,WRONG_SEED,4,0.0032208550425128,0.0016852285129456,0.5574508167962094,0.1314538847003187,11.326242239489972,0.0882905361597686
186062,FIXED_DYNAMIC,4,1.0636829460229291,0.9998030942527067,0.4869673234634757,1.013607828132831,11.326242239489972,0.0882905361597686
186063,UNCORRECTED,0,0.9999999999999902,0.9999999999999902,0.9999999999999902,,13.20128472343775,0.0757502031771629
186063,STATIC,0,0.9999999999999902,0.9999999999999902,0.9999999999999902,,13.20128472343775,0.0757502031771629
186063,WRONG_SEED,0,0.9999999999999902,0.9999999999999902,0.9999999999999902,,13.20128472343775,0.0757502031771629
186063,FIXED_DYNAMIC,0,0.9999999999999902,0.9999999999999902,0.9999999999999902,,13.20128472343775,0.0757502031771629
186063,UNCORRECTED,1,0.981793343617506,0.1314859448121588,0.1314859448121588,0.981793343617506,13.20128472343775,0.0757502031771629
186063,STATIC,1,0.981793343617506,0.798423563544386,0.1314859448121588,0.981793343617506,13.20128472343775,0.0757502031771629
186063,WRONG_SEED,1,0.981793343617506,0.0874776279123793,0.1314859448121588,0.981793343617506,13.20128472343775,0.0757502031771629
186063,FIXED_DYNAMIC,1,0.981793343617506,0.999959740067162,0.1314859448121588,0.981793343617506,13.20128472343775,0.0757502031771629
186063,UNCORRECTED,2,0.2400156496357544,0.0090260086143217,0.0090260086143217,0.2444665684444272,13.20128472343775,0.0757502031771629
186063,STATIC,2,0.8023392599879406,0.7159715017347897,0.0877521223091201,0.8172180685516175,13.20128472343775,0.0757502031771629
186063,WRONG_SEED,2,0.1760702295601378,0.1245363556793535,0.0860429536041633,0.1793353262219007,13.20128472343775,0.0757502031771629
186063,FIXED_DYNAMIC,2,0.9803836553739972,0.999970890086157,0.1293260673161962,0.9985641700947734,13.20128472343775,0.0757502031771629
186063,UNCORRECTED,3,0.0712559985474255,0.2470999336492317,0.2470999336492317,0.2968806353067398,13.20128472343775,0.0757502031771629
186063,STATIC,3,0.6057055206284233,0.6561890338212804,0.0687901137139622,0.7549244451000937,13.20128472343775,0.0757502031771629
186063,WRONG_SEED,3,0.0303593484389287,0.0451972303529096,0.0498171163907242,0.1724274939310944,13.20128472343775,0.0757502031771629
186063,FIXED_DYNAMIC,3,0.979564424328457,0.9999210471837404,0.1262098501295988,0.9991643770874196,13.20128472343775,0.0757502031771629
186063,UNCORRECTED,4,0.0218512805536592,0.1285333814602027,0.1285333814602027,0.3066588217006437,13.20128472343775,0.0757502031771629
186063,STATIC,4,0.4328072522770204,0.6137905083028105,0.06420598787947,0.7145506150050823,13.20128472343775,0.0757502031771629
186063,WRONG_SEED,4,0.0053025552846854,0.2035676321310984,0.0742202376122741,0.1746597195704139,13.20128472343775,0.0757502031771629
186063,FIXED_DYNAMIC,4,0.9866489314814432,0.9999462223492168,0.1278014709360462,1.0072323034371455,13.20128472343775,0.0757502031771629
