seed,angle_deg,q_index,condition,alignment2,m_native_norm,x_projection,x_norm_ratio
165000,0.0,0,NATIVE,1.0,0.0022892783157165,0.9999999994882368,0.9999999999992846
165000,0.0,0,AMP_ONLY,1.0,0.0022892783157165,0.9999999994882368,0.9999999999992846
165000,0.0,0,DIR_ONLY,1.0,0.0022892783157165,0.9999999994882368,0.9999999999992846
165000,0.0,1,NATIVE,1.0,0.0022892783157165,0.9999999994882368,0.9999999999992846
165000,0.0,1,AMP_ONLY,1.0,0.0022892783157165,0.9999999994882368,0.9999999999992846
165000,0.0,1,DIR_ONLY,1.0,0.0022892783157165,0.9999999994882368,0.9999999999992846
165000,0.0,2,NATIVE,1.0,0.0022892783157165,0.9999999994882368,0.9999999999992846
165000,0.0,2,AMP_ONLY,1.0,0.0022892783157165,0.9999999994882368,0.9999999999992846
165000,0.0,2,DIR_ONLY,1.0,0.0022892783157165,0.9999999994882368,0.9999999999992846
165000,0.0,3,NATIVE,1.0,0.0022892783157165,0.9999999994882368,0.9999999999992846
165000,0.0,3,AMP_ONLY,1.0,0.0022892783157165,0.9999999994882368,0.9999999999992846
165000,0.0,3,DIR_ONLY,1.0,0.0022892783157165,0.9999999994882368,0.9999999999992846
165000,22.5,0,NATIVE,0.8535533905932737,0.002045667454814,0.8771570168785949,0.8858156720779468
165000,22.5,0,AMP_ONLY,0.8535533905932737,0.002045667454814,0.8935890321193546,0.893589032579775
165000,22.5,0,DIR_ONLY,0.8535533905932737,0.002045667454814,0.9816102785193686,0.9912997347105432
165000,22.5,1,NATIVE,0.8535533905932737,0.002323135667756,1.0391698043810127,1.0591292941959216
165000,22.5,1,AMP_ONLY,0.8535533905932737,0.002323135667756,1.0147890790184846,1.0147890795371726
165000,22.5,1,DIR_ONLY,0.8535533905932737,0.002323135667756,1.024025290206281,1.04369384754539
165000,22.5,2,NATIVE,0.8535533905932737,0.0021682962888029,0.9081633143885314,0.9283500077387832
165000,22.5,2,AMP_ONLY,0.8535533905932737,0.0021682962888029,0.9471542698175414,0.9471542703025638
165000,22.5,2,DIR_ONLY,0.8535533905932737,0.0021682962888029,0.9588329209408386,0.9801457986062888
165000,22.5,3,NATIVE,0.8535533905932737,0.002117783328747,0.9313768023805756,0.9460795003937108
165000,22.5,3,AMP_ONLY,0.8535533905932737,0.002117783328747,0.9250898331586928,0.925089833633384
165000,22.5,3,DIR_ONLY,0.8535533905932737,0.002117783328747,1.0067965558798777,1.0226900835635775
165000,45.0,0,NATIVE,0.5000000000000001,0.0021288199870981,0.7835217119473299,0.8188277404770706
165000,45.0,0,AMP_ONLY,0.5000000000000001,0.0021288199870981,0.9299107301242996,0.9299107306012232
165000,45.0,0,DIR_ONLY,0.5000000000000001,0.0021288199870981,0.8425772490820951,0.8805445983137695
165000,45.0,1,NATIVE,0.5000000000000001,0.002095356334939,0.8927231041491069,0.9040999570731184
165000,45.0,1,AMP_ONLY,0.5000000000000001,0.002095356334939,0.9152935460353726,0.9152935465055678
165000,45.0,1,DIR_ONLY,0.5000000000000001,0.002095356334939,0.975341451947706,0.9877714628672812
165000,45.0,2,NATIVE,0.5000000000000001,0.0018815079756254,0.7840179157933413,0.8213377805855696
165000,45.0,2,AMP_ONLY,0.5000000000000001,0.0018815079756254,0.8218826115146819,0.8218826119443723
165000,45.0,2,DIR_ONLY,0.5000000000000001,0.0018815079756254,0.9539318862283128,0.999340789088676
165000,45.0,3,NATIVE,0.5000000000000001,0.0018511239006006,0.7241656545064094,0.7759100741090422
165000,45.0,3,AMP_ONLY,0.5000000000000001,0.0018511239006006,0.8086105247931024,0.8086105252173236
165000,45.0,3,DIR_ONLY,0.5000000000000001,0.0018511239006006,0.8955654172910696,0.9595568958169088
165000,67.5,0,NATIVE,0.1464466094067263,0.0012836824310275,0.5038060879421893,0.5371884857497777
165000,67.5,0,AMP_ONLY,0.1464466094067263,0.0012836824310275,0.5607441155908742,0.5607441159175026
165000,67.5,0,DIR_ONLY,0.1464466094067263,0.0012836824310275,0.8984571258637974,0.9579896906266449
165000,67.5,1,NATIVE,0.1464466094067263,0.0007988596559309,0.2062122128440076,0.2973722547417499
165000,67.5,1,AMP_ONLY,0.1464466094067263,0.0007988596559309,0.3489637910716778,0.3489637913047161
165000,67.5,1,DIR_ONLY,0.1464466094067263,0.0007988596559309,0.5909086070828954,0.852133560068699
165000,67.5,2,NATIVE,0.1464466094067263,0.0012156358830458,0.4203879192870804,0.4746221698881299
165000,67.5,2,AMP_ONLY,0.1464466094067263,0.0012156358830458,0.5310201791266315,0.5310201794412467
165000,67.5,2,DIR_ONLY,0.1464466094067263,0.0012156358830458,0.7916645644476733,0.8937990623151362
165000,67.5,3,NATIVE,0.1464466094067263,0.000867706727641,0.2521414407489311,0.3294980249803318
165000,67.5,3,AMP_ONLY,0.1464466094067263,0.000867706727641,0.3790377382968976,0.3790377385446661
165000,67.5,3,DIR_ONLY,0.1464466094067263,0.000867706727641,0.665222060117272,0.8693149399102229
165000,90.0,0,NATIVE,3.749399456654644e-33,0.0011191954649037,0.0428325667358628,0.3555555528733796
165000,90.0,0,AMP_ONLY,3.749399456654644e-33,0.0011191954649037,0.4888932068505006,0.4888932071476185
165000,90.0,0,DIR_ONLY,3.749399456654644e-33,0.0011191954649037,0.0876107349771675,0.7272761897232765
165000,90.0,1,NATIVE,3.749399456654644e-33,0.0010415939234729,-0.1545642729697584,0.3345511402405742
165000,90.0,1,AMP_ONLY,3.749399456654644e-33,0.0010415939234729,0.4549953298055395,0.4549953300880758
165000,90.0,1,DIR_ONLY,3.749399456654644e-33,0.0010415939234729,-0.3397148079771354,0.735298356788663
165000,90.0,2,NATIVE,3.749399456654644e-33,0.0009583957439053,0.0576298324214546,0.3010290133372143
165000,90.0,2,AMP_ONLY,3.749399456654644e-33,0.0009583957439053,0.4186526548331956,0.4186526550994953
165000,90.0,2,DIR_ONLY,3.749399456654644e-33,0.0009583957439053,0.1376568110036111,0.7190549690254147
165000,90.0,3,NATIVE,3.749399456654644e-33,0.0013631082696511,0.0152893547252422,0.440229360796298
165000,90.0,3,AMP_ONLY,3.749399456654644e-33,0.0013631082696511,0.595438660517635,0.5954386608580252
165000,90.0,3,DIR_ONLY,3.749399456654644e-33,0.0013631082696511,0.0256745127013895,0.7393439584015017
165001,0.0,0,NATIVE,1.0,0.0036640290149185,0.9999999998390194,0.9999999999995988
165001,0.0,0,AMP_ONLY,1.0,0.0036640290149185,0.9999999998390194,0.9999999999995988
165001,0.0,0,DIR_ONLY,1.0,0.0036640290149185,0.9999999998390194,0.9999999999995988
165001,0.0,1,NATIVE,1.0,0.0036640290149185,0.9999999998390194,0.9999999999995988
165001,0.0,1,AMP_ONLY,1.0,0.0036640290149185,0.9999999998390194,0.9999999999995988
165001,0.0,1,DIR_ONLY,1.0,0.0036640290149185,0.9999999998390194,0.9999999999995988
165001,0.0,2,NATIVE,1.0,0.0036640290149185,0.9999999998390194,0.9999999999995988
165001,0.0,2,AMP_ONLY,1.0,0.0036640290149185,0.9999999998390194,0.9999999999995988
165001,0.0,2,DIR_ONLY,1.0,0.0036640290149185,0.9999999998390194,0.9999999999995988
165001,0.0,3,NATIVE,1.0,0.0036640290149185,0.9999999998390194,0.9999999999995988
165001,0.0,3,AMP_ONLY,1.0,0.0036640290149185,0.9999999998390194,0.9999999999995988
165001,0.0,3,DIR_ONLY,1.0,0.0036640290149185,0.9999999998390194,0.9999999999995988
165001,22.5,0,NATIVE,0.8535533905932737,0.0031640301960869,0.8187132611245406,0.8251914471307115
165001,22.5,0,AMP_ONLY,0.8535533905932737,0.0031640301960869,0.8635341790948998,0.8635341793136957
165001,22.5,0,DIR_ONLY,0.8535533905932737,0.0031640301960869,0.9480945782425056,0.9555960346849132
165001,22.5,1,NATIVE,0.8535533905932737,0.0037663202512744,1.0039641642687338,1.0107769246113096
165001,22.5,1,AMP_ONLY,0.8535533905932737,0.0037663202512744,1.027918747981763,1.0279187481508147
165001,22.5,1,DIR_ONLY,0.8535533905932737,0.0037663202512744,0.976696172367994,0.9833239979178728
165001,22.5,2,NATIVE,0.8535533905932737,0.0038054872404673,1.0285575418300617,1.0335961886738496
165001,22.5,2,AMP_ONLY,0.8535533905932737,0.0038054872404673,1.0386087628866536,1.0386087630611407
165001,22.5,2,DIR_ONLY,0.8535533905932737,0.0038054872404673,0.9903224371563452,0.9951737749908144
165001,22.5,3,NATIVE,0.8535533905932737,0.0037166260150712,0.97399869949389,1.002428026676195
165001,22.5,3,AMP_ONLY,0.8535533905932737,0.0037166260150712,1.0143554982035878,1.0143554983675134
165001,22.5,3,DIR_ONLY,0.8535533905932737,0.0037166260150712,0.9602144500662312,0.988241440207369
165001,45.0,0,NATIVE,0.5000000000000001,0.0025261594461472,0.7332139416414966,0.7877578789280347
165001,45.0,0,AMP_ONLY,0.5000000000000001,0.0025261594461472,0.6894406335898163,0.6894406340321158
165001,45.0,0,DIR_ONLY,0.5000000000000001,0.0025261594461472,1.0635041415055717,1.1426215349360442
165001,45.0,1,NATIVE,0.5000000000000001,0.0029645026613403,0.8217544356074523,0.8515622183521767
165001,45.0,1,AMP_ONLY,0.5000000000000001,0.0029645026613403,0.8090770524596745,0.8090770527365838
165001,45.0,1,DIR_ONLY,0.5000000000000001,0.0029645026613403,1.015672744455056,1.0525147601503322
165001,45.0,2,NATIVE,0.5000000000000001,0.0029112049121253,0.717087515676395,0.7508696361979788
165001,45.0,2,AMP_ONLY,0.5000000000000001,0.0029112049121253,0.7945305140431039,0.7945305143378792
165001,45.0,2,DIR_ONLY,0.5000000000000001,0.0029112049121253,0.9025257283662722,0.9450427636266108
165001,45.0,3,NATIVE,0.5000000000000001,0.0027626328027149,0.7985461353613245,0.8189125887841243
165001,45.0,3,AMP_ONLY,0.5000000000000001,0.0027626328027149,0.7539808554514894,0.7539808558000646
165001,45.0,3,DIR_ONLY,0.5000000000000001,0.0027626328027149,1.0591056742306106,1.0861156094167848
165001,67.5,0,NATIVE,0.1464466094067263,0.0017762434065241,0.3621093975494447,0.5030832552153142
165001,67.5,0,AMP_ONLY,0.1464466094067263,0.0017762434065241,0.484769508821014,0.4847695095411922
165001,67.5,0,DIR_ONLY,0.1464466094067263,0.0017762434065241,0.7469994284851974,1.0378095381081636
165001,67.5,1,NATIVE,0.1464466094067263,0.0032993719579475,0.6160350915485107,0.8164735669603019
165001,67.5,1,AMP_ONLY,0.1464466094067263,0.0032993719579475,0.9004731814992353,0.9004731816882698
165001,67.5,1,DIR_ONLY,0.1464466094067263,0.0032993719579475,0.6841233333917925,0.9067148635197708
165001,67.5,2,NATIVE,0.1464466094067263,0.0020284887858716,0.4423170274086987,0.4824110502725375
165001,67.5,2,AMP_ONLY,0.1464466094067263,0.0020284887858716,0.5536133313691544,0.5536133320084987
165001,67.5,2,DIR_ONLY,0.1464466094067263,0.0020284887858716,0.7989636211268658,0.8713856599502094
165001,67.5,3,NATIVE,0.1464466094067263,0.0021253609457435,0.4641171574008388,0.6017477962035639
165001,67.5,3,AMP_ONLY,0.1464466094067263,0.0021253609457435,0.580052163578735,0.5800521641822557
165001,67.5,3,DIR_ONLY,0.1464466094067263,0.0021253609457435,0.8001309628698176,1.037396363841546
165001,90.0,0,NATIVE,3.749399456654644e-33,0.0008644422890254,-0.0518200113152014,0.1768388945210596
165001,90.0,0,AMP_ONLY,3.749399456654644e-33,0.0008644422890254,0.2359200158609279,0.2359200165870849
165001,90.0,0,DIR_ONLY,3.749399456654644e-33,0.0008644422890254,-0.2196321310560176,0.7495376235347359
165001,90.0,1,NATIVE,3.749399456654644e-33,0.0015809654913979,-0.176066446614101,0.2947957494562693
165001,90.0,1,AMP_ONLY,3.749399456654644e-33,0.0015809654913979,0.4314737164146645,0.4314737171802307
165001,90.0,1,DIR_ONLY,3.749399456654644e-33,0.0015809654913979,-0.408041746458523,0.6832100843463705
165001,90.0,2,NATIVE,3.749399456654644e-33,0.0019645657622436,-0.028456383053768,0.5628672732530932
165001,90.0,2,AMP_ONLY,3.749399456654644e-33,0.0019645657622436,0.5361671697499945,0.5361671704117217
165001,90.0,2,DIR_ONLY,3.749399456654644e-33,0.0019645657622436,-0.0530545101250803,1.0497496798820305
165001,90.0,3,NATIVE,3.749399456654644e-33,0.0016234799194357,-0.0281490599192948,0.3334644446533785
165001,90.0,3,AMP_ONLY,3.749399456654644e-33,0.0016234799194357,0.4430768545847953,0.4430768553420251
165001,90.0,3,DIR_ONLY,3.749399456654644e-33,0.0016234799194357,-0.063535844639328,0.7526057966054569
165002,0.0,0,NATIVE,1.0,0.002623463733109,0.9999999998015556,0.9999999999995544
165002,0.0,0,AMP_ONLY,1.0,0.002623463733109,0.9999999998015556,0.9999999999995544
165002,0.0,0,DIR_ONLY,1.0,0.002623463733109,0.9999999998015556,0.9999999999995544
165002,0.0,1,NATIVE,1.0,0.002623463733109,0.9999999998015556,0.9999999999995544
165002,0.0,1,AMP_ONLY,1.0,0.002623463733109,0.9999999998015556,0.9999999999995544
165002,0.0,1,DIR_ONLY,1.0,0.002623463733109,0.9999999998015556,0.9999999999995544
165002,0.0,2,NATIVE,1.0,0.002623463733109,0.9999999998015556,0.9999999999995544
165002,0.0,2,AMP_ONLY,1.0,0.002623463733109,0.9999999998015556,0.9999999999995544
165002,0.0,2,DIR_ONLY,1.0,0.002623463733109,0.9999999998015556,0.9999999999995544
165002,0.0,3,NATIVE,1.0,0.002623463733109,0.9999999998015556,0.9999999999995544
165002,0.0,3,AMP_ONLY,1.0,0.002623463733109,0.9999999998015556,0.9999999999995544
165002,0.0,3,DIR_ONLY,1.0,0.002623463733109,0.9999999998015556,0.9999999999995544
165002,22.5,0,NATIVE,0.8535533905932737,0.0024883787930924,0.9269027090430436,0.9284126557528912
165002,22.5,0,AMP_ONLY,0.8535533905932737,0.0024883787930924,0.9485101972396838,0.9485101974287756
165002,22.5,0,DIR_ONLY,0.8535533905932737,0.0024883787930924,0.9772195201556382,0.9788114064411796
165002,22.5,1,NATIVE,0.8535533905932737,0.0022695456349503,0.8695242863642941,0.871620232898505
165002,22.5,1,AMP_ONLY,0.8535533905932737,0.0022695456349503,0.8650981181692846,0.8650981183486317
165002,22.5,1,DIR_ONLY,0.8535533905932737,0.0022695456349503,1.0051163612937533,1.0075391227846238
165002,22.5,2,NATIVE,0.8535533905932737,0.0023500276478714,0.9572062637678346,0.9605412999634226
165002,22.5,2,AMP_ONLY,0.8535533905932737,0.0023500276478714,0.8957752847122029,0.8957752848945473
165002,22.5,2,DIR_ONLY,0.8535533905932737,0.0023500276478714,1.0685784192731422,1.0723015022101758
165002,22.5,3,NATIVE,0.8535533905932737,0.0025067295536737,0.961910085567614,0.9627833418862506
165002,22.5,3,AMP_ONLY,0.8535533905932737,0.0025067295536737,0.9555048935770128,0.9555048937671704
165002,22.5,3,DIR_ONLY,0.8535533905932737,0.0025067295536737,1.0067034275553712,1.0076173494579668
165002,45.0,0,NATIVE,0.5000000000000001,0.0019695057459499,0.7327518561334976,0.7346798327067475
165002,45.0,0,AMP_ONLY,0.5000000000000001,0.0019695057459499,0.7507320879830113,0.7507320881555177
165002,45.0,0,DIR_ONLY,0.5000000000000001,0.0019695057459499,0.9760499541147104,0.978618013136201
165002,45.0,1,NATIVE,0.5000000000000001,0.0016768013630193,0.6712606075799028,0.6778385755189344
165002,45.0,1,AMP_ONLY,0.5000000000000001,0.0016768013630193,0.6391614752311746,0.6391614754002743
165002,45.0,1,DIR_ONLY,0.5000000000000001,0.0016768013630193,1.0502200736619831,1.0605120926017249
165002,45.0,2,NATIVE,0.5000000000000001,0.0021330661376904,0.7625102816008975,0.7736057462018262
165002,45.0,2,AMP_ONLY,0.5000000000000001,0.0021330661376904,0.8130763916566258,0.813076391832152
165002,45.0,2,DIR_ONLY,0.5000000000000001,0.0021330661376904,0.9378091355254348,0.9514555566930072
165002,45.0,3,NATIVE,0.5000000000000001,0.0021314345420859,0.8140975211784519,0.8207651151188735
165002,45.0,3,AMP_ONLY,0.5000000000000001,0.0021314345420859,0.8124544774639889,0.8124544776394775
165002,45.0,3,DIR_ONLY,0.5000000000000001,0.0021314345420859,1.0020218412398494,1.0102283442907485
165002,67.5,0,NATIVE,0.1464466094067263,0.0012821177298122,0.3649207495423403,0.3974401060503336
165002,67.5,0,AMP_ONLY,0.1464466094067263,0.0012821177298122,0.4887182455828968,0.4887182457449228
165002,67.5,0,DIR_ONLY,0.1464466094067263,0.0012821177298122,0.7466899982667623,0.8132297120184899
165002,67.5,1,NATIVE,0.1464466094067263,0.0016082112611609,0.4083928814079546,0.4656148530320111
165002,67.5,1,AMP_ONLY,0.1464466094067263,0.0016082112611609,0.6130167798255737,0.6130167799938773
165002,67.5,1,DIR_ONLY,0.1464466094067263,0.0016082112611609,0.6662004493182783,0.7595447306374924
165002,67.5,2,NATIVE,0.1464466094067263,0.0012855818141555,0.3419818951961278,0.3788437244616179
165002,67.5,2,AMP_ONLY,0.1464466094067263,0.0012855818141555,0.4900386703337468,0.4900386704958734
165002,67.5,2,DIR_ONLY,0.1464466094067263,0.0012855818141555,0.6978689044298746,0.7730894016351728
165002,67.5,3,NATIVE,0.1464466094067263,0.0014593670611186,0.5585296099111321,0.5852135896286096
165002,67.5,3,AMP_ONLY,0.1464466094067263,0.0014593670611186,0.5562812671272053,0.5562812672933165
165002,67.5,3,DIR_ONLY,0.1464466094067263,0.0014593670611186,1.0040426286847453,1.0520138067892846
165002,90.0,0,NATIVE,3.749399456654644e-33,0.0014608660802064,-0.0561293166561323,0.2254446443311509
165002,90.0,0,AMP_ONLY,3.749399456654644e-33,0.0014608660802064,0.5568526547904082,0.5568526549565459
165002,90.0,0,DIR_ONLY,3.749399456654644e-33,0.0014608660802064,-0.1007988404422465,0.4048585818462081
165002,90.0,1,NATIVE,3.749399456654644e-33,0.000969935014602,-0.0222231155312217,0.163056960763171
165002,90.0,1,AMP_ONLY,3.749399456654644e-33,0.000969935014602,0.3697214148882448,0.3697214150364261
165002,90.0,1,DIR_ONLY,3.749399456654644e-33,0.000969935014602,-0.0601110424518362,0.4410359420571154
165002,90.0,2,NATIVE,3.749399456654644e-33,0.0011482876489431,0.0062010478743603,0.2058741956967213
165002,90.0,2,AMP_ONLY,3.749399456654644e-33,0.0011482876489431,0.4377054031086777,0.4377054032660167
165002,90.0,2,DIR_ONLY,3.749399456654644e-33,0.0011482876489431,0.0141657715964713,0.4703614069653711
165002,90.0,3,NATIVE,3.749399456654644e-33,0.0010141855831817,-0.0427762562449141,0.2157173903527866
165002,90.0,3,AMP_ONLY,3.749399456654644e-33,0.0010141855831817,0.3865887523909644,0.3865887525417729
165002,90.0,3,DIR_ONLY,3.749399456654644e-33,0.0010141855831817,-0.1106529804043485,0.5580084350375749
165003,0.0,0,NATIVE,1.0,0.0039848909461468,0.9999999998246586,0.9999999999995812
165003,0.0,0,AMP_ONLY,1.0,0.0039848909461468,0.9999999998246586,0.9999999999995812
165003,0.0,0,DIR_ONLY,1.0,0.0039848909461468,0.9999999998246586,0.9999999999995812
165003,0.0,1,NATIVE,1.0,0.0039848909461468,0.9999999998246586,0.9999999999995812
165003,0.0,1,AMP_ONLY,1.0,0.0039848909461468,0.9999999998246586,0.9999999999995812
165003,0.0,1,DIR_ONLY,1.0,0.0039848909461468,0.9999999998246586,0.9999999999995812
165003,0.0,2,NATIVE,1.0,0.0039848909461468,0.9999999998246586,0.9999999999995812
165003,0.0,2,AMP_ONLY,1.0,0.0039848909461468,0.9999999998246586,0.9999999999995812
165003,0.0,2,DIR_ONLY,1.0,0.0039848909461468,0.9999999998246586,0.9999999999995812
165003,0.0,3,NATIVE,1.0,0.0039848909461468,0.9999999998246586,0.9999999999995812
165003,0.0,3,AMP_ONLY,1.0,0.0039848909461468,0.9999999998246586,0.9999999999995812
165003,0.0,3,DIR_ONLY,1.0,0.0039848909461468,0.9999999998246586,0.9999999999995812
165003,22.5,0,NATIVE,0.8535533905932737,0.0037535825317947,0.9394617069607766,0.9474246845419566
165003,22.5,0,AMP_ONLY,0.8535533905932737,0.0037535825317947,0.941954088949556,0.9419540891187338
165003,22.5,0,DIR_ONLY,0.8535533905932737,0.0037535825317947,0.9973541029468608,1.0058078453609314
165003,22.5,1,NATIVE,0.8535533905932737,0.0036629009975929,0.9234102047219672,0.9287541059738316
165003,22.5,1,AMP_ONLY,0.8535533905932737,0.0036629009975929,0.919197909171872,0.9191979093409964
165003,22.5,1,DIR_ONLY,0.8535533905932737,0.0036629009975929,1.0045825622117657,1.0103963566489875
165003,22.5,2,NATIVE,0.8535533905932737,0.0039329577036786,0.9594732230141508,0.9686103682619503
165003,22.5,2,AMP_ONLY,0.8535533905932737,0.0039329577036786,0.9869675677008998,0.9869675678737756
165003,22.5,2,DIR_ONLY,0.8535533905932737,0.0039329577036786,0.9721426471712832,0.9814004808836984
165003,22.5,3,NATIVE,0.8535533905932737,0.0037629183251753,0.9162747738056424,0.9372469689881028
165003,22.5,3,AMP_ONLY,0.8535533905932737,0.0037629183251753,0.9442968696408164,0.9442968698100656
165003,22.5,3,DIR_ONLY,0.8535533905932737,0.0037629183251753,0.9703243420267916,0.9925333756174356
165003,45.0,0,NATIVE,0.5000000000000001,0.0028032363020844,0.7103486155389256,0.7278213590589432
165003,45.0,0,AMP_ONLY,0.5000000000000001,0.0028032363020844,0.7034679514754684,0.7034679516843354
165003,45.0,0,DIR_ONLY,0.5000000000000001,0.0028032363020844,1.009781352946859,1.0346194833823448
165003,45.0,1,NATIVE,0.5000000000000001,0.0032626606065795,0.7539876508782967,0.8645258308861915
165003,45.0,1,AMP_ONLY,0.5000000000000001,0.0032626606065795,0.8187590289421304,0.8187590291226847
165003,45.0,1,DIR_ONLY,0.5000000000000001,0.0032626606065795,0.9208937650410288,1.0559026844936312
165003,45.0,2,NATIVE,0.5000000000000001,0.0027243273315453,0.6095820149404307,0.6771142789601762
165003,45.0,2,AMP_ONLY,0.5000000000000001,0.0027243273315453,0.6836659724842277,0.6836659726987153
165003,45.0,2,DIR_ONLY,0.5000000000000001,0.0027243273315453,0.8916401982234704,0.990421676685701
165003,45.0,3,NATIVE,0.5000000000000001,0.0026816365363866,0.6329493427048565,0.6473827330351398
165003,45.0,3,AMP_ONLY,0.5000000000000001,0.0026816365363866,0.6729528376421519,0.6729528378597069
165003,45.0,3,DIR_ONLY,0.5000000000000001,0.0026816365363866,0.9405567750563744,0.9620056863640412
165003,67.5,0,NATIVE,0.1464466094067263,0.0020860571391512,0.231321138872405,0.4889644276166964
165003,67.5,0,AMP_ONLY,0.1464466094067263,0.0020860571391512,0.5234936686659506,0.5234936689222602
165003,67.5,0,DIR_ONLY,0.1464466094067263,0.0020860571391512,0.4418722003198146,0.934021889820432
165003,67.5,1,NATIVE,0.1464466094067263,0.0016288707466628,0.2999158284871948,0.405399870700397
165003,67.5,1,AMP_ONLY,0.1464466094067263,0.0016288707466628,0.4087636342028698,0.4087636344722827
165003,67.5,1,DIR_ONLY,0.1464466094067263,0.0016288707466628,0.7337330272033512,0.991800956039432
165003,67.5,2,NATIVE,0.1464466094067263,0.0020012316938907,0.3080342829896232,0.4112660459731278
165003,67.5,2,AMP_ONLY,0.1464466094067263,0.0020012316938907,0.5022069044824439,0.5022069047427468
165003,67.5,2,DIR_ONLY,0.1464466094067263,0.0020012316938907,0.6133713703684455,0.8189305508654953
165003,67.5,3,NATIVE,0.1464466094067263,0.0022789709358107,0.4064232411041448,0.44601799334867
165003,67.5,3,AMP_ONLY,0.1464466094067263,0.0022789709358107,0.5719049462351091,0.5719049464804483
165003,67.5,3,DIR_ONLY,0.1464466094067263,0.0022789709358107,0.7106541724514551,0.7798903880107636
165003,90.0,0,NATIVE,3.749399456654644e-33,0.0016048249088589,-0.0144773605424183,0.2668301447088853
165003,90.0,0,AMP_ONLY,3.749399456654644e-33,0.0016048249088589,0.4027293721992895,0.4027293724687193
165003,90.0,0,DIR_ONLY,3.749399456654644e-33,0.0016048249088589,-0.0359453851661014,0.6625467904848981
165003,90.0,1,NATIVE,3.749399456654644e-33,0.0012712567404237,0.0997330438268767,0.2505797659672371
165003,90.0,1,AMP_ONLY,3.749399456654644e-33,0.0012712567404237,0.3190209490927204,0.3190209493533336
165003,90.0,1,DIR_ONLY,3.749399456654644e-33,0.0012712567404237,0.3126246096906241,0.7854664567604183
165003,90.0,2,NATIVE,3.749399456654644e-33,0.0026522903130385,-0.0670662061630538,0.6461650328026334
165003,90.0,2,AMP_ONLY,3.749399456654644e-33,0.0026522903130385,0.665588484425468,0.6655884846451354
165003,90.0,2,DIR_ONLY,3.749399456654644e-33,0.0026522903130385,-0.1007563956403445,0.9708088358852658
165003,90.0,3,NATIVE,3.749399456654644e-33,0.0009131594270986,0.0484070763256107,0.2471998337910942
165003,90.0,3,AMP_ONLY,3.749399456654644e-33,0.0009131594270986,0.2291568509335827,0.2291568511620822
165003,90.0,3,DIR_ONLY,3.749399456654644e-33,0.0009131594270986,0.2112500945536114,1.078713791795593
165004,0.0,0,NATIVE,1.0,0.0031932585344382,0.9999999997957064,0.999999999999548
165004,0.0,0,AMP_ONLY,1.0,0.0031932585344382,0.9999999997957064,0.999999999999548
165004,0.0,0,DIR_ONLY,1.0,0.0031932585344382,0.9999999997957064,0.999999999999548
165004,0.0,1,NATIVE,1.0,0.0031932585344382,0.9999999997957064,0.999999999999548
165004,0.0,1,AMP_ONLY,1.0,0.0031932585344382,0.9999999997957064,0.999999999999548
165004,0.0,1,DIR_ONLY,1.0,0.0031932585344382,0.9999999997957064,0.999999999999548
165004,0.0,2,NATIVE,1.0,0.0031932585344382,0.9999999997957064,0.999999999999548
165004,0.0,2,AMP_ONLY,1.0,0.0031932585344382,0.9999999997957064,0.999999999999548
165004,0.0,2,DIR_ONLY,1.0,0.0031932585344382,0.9999999997957064,0.999999999999548
165004,0.0,3,NATIVE,1.0,0.0031932585344382,0.9999999997957064,0.999999999999548
165004,0.0,3,AMP_ONLY,1.0,0.0031932585344382,0.9999999997957064,0.999999999999548
165004,0.0,3,DIR_ONLY,1.0,0.0031932585344382,0.9999999997957064,0.999999999999548
165004,22.5,0,NATIVE,0.8535533905932737,0.0031486545180451,0.9481243853775718,0.9595130764909202
165004,22.5,0,AMP_ONLY,0.8535533905932737,0.0031486545180451,0.9860313364437028,0.9860313366450888
165004,22.5,0,DIR_ONLY,0.8535533905932737,0.0031486545180451,0.961556072482014,0.9731061055733388
165004,22.5,1,NATIVE,0.8535533905932737,0.0031706369210647,0.9492474184477117,0.95219549840292
165004,22.5,1,AMP_ONLY,0.8535533905932737,0.0031706369210647,0.9929155755069556,0.9929155757094548
165004,22.5,1,DIR_ONLY,0.8535533905932737,0.0031706369210647,0.9560202617817066,0.9589893724603572
165004,22.5,2,NATIVE,0.8535533905932737,0.0029448714666101,0.9567677206648316,0.9647557797266642
165004,22.5,2,AMP_ONLY,0.8535533905932737,0.0029448714666101,0.9222126628936396,0.9222126630930072
165004,22.5,2,DIR_ONLY,0.8535533905932737,0.0029448714666101,1.0374704043045104,1.046132707153114
165004,22.5,3,NATIVE,0.8535533905932737,0.0030339447257734,0.911100430559768,0.9149372004272376
165004,22.5,3,AMP_ONLY,0.8535533905932737,0.0030339447257734,0.9501076724238576,0.9501076726223529
165004,22.5,3,DIR_ONLY,0.8535533905932737,0.0030339447257734,0.9589443872248457,0.9629826186482374
165004,45.0,0,NATIVE,0.5000000000000001,0.0024592951677152,0.6596752502537189,0.688998157819196
165004,45.0,0,AMP_ONLY,0.5000000000000001,0.0024592951677152,0.770146028391851,0.7701460286319078
165004,45.0,0,DIR_ONLY,0.5000000000000001,0.0024592951677152,0.8565576008947249,0.8946320941960899
165004,45.0,1,NATIVE,0.5000000000000001,0.0026050128447476,0.645937672675182,0.7273036086226715
165004,45.0,1,AMP_ONLY,0.5000000000000001,0.0026050128447476,0.8157798756531128,0.8157798758759092
165004,45.0,1,DIR_ONLY,0.5000000000000001,0.0026050128447476,0.7918000423464475,0.8915370134166771
165004,45.0,2,NATIVE,0.5000000000000001,0.0022417118163973,0.7037629852157686,0.7200213952022849
165004,45.0,2,AMP_ONLY,0.5000000000000001,0.0022417118163973,0.7020065532175548,0.7020065534879686
165004,45.0,2,DIR_ONLY,0.5000000000000001,0.0022417118163973,1.0025062510751757,1.0256676010318186
165004,45.0,3,NATIVE,0.5000000000000001,0.0027189071435754,0.7544318386252927,0.790774063215161
165004,45.0,3,AMP_ONLY,0.5000000000000001,0.0027189071435754,0.8514478183257178,0.8514478185376207
165004,45.0,3,DIR_ONLY,0.5000000000000001,0.0027189071435754,0.8860541475494205,0.928735266352633
165004,67.5,0,NATIVE,0.1464466094067263,0.0015449468105084,0.4154277208078092,0.4661294167650817
165004,67.5,0,AMP_ONLY,0.1464466094067263,0.0015449468105084,0.4838063723800387,0.4838063727422632
165004,67.5,0,DIR_ONLY,0.1464466094067263,0.0015449468105084,0.8586604078885068,0.9634584186497148
165004,67.5,1,NATIVE,0.1464466094067263,0.0017091531577771,0.5320602591068633,0.6026030836065212
165004,67.5,1,AMP_ONLY,0.1464466094067263,0.0017091531577771,0.5352292266958115,0.53522922704126
165004,67.5,1,DIR_ONLY,0.1464466094067263,0.0017091531577771,0.9940767364444484,1.125874553858286
165004,67.5,2,NATIVE,0.1464466094067263,0.0013788242090748,0.3678689744386444,0.3973315210886543
165004,67.5,2,AMP_ONLY,0.1464466094067263,0.0013788242090748,0.4317836128546768,0.431783613227844
165004,67.5,2,DIR_ONLY,0.1464466094067263,0.0013788242090748,0.8519738618495996,0.9202069415771588
165004,67.5,3,NATIVE,0.1464466094067263,0.0013609721784374,0.2927740948456594,0.3554769754176394
165004,67.5,3,AMP_ONLY,0.1464466094067263,0.0013609721784374,0.426193103139131,0.4261931035130412
165004,67.5,3,DIR_ONLY,0.1464466094067263,0.0013609721784374,0.6869506818985694,0.8340645511695763
165004,90.0,0,NATIVE,3.749399456654644e-33,0.0015706077781009,-0.0073714565205389,0.468451568594146
165004,90.0,0,AMP_ONLY,3.749399456654644e-33,0.0015706077781009,0.4918423479169463,0.4918423482768968
165004,90.0,0,DIR_ONLY,3.749399456654644e-33,0.0015706077781009,-0.0149904950398864,0.9524429666538492
165004,90.0,1,NATIVE,3.749399456654644e-33,0.0015281396229396,-0.1043802178037363,0.4276792741329713
165004,90.0,1,AMP_ONLY,3.749399456654644e-33,0.0015281396229396,0.4785430445410579,0.4785430449046938
165004,90.0,1,DIR_ONLY,3.749399456654644e-33,0.0015281396229396,-0.2181354563849027,0.8937137355700948
165004,90.0,2,NATIVE,3.749399456654644e-33,0.0012677412826546,0.0428518829415309,0.293211451208645
165004,90.0,2,AMP_ONLY,3.749399456654644e-33,0.0012677412826546,0.3969971196742006,0.3969971200504451
165004,90.0,2,DIR_ONLY,3.749399456654644e-33,0.0012677412826546,0.1079436273800441,0.7385649420575927
165004,90.0,3,NATIVE,3.749399456654644e-33,0.0011201672963494,0.1680774015215492,0.3953475455321694
165004,90.0,3,AMP_ONLY,3.749399456654644e-33,0.0011201672963494,0.3507832953946625,0.3507832957687165
165004,90.0,3,DIR_ONLY,3.749399456654644e-33,0.0011201672963494,0.4791713043650552,1.127055168296742
165005,0.0,0,NATIVE,1.0,0.0025105948511482,0.9999999997713244,0.9999999999995216
165005,0.0,0,AMP_ONLY,1.0,0.0025105948511482,0.9999999997713244,0.9999999999995216
165005,0.0,0,DIR_ONLY,1.0,0.0025105948511482,0.9999999997713244,0.9999999999995216
165005,0.0,1,NATIVE,1.0,0.0025105948511482,0.9999999997713244,0.9999999999995216
165005,0.0,1,AMP_ONLY,1.0,0.0025105948511482,0.9999999997713244,0.9999999999995216
165005,0.0,1,DIR_ONLY,1.0,0.0025105948511482,0.9999999997713244,0.9999999999995216
165005,0.0,2,NATIVE,1.0,0.0025105948511482,0.9999999997713244,0.9999999999995216
165005,0.0,2,AMP_ONLY,1.0,0.0025105948511482,0.9999999997713244,0.9999999999995216
165005,0.0,2,DIR_ONLY,1.0,0.0025105948511482,0.9999999997713244,0.9999999999995216
165005,0.0,3,NATIVE,1.0,0.0025105948511482,0.9999999997713244,0.9999999999995216
165005,0.0,3,AMP_ONLY,1.0,0.0025105948511482,0.9999999997713244,0.9999999999995216
165005,0.0,3,DIR_ONLY,1.0,0.0025105948511482,0.9999999997713244,0.9999999999995216
165005,22.5,0,NATIVE,0.8535533905932737,0.002313026662351,0.9159156827166652,0.9273733228276148
165005,22.5,0,AMP_ONLY,0.8535533905932737,0.002313026662351,0.921318141636602,0.9213181418855624
165005,22.5,0,DIR_ONLY,0.8535533905932737,0.002313026662351,0.9941377245756998,1.0065745213190616
165005,22.5,1,NATIVE,0.8535533905932737,0.0023109578002335,0.8826713662325536,0.893510056303568
165005,22.5,1,AMP_ONLY,0.8535533905932737,0.0023109578002335,0.9204942030883364,0.9204942033378885
165005,22.5,1,DIR_ONLY,0.8535533905932737,0.0023109578002335,0.9589113604001294,0.970686830961788
165005,22.5,2,NATIVE,0.8535533905932737,0.0024171871723713,0.9031062620498272,0.9144129033188388
165005,22.5,2,AMP_ONLY,0.8535533905932737,0.0024171871723713,0.9628004912281994,0.9628004914569532
165005,22.5,2,DIR_ONLY,0.8535533905932737,0.0024171871723713,0.9379993794984836,0.9497429252314764
165005,22.5,3,NATIVE,0.8535533905932737,0.002275134763219,0.865285637769725,0.8700121436811492
165005,22.5,3,AMP_ONLY,0.8535533905932737,0.002275134763219,0.9062273971020132,0.9062273973629026
165005,22.5,3,DIR_ONLY,0.8535533905932737,0.002275134763219,0.9548218994188236,0.9600376791367484
165005,45.0,0,NATIVE,0.5000000000000001,0.0022546333001676,0.5909488075828782,0.7340449659247906
165005,45.0,0,AMP_ONLY,0.5000000000000001,0.0022546333001676,0.8980624981911131,0.898062498459391
165005,45.0,0,DIR_ONLY,0.5000000000000001,0.0022546333001676,0.6580278424106502,0.8173696905841658
165005,45.0,1,NATIVE,0.5000000000000001,0.0018978572810505,0.7029708521306579,0.7149832468018358
165005,45.0,1,AMP_ONLY,0.5000000000000001,0.0018978572810505,0.7559696065709688,0.7559696070489094
165005,45.0,1,DIR_ONLY,0.5000000000000001,0.0018978572810505,0.9298935708606332,0.9457848965740197
165005,45.0,2,NATIVE,0.5000000000000001,0.0018383239499204,0.6510242380904151,0.6760918321841589
165005,45.0,2,AMP_ONLY,0.5000000000000001,0.0018383239499204,0.7322586689440416,0.7322586694672492
165005,45.0,2,DIR_ONLY,0.5000000000000001,0.0018383239499204,0.8890633980229152,0.9232984930646344
165005,45.0,3,NATIVE,0.5000000000000001,0.0018862755355436,0.5467413481585679,0.5871729471059522
165005,45.0,3,AMP_ONLY,0.5000000000000001,0.0018862755355436,0.7513568429738571,0.7513568434604616
165005,45.0,3,DIR_ONLY,0.5000000000000001,0.0018862755355436,0.7276758333258898,0.7814905612940453
165005,67.5,0,NATIVE,0.1464466094067263,0.0011507287210083,0.1339916924852754,0.3698633473296463
165005,67.5,0,AMP_ONLY,0.1464466094067263,0.0011507287210083,0.4583898141135434,0.4583898151295407
165005,67.5,0,DIR_ONLY,0.1464466094067263,0.0011507287210083,0.2922976401348394,0.8069315721006641
165005,67.5,1,NATIVE,0.1464466094067263,0.0014150343563799,0.4011412340262875,0.523174503789701
165005,67.5,1,AMP_ONLY,0.1464466094067263,0.0014150343563799,0.5636655408000562,0.5636655416563081
165005,67.5,1,DIR_ONLY,0.1464466094067263,0.0014150343563799,0.7116670702052538,0.928169618886378
165005,67.5,2,NATIVE,0.1464466094067263,0.0015009365446539,0.4387945345070492,0.5147444391604125
165005,67.5,2,AMP_ONLY,0.1464466094067263,0.0015009365446539,0.5978805056481292,0.5978805064401358
165005,67.5,2,DIR_ONLY,0.1464466094067263,0.0015009365446539,0.7339252431785255,0.8609612203795446
165005,67.5,3,NATIVE,0.1464466094067263,0.0014402628228425,0.3454606577914546,0.47004777780834
165005,67.5,3,AMP_ONLY,0.1464466094067263,0.0014402628228425,0.5737141151005946,0.573714115938416
165005,67.5,3,DIR_ONLY,0.1464466094067263,0.0014402628228425,0.6021472382105596,0.8193219183938893
165005,90.0,0,NATIVE,3.749399456654644e-33,0.0011662573152137,-0.0205949738720365,0.2901738945258877
165005,90.0,0,AMP_ONLY,3.749399456654644e-33,0.0011662573152137,0.4645751179125611,0.464575118921309
165005,90.0,0,DIR_ONLY,3.749399456654644e-33,0.0011662573152137,-0.0443389292913628,0.6246497997593911
165005,90.0,1,NATIVE,3.749399456654644e-33,0.0016338026307742,-0.1111354394485708,0.3673283971519324
165005,90.0,1,AMP_ONLY,3.749399456654644e-33,0.0016338026307742,0.650800500469488,0.6508005011562266
165005,90.0,1,DIR_ONLY,3.749399456654644e-33,0.0016338026307742,-0.1707843928949543,0.56446545330053
165005,90.0,2,NATIVE,3.749399456654644e-33,0.0019237187802832,0.0765029085534685,0.4095928455951881
165005,90.0,2,AMP_ONLY,3.749399456654644e-33,0.0019237187802832,0.7662696679493906,0.7662696684082698
165005,90.0,2,DIR_ONLY,3.749399456654644e-33,0.0019237187802832,0.0998393954537557,0.5345532581010252
165005,90.0,3,NATIVE,3.749399456654644e-33,0.0015518553892212,0.0464722350368715,0.3162063065322824
165005,90.0,3,AMP_ONLY,3.749399456654644e-33,0.0015518553892212,0.6181613728499877,0.6181613736022542
165005,90.0,3,DIR_ONLY,3.749399456654644e-33,0.0015518553892212,0.0751793001844534,0.5115644075455984
165006,0.0,0,NATIVE,1.0,0.0037430972551882,0.9999999999216218,0.99999999999972
165006,0.0,0,AMP_ONLY,1.0,0.0037430972551882,0.9999999999216218,0.99999999999972
165006,0.0,0,DIR_ONLY,1.0,0.0037430972551882,0.9999999999216218,0.99999999999972
165006,0.0,1,NATIVE,1.0,0.0037430972551882,0.9999999999216218,0.99999999999972
165006,0.0,1,AMP_ONLY,1.0,0.0037430972551882,0.9999999999216218,0.99999999999972
165006,0.0,1,DIR_ONLY,1.0,0.0037430972551882,0.9999999999216218,0.99999999999972
165006,0.0,2,NATIVE,1.0,0.0037430972551882,0.9999999999216218,0.99999999999972
165006,0.0,2,AMP_ONLY,1.0,0.0037430972551882,0.9999999999216218,0.99999999999972
165006,0.0,2,DIR_ONLY,1.0,0.0037430972551882,0.9999999999216218,0.99999999999972
165006,0.0,3,NATIVE,1.0,0.0037430972551882,0.9999999999216218,0.99999999999972
165006,0.0,3,AMP_ONLY,1.0,0.0037430972551882,0.9999999999216218,0.99999999999972
165006,0.0,3,DIR_ONLY,1.0,0.0037430972551882,0.9999999999216218,0.99999999999972
165006,22.5,0,NATIVE,0.8535533905932737,0.0034417654329635,0.9049127305005056,0.9061360884065592
165006,22.5,0,AMP_ONLY,0.8535533905932737,0.0034417654329635,0.9194953832008064,0.9194953832872614
165006,22.5,0,DIR_ONLY,0.8535533905932737,0.0034417654329635,0.9841403929854364,0.9854707945199312
165006,22.5,1,NATIVE,0.8535533905932737,0.0036197509712538,0.9601971189180856,0.9618960827348384
165006,22.5,1,AMP_ONLY,0.8535533905932737,0.0036197509712538,0.9670464506342146,0.967046450712318
165006,22.5,1,DIR_ONLY,0.8535533905932737,0.0036197509712538,0.9929173433252764,0.9946741950107612
165006,22.5,2,NATIVE,0.8535533905932737,0.0033278125436698,0.9278604817307484,0.9295843949370126
165006,22.5,2,AMP_ONLY,0.8535533905932737,0.0033278125436698,0.8890514797147598,0.8890514798110993
165006,22.5,2,DIR_ONLY,0.8535533905932737,0.0033278125436698,1.0436518813745337,1.0455909589399046
165006,22.5,3,NATIVE,0.8535533905932737,0.0034645582753016,0.9313719926829854,0.9337418252015351
165006,22.5,3,AMP_ONLY,0.8535533905932737,0.0034645582753016,0.925584772560424,0.9255847726453048
165006,22.5,3,DIR_ONLY,0.8535533905932737,0.0034645582753016,1.0062526711403037,1.0088129736696954
165006,45.0,0,NATIVE,0.5000000000000001,0.0024908786257945,0.6630144670985051,0.6727730234335283
165006,45.0,0,AMP_ONLY,0.5000000000000001,0.0024908786257945,0.6654553339920211,0.6654553342277533
165006,45.0,0,DIR_ONLY,0.5000000000000001,0.0024908786257945,0.996329637160857,1.0109935912477477
165006,45.0,1,NATIVE,0.5000000000000001,0.0031827405082081,0.8645362253227266,0.8747286990191635
165006,45.0,1,AMP_ONLY,0.5000000000000001,0.0031827405082081,0.8502937615210754,0.8502937616343631
165006,45.0,1,DIR_ONLY,0.5000000000000001,0.0031827405082081,1.0167511892455507,1.0287386380596282
165006,45.0,2,NATIVE,0.5000000000000001,0.0027690013398396,0.6504972187042167,0.6802669430400167
165006,45.0,2,AMP_ONLY,0.5000000000000001,0.0027690013398396,0.739758702888515,0.7397587030697572
165006,45.0,2,DIR_ONLY,0.5000000000000001,0.0027690013398396,0.8793356545551743,0.9195782877463944
165006,45.0,3,NATIVE,0.5000000000000001,0.0025981943517172,0.6080764705783347,0.6186284479199774
165006,45.0,3,AMP_ONLY,0.5000000000000001,0.0025981943517172,0.6941258213022177,0.694125821516587
165006,45.0,3,DIR_ONLY,0.5000000000000001,0.0025981943517172,0.876032220222573,0.8912344357752155
165006,67.5,0,NATIVE,0.1464466094067263,0.0022044219371348,0.2832551769936883,0.4021195537917579
165006,67.5,0,AMP_ONLY,0.1464466094067263,0.0022044219371348,0.5889256559774905,0.5889256562693269
165006,67.5,0,DIR_ONLY,0.1464466094067263,0.0022044219371348,0.480959769641069,0.6827962290359838
165006,67.5,1,NATIVE,0.1464466094067263,0.0017885563455118,0.4945976840879333,0.5362106864440729
165006,67.5,1,AMP_ONLY,0.1464466094067263,0.0017885563455118,0.477823500286682,0.4778235006464216
165006,67.5,1,DIR_ONLY,0.1464466094067263,0.0017885563455118,1.0351096550354535,1.1222029434954237
165006,67.5,2,NATIVE,0.1464466094067263,0.0024871523565741,0.6579129467700583,0.6730206572974246
165006,67.5,2,AMP_ONLY,0.1464466094067263,0.0024871523565741,0.6644598237905492,0.6644598240270252
165006,67.5,2,DIR_ONLY,0.1464466094067263,0.0024871523565741,0.9901491347820404,1.0128878705828177
165006,67.5,3,NATIVE,0.1464466094067263,0.0019786027993055,0.4068081230292034,0.4449102246638427
165006,67.5,3,AMP_ONLY,0.1464466094067263,0.0019786027993055,0.5285960304901756,0.5285960308219156
165006,67.5,3,DIR_ONLY,0.1464466094067263,0.0019786027993055,0.7696005413476801,0.8416800293267783
165006,90.0,0,NATIVE,3.749399456654644e-33,0.0019357212632221,0.1871018451798643,0.2769266041129463
165006,90.0,0,AMP_ONLY,3.749399456654644e-33,0.0019357212632221,0.5171398546318893,0.5171398549704732
165006,90.0,0,DIR_ONLY,3.749399456654644e-33,0.0019357212632221,0.3617986684652115,0.5354953152146732
165006,90.0,1,NATIVE,3.749399456654644e-33,0.0015835638180557,-0.0939067462246282,0.2342130260791052
165006,90.0,1,AMP_ONLY,3.749399456654644e-33,0.0015835638180557,0.4230581015429309,0.423058101924762
165006,90.0,1,DIR_ONLY,3.749399456654644e-33,0.0015835638180557,-0.2219740424397309,0.5536184085955507
165006,90.0,2,NATIVE,3.749399456654644e-33,0.0017101337050744,0.1122703760632302,0.2727220092921857
165006,90.0,2,AMP_ONLY,3.749399456654644e-33,0.0017101337050744,0.4568722499605193,0.4568722503298312
165006,90.0,2,DIR_ONLY,3.749399456654644e-33,0.0017101337050744,0.2457328375870083,0.5969335085079828
165006,90.0,3,NATIVE,3.749399456654644e-33,0.0015605130569675,0.1243450158346664,0.2492367180632831
165006,90.0,3,AMP_ONLY,3.749399456654644e-33,0.0015605130569675,0.4168999124275755,0.4168999128112596
165006,90.0,3,DIR_ONLY,3.749399456654644e-33,0.0015605130569675,0.2982550171532742,0.597827114749576
165007,0.0,0,NATIVE,1.0,0.0026153891116621,0.9999999997612582,0.9999999999995114
165007,0.0,0,AMP_ONLY,1.0,0.0026153891116621,0.9999999997612582,0.9999999999995114
165007,0.0,0,DIR_ONLY,1.0,0.0026153891116621,0.9999999997612582,0.9999999999995114
165007,0.0,1,NATIVE,1.0,0.0026153891116621,0.9999999997612582,0.9999999999995114
165007,0.0,1,AMP_ONLY,1.0,0.0026153891116621,0.9999999997612582,0.9999999999995114
165007,0.0,1,DIR_ONLY,1.0,0.0026153891116621,0.9999999997612582,0.9999999999995114
165007,0.0,2,NATIVE,1.0,0.0026153891116621,0.9999999997612582,0.9999999999995114
165007,0.0,2,AMP_ONLY,1.0,0.0026153891116621,0.9999999997612582,0.9999999999995114
165007,0.0,2,DIR_ONLY,1.0,0.0026153891116621,0.9999999997612582,0.9999999999995114
165007,0.0,3,NATIVE,1.0,0.0026153891116621,0.9999999997612582,0.9999999999995114
165007,0.0,3,AMP_ONLY,1.0,0.0026153891116621,0.9999999997612582,0.9999999999995114
165007,0.0,3,DIR_ONLY,1.0,0.0026153891116621,0.9999999997612582,0.9999999999995114
165007,22.5,0,NATIVE,0.8535533905932737,0.0023430269221906,0.8858433344881587,0.8916436416942207
165007,22.5,0,AMP_ONLY,0.8535533905932737,0.0023430269221906,0.8958705279972645,0.8958705282608853
165007,22.5,0,DIR_ONLY,0.8535533905932737,0.0023430269221906,0.9888077998940836,0.9952824803126304
165007,22.5,1,NATIVE,0.8535533905932737,0.002396773997439,0.9035982709484194,0.909598890870126
165007,22.5,1,AMP_ONLY,0.8535533905932737,0.002396773997439,0.91641926472738,0.9164192649787898
165007,22.5,1,DIR_ONLY,0.8535533905932737,0.002396773997439,0.986010433825354,0.9925585911282996
165007,22.5,2,NATIVE,0.8535533905932737,0.0024821151376319,0.923558705039088,0.9282549403474862
165007,22.5,2,AMP_ONLY,0.8535533905932737,0.0024821151376319,0.9490469708690064,0.9490469711078486
165007,22.5,2,DIR_ONLY,0.8535533905932737,0.0024821151376319,0.9731430367421048,0.978091367835112
165007,22.5,3,NATIVE,0.8535533905932737,0.0024837841960976,0.8946418603966599,0.9009341612416776
165007,22.5,3,AMP_ONLY,0.8535533905932737,0.0024837841960976,0.9496850848804606,0.9496850851191462
165007,22.5,3,DIR_ONLY,0.8535533905932737,0.0024837841960976,0.9420405064929988,0.9486663112758396
165007,45.0,0,NATIVE,0.5000000000000001,0.0019730564467125,0.6337416299918492,0.6580155618016036
165007,45.0,0,AMP_ONLY,0.5000000000000001,0.0019730564467125,0.7544201768128207,0.7544201772275159
165007,45.0,0,DIR_ONLY,0.5000000000000001,0.0019730564467125,0.8400397614998528,0.8722176584036244
165007,45.0,1,NATIVE,0.5000000000000001,0.0020447908024324,0.7360913537703455,0.7523887648969675
165007,45.0,1,AMP_ONLY,0.5000000000000001,0.0020447908024324,0.7818465801337607,0.7818465805121929
165007,45.0,1,DIR_ONLY,0.5000000000000001,0.0020447908024324,0.9414782731212198,0.9623241012856012
165007,45.0,2,NATIVE,0.5000000000000001,0.0017571022391153,0.6279386304245045,0.6595929454368428
165007,45.0,2,AMP_ONLY,0.5000000000000001,0.0017571022391153,0.6718529206892041,0.671852921222797
165007,45.0,2,DIR_ONLY,0.5000000000000001,0.0017571022391153,0.9346413460004864,0.9817591702533196
165007,45.0,3,NATIVE,0.5000000000000001,0.0023921729778883,0.8537110055802348,0.91533119864184
165007,45.0,3,AMP_ONLY,0.5000000000000001,0.0023921729778883,0.9146601928054536,0.9146601930577846
165007,45.0,3,DIR_ONLY,0.5000000000000001,0.0023921729778883,0.9333644957020768,1.0007342640733152
165007,67.5,0,NATIVE,0.1464466094067263,0.0011245606148804,0.2021860003846891,0.3353956137920805
165007,67.5,0,AMP_ONLY,0.1464466094067263,0.0011245606148804,0.430001506309636,0.4300015071330268
165007,67.5,0,DIR_ONLY,0.1464466094067263,0.0011245606148804,0.4701981999483574,0.7800097205178662
165007,67.5,1,NATIVE,0.1464466094067263,0.0012256456358181,0.4319246969654512,0.4566793897921271
165007,67.5,1,AMP_ONLY,0.1464466094067263,0.0012256456358181,0.4686519673202043,0.4686519681147144
165007,67.5,1,DIR_ONLY,0.1464466094067263,0.0012256456358181,0.92163723859353,0.9744605179107956
165007,67.5,2,NATIVE,0.1464466094067263,0.0012362358259198,0.3717157047931357,0.3962767726194124
165007,67.5,2,AMP_ONLY,0.1464466094067263,0.0012362358259198,0.4727011733508164,0.4727011741417395
165007,67.5,2,DIR_ONLY,0.1464466094067263,0.0012362358259198,0.7863734622114029,0.8383363207019893
165007,67.5,3,NATIVE,0.1464466094067263,0.0016903085121348,0.5062214628331465,0.566736511754294
165007,67.5,3,AMP_ONLY,0.1464466094067263,0.0016903085121348,0.6463149545743885,0.6463149551457814
165007,67.5,3,DIR_ONLY,0.1464466094067263,0.0016903085121348,0.7832476327743109,0.8768841482420138
165007,90.0,0,NATIVE,3.749399456654644e-33,0.0008934710650577,-0.0702977227181517,0.2247400638178538
165007,90.0,0,AMP_ONLY,3.749399456654644e-33,0.0008934710650577,0.3416419765593915,0.3416419774047949
165007,90.0,0,DIR_ONLY,3.749399456654644e-33,0.0008934710650577,-0.2057976657526896,0.6578735438963467
165007,90.0,1,NATIVE,3.749399456654644e-33,0.0006414116411983,0.0595931550068265,0.1547028278112618
165007,90.0,1,AMP_ONLY,3.749399456654644e-33,0.0006414116411983,0.2452627110012695,0.2452627117803732
165007,90.0,1,DIR_ONLY,3.749399456654644e-33,0.0006414116411983,0.242990311481296,0.6308063465617973
165007,90.0,2,NATIVE,3.749399456654644e-33,0.0007490786847266,-0.1029428904016403,0.2193762282787914
165007,90.0,2,AMP_ONLY,3.749399456654644e-33,0.0007490786847266,0.2864312757849782,0.2864312766056108
165007,90.0,2,DIR_ONLY,3.749399456654644e-33,0.0007490786847266,-0.3594355995876236,0.7659489323435781
165007,90.0,3,NATIVE,3.749399456654644e-33,0.001144178852064,-0.0494946623240523,0.2869601272944673
165007,90.0,3,AMP_ONLY,3.749399456654644e-33,0.001144178852064,0.4375026784748658,0.4375026792934524
165007,90.0,3,DIR_ONLY,3.749399456654644e-33,0.001144178852064,-0.1131411330921658,0.6559397173770624
165008,0.0,0,NATIVE,1.0,0.00147867640744,0.999999999151934,0.9999999999990792
165008,0.0,0,AMP_ONLY,1.0,0.00147867640744,0.999999999151934,0.9999999999990792
165008,0.0,0,DIR_ONLY,1.0,0.00147867640744,0.999999999151934,0.9999999999990792
165008,0.0,1,NATIVE,1.0,0.00147867640744,0.999999999151934,0.9999999999990792
165008,0.0,1,AMP_ONLY,1.0,0.00147867640744,0.999999999151934,0.9999999999990792
165008,0.0,1,DIR_ONLY,1.0,0.00147867640744,0.999999999151934,0.9999999999990792
165008,0.0,2,NATIVE,1.0,0.00147867640744,0.999999999151934,0.9999999999990792
165008,0.0,2,AMP_ONLY,1.0,0.00147867640744,0.999999999151934,0.9999999999990792
165008,0.0,2,DIR_ONLY,1.0,0.00147867640744,0.999999999151934,0.9999999999990792
165008,0.0,3,NATIVE,1.0,0.00147867640744,0.999999999151934,0.9999999999990792
165008,0.0,3,AMP_ONLY,1.0,0.00147867640744,0.999999999151934,0.9999999999990792
165008,0.0,3,DIR_ONLY,1.0,0.00147867640744,0.999999999151934,0.9999999999990792
165008,22.5,0,NATIVE,0.8535533905932737,0.0013344339313846,0.8725108089741834,0.890078024670176
165008,22.5,0,AMP_ONLY,0.8535533905932737,0.0013344339313846,0.9024486353279152,0.902448636100247
165008,22.5,0,DIR_ONLY,0.8535533905932737,0.0013344339313846,0.9668256856791532,0.9862913891209206
165008,22.5,1,NATIVE,0.8535533905932737,0.0014420083921179,0.9300094372774056,0.9392667422638844
165008,22.5,1,AMP_ONLY,0.8535533905932737,0.0014420083921179,0.9752013142344722,0.975201315061156
165008,22.5,1,DIR_ONLY,0.8535533905932737,0.0014420083921179,0.953658862875882,0.9631515712940822
165008,22.5,2,NATIVE,0.8535533905932737,0.0013045929716191,0.8690760663975843,0.8786371067070768
165008,22.5,2,AMP_ONLY,0.8535533905932737,0.0013045929716191,0.8822672380490614,0.8822672388076157
165008,22.5,2,DIR_ONLY,0.8535533905932737,0.0013045929716191,0.9850479384684642,0.9958848497276293
165008,22.5,3,NATIVE,0.8535533905932737,0.0014740912646538,0.9505144190764536,0.9634902568306344
165008,22.5,3,AMP_ONLY,0.8535533905932737,0.0014740912646538,0.9968990515340146,0.9968990523785416
165008,22.5,3,DIR_ONLY,0.8535533905932737,0.0014740912646538,0.9534710884069812,0.9664872865300222
165008,45.0,0,NATIVE,0.5000000000000001,0.0011479743110176,0.7232679241247235,0.761430481457494
165008,45.0,0,AMP_ONLY,0.5000000000000001,0.0011479743110176,0.7763467206478324,0.7763467213409146
165008,45.0,0,DIR_ONLY,0.5000000000000001,0.0011479743110176,0.9316306157781248,0.980787530457468
165008,45.0,1,NATIVE,0.5000000000000001,0.001361009625835,0.8283845667675377,0.8745743626552299
165008,45.0,1,AMP_ONLY,0.5000000000000001,0.001361009625835,0.9204217617040236,0.9204217624890664
165008,45.0,1,DIR_ONLY,0.5000000000000001,0.001361009625835,0.9000059534671317,0.9501890068852676
165008,45.0,2,NATIVE,0.5000000000000001,0.0009073133565518,0.6063496630131289,0.6118416758283979
165008,45.0,2,AMP_ONLY,0.5000000000000001,0.0009073133565518,0.6135902504276418,0.613590251031002
165008,45.0,2,DIR_ONLY,0.5000000000000001,0.0009073133565518,0.9881979315211556,0.9971487618720596
165008,45.0,3,NATIVE,0.5000000000000001,0.001093892261544,0.6590820627028458,0.6925743368101485
165008,45.0,3,AMP_ONLY,0.5000000000000001,0.001093892261544,0.7397714431566302,0.7397714438290004
165008,45.0,3,DIR_ONLY,0.5000000000000001,0.001093892261544,0.8909237012337854,0.9361960835927648
165008,67.5,0,NATIVE,0.1464466094067263,0.0006207861386867,0.232600409572643,0.3572503925931254
165008,67.5,0,AMP_ONLY,0.1464466094067263,0.0006207861386867,0.4198172579538755,0.4198172584384746
165008,67.5,0,DIR_ONLY,0.1464466094067263,0.0006207861386867,0.5540454787458563,0.8509599548085655
165008,67.5,1,NATIVE,0.1464466094067263,0.0009315729773129,0.5530020142664948,0.5781743326935481
165008,67.5,1,AMP_ONLY,0.1464466094067263,0.0009315729773129,0.6299966950127376,0.6299966956250965
165008,67.5,1,DIR_ONLY,0.1464466094067263,0.0009315729773129,0.877782739693486,0.9177361229369924
165008,67.5,2,NATIVE,0.1464466094067263,0.0007946295974375,0.2171427214013788,0.3620593151534852
165008,67.5,2,AMP_ONLY,0.1464466094067263,0.0007946295974375,0.5373840291561358,0.5373840297162927
165008,67.5,2,DIR_ONLY,0.1464466094067263,0.0007946295974375,0.4040677132793915,0.6737299111392192
165008,67.5,3,NATIVE,0.1464466094067263,0.0010408044210299,0.6915674868993895,0.7293609715287398
165008,67.5,3,AMP_ONLY,0.1464466094067263,0.0010408044210299,0.7038686299344566,0.7038686305870194
165008,67.5,3,DIR_ONLY,0.1464466094067263,0.0010408044210299,0.9825251571372116,1.0362195109594492
165008,90.0,0,NATIVE,3.749399456654644e-33,0.0007365630208733,-0.1032557480674671,0.2886972713191197
165008,90.0,0,AMP_ONLY,3.749399456654644e-33,0.0007365630208733,0.4981146878303186,0.4981146883667642
165008,90.0,0,DIR_ONLY,3.749399456654644e-33,0.0007365630208733,-0.2072877155649123,0.5795669558694269
165008,90.0,1,NATIVE,3.749399456654644e-33,0.0004787091934749,0.0408807715838832,0.1748739330850299
165008,90.0,1,AMP_ONLY,3.749399456654644e-33,0.0004787091934749,0.3237342286899574,0.3237342290993436
165008,90.0,1,DIR_ONLY,3.749399456654644e-33,0.0004787091934749,0.1262765999186292,0.5401667039863478
165008,90.0,2,NATIVE,3.749399456654644e-33,0.0007716619220402,-0.009798376045589,0.2799677056007937
165008,90.0,2,AMP_ONLY,3.749399456654644e-33,0.0007716619220402,0.521851406663416,0.5218514072143428
165008,90.0,2,DIR_ONLY,3.749399456654644e-33,0.0007716619220402,-0.0187764158322676,0.5364791288618261
165008,90.0,3,NATIVE,3.749399456654644e-33,0.0005157277514677,-0.056824643691184,0.2208809595341093
165008,90.0,3,AMP_ONLY,3.749399456654644e-33,0.0005157277514677,0.3487688785435471,0.3487688789740034
165008,90.0,3,DIR_ONLY,3.749399456654644e-33,0.0005157277514677,-0.1629261004964859,0.6333063072119446
165009,0.0,0,NATIVE,1.0,0.0040549999885583,0.999999999940132,0.9999999999997552
165009,0.0,0,AMP_ONLY,1.0,0.0040549999885583,0.999999999940132,0.9999999999997552
165009,0.0,0,DIR_ONLY,1.0,0.0040549999885583,0.999999999940132,0.9999999999997552
165009,0.0,1,NATIVE,1.0,0.0040549999885583,0.999999999940132,0.9999999999997552
165009,0.0,1,AMP_ONLY,1.0,0.0040549999885583,0.999999999940132,0.9999999999997552
165009,0.0,1,DIR_ONLY,1.0,0.0040549999885583,0.999999999940132,0.9999999999997552
165009,0.0,2,NATIVE,1.0,0.0040549999885583,0.999999999940132,0.9999999999997552
165009,0.0,2,AMP_ONLY,1.0,0.0040549999885583,0.999999999940132,0.9999999999997552
165009,0.0,2,DIR_ONLY,1.0,0.0040549999885583,0.999999999940132,0.9999999999997552
165009,0.0,3,NATIVE,1.0,0.0040549999885583,0.999999999940132,0.9999999999997552
165009,0.0,3,AMP_ONLY,1.0,0.0040549999885583,0.999999999940132,0.9999999999997552
165009,0.0,3,DIR_ONLY,1.0,0.0040549999885583,0.999999999940132,0.9999999999997552
165009,22.5,0,NATIVE,0.8535533905932737,0.0037390933224688,0.9180245855770824,0.9194184028555946
165009,22.5,0,AMP_ONLY,0.8535533905932737,0.0037390933224688,0.922108490936921,0.9221084910235116
165009,22.5,0,DIR_ONLY,0.8535533905932737,0.0037390933224688,0.9955709713898642,0.9970824812061292
165009,22.5,1,NATIVE,0.8535533905932737,0.0041184274099739,1.0148881061774948,1.0154087922920068
165009,22.5,1,AMP_ONLY,0.8535533905932737,0.0041184274099739,1.0156386916323628,1.015638691694324
165009,22.5,1,DIR_ONLY,0.8535533905932737,0.0041184274099739,0.99926100550638,0.9997736828937244
165009,22.5,2,NATIVE,0.8535533905932737,0.0041041003877481,1.0029075109378098,1.00376160232909
165009,22.5,2,AMP_ONLY,0.8535533905932737,0.0041041003877481,1.0121062234013831,1.012106223462568
165009,22.5,2,DIR_ONLY,0.8535533905932737,0.0041041003877481,0.9909113295838016,0.9917552048666908
165009,22.5,3,NATIVE,0.8535533905932737,0.0039137134101098,0.9877363670932824,0.9905171174412832
165009,22.5,3,AMP_ONLY,0.8535533905932737,0.0039137134101098,0.9651639768190088,0.9651639768831772
165009,22.5,3,DIR_ONLY,0.8535533905932737,0.0039137134101098,1.0233868639665418,1.0262680191191451
165009,45.0,0,NATIVE,0.5000000000000001,0.0030229910249561,0.73638163748725,0.7464644973646595
165009,45.0,0,AMP_ONLY,0.5000000000000001,0.0030229910249561,0.745533979468097,0.7455339797846536
165009,45.0,0,DIR_ONLY,0.5000000000000001,0.0030229910249561,0.9877193800272316,1.001243964304485
165009,45.0,1,NATIVE,0.5000000000000001,0.0031310777295097,0.7434898870592134,0.755767681275359
165009,45.0,1,AMP_ONLY,0.5000000000000001,0.0031310777295097,0.772186478322896,0.7721864785949075
165009,45.0,1,DIR_ONLY,0.5000000000000001,0.0031310777295097,0.9628422987875216,0.9787427739514456
165009,45.0,2,NATIVE,0.5000000000000001,0.0033248527658853,0.7567493550202781,0.7604850765993528
165009,45.0,2,AMP_ONLY,0.5000000000000001,0.0033248527658853,0.8199676922792375,0.8199676924780812
165009,45.0,2,DIR_ONLY,0.5000000000000001,0.0033248527658853,0.922905344938867,0.92746147988769
165009,45.0,3,NATIVE,0.5000000000000001,0.0027233247377113,0.641319367803011,0.6726522332220797
165009,45.0,3,AMP_ONLY,0.5000000000000001,0.0027233247377113,0.6716394904483775,0.6716394908961777
165009,45.0,3,DIR_ONLY,0.5000000000000001,0.0027233247377113,0.9548484886991634,1.0015027371313376
165009,67.5,0,NATIVE,0.1464466094067263,0.0029224768623763,0.2880702300159611,0.3776607607263334
165009,67.5,0,AMP_ONLY,0.1464466094067263,0.0029224768623763,0.720748503144888,0.7207485035045514
165009,67.5,0,DIR_ONLY,0.1464466094067263,0.0029224768623763,0.3996916512267298,0.5240001751325248
165009,67.5,1,NATIVE,0.1464466094067263,0.0024003809365648,0.5017910753731151,0.5449613880419684
165009,67.5,1,AMP_ONLY,0.1464466094067263,0.0024003809365648,0.592002638713522,0.5920026393030816
165009,67.5,1,DIR_ONLY,0.1464466094067263,0.0024003809365648,0.8476324606471728,0.920560384070068
165009,67.5,2,NATIVE,0.1464466094067263,0.0016989275947773,0.2089180691025546,0.2635946296746407
165009,67.5,2,AMP_ONLY,0.1464466094067263,0.0016989275947773,0.419018138291382,0.4190181391099321
165009,67.5,2,DIR_ONLY,0.1464466094067263,0.0016989275947773,0.498604439890636,0.6291072448779514
165009,67.5,3,NATIVE,0.1464466094067263,0.0017367510574994,0.4353918737503898,0.4523842687039398
165009,67.5,3,AMP_ONLY,0.1464466094067263,0.0017367510574994,0.4283460288094506,0.428346029620485
165009,67.5,3,DIR_ONLY,0.1464466094067263,0.0017367510574994,1.0164349496532856,1.056111345473132
165009,90.0,0,NATIVE,3.749399456654644e-33,0.0016894781418542,0.0357816168696152,0.2364484460530082
165009,90.0,0,AMP_ONLY,3.749399456654644e-33,0.0016894781418542,0.4166877419057392,0.4166877427260543
165009,90.0,0,DIR_ONLY,3.749399456654644e-33,0.0016894781418542,0.0858713058902617,0.5674900051234651
165009,90.0,1,NATIVE,3.749399456654644e-33,0.0013013639642588,-0.0178894812836603,0.2423473721263518
165009,90.0,1,AMP_ONLY,3.749399456654644e-33,0.0013013639642588,0.3209703498487992,0.32097035069716
165009,90.0,1,DIR_ONLY,3.749399456654644e-33,0.0013013639642588,-0.0557663079695001,0.7551459857874184
165009,90.0,2,NATIVE,3.749399456654644e-33,0.000748951114472,-0.0876907782701535,0.1708953818760264
165009,90.0,2,AMP_ONLY,3.749399456654644e-33,0.000748951114472,0.1847272485240282,0.1847272492216954
165009,90.0,2,DIR_ONLY,3.749399456654644e-33,0.000748951114472,-0.4748613137280423,0.9253317546850284
165009,90.0,3,NATIVE,3.749399456654644e-33,0.0012974320667532,0.0620238879836999,0.1897479108145543
165009,90.0,3,AMP_ONLY,3.749399456654644e-33,0.0012974320667532,0.3200006403851246,0.3200006412332742
165009,90.0,3,DIR_ONLY,3.749399456654644e-33,0.0012974320667532,0.1938396434063037,0.5930232306120953
165010,0.0,0,NATIVE,1.0,0.0020303073772868,0.9999999998367972,0.999999999999596
165010,0.0,0,AMP_ONLY,1.0,0.0020303073772868,0.9999999998367972,0.999999999999596
165010,0.0,0,DIR_ONLY,1.0,0.0020303073772868,0.9999999998367972,0.999999999999596
165010,0.0,1,NATIVE,1.0,0.0020303073772868,0.9999999998367972,0.999999999999596
165010,0.0,1,AMP_ONLY,1.0,0.0020303073772868,0.9999999998367972,0.999999999999596
165010,0.0,1,DIR_ONLY,1.0,0.0020303073772868,0.9999999998367972,0.999999999999596
165010,0.0,2,NATIVE,1.0,0.0020303073772868,0.9999999998367972,0.999999999999596
165010,0.0,2,AMP_ONLY,1.0,0.0020303073772868,0.9999999998367972,0.999999999999596
165010,0.0,2,DIR_ONLY,1.0,0.0020303073772868,0.9999999998367972,0.999999999999596
165010,0.0,3,NATIVE,1.0,0.0020303073772868,0.9999999998367972,0.999999999999596
165010,0.0,3,AMP_ONLY,1.0,0.0020303073772868,0.9999999998367972,0.999999999999596
165010,0.0,3,DIR_ONLY,1.0,0.0020303073772868,0.9999999998367972,0.999999999999596
165010,22.5,0,NATIVE,0.8535533905932737,0.0018635103824592,0.9001453266644291,0.9010747710225444
165010,22.5,0,AMP_ONLY,0.8535533905932737,0.0018635103824592,0.917849465736843,0.9178494658954856
165010,22.5,0,DIR_ONLY,0.8535533905932737,0.0018635103824592,0.9807113991201328,0.9817240916927316
165010,22.5,1,NATIVE,0.8535533905932737,0.0017440977500072,0.8839935417827053,0.8908068647998326
165010,22.5,1,AMP_ONLY,0.8535533905932737,0.0017440977500072,0.8590362491691942,0.8590362493344285
165010,22.5,1,DIR_ONLY,0.8535533905932737,0.0017440977500072,1.029051920112937,1.0369831135847647
165010,22.5,2,NATIVE,0.8535533905932737,0.0021280824836408,1.0017634889715985,1.004647360126933
165010,22.5,2,AMP_ONLY,0.8535533905932737,0.0021280824836408,1.048155750746996,1.048155750921257
165010,22.5,2,DIR_ONLY,0.8535533905932737,0.0021280824836408,0.9557390400191818,0.9584903587442416
165010,22.5,3,NATIVE,0.8535533905932737,0.0020472689768394,0.8338083847920724,0.8478795516706026
165010,22.5,3,AMP_ONLY,0.8535533905932737,0.0020472689768394,1.0083538633152658,1.008353863479529
165010,22.5,3,DIR_ONLY,0.8535533905932737,0.0020472689768394,0.8269005481558276,0.8408551568473815
165010,45.0,0,NATIVE,0.5000000000000001,0.0015816003321661,0.8123807549523862,0.8237743111423087
165010,45.0,0,AMP_ONLY,0.5000000000000001,0.0015816003321661,0.7790024248278047,0.7790024250111511
165010,45.0,0,DIR_ONLY,0.5000000000000001,0.0015816003321661,1.0428471863441036,1.057473459830745
165010,45.0,1,NATIVE,0.5000000000000001,0.0019371453285761,0.7195101832167403,0.7326650976610193
165010,45.0,1,AMP_ONLY,0.5000000000000001,0.0019371453285761,0.954116075103363,0.9541160752616824
165010,45.0,1,DIR_ONLY,0.5000000000000001,0.0019371453285761,0.7541121071256504,0.7678997322715669
165010,45.0,2,NATIVE,0.5000000000000001,0.0020339390553948,0.7994703319279308,0.8249346538087561
165010,45.0,2,AMP_ONLY,0.5000000000000001,0.0020339390553948,1.0017886608143696,1.0017886609774642
165010,45.0,2,DIR_ONLY,0.5000000000000001,0.0020339390553948,0.7980428898442719,0.8234617378087195
165010,45.0,3,NATIVE,0.5000000000000001,0.001314611767228,0.5297847909559337,0.5429275081661326
165010,45.0,3,AMP_ONLY,0.5000000000000001,0.001314611767228,0.6475031130085881,0.6475031132333501
165010,45.0,3,DIR_ONLY,0.5000000000000001,0.001314611767228,0.8181982694806209,0.838494958127663
165010,67.5,0,NATIVE,0.1464466094067263,0.0010614127216058,0.3067686247931812,0.3496884271667624
165010,67.5,0,AMP_ONLY,0.1464466094067263,0.0010614127216058,0.5227942378750263,0.5227942381364881
165010,67.5,0,DIR_ONLY,0.1464466094067263,0.0010614127216058,0.5867887579176396,0.6688844123613499
165010,67.5,1,NATIVE,0.1464466094067263,0.0008346115070992,0.2540272688606306,0.3116767138073926
165010,67.5,1,AMP_ONLY,0.1464466094067263,0.0008346115070992,0.4110861066175378,0.411086106895378
165010,67.5,1,DIR_ONLY,0.1464466094067263,0.0008346115070992,0.6179453807366905,0.7581879164018948
165010,67.5,2,NATIVE,0.1464466094067263,0.0014308153848243,0.4282427921417125,0.5231203556367405
165010,67.5,2,AMP_ONLY,0.1464466094067263,0.0014308153848243,0.7047368058855502,0.704736806091482
165010,67.5,2,DIR_ONLY,0.1464466094067263,0.0014308153848243,0.6076635033816945,0.7422939684327994
165010,67.5,3,NATIVE,0.1464466094067263,0.001267542632882,0.2837691301713146,0.3609675288962879
165010,67.5,3,AMP_ONLY,0.1464466094067263,0.001267542632882,0.6243201075437146,0.6243201077760285
165010,67.5,3,DIR_ONLY,0.1464466094067263,0.001267542632882,0.4545279336859838,0.5781822081677407
165010,90.0,0,NATIVE,3.749399456654644e-33,0.0012068035126334,0.0454895842047539,0.287822322390345
165010,90.0,0,AMP_ONLY,3.749399456654644e-33,0.0012068035126334,0.5944041470638327,0.5944041473055677
165010,90.0,0,DIR_ONLY,3.749399456654644e-33,0.0012068035126334,0.076527145672791,0.4842275209330067
165010,90.0,1,NATIVE,3.749399456654644e-33,0.001154757681839,-0.1286803811527704,0.3159888669623762
165010,90.0,1,AMP_ONLY,3.749399456654644e-33,0.001154757681839,0.568769852643625,0.5687698528929762
165010,90.0,1,DIR_ONLY,3.749399456654644e-33,0.001154757681839,-0.226246777493286,0.5555611840448195
165010,90.0,2,NATIVE,3.749399456654644e-33,0.0014277309472079,-0.1254003270523471,0.311662432620988
165010,90.0,2,AMP_ONLY,3.749399456654644e-33,0.0014277309472079,0.7032176332257275,0.7032176334321527
165010,90.0,2,DIR_ONLY,3.749399456654644e-33,0.0014277309472079,-0.1783264940473236,0.4432001447367762
165010,90.0,3,NATIVE,3.749399456654644e-33,0.0006377665534137,0.053997842393576,0.1019176896892617
165010,90.0,3,AMP_ONLY,3.749399456654644e-33,0.0006377665534137,0.3141317538818637,0.3141317541513659
165010,90.0,3,DIR_ONLY,3.749399456654644e-33,0.0006377665534137,0.1718984616331596,0.3244507489314401
165011,0.0,0,NATIVE,1.0,0.001731818235185,0.9999999995255896,0.9999999999993112
165011,0.0,0,AMP_ONLY,1.0,0.001731818235185,0.9999999995255896,0.9999999999993112
165011,0.0,0,DIR_ONLY,1.0,0.001731818235185,0.9999999995255896,0.9999999999993112
165011,0.0,1,NATIVE,1.0,0.001731818235185,0.9999999995255896,0.9999999999993112
165011,0.0,1,AMP_ONLY,1.0,0.001731818235185,0.9999999995255896,0.9999999999993112
165011,0.0,1,DIR_ONLY,1.0,0.001731818235185,0.9999999995255896,0.9999999999993112
165011,0.0,2,NATIVE,1.0,0.001731818235185,0.9999999995255896,0.9999999999993112
165011,0.0,2,AMP_ONLY,1.0,0.001731818235185,0.9999999995255896,0.9999999999993112
165011,0.0,2,DIR_ONLY,1.0,0.001731818235185,0.9999999995255896,0.9999999999993112
165011,0.0,3,NATIVE,1.0,0.001731818235185,0.9999999995255896,0.9999999999993112
165011,0.0,3,AMP_ONLY,1.0,0.001731818235185,0.9999999995255896,0.9999999999993112
165011,0.0,3,DIR_ONLY,1.0,0.001731818235185,0.9999999995255896,0.9999999999993112
165011,22.5,0,NATIVE,0.8535533905932737,0.0018949301334004,1.0589017256855024,1.068393811922272
165011,22.5,0,AMP_ONLY,0.8535533905932737,0.0018949301334004,1.0941812770248105,1.0941812775527937
165011,22.5,0,DIR_ONLY,0.8535533905932737,0.0018949301334004,0.9677565366902988,0.9764313591265162
165011,22.5,1,NATIVE,0.8535533905932737,0.0015140344073341,0.8011918431232566,0.8068785036200085
165011,22.5,1,AMP_ONLY,0.8535533905932737,0.0015140344073341,0.8742498997484999,0.8742499001763853
165011,22.5,1,DIR_ONLY,0.8535533905932737,0.0015140344073341,0.9164336742095612,0.9229382500653308
165011,22.5,2,NATIVE,0.8535533905932737,0.001672423662437,0.9788925636560591,0.9878999483280504
165011,22.5,2,AMP_ONLY,0.8535533905932737,0.001672423662437,0.9657052287715931,0.9657052292301972
165011,22.5,2,DIR_ONLY,0.8535533905932737,0.001672423662437,1.0136557920920797,1.0229831341655946
165011,22.5,3,NATIVE,0.8535533905932737,0.0014550498122439,0.8372554713791923,0.8484727968114757
165011,22.5,3,AMP_ONLY,0.8535533905932737,0.0014550498122439,0.8401915142708082,0.840191514690141
165011,22.5,3,DIR_ONLY,0.8535533905932737,0.0014550498122439,0.996506369510793,1.0098576959112036
165011,45.0,0,NATIVE,0.5000000000000001,0.0011289670953934,0.5446457188688636,0.5691120195041935
165011,45.0,0,AMP_ONLY,0.5000000000000001,0.0011289670953934,0.6519059395720744,0.6519059399593409
165011,45.0,0,DIR_ONLY,0.5000000000000001,0.0011289670953934,0.8354683095830912,0.8729990600044744
165011,45.0,1,NATIVE,0.5000000000000001,0.0014833060570673,0.5992610115976961,0.6600796264808981
165011,45.0,1,AMP_ONLY,0.5000000000000001,0.0014833060570673,0.8565070073491402,0.8565070077724061
165011,45.0,1,DIR_ONLY,0.5000000000000001,0.0014833060570673,0.69965716518919,0.7706650824702751
165011,45.0,2,NATIVE,0.5000000000000001,0.0014779794113866,0.642541814695105,0.697794445609851
165011,45.0,2,AMP_ONLY,0.5000000000000001,0.0014779794113866,0.8534313401534235,0.8534313405759256
165011,45.0,2,DIR_ONLY,0.5000000000000001,0.0014779794113866,0.7528917804867648,0.817633574715749
165011,45.0,3,NATIVE,0.5000000000000001,0.0013664389662524,0.7173561335765222,0.7409508714672266
165011,45.0,3,AMP_ONLY,0.5000000000000001,0.0013664389662524,0.7890264175970315,0.7890264180056953
165011,45.0,3,DIR_ONLY,0.5000000000000001,0.0013664389662524,0.9091663220615304,0.9390697584853864
165011,67.5,0,NATIVE,0.1464466094067263,0.0014623383580048,0.5391234036531617,0.6449232893981963
165011,67.5,0,AMP_ONLY,0.1464466094067263,0.0014623383580048,0.8444000096151505,0.8444000100354704
165011,67.5,0,DIR_ONLY,0.1464466094067263,0.0014623383580048,0.6384712409799328,0.7637686704397
165011,67.5,1,NATIVE,0.1464466094067263,0.0009248450414741,0.4066440662082374,0.4421515415016975
165011,67.5,1,AMP_ONLY,0.1464466094067263,0.0009248450414741,0.5340410524807894,0.5340410528488994
165011,67.5,1,DIR_ONLY,0.1464466094067263,0.0009248450414741,0.7614502080651643,0.8279401605804967
165011,67.5,2,NATIVE,0.1464466094067263,0.0012139070689535,0.3080113239773821,0.518706125405999
165011,67.5,2,AMP_ONLY,0.1464466094067263,0.0012139070689535,0.700951960177088,0.7009519605714016
165011,67.5,2,DIR_ONLY,0.1464466094067263,0.0012139070689535,0.4394170006010136,0.7400029469241196
165011,67.5,3,NATIVE,0.1464466094067263,0.0009983628911697,0.2562723716893105,0.3550079401951342
165011,67.5,3,AMP_ONLY,0.1464466094067263,0.0009983628911697,0.5764921187149225,0.5764921190906889
165011,67.5,3,DIR_ONLY,0.1464466094067263,0.0009983628911697,0.4445404208618951,0.6158140668968108
165011,90.0,0,NATIVE,3.749399456654644e-33,0.0005415949223704,-0.1122282872872776,0.1948564290475729
165011,90.0,0,AMP_ONLY,3.749399456654644e-33,0.0005415949223704,0.3127404374994181,0.3127404377941747
165011,90.0,0,DIR_ONLY,3.749399456654644e-33,0.0005415949223704,-0.3588662174634079,0.6230787537916443
165011,90.0,1,NATIVE,3.749399456654644e-33,0.0011371586877252,-0.0096660687486489,0.3962128617693728
165011,90.0,1,AMP_ONLY,3.749399456654644e-33,0.0011371586877252,0.65663593526328,0.6566359356512241
165011,90.0,1,DIR_ONLY,3.749399456654644e-33,0.0011371586877252,-0.0147222933617617,0.6034029043942006
165011,90.0,2,NATIVE,3.749399456654644e-33,0.0007216419141271,-0.0819398255214285,0.3050807002790978
165011,90.0,2,AMP_ONLY,3.749399456654644e-33,0.0007216419141271,0.4167056869817122,0.4167056873198514
165011,90.0,2,DIR_ONLY,3.749399456654644e-33,0.0007216419141271,-0.1966460909514402,0.7321474762245183
165011,90.0,3,NATIVE,3.749399456654644e-33,0.0010423446894516,-0.0873832724140841,0.348009600155989
165011,90.0,3,AMP_ONLY,3.749399456654644e-33,0.0010423446894516,0.6018882537116744,0.6018882540915284
165011,90.0,3,DIR_ONLY,3.749399456654644e-33,0.0010423446894516,-0.1451861540694625,0.5782116732309823
165012,0.0,0,NATIVE,1.0,0.0053736956028332,0.9999999999641196,0.9999999999998106
165012,0.0,0,AMP_ONLY,1.0,0.0053736956028332,0.9999999999641196,0.9999999999998106
165012,0.0,0,DIR_ONLY,1.0,0.0053736956028332,0.9999999999641196,0.9999999999998106
165012,0.0,1,NATIVE,1.0,0.0053736956028332,0.9999999999641196,0.9999999999998106
165012,0.0,1,AMP_ONLY,1.0,0.0053736956028332,0.9999999999641196,0.9999999999998106
165012,0.0,1,DIR_ONLY,1.0,0.0053736956028332,0.9999999999641196,0.9999999999998106
165012,0.0,2,NATIVE,1.0,0.0053736956028332,0.9999999999641196,0.9999999999998106
165012,0.0,2,AMP_ONLY,1.0,0.0053736956028332,0.9999999999641196,0.9999999999998106
165012,0.0,2,DIR_ONLY,1.0,0.0053736956028332,0.9999999999641196,0.9999999999998106
165012,0.0,3,NATIVE,1.0,0.0053736956028332,0.9999999999641196,0.9999999999998106
165012,0.0,3,AMP_ONLY,1.0,0.0053736956028332,0.9999999999641196,0.9999999999998106
165012,0.0,3,DIR_ONLY,1.0,0.0053736956028332,0.9999999999641196,0.9999999999998106
165012,22.5,0,NATIVE,0.8535533905932737,0.0045335484606347,0.840012916105417,0.8451289693437047
165012,22.5,0,AMP_ONLY,0.8535533905932737,0.0045335484606347,0.8436312233501928,0.8436312235526439
165012,22.5,0,DIR_ONLY,0.8535533905932737,0.0045335484606347,0.995713643147759,1.0017768769514104
165012,22.5,1,NATIVE,0.8535533905932737,0.0052093713942193,0.9179302506139296,0.9194847314827114
165012,22.5,1,AMP_ONLY,0.8535533905932737,0.0052093713942193,0.9694151583723016,0.9694151584144648
165012,22.5,1,DIR_ONLY,0.8535533905932737,0.0052093713942193,0.9468903530991416,0.9484938672474824
165012,22.5,2,NATIVE,0.8535533905932737,0.0050689102206004,0.9363355885854052,0.937914518574708
165012,22.5,2,AMP_ONLY,0.8535533905932737,0.0050689102206004,0.943272095185096,0.94327209524409
165012,22.5,2,DIR_ONLY,0.8535533905932737,0.0050689102206004,0.992645948744964,0.9943197322319568
165012,22.5,3,NATIVE,0.8535533905932737,0.0052547829718574,0.9645683191062892,0.9673905480296324
165012,22.5,3,AMP_ONLY,0.8535533905932737,0.0052547829718574,0.9778673535749476,0.9778673536138434
165012,22.5,3,DIR_ONLY,0.8535533905932737,0.0052547829718574,0.9863998496079096,0.9892859104183036
165012,45.0,0,NATIVE,0.5000000000000001,0.0042645992717247,0.7732535884258858,0.7861741338915718
165012,45.0,0,AMP_ONLY,0.5000000000000001,0.0042645992717247,0.7935761065470698,0.7935761068580961
165012,45.0,0,DIR_ONLY,0.5000000000000001,0.0042645992717247,0.9743951927496168,0.9906769212267518
165012,45.0,1,NATIVE,0.5000000000000001,0.0037813082304567,0.6329662462509005,0.6570533218115101
165012,45.0,1,AMP_ONLY,0.5000000000000001,0.0037813082304567,0.7036313606668922,0.7036313612093077
165012,45.0,1,DIR_ONLY,0.5000000000000001,0.0037813082304567,0.8995727575857059,0.9337992717012564
165012,45.0,2,NATIVE,0.5000000000000001,0.0033814714142043,0.6801785247462041,0.6863016459970285
165012,45.0,2,AMP_ONLY,0.5000000000000001,0.0033814714142043,0.629220440540539,0.6292204412877551
165012,45.0,2,DIR_ONLY,0.5000000000000001,0.0033814714142043,1.081003276857093,1.0907356107262862
165012,45.0,3,NATIVE,0.5000000000000001,0.0042883600813963,0.8430997080324772,0.8648059726028948
165012,45.0,3,AMP_ONLY,0.5000000000000001,0.0042883600813963,0.797998280612403,0.7979982809130971
165012,45.0,3,DIR_ONLY,0.5000000000000001,0.0042883600813963,1.056524394062643,1.0837245439914769
165012,67.5,0,NATIVE,0.1464466094067263,0.0026946689975491,0.3554120416859088,0.3823592089851884
165012,67.5,0,AMP_ONLY,0.1464466094067263,0.0026946689975491,0.5014090767768427,0.5014090778408273
165012,67.5,0,DIR_ONLY,0.1464466094067263,0.0026946689975491,0.7087908334144536,0.7625278901491384
165012,67.5,1,NATIVE,0.1464466094067263,0.0022968780576321,0.3928528435313749,0.4618150279323262
165012,67.5,1,AMP_ONLY,0.1464466094067263,0.0022968780576321,0.4273844395359992,0.4273844407284652
165012,67.5,1,DIR_ONLY,0.1464466094067263,0.0022968780576321,0.9192892643648808,1.0806396213913718
165012,67.5,2,NATIVE,0.1464466094067263,0.002440232916256,0.4477534101012257,0.4801149519547295
165012,67.5,2,AMP_ONLY,0.1464466094067263,0.002440232916256,0.4540610100945794,0.4540610112472609
165012,67.5,2,DIR_ONLY,0.1464466094067263,0.002440232916256,0.9861306632766508,1.0574015401145027
165012,67.5,3,NATIVE,0.1464466094067263,0.003342859799786,0.5017014910685175,0.5338693462586792
165012,67.5,3,AMP_ONLY,0.1464466094067263,0.003342859799786,0.6220348029460266,0.6220348037128195
165012,67.5,3,DIR_ONLY,0.1464466094067263,0.003342859799786,0.80652737686997,0.858235034240384
165012,90.0,0,NATIVE,3.749399456654644e-33,0.0011348376424099,-0.0561824165328482,0.1362344308314696
165012,90.0,0,AMP_ONLY,3.749399456654644e-33,0.0011348376424099,0.21115283996526,0.2111528410797391
165012,90.0,0,DIR_ONLY,3.749399456654644e-33,0.0011348376424099,-0.2660107060670132,0.6450952175107102
165012,90.0,1,NATIVE,3.749399456654644e-33,0.0014594355725694,-0.0843810604116873,0.1133065629697651
165012,90.0,1,AMP_ONLY,3.749399456654644e-33,0.0014594355725694,0.2715520201481829,0.2715520213708401
165012,90.0,1,DIR_ONLY,3.749399456654644e-33,0.0014594355725694,-0.3106789958796255,0.4171955590640198
165012,90.0,2,NATIVE,3.749399456654644e-33,0.0014994777043213,0.0277387245597004,0.1373339027286937
165012,90.0,2,AMP_ONLY,3.749399456654644e-33,0.0014994777043213,0.2790029074661129,0.2790029086968341
165012,90.0,2,DIR_ONLY,3.749399456654644e-33,0.0014994777043213,0.0994197282442157,0.4921884051179662
165012,90.0,3,NATIVE,3.749399456654644e-33,0.0014654525908241,0.0204372681535311,0.1771929674416537
165012,90.0,3,AMP_ONLY,3.749399456654644e-33,0.0014654525908241,0.2726716426564104,0.2726716438803496
165012,90.0,3,DIR_ONLY,3.749399456654644e-33,0.0014654525908241,0.0749938674145373,0.6497416439291115
165013,0.0,0,NATIVE,1.0,0.0029053440356239,0.9999999998160524,0.9999999999995712
165013,0.0,0,AMP_ONLY,1.0,0.0029053440356239,0.9999999998160524,0.9999999999995712
165013,0.0,0,DIR_ONLY,1.0,0.0029053440356239,0.9999999998160524,0.9999999999995712
165013,0.0,1,NATIVE,1.0,0.0029053440356239,0.9999999998160524,0.9999999999995712
165013,0.0,1,AMP_ONLY,1.0,0.0029053440356239,0.9999999998160524,0.9999999999995712
165013,0.0,1,DIR_ONLY,1.0,0.0029053440356239,0.9999999998160524,0.9999999999995712
165013,0.0,2,NATIVE,1.0,0.0029053440356239,0.9999999998160524,0.9999999999995712
165013,0.0,2,AMP_ONLY,1.0,0.0029053440356239,0.9999999998160524,0.9999999999995712
165013,0.0,2,DIR_ONLY,1.0,0.0029053440356239,0.9999999998160524,0.9999999999995712
165013,0.0,3,NATIVE,1.0,0.0029053440356239,0.9999999998160524,0.9999999999995712
165013,0.0,3,AMP_ONLY,1.0,0.0029053440356239,0.9999999998160524,0.9999999999995712
165013,0.0,3,DIR_ONLY,1.0,0.0029053440356239,0.9999999998160524,0.9999999999995712
165013,22.5,0,NATIVE,0.8535533905932737,0.0028837592759686,0.973680027383737,0.9796327487262388
165013,22.5,0,AMP_ONLY,0.8535533905932737,0.0028837592759686,0.9925700060834066,0.9925700062657028
165013,22.5,0,DIR_ONLY,0.8535533905932737,0.0028837592759686,0.9809685997985936,0.9869658590318204
165013,22.5,1,NATIVE,0.8535533905932737,0.0026756455918193,0.9097226338771826,0.913559240255256
165013,22.5,1,AMP_ONLY,0.8535533905932737,0.0026756455918193,0.92093277632312,0.9209327765069536
165013,22.5,1,DIR_ONLY,0.8535533905932737,0.0026756455918193,0.9878271813792818,0.9919932157582724
165013,22.5,2,NATIVE,0.8535533905932737,0.0027897438691527,0.9477201426144952,0.9483368743980708
165013,22.5,2,AMP_ONLY,0.8535533905932737,0.0027897438691527,0.9602077561464748,0.9602077563266052
165013,22.5,2,DIR_ONLY,0.8535533905932737,0.0027897438691527,0.9869948120929206,0.98763706414817
165013,22.5,3,NATIVE,0.8535533905932737,0.0026790608022542,0.9503626886474416,0.958536946745946
165013,22.5,3,AMP_ONLY,0.8535533905932737,0.0026790608022542,0.922108358154048,0.9221083583376778
165013,22.5,3,DIR_ONLY,0.8535533905932737,0.0026790608022542,1.030641518527477,1.0395065046279588
165013,45.0,0,NATIVE,0.5000000000000001,0.00211389453051,0.7050050407319445,0.7299468171821696
165013,45.0,0,AMP_ONLY,0.5000000000000001,0.00211389453051,0.7275705207515659,0.7275705210242165
165013,45.0,0,DIR_ONLY,0.5000000000000001,0.00211389453051,0.9689877494785576,1.0032712340279433
165013,45.0,1,NATIVE,0.5000000000000001,0.002047145932231,0.6900294979195937,0.7022590645824567
165013,45.0,1,AMP_ONLY,0.5000000000000001,0.002047145932231,0.7045952042766496,0.7045952045643852
165013,45.0,1,DIR_ONLY,0.5000000000000001,0.002047145932231,0.9793258976452616,0.9966826425198184
165013,45.0,2,NATIVE,0.5000000000000001,0.002109226272194,0.754042501041319,0.7877726738952381
165013,45.0,2,AMP_ONLY,0.5000000000000001,0.002109226272194,0.7259636717516117,0.7259636720253032
165013,45.0,2,DIR_ONLY,0.5000000000000001,0.002109226272194,1.0386824898943834,1.0851494179744
165013,45.0,3,NATIVE,0.5000000000000001,0.0020659160388663,0.7175836855094543,0.7215756695955817
165013,45.0,3,AMP_ONLY,0.5000000000000001,0.0020659160388663,0.7110559916274009,0.7110559919108549
165013,45.0,3,DIR_ONLY,0.5000000000000001,0.0020659160388663,1.009180342188538,1.014795338643975
165013,67.5,0,NATIVE,0.1464466094067263,0.0015948177944979,0.2543097835415082,0.3318332935062732
165013,67.5,0,AMP_ONLY,0.1464466094067263,0.0015948177944979,0.5489033205729952,0.5489033209616667
165013,67.5,0,DIR_ONLY,0.1464466094067263,0.0015948177944979,0.4632998476713707,0.6045294284681066
165013,67.5,1,NATIVE,0.1464466094067263,0.0013163616981683,0.2064753206104414,0.2873946101122929
165013,67.5,1,AMP_ONLY,0.1464466094067263,0.0013163616981683,0.4530605716358671,0.4530605720684922
165013,67.5,1,DIR_ONLY,0.1464466094067263,0.0013163616981683,0.4557206883028739,0.6343125924710966
165013,67.5,2,NATIVE,0.1464466094067263,0.0017624601301356,0.2200104609057335,0.474191838107172
165013,67.5,2,AMP_ONLY,0.1464466094067263,0.0017624601301356,0.6066055031255,0.6066055034787875
165013,67.5,2,DIR_ONLY,0.1464466094067263,0.0017624601301356,0.3626978847814356,0.7817043328400262
165013,67.5,3,NATIVE,0.1464466094067263,0.0013136216007524,0.3421931722644034,0.3821911947042524
165013,67.5,3,AMP_ONLY,0.1464466094067263,0.0013136216007524,0.452117456430404,0.4521174568633333
165013,67.5,3,DIR_ONLY,0.1464466094067263,0.0013136216007524,0.7568589157925563,0.8453261524357814
165013,90.0,0,NATIVE,3.749399456654644e-33,0.0011815501830898,-0.0173565425371754,0.2523933689614887
165013,90.0,0,AMP_ONLY,3.749399456654644e-33,0.0011815501830898,0.4066599334352818,0.4066599338791328
165013,90.0,0,DIR_ONLY,3.749399456654644e-33,0.0011815501830898,-0.0426615851635909,0.6206137699282732
165013,90.0,1,NATIVE,3.749399456654644e-33,0.0016957986664657,0.0404518658907812,0.3097295708478201
165013,90.0,1,AMP_ONLY,3.749399456654644e-33,0.0016957986664657,0.5836606785361763,0.5836606789040684
165013,90.0,1,DIR_ONLY,3.749399456654644e-33,0.0016957986664657,0.0693129986271441,0.5306525331904972
165013,90.0,2,NATIVE,3.749399456654644e-33,0.0020247130840395,-0.0964028632830697,0.4446882610524801
165013,90.0,2,AMP_ONLY,3.749399456654644e-33,0.0020247130840395,0.696873688373438,0.6968736886663228
165013,90.0,2,DIR_ONLY,3.749399456654644e-33,0.0020247130840395,-0.1383280082685659,0.6381039279736476
165013,90.0,3,NATIVE,3.749399456654644e-33,0.0012618921484778,0.1676962736260283,0.2931183371005296
165013,90.0,3,AMP_ONLY,3.749399456654644e-33,0.0012618921484778,0.4343127060244345,0.4343127064625386
165013,90.0,3,DIR_ONLY,3.749399456654644e-33,0.0012618921484778,0.3861162153659457,0.674883995631358
165014,0.0,0,NATIVE,1.0,0.0028771454519547,0.999999999861288,0.9999999999996276
165014,0.0,0,AMP_ONLY,1.0,0.0028771454519547,0.999999999861288,0.9999999999996276
165014,0.0,0,DIR_ONLY,1.0,0.0028771454519547,0.999999999861288,0.9999999999996276
165014,0.0,1,NATIVE,1.0,0.0028771454519547,0.999999999861288,0.9999999999996276
165014,0.0,1,AMP_ONLY,1.0,0.0028771454519547,0.999999999861288,0.9999999999996276
165014,0.0,1,DIR_ONLY,1.0,0.0028771454519547,0.999999999861288,0.9999999999996276
165014,0.0,2,NATIVE,1.0,0.0028771454519547,0.999999999861288,0.9999999999996276
165014,0.0,2,AMP_ONLY,1.0,0.0028771454519547,0.999999999861288,0.9999999999996276
165014,0.0,2,DIR_ONLY,1.0,0.0028771454519547,0.999999999861288,0.9999999999996276
165014,0.0,3,NATIVE,1.0,0.0028771454519547,0.999999999861288,0.9999999999996276
165014,0.0,3,AMP_ONLY,1.0,0.0028771454519547,0.999999999861288,0.9999999999996276
165014,0.0,3,DIR_ONLY,1.0,0.0028771454519547,0.999999999861288,0.9999999999996276
165014,22.5,0,NATIVE,0.8535533905932737,0.0027310800080433,0.9049231655514096,0.9098791369775304
165014,22.5,0,AMP_ONLY,0.8535533905932737,0.0027310800080433,0.9492377454435318,0.9492377455810384
165014,22.5,0,DIR_ONLY,0.8535533905932737,0.0027310800080433,0.9533157149417432,0.958536789779038
165014,22.5,1,NATIVE,0.8535533905932737,0.002649491667327,0.892835989264877,0.895904551755911
165014,22.5,1,AMP_ONLY,0.8535533905932737,0.002649491667327,0.9208830316336633,0.9208830317756418
165014,22.5,1,DIR_ONLY,0.8535533905932737,0.002649491667327,0.9695431685276312,0.9728753809835924
165014,22.5,2,NATIVE,0.8535533905932737,0.0029452031299747,0.9950244222549376,0.9996753237689124
165014,22.5,2,AMP_ONLY,0.8535533905932737,0.0029452031299747,1.023651953468355,1.0236519536114164
165014,22.5,2,DIR_ONLY,0.8535533905932737,0.0029452031299747,0.9720339207047576,0.9765773669514742
165014,22.5,3,NATIVE,0.8535533905932737,0.0028438108679413,1.0155930737743986,1.0190589302005884
165014,22.5,3,AMP_ONLY,0.8535533905932737,0.0028438108679413,0.9884152515880282,0.988415251725101
165014,22.5,3,DIR_ONLY,0.8535533905932737,0.0028438108679413,1.0274963852294745,1.03100285869784
165014,45.0,0,NATIVE,0.5000000000000001,0.0022229439058973,0.7484093595552791,0.7641060922930194
165014,45.0,0,AMP_ONLY,0.5000000000000001,0.0022229439058973,0.7726403739425896,0.7726403741504424
165014,45.0,0,DIR_ONLY,0.5000000000000001,0.0022229439058973,0.9686387438131088,0.9889566368398376
165014,45.0,1,NATIVE,0.5000000000000001,0.0023242960897919,0.6968896544279288,0.7369124052103578
165014,45.0,1,AMP_ONLY,0.5000000000000001,0.0023242960897919,0.8078648045409526,0.8078648047281186
165014,45.0,1,DIR_ONLY,0.5000000000000001,0.0023242960897919,0.862632517328743,0.9121751347499808
165014,45.0,2,NATIVE,0.5000000000000001,0.0023237407345625,0.7397283864763122,0.750440175892913
165014,45.0,2,AMP_ONLY,0.5000000000000001,0.0023237407345625,0.8076717944211842,0.8076717946084572
165014,45.0,2,DIR_ONLY,0.5000000000000001,0.0023237407345625,0.9158779745790996,0.9291414433693268
165014,45.0,3,NATIVE,0.5000000000000001,0.0022772341898658,0.7130036328542755,0.7455235883385782
165014,45.0,3,AMP_ONLY,0.5000000000000001,0.0022772341898658,0.7915087166875066,0.7915087168839895
165014,45.0,3,DIR_ONLY,0.5000000000000001,0.0022772341898658,0.9008161963668108,0.9419040741046962
165014,67.5,0,NATIVE,0.1464466094067263,0.0019434726300667,0.5142650025138962,0.5742667280605106
165014,67.5,0,AMP_ONLY,0.1464466094067263,0.0019434726300667,0.6755101702605617,0.6755101705337208
165014,67.5,0,DIR_ONLY,0.1464466094067263,0.0019434726300667,0.7613056174123641,0.8501348869147657
165014,67.5,1,NATIVE,0.1464466094067263,0.0014117049525213,0.394159500490391,0.4231667356727476
165014,67.5,1,AMP_ONLY,0.1464466094067263,0.0014117049525213,0.4906887285917646,0.4906887289809102
165014,67.5,1,DIR_ONLY,0.1464466094067263,0.0014117049525213,0.8032790076919627,0.8624032866295561
165014,67.5,2,NATIVE,0.1464466094067263,0.0014922596306643,0.3792850953928293,0.4162092171633528
165014,67.5,2,AMP_ONLY,0.1464466094067263,0.0014922596306643,0.5186868291917002,0.5186868295667867
165014,67.5,2,DIR_ONLY,0.1464466094067263,0.0014922596306643,0.731243354916761,0.8024405765778814
165014,67.5,3,NATIVE,0.1464466094067263,0.0013908795265665,0.3252051134686056,0.3880678508816857
165014,67.5,3,AMP_ONLY,0.1464466094067263,0.0013908795265665,0.483450482346913,0.4834504827393658
165014,67.5,3,DIR_ONLY,0.1464466094067263,0.0013908795265665,0.6726921522040511,0.8027323038546135
165014,90.0,0,NATIVE,3.749399456654644e-33,0.0009454124421829,-0.050911927041416,0.1437761881690938
165014,90.0,0,AMP_ONLY,3.749399456654644e-33,0.0009454124421829,0.3286177786722775,0.3286177790912709
165014,90.0,0,DIR_ONLY,3.749399456654644e-33,0.0009454124421829,-0.1549435010768015,0.4375536481151768
165014,90.0,1,NATIVE,3.749399456654644e-33,0.0009373032774678,0.0811421907879701,0.2155670718426203
165014,90.0,1,AMP_ONLY,3.749399456654644e-33,0.0009373032774678,0.3257991971321373,0.325799197550647
165014,90.0,1,DIR_ONLY,3.749399456654644e-33,0.0009373032774678,0.2490599967603586,0.6617106311493467
165014,90.0,2,NATIVE,3.749399456654644e-33,0.0013644844403718,0.1727922638534833,0.3327096106564171
165014,90.0,2,AMP_ONLY,3.749399456654644e-33,0.0013644844403718,0.4742763855698073,0.4742763859662419
165014,90.0,2,DIR_ONLY,3.749399456654644e-33,0.0013644844403718,0.3643313751000307,0.7015457321645915
165014,90.0,3,NATIVE,3.749399456654644e-33,0.0013062506689923,-0.0220550044678824,0.2620885048554019
165014,90.0,3,AMP_ONLY,3.749399456654644e-33,0.0013062506689923,0.454036104784311,0.4540361051886445
165014,90.0,3,DIR_ONLY,3.749399456654644e-33,0.0013062506689923,-0.0485867188239848,0.5772832668819876
165015,0.0,0,NATIVE,1.0,0.0028968857112014,0.9999999998876268,0.9999999999996648
165015,0.0,0,AMP_ONLY,1.0,0.0028968857112014,0.9999999998876268,0.9999999999996648
165015,0.0,0,DIR_ONLY,1.0,0.0028968857112014,0.9999999998876268,0.9999999999996648
165015,0.0,1,NATIVE,1.0,0.0028968857112014,0.9999999998876268,0.9999999999996648
165015,0.0,1,AMP_ONLY,1.0,0.0028968857112014,0.9999999998876268,0.9999999999996648
165015,0.0,1,DIR_ONLY,1.0,0.0028968857112014,0.9999999998876268,0.9999999999996648
165015,0.0,2,NATIVE,1.0,0.0028968857112014,0.9999999998876268,0.9999999999996648
165015,0.0,2,AMP_ONLY,1.0,0.0028968857112014,0.9999999998876268,0.9999999999996648
165015,0.0,2,DIR_ONLY,1.0,0.0028968857112014,0.9999999998876268,0.9999999999996648
165015,0.0,3,NATIVE,1.0,0.0028968857112014,0.9999999998876268,0.9999999999996648
165015,0.0,3,AMP_ONLY,1.0,0.0028968857112014,0.9999999998876268,0.9999999999996648
165015,0.0,3,DIR_ONLY,1.0,0.0028968857112014,0.9999999998876268,0.9999999999996648
165015,22.5,0,NATIVE,0.8535533905932737,0.0026399651191388,0.9091171459948632,0.9132630580625468
165015,22.5,0,AMP_ONLY,0.8535533905932737,0.0026399651191388,0.9113266903352002,0.9113266905680067
165015,22.5,0,DIR_ONLY,0.8535533905932737,0.0026399651191388,0.9975736512682124,1.0021223520697569
165015,22.5,1,NATIVE,0.8535533905932737,0.0029444506089458,0.9824132013556848,0.9845295580818596
165015,22.5,1,AMP_ONLY,0.8535533905932737,0.0029444506089458,1.016416173812244,1.0164161739311188
165015,22.5,1,DIR_ONLY,0.8535533905932737,0.0029444506089458,0.9665460938663084,0.9686282278259756
165015,22.5,2,NATIVE,0.8535533905932737,0.0026156019078208,0.9203140869970292,0.9311942823012104
165015,22.5,2,AMP_ONLY,0.8535533905932737,0.0026156019078208,0.9029178423160448,0.9029178425724248
165015,22.5,2,DIR_ONLY,0.8535533905932737,0.0026156019078208,1.0192651039876663,1.0313140490603478
165015,22.5,3,NATIVE,0.8535533905932737,0.0026310956421054,0.8216994608656033,0.8269223251978309
165015,22.5,3,AMP_ONLY,0.8535533905932737,0.0026310956421054,0.908265435065532,0.908265435306705
165015,22.5,3,DIR_ONLY,0.8535533905932737,0.0026310956421054,0.9046911110862834,0.9104416509597416
165015,45.0,0,NATIVE,0.5000000000000001,0.0021613975566665,0.663112662290565,0.7255978683423308
165015,45.0,0,AMP_ONLY,0.5000000000000001,0.0021613975566665,0.7461464522115381,0.7461464531718243
165015,45.0,0,DIR_ONLY,0.5000000000000001,0.0021613975566665,0.8886937398477412,0.9724290062927864
165015,45.0,1,NATIVE,0.5000000000000001,0.0028384655609505,0.8342861417882469,0.8439742733981506
165015,45.0,1,AMP_ONLY,0.5000000000000001,0.0028384655609505,0.9798371902433028,0.9798371903603488
165015,45.0,1,DIR_ONLY,0.5000000000000001,0.0028384655609505,0.851454943572526,0.8613426261670681
165015,45.0,2,NATIVE,0.5000000000000001,0.0023577268061582,0.7691344859217789,0.793621346594091
165015,45.0,2,AMP_ONLY,0.5000000000000001,0.0023577268061582,0.8139118237912992,0.8139118243964616
165015,45.0,2,DIR_ONLY,0.5000000000000001,0.0023577268061582,0.9449814027620758,0.97506533761867
165015,45.0,3,NATIVE,0.5000000000000001,0.0022516196132262,0.7554474237168406,0.7716962190599259
165015,45.0,3,AMP_ONLY,0.5000000000000001,0.0022516196132262,0.7772878815729037,0.7772878823629926
165015,45.0,3,DIR_ONLY,0.5000000000000001,0.0022516196132262,0.9719007622394364,0.9928064498852563
165015,67.5,0,NATIVE,0.1464466094067263,0.0015250689664942,0.423046502287088,0.4632781440242401
165015,67.5,0,AMP_ONLY,0.1464466094067263,0.0015250689664942,0.5264981744624724,0.5264981766725906
165015,67.5,0,DIR_ONLY,0.1464466094067263,0.0015250689664942,0.8034913587637141,0.8799013581211682
165015,67.5,1,NATIVE,0.1464466094067263,0.0018837385414156,0.3844226478931232,0.5011160123737982
165015,67.5,1,AMP_ONLY,0.1464466094067263,0.0018837385414156,0.6503061874181018,0.6503061889405642
165015,67.5,1,DIR_ONLY,0.1464466094067263,0.0018837385414156,0.5911307217425381,0.7705756915494588
165015,67.5,2,NATIVE,0.1464466094067263,0.0015098924188903,0.3259294880238883,0.4559140949682183
165015,67.5,2,AMP_ONLY,0.1464466094067263,0.0015098924188903,0.5212593027022691,0.5212593049377561
165015,67.5,2,DIR_ONLY,0.1464466094067263,0.0015098924188903,0.6252206290786588,0.8745759594675506
165015,67.5,3,NATIVE,0.1464466094067263,0.0009119015032003,0.141888716711505,0.1894618403396397
165015,67.5,3,AMP_ONLY,0.1464466094067263,0.0009119015032003,0.3148274645145017,0.3148274672417973
165015,67.5,3,DIR_ONLY,0.1464466094067263,0.0009119015032003,0.4507170230722641,0.6018450482469907
165015,90.0,0,NATIVE,3.749399456654644e-33,0.0016641619508583,-0.054041345186901,0.3536559197442405
165015,90.0,0,AMP_ONLY,3.749399456654644e-33,0.0016641619508583,0.5745119265920737,0.5745119285520571
165015,90.0,0,DIR_ONLY,3.749399456654644e-33,0.0016641619508583,-0.094082783616049,0.6156137224297074
165015,90.0,1,NATIVE,3.749399456654644e-33,0.001639992179957,-0.2671934943453674,0.3916983970319527
165015,90.0,1,AMP_ONLY,3.749399456654644e-33,0.001639992179957,0.5661687832080659,0.5661687852135259
165015,90.0,1,DIR_ONLY,3.749399456654644e-33,0.001639992179957,-0.4720014257836381,0.6919270843442802
165015,90.0,2,NATIVE,3.749399456654644e-33,0.0017697361767529,0.0468516661606614,0.2682618543561302
165015,90.0,2,AMP_ONLY,3.749399456654644e-33,0.0017697361767529,0.6109546993189109,0.6109547010728419
165015,90.0,2,DIR_ONLY,3.749399456654644e-33,0.0017697361767529,0.0766835756819324,0.4391218880700635
165015,90.0,3,NATIVE,3.749399456654644e-33,0.0024167925139557,-0.0239663717103052,0.4674126267031039
165015,90.0,3,AMP_ONLY,3.749399456654644e-33,0.0024167925139557,0.8342987148752422,0.834298715386469
165015,90.0,3,DIR_ONLY,3.749399456654644e-33,0.0024167925139557,-0.0287341927300379,0.5602734216356529
165016,0.0,0,NATIVE,1.0,0.0033297412346415,0.9999999998875008,0.9999999999996646
165016,0.0,0,AMP_ONLY,1.0,0.0033297412346415,0.9999999998875008,0.9999999999996646
165016,0.0,0,DIR_ONLY,1.0,0.0033297412346415,0.9999999998875008,0.9999999999996646
165016,0.0,1,NATIVE,1.0,0.0033297412346415,0.9999999998875008,0.9999999999996646
165016,0.0,1,AMP_ONLY,1.0,0.0033297412346415,0.9999999998875008,0.9999999999996646
165016,0.0,1,DIR_ONLY,1.0,0.0033297412346415,0.9999999998875008,0.9999999999996646
165016,0.0,2,NATIVE,1.0,0.0033297412346415,0.9999999998875008,0.9999999999996646
165016,0.0,2,AMP_ONLY,1.0,0.0033297412346415,0.9999999998875008,0.9999999999996646
165016,0.0,2,DIR_ONLY,1.0,0.0033297412346415,0.9999999998875008,0.9999999999996646
165016,0.0,3,NATIVE,1.0,0.0033297412346415,0.9999999998875008,0.9999999999996646
165016,0.0,3,AMP_ONLY,1.0,0.0033297412346415,0.9999999998875008,0.9999999999996646
165016,0.0,3,DIR_ONLY,1.0,0.0033297412346415,0.9999999998875008,0.9999999999996646
165016,22.5,0,NATIVE,0.8535533905932737,0.0032358306362047,0.988771721422698,0.995357116100704
165016,22.5,0,AMP_ONLY,0.8535533905932737,0.0032358306362047,0.9717914847413044,0.9717914848539232
165016,22.5,0,DIR_ONLY,0.8535533905932737,0.0032358306362047,1.017473670099324,1.0242502718182145
165016,22.5,1,NATIVE,0.8535533905932737,0.0030382118264562,0.9286615765904312,0.9295288448852148
165016,22.5,1,AMP_ONLY,0.8535533905932737,0.0030382118264562,0.9124324186309878,0.9124324187660814
165016,22.5,1,DIR_ONLY,0.8535533905932737,0.0030382118264562,1.0177868660116094,1.01873738324915
165016,22.5,2,NATIVE,0.8535533905932737,0.0030339453689625,0.8542092147709887,0.856497118607186
165016,22.5,2,AMP_ONLY,0.8535533905932737,0.0030339453689625,0.911150910201754,0.9111509103376222
165016,22.5,2,DIR_ONLY,0.8535533905932737,0.0030339453689625,0.9375045694121432,0.9400154535086832
165016,22.5,3,NATIVE,0.8535533905932737,0.0030369555827772,0.944345077539062,0.9478850613911928
165016,22.5,3,AMP_ONLY,0.8535533905932737,0.0030369555827772,0.912055082837076,0.9120550829723963
165016,22.5,3,DIR_ONLY,0.8535533905932737,0.0030369555827772,1.035404644885298,1.0392859817090383
165016,45.0,0,NATIVE,0.5000000000000001,0.0024238133669512,0.67442454298909,0.6901355348386053
165016,45.0,0,AMP_ONLY,0.5000000000000001,0.0024238133669512,0.7278927071247344,0.7278927074588121
165016,45.0,0,DIR_ONLY,0.5000000000000001,0.0024238133669512,0.9265398353553088,0.948123917037857
165016,45.0,1,NATIVE,0.5000000000000001,0.0027408364722387,0.7973363190189687,0.805727345110031
165016,45.0,1,AMP_ONLY,0.5000000000000001,0.0027408364722387,0.8231117147851913,0.8231117149981089
165016,45.0,1,DIR_ONLY,0.5000000000000001,0.0027408364722387,0.9686824432686014,0.9788761064613716
165016,45.0,2,NATIVE,0.5000000000000001,0.0028943792606663,0.8291183510763082,0.8747190784911075
165016,45.0,2,AMP_ONLY,0.5000000000000001,0.0028943792606663,0.8692300064173717,0.8692300065844593
165016,45.0,2,DIR_ONLY,0.5000000000000001,0.0028943792606663,0.9538557017925776,1.006316187461591
165016,45.0,3,NATIVE,0.5000000000000001,0.0021660358929487,0.6670203417085322,0.6802792976519898
165016,45.0,3,AMP_ONLY,0.5000000000000001,0.0021660358929487,0.6504707421545477,0.6504707425998154
165016,45.0,3,DIR_ONLY,0.5000000000000001,0.0021660358929487,1.0254475805116343,1.0458281461680603
165016,67.5,0,NATIVE,0.1464466094067263,0.0010710363063457,0.20113426307345,0.2484927059968927
165016,67.5,0,AMP_ONLY,0.1464466094067263,0.0010710363063457,0.3216180976154544,0.321618098345675
165016,67.5,0,DIR_ONLY,0.1464466094067263,0.0010710363063457,0.6253640032794079,0.7725821747315618
165016,67.5,1,NATIVE,0.1464466094067263,0.0018585152505515,0.4443950833307811,0.4773468605852052
165016,67.5,1,AMP_ONLY,0.1464466094067263,0.0018585152505515,0.5581115337108059,0.5581115342841247
165016,67.5,1,DIR_ONLY,0.1464466094067263,0.0018585152505515,0.7962397128847432,0.8552725315153642
165016,67.5,2,NATIVE,0.1464466094067263,0.0014186128187839,0.2186745033218133,0.2833607603072467
165016,67.5,2,AMP_ONLY,0.1464466094067263,0.0014186128187839,0.4259987952237143,0.4259987959295356
165016,67.5,2,DIR_ONLY,0.1464466094067263,0.0014186128187839,0.5132991996193386,0.665132151822978
165016,67.5,3,NATIVE,0.1464466094067263,0.0015833370131355,0.4418343960118753,0.4610366821793873
165016,67.5,3,AMP_ONLY,0.1464466094067263,0.0015833370131355,0.4754684912970116,0.4754684919635596
165016,67.5,3,DIR_ONLY,0.1464466094067263,0.0015833370131355,0.9292417089880236,0.969624741469438
165016,90.0,0,NATIVE,3.749399456654644e-33,0.0009188148618021,-0.1107051732668973,0.153873736791126
165016,90.0,0,AMP_ONLY,3.749399456654644e-33,0.0009188148618021,0.2759057185736394,0.2759057192831274
165016,90.0,0,DIR_ONLY,3.749399456654644e-33,0.0009188148618021,-0.4011601628875965,0.557594807664361
165016,90.0,1,NATIVE,3.749399456654644e-33,0.0007570438922117,-0.0528468102304321,0.1053069702169972
165016,90.0,1,AMP_ONLY,3.749399456654644e-33,0.0007570438922117,0.2273264285711813,0.2273264292333787
165016,90.0,1,DIR_ONLY,3.749399456654644e-33,0.0007570438922117,-0.2323998158359073,0.4631346885647333
165016,90.0,2,NATIVE,3.749399456654644e-33,0.0015482783816787,-0.2056171425687967,0.3247137625004758
165016,90.0,2,AMP_ONLY,3.749399456654644e-33,0.0015482783816787,0.4649396673393312,0.4649396680154545
165016,90.0,2,DIR_ONLY,3.749399456654644e-33,0.0015482783816787,-0.4421676986458438,0.6982933842411665
165016,90.0,3,NATIVE,3.749399456654644e-33,0.0012038678458378,-0.0977938813566003,0.2511265237439762
165016,90.0,3,AMP_ONLY,3.749399456654644e-33,0.0012038678458378,0.3615082702696453,0.3615082710012856
165016,90.0,3,DIR_ONLY,3.749399456654644e-33,0.0012038678458378,-0.2704394644181606,0.6945473037309715
165017,0.0,0,NATIVE,1.0,0.0040971350186898,0.9999999999232572,0.999999999999723
165017,0.0,0,AMP_ONLY,1.0,0.0040971350186898,0.9999999999232572,0.999999999999723
165017,0.0,0,DIR_ONLY,1.0,0.0040971350186898,0.9999999999232572,0.999999999999723
165017,0.0,1,NATIVE,1.0,0.0040971350186898,0.9999999999232572,0.999999999999723
165017,0.0,1,AMP_ONLY,1.0,0.0040971350186898,0.9999999999232572,0.999999999999723
165017,0.0,1,DIR_ONLY,1.0,0.0040971350186898,0.9999999999232572,0.999999999999723
165017,0.0,2,NATIVE,1.0,0.0040971350186898,0.9999999999232572,0.999999999999723
165017,0.0,2,AMP_ONLY,1.0,0.0040971350186898,0.9999999999232572,0.999999999999723
165017,0.0,2,DIR_ONLY,1.0,0.0040971350186898,0.9999999999232572,0.999999999999723
165017,0.0,3,NATIVE,1.0,0.0040971350186898,0.9999999999232572,0.999999999999723
165017,0.0,3,AMP_ONLY,1.0,0.0040971350186898,0.9999999999232572,0.999999999999723
165017,0.0,3,DIR_ONLY,1.0,0.0040971350186898,0.9999999999232572,0.999999999999723
165017,22.5,0,NATIVE,0.8535533905932737,0.0036527809825886,0.9101941297025326,0.9113949323027368
165017,22.5,0,AMP_ONLY,0.8535533905932737,0.0036527809825886,0.8915632675856554,0.8915632678612901
165017,22.5,0,DIR_ONLY,0.8535533905932737,0.0036527809825886,1.0208964014448263,1.0222432474867975
165017,22.5,1,NATIVE,0.8535533905932737,0.0040916475950462,0.9572551128715556,0.96560158708366
165017,22.5,1,AMP_ONLY,0.8535533905932737,0.0040916475950462,0.9986609183534833,0.998660918429882
165017,22.5,1,DIR_ONLY,0.8535533905932737,0.0040916475950462,0.9585387090980032,0.9668963931934128
165017,22.5,2,NATIVE,0.8535533905932737,0.003946491559654,0.9449727671421444,0.948025206130825
165017,22.5,2,AMP_ONLY,0.8535533905932737,0.003946491559654,0.963238627461846,0.9632386275612742
165017,22.5,2,DIR_ONLY,0.8535533905932737,0.003946491559654,0.981037085640546,0.9842059995347836
165017,22.5,3,NATIVE,0.8535533905932737,0.0037940228273963,0.910397698336192,0.9187607622523462
165017,22.5,3,AMP_ONLY,0.8535533905932737,0.0037940228273963,0.9260313176509976,0.9260313178220978
165017,22.5,3,DIR_ONLY,0.8535533905932737,0.0037940228273963,0.9831160029099042,0.9921458687405704
165017,45.0,0,NATIVE,0.5000000000000001,0.0034882842566542,0.7608215472007201,0.7761883668382823
165017,45.0,0,AMP_ONLY,0.5000000000000001,0.0034882842566542,0.8514196339512332,0.8514196343881915
165017,45.0,0,DIR_ONLY,0.5000000000000001,0.0034882842566542,0.8935894242051936,0.9116350047389404
165017,45.0,1,NATIVE,0.5000000000000001,0.0032642194380712,0.6565914273534255,0.6667788751611902
165017,45.0,1,AMP_ONLY,0.5000000000000001,0.0032642194380712,0.7967380828081322,0.7967380835200284
165017,45.0,1,DIR_ONLY,0.5000000000000001,0.0032642194380712,0.8241028514053129,0.8368896910906476
165017,45.0,2,NATIVE,0.5000000000000001,0.0028594681995957,0.6740119382352016,0.689240161170676
165017,45.0,2,AMP_ONLY,0.5000000000000001,0.0028594681995957,0.697958351534648,0.6979583528463367
165017,45.0,2,DIR_ONLY,0.5000000000000001,0.0028594681995957,0.965687531954418,0.987505590267124
165017,45.0,3,NATIVE,0.5000000000000001,0.0035527239809349,0.7233079434543617,0.7464671578907734
165017,45.0,3,AMP_ONLY,0.5000000000000001,0.0035527239809349,0.8671455186622865,0.8671455190314237
165017,45.0,3,DIR_ONLY,0.5000000000000001,0.0035527239809349,0.8341246051690441,0.860830554873828
165017,67.5,0,NATIVE,0.1464466094067263,0.0018268995977052,0.3556551316150367,0.3873431940179255
165017,67.5,0,AMP_ONLY,0.1464466094067263,0.0018268995977052,0.4459429536080174,0.4459429563425277
165017,67.5,0,DIR_ONLY,0.1464466094067263,0.0018268995977052,0.7975266571404337,0.8685777149862477
165017,67.5,1,NATIVE,0.1464466094067263,0.0027136919811821,0.5337090985122906,0.5614699609231142
165017,67.5,1,AMP_ONLY,0.1464466094067263,0.0027136919811821,0.6623807008999864,0.6623807024423264
165017,67.5,1,DIR_ONLY,0.1464466094067263,0.0027136919811821,0.8057623778752115,0.8476827872162314
165017,67.5,2,NATIVE,0.1464466094067263,0.0025252502358668,0.4891066626831759,0.4992451965824396
165017,67.5,2,AMP_ONLY,0.1464466094067263,0.0025252502358668,0.6163895440127083,0.61638954585131
165017,67.5,2,DIR_ONLY,0.1464466094067263,0.0025252502358668,0.7935112172454158,0.8099591432507126
165017,67.5,3,NATIVE,0.1464466094067263,0.0022956044005596,0.2706073227643034,0.3587727029145524
165017,67.5,3,AMP_ONLY,0.1464466094067263,0.0022956044005596,0.5603410332560077,0.560341035437224
165017,67.5,3,DIR_ONLY,0.1464466094067263,0.0022956044005596,0.4829528308962098,0.6403153282399429
165017,90.0,0,NATIVE,3.749399456654644e-33,0.0016472279855336,-0.0635196043972042,0.2671889662056952
165017,90.0,0,AMP_ONLY,3.749399456654644e-33,0.0016472279855336,0.4020887107906687,0.4020887136560692
165017,90.0,0,DIR_ONLY,3.749399456654644e-33,0.0016472279855336,-0.1580584048069992,0.6646368557573737
165017,90.0,1,NATIVE,3.749399456654644e-33,0.0012349967538273,0.056468907194834,0.1399628520100784
165017,90.0,1,AMP_ONLY,3.749399456654644e-33,0.0012349967538273,0.3014686136042625,0.3014686165260238
165017,90.0,1,DIR_ONLY,3.749399456654644e-33,0.0012349967538273,0.1873305433276887,0.4643240210531
165017,90.0,2,NATIVE,3.749399456654644e-33,0.0021434981759273,0.1742384892788361,0.3519331329218025
165017,90.0,2,AMP_ONLY,3.749399456654644e-33,0.0021434981759273,0.5232165811990556,0.5232165835865681
165017,90.0,2,DIR_ONLY,3.749399456654644e-33,0.0021434981759273,0.3330242807410594,0.6726745957550081
165017,90.0,3,NATIVE,3.749399456654644e-33,0.0016782853570371,-0.039143987142614,0.1712742346754885
165017,90.0,3,AMP_ONLY,3.749399456654644e-33,0.0016782853570371,0.4096692445418484,0.4096692473886549
165017,90.0,3,DIR_ONLY,3.749399456654644e-33,0.0016782853570371,-0.095575178083409,0.4181252760890249
165018,0.0,0,NATIVE,1.0,0.0052374759189177,0.9999999999152098,0.9999999999997088
165018,0.0,0,AMP_ONLY,1.0,0.0052374759189177,0.9999999999152098,0.9999999999997088
165018,0.0,0,DIR_ONLY,1.0,0.0052374759189177,0.9999999999152098,0.9999999999997088
165018,0.0,1,NATIVE,1.0,0.0052374759189177,0.9999999999152098,0.9999999999997088
165018,0.0,1,AMP_ONLY,1.0,0.0052374759189177,0.9999999999152098,0.9999999999997088
165018,0.0,1,DIR_ONLY,1.0,0.0052374759189177,0.9999999999152098,0.9999999999997088
165018,0.0,2,NATIVE,1.0,0.0052374759189177,0.9999999999152098,0.9999999999997088
165018,0.0,2,AMP_ONLY,1.0,0.0052374759189177,0.9999999999152098,0.9999999999997088
165018,0.0,2,DIR_ONLY,1.0,0.0052374759189177,0.9999999999152098,0.9999999999997088
165018,0.0,3,NATIVE,1.0,0.0052374759189177,0.9999999999152098,0.9999999999997088
165018,0.0,3,AMP_ONLY,1.0,0.0052374759189177,0.9999999999152098,0.9999999999997088
165018,0.0,3,DIR_ONLY,1.0,0.0052374759189177,0.9999999999152098,0.9999999999997088
165018,22.5,0,NATIVE,0.8535533905932737,0.0048163793465315,1.0219974703435273,1.035538241165586
165018,22.5,0,AMP_ONLY,0.8535533905932737,0.0048163793465315,0.9195781271983527,0.919578127387339
165018,22.5,0,DIR_ONLY,0.8535533905932737,0.0048163793465315,1.1113803235720017,1.1261066893425071
165018,22.5,1,NATIVE,0.8535533905932737,0.0046895259928883,0.9462197271017532,0.9536165013189796
165018,22.5,1,AMP_ONLY,0.8535533905932737,0.0046895259928883,0.8953521431488574,0.8953521434079902
165018,22.5,1,DIR_ONLY,0.8535533905932737,0.0046895259928883,1.0568165984941964,1.0650797581540816
165018,22.5,2,NATIVE,0.8535533905932737,0.0047670500684726,0.9310702585620948,0.9328384284314918
165018,22.5,2,AMP_ONLY,0.8535533905932737,0.0047670500684726,0.9101573643102154,0.910157364524586
165018,22.5,2,DIR_ONLY,0.8535533905932737,0.0047670500684726,1.0229781744594575,1.02492099452063
165018,22.5,3,NATIVE,0.8535533905932737,0.0046734109811873,0.862648633867016,0.8670824084435712
165018,22.5,3,AMP_ONLY,0.8535533905932737,0.0046734109811873,0.8922745818944373,0.8922745821635942
165018,22.5,3,DIR_ONLY,0.8535533905932737,0.0046734109811873,0.9667943620680424,0.9717624261518608
165018,45.0,0,NATIVE,0.5000000000000001,0.0032021623323531,0.6307971692552838,0.6403538291773359
165018,45.0,0,AMP_ONLY,0.5000000000000001,0.0032021623323531,0.611326008175575,0.6113260099569784
165018,45.0,0,DIR_ONLY,0.5000000000000001,0.0032021623323531,1.031861248249584,1.0474977572202675
165018,45.0,1,NATIVE,0.5000000000000001,0.0035098208255534,0.7473132892545166,0.7640168313945814
165018,45.0,1,AMP_ONLY,0.5000000000000001,0.0035098208255534,0.6700725101771641,0.6700725115996635
165018,45.0,1,DIR_ONLY,0.5000000000000001,0.0035098208255534,1.1152939568344125,1.1402260506444848
165018,45.0,2,NATIVE,0.5000000000000001,0.0037245732824552,0.7587251981211894,0.775632868913106
165018,45.0,2,AMP_ONLY,0.5000000000000001,0.0037245732824552,0.7110800451525862,0.7110800463240642
165018,45.0,2,DIR_ONLY,0.5000000000000001,0.0037245732824552,1.0670087137092013,1.09078807490548
165018,45.0,3,NATIVE,0.5000000000000001,0.004071677774496,0.6972371369323167,0.7395382672382683
165018,45.0,3,AMP_ONLY,0.5000000000000001,0.004071677774496,0.7773625800357714,0.7773625808227604
165018,45.0,3,DIR_ONLY,0.5000000000000001,0.004071677774496,0.8969254174250448,0.9513399474406138
165018,67.5,0,NATIVE,0.1464466094067263,0.0029489071772757,0.7029167370707968,0.7688048391914217
165018,67.5,0,AMP_ONLY,0.1464466094067263,0.0029489071772757,0.5629691519956428,0.5629691540574835
165018,67.5,0,DIR_ONLY,0.1464466094067263,0.0029489071772757,1.2486938183830818,1.3657610174926371
165018,67.5,1,NATIVE,0.1464466094067263,0.0034028257175917,0.6744554611746031,0.7575898559520805
165018,67.5,1,AMP_ONLY,0.1464466094067263,0.0034028257175917,0.6496418784348523,0.6496418799831647
165018,67.5,1,DIR_ONLY,0.1464466094067263,0.0034028257175917,1.0382042567845262,1.1661778712280737
165018,67.5,2,NATIVE,0.1464466094067263,0.0020723512038025,0.3021527372106073,0.3368565240300168
165018,67.5,2,AMP_ONLY,0.1464466094067263,0.0020723512038025,0.39560881863241,0.3956088213744969
165018,67.5,2,DIR_ONLY,0.1464466094067263,0.0020723512038025,0.763714898454866,0.8514158525909599
165018,67.5,3,NATIVE,0.1464466094067263,0.0026383492855728,0.4132031210697771,0.4470618960658304
165018,67.5,3,AMP_ONLY,0.1464466094067263,0.0026383492855728,0.5036726710255264,0.5036726733928555
165018,67.5,3,DIR_ONLY,0.1464466094067263,0.0026383492855728,0.8203820042878078,0.8876080235031258
165018,90.0,0,NATIVE,3.749399456654644e-33,0.0016682823828213,0.2362922229603062,0.3278431348892467
165018,90.0,0,AMP_ONLY,3.749399456654644e-33,0.0016682823828213,0.3184656055313973,0.3184656083316412
165018,90.0,0,DIR_ONLY,3.749399456654644e-33,0.0016682823828213,0.7419844604500664,1.0294032226376129
165018,90.0,1,NATIVE,3.749399456654644e-33,0.0019710522571688,0.0674190672626831,0.3041594917405674
165018,90.0,1,AMP_ONLY,3.749399456654644e-33,0.0019710522571688,0.3762689052132811,0.3762689079890068
165018,90.0,1,DIR_ONLY,3.749399456654644e-33,0.0019710522571688,0.1792319893666505,0.8083144558934764
165018,90.0,2,NATIVE,3.749399456654644e-33,0.0028910144249961,0.2485377355767255,0.3750972130649764
165018,90.0,2,AMP_ONLY,3.749399456654644e-33,0.0028910144249961,0.5519152258321307,0.5519152279547213
165018,90.0,2,DIR_ONLY,3.749399456654644e-33,0.0028910144249961,0.4503437913040271,0.6796384099334264
165018,90.0,3,NATIVE,3.749399456654644e-33,0.0016984886392487,0.0936411338402349,0.2440587129544273
165018,90.0,3,AMP_ONLY,3.749399456654644e-33,0.0016984886392487,0.324232345656448,0.3242323484597646
165018,90.0,3,DIR_ONLY,3.749399456654644e-33,0.0016984886392487,0.2888262092022456,0.7526069978041585
165019,0.0,0,NATIVE,1.0,0.001504696211829,0.9999999990516292,0.999999999999026
165019,0.0,0,AMP_ONLY,1.0,0.001504696211829,0.9999999990516292,0.999999999999026
165019,0.0,0,DIR_ONLY,1.0,0.001504696211829,0.9999999990516292,0.999999999999026
165019,0.0,1,NATIVE,1.0,0.001504696211829,0.9999999990516292,0.999999999999026
165019,0.0,1,AMP_ONLY,1.0,0.001504696211829,0.9999999990516292,0.999999999999026
165019,0.0,1,DIR_ONLY,1.0,0.001504696211829,0.9999999990516292,0.999999999999026
165019,0.0,2,NATIVE,1.0,0.001504696211829,0.9999999990516292,0.999999999999026
165019,0.0,2,AMP_ONLY,1.0,0.001504696211829,0.9999999990516292,0.999999999999026
165019,0.0,2,DIR_ONLY,1.0,0.001504696211829,0.9999999990516292,0.999999999999026
165019,0.0,3,NATIVE,1.0,0.001504696211829,0.9999999990516292,0.999999999999026
165019,0.0,3,AMP_ONLY,1.0,0.001504696211829,0.9999999990516292,0.999999999999026
165019,0.0,3,DIR_ONLY,1.0,0.001504696211829,0.9999999990516292,0.999999999999026
165019,22.5,0,NATIVE,0.8535533905932737,0.001355186295292,0.8642977560952889,0.8658522094332672
165019,22.5,0,AMP_ONLY,0.8535533905932737,0.001355186295292,0.9006391102873468,0.9006391111452269
165019,22.5,0,DIR_ONLY,0.8535533905932737,0.001355186295292,0.9596492205323534,0.9613751313543148
165019,22.5,1,NATIVE,0.8535533905932737,0.0013212536333636,0.8463065737882085,0.8597768590768213
165019,22.5,1,AMP_ONLY,0.8535533905932737,0.0013212536333636,0.8780881949740822,0.8780881958127573
165019,22.5,1,DIR_ONLY,0.8535533905932737,0.0013212536333636,0.963806267191984,0.9791470186981546
165019,22.5,2,NATIVE,0.8535533905932737,0.0014379128593989,0.9765249124283985,0.98333904856858
165019,22.5,2,AMP_ONLY,0.8535533905932737,0.0014379128593989,0.9556173382780172,0.9556173391843436
165019,22.5,2,DIR_ONLY,0.8535533905932737,0.0014379128593989,1.0218787066110229,1.0290093433552534
165019,22.5,3,NATIVE,0.8535533905932737,0.001329015092725,0.894826715720667,0.8969115365577983
165019,22.5,3,AMP_ONLY,0.8535533905932737,0.001329015092725,0.8832462947920973,0.8832462956351342
165019,22.5,3,DIR_ONLY,0.8535533905932737,0.001329015092725,1.013111150828204,1.0154715225552726
165019,45.0,0,NATIVE,0.5000000000000001,0.0011727142259712,0.7414890815538759,0.758733001322046
165019,45.0,0,AMP_ONLY,0.5000000000000001,0.0011727142259712,0.7793719331654441,0.7793719339235198
165019,45.0,0,DIR_ONLY,0.5000000000000001,0.0011727142259712,0.9513927199087278,0.9735181181237428
165019,45.0,1,NATIVE,0.5000000000000001,0.0011462534519702,0.7559024151369169,0.7640093224287863
165019,45.0,1,AMP_ONLY,0.5000000000000001,0.0011462534519702,0.7617866123359491,0.7617866130801123
165019,45.0,1,DIR_ONLY,0.5000000000000001,0.0011462534519702,0.9922752157887176,1.0029171722015118
165019,45.0,2,NATIVE,0.5000000000000001,0.0011769027570042,0.6948329568836875,0.7304764426611217
165019,45.0,2,AMP_ONLY,0.5000000000000001,0.0011769027570042,0.7821555494004111,0.7821555501606987
165019,45.0,2,DIR_ONLY,0.5000000000000001,0.0011769027570042,0.8883590367040072,0.9339311369662384
165019,45.0,3,NATIVE,0.5000000000000001,0.0010510062339077,0.5990162405804133,0.6504874759766573
165019,45.0,3,AMP_ONLY,0.5000000000000001,0.0010510062339077,0.6984870706663975,0.6984870713611188
165019,45.0,3,DIR_ONLY,0.5000000000000001,0.0010510062339077,0.8575919157837588,0.9312823215659084
165019,67.5,0,NATIVE,0.1464466094067263,0.0009523476363991,0.4685396615731793,0.5913242606187428
165019,67.5,0,AMP_ONLY,0.1464466094067263,0.0009523476363991,0.6329202659137744,0.6329202665576925
165019,67.5,0,DIR_ONLY,0.1464466094067263,0.0009523476363991,0.7402820428502915,0.9342807658431658
165019,67.5,1,NATIVE,0.1464466094067263,0.0006532824030373,0.4083805592711384,0.4281963880141337
165019,67.5,1,AMP_ONLY,0.1464466094067263,0.0006532824030373,0.4341658969379169,0.4341658974214405
165019,67.5,1,DIR_ONLY,0.1464466094067263,0.0006532824030373,0.9406055970980718,0.9862451875305116
165019,67.5,2,NATIVE,0.1464466094067263,0.0006804505855349,0.3122404450378458,0.3494305463702227
165019,67.5,2,AMP_ONLY,0.1464466094067263,0.0006804505855349,0.4522215201527202,0.4522215206516292
165019,67.5,2,DIR_ONLY,0.1464466094067263,0.0006804505855349,0.6904625072583692,0.772702430347441
165019,67.5,3,NATIVE,0.1464466094067263,0.0009104948691694,0.3257487558482866,0.5610259467098635
165019,67.5,3,AMP_ONLY,0.1464466094067263,0.0009104948691694,0.6051055997432392,0.6051056003655201
165019,67.5,3,DIR_ONLY,0.1464466094067263,0.0009104948691694,0.538333006728225,0.9271537722797096
165019,90.0,0,NATIVE,3.749399456654644e-33,0.0007124351055074,-0.0873906014027446,0.3670447126388551
165019,90.0,0,AMP_ONLY,3.749399456654644e-33,0.0007124351055074,0.4734780068978769,0.4734780074146206
165019,90.0,0,DIR_ONLY,3.749399456654644e-33,0.0007124351055074,-0.1845743519413755,0.7752186324808295
165019,90.0,1,NATIVE,3.749399456654644e-33,0.0004077141265957,0.0526944220072344,0.2910855674643438
165019,90.0,1,AMP_ONLY,3.749399456654644e-33,0.0004077141265957,0.2709639620924885,0.2709639624240013
165019,90.0,1,DIR_ONLY,3.749399456654644e-33,0.0004077141265957,0.194469551364768,1.0742796399134529
165019,90.0,2,NATIVE,3.749399456654644e-33,0.0006148781757082,0.0021833783794972,0.467435207745161
165019,90.0,2,AMP_ONLY,3.749399456654644e-33,0.0006148781757082,0.40864292726884,0.4086429277302082
165019,90.0,2,DIR_ONLY,3.749399456654644e-33,0.0006148781757082,0.0053373159249226,1.143890925620214
165019,90.0,3,NATIVE,3.749399456654644e-33,0.000773963744046,0.026665371445959,0.3230222711201272
165019,90.0,3,AMP_ONLY,3.749399456654644e-33,0.000773963744046,0.5143690850843768,0.5143690856346905
165019,90.0,3,DIR_ONLY,3.749399456654644e-33,0.000773963744046,0.0518425179277612,0.6280031066282816
165020,0.0,0,NATIVE,1.0,0.0032579822424213,0.999999999859052,0.9999999999996244
165020,0.0,0,AMP_ONLY,1.0,0.0032579822424213,0.999999999859052,0.9999999999996244
165020,0.0,0,DIR_ONLY,1.0,0.0032579822424213,0.999999999859052,0.9999999999996244
165020,0.0,1,NATIVE,1.0,0.0032579822424213,0.999999999859052,0.9999999999996244
165020,0.0,1,AMP_ONLY,1.0,0.0032579822424213,0.999999999859052,0.9999999999996244
165020,0.0,1,DIR_ONLY,1.0,0.0032579822424213,0.999999999859052,0.9999999999996244
165020,0.0,2,NATIVE,1.0,0.0032579822424213,0.999999999859052,0.9999999999996244
165020,0.0,2,AMP_ONLY,1.0,0.0032579822424213,0.999999999859052,0.9999999999996244
165020,0.0,2,DIR_ONLY,1.0,0.0032579822424213,0.999999999859052,0.9999999999996244
165020,0.0,3,NATIVE,1.0,0.0032579822424213,0.999999999859052,0.9999999999996244
165020,0.0,3,AMP_ONLY,1.0,0.0032579822424213,0.999999999859052,0.9999999999996244
165020,0.0,3,DIR_ONLY,1.0,0.0032579822424213,0.999999999859052,0.9999999999996244
165020,22.5,0,NATIVE,0.8535533905932737,0.0029802406302428,0.9400838938626832,0.9463109617771234
165020,22.5,0,AMP_ONLY,0.8535533905932737,0.0029802406302428,0.9147501332560868,0.914750133395923
165020,22.5,0,DIR_ONLY,0.8535533905932737,0.0029802406302428,1.027694963124963,1.0345023757747849
165020,22.5,1,NATIVE,0.8535533905932737,0.0029724870871533,0.9189588944072286,0.9352055296999984
165020,22.5,1,AMP_ONLY,0.8535533905932737,0.0029724870871533,0.9123702654502376,0.9123702655903456
165020,22.5,1,DIR_ONLY,0.8535533905932737,0.0029724870871533,1.0072208654080417,1.0250275074192476
165020,22.5,2,NATIVE,0.8535533905932737,0.0032996331039258,1.0023520825899992,1.0070230117599912
165020,22.5,2,AMP_ONLY,0.8535533905932737,0.0032996331039258,1.0127842978423631,1.0127842979850128
165020,22.5,2,DIR_ONLY,0.8535533905932737,0.0032996331039258,0.989699389792575,0.9943113216288718
165020,22.5,3,NATIVE,0.8535533905932737,0.0031204835889979,0.9101490485447314,0.9182525568209284
165020,22.5,3,AMP_ONLY,0.8535533905932737,0.0031204835889979,0.9577962283686886,0.9577962285062144
165020,22.5,3,DIR_ONLY,0.8535533905932737,0.0031204835889979,0.9502534587209256,0.9587141372879592
165020,45.0,0,NATIVE,0.5000000000000001,0.0025751699104978,0.8105974368551465,0.8507502207106724
165020,45.0,0,AMP_ONLY,0.5000000000000001,0.0025751699104978,0.7904180243846496,0.7904180245545285
165020,45.0,0,DIR_ONLY,0.5000000000000001,0.0025751699104978,1.0255369061151334,1.0763416608370333
165020,45.0,1,NATIVE,0.5000000000000001,0.0021513103618934,0.7635821631622305,0.837276462419377
165020,45.0,1,AMP_ONLY,0.5000000000000001,0.0021513103618934,0.6603190025913649,0.6603190028132162
165020,45.0,1,DIR_ONLY,0.5000000000000001,0.0021513103618934,1.156407382680386,1.2680281221648677
165020,45.0,2,NATIVE,0.5000000000000001,0.0025171520095835,0.5976752263209221,0.7050670931890883
165020,45.0,2,AMP_ONLY,0.5000000000000001,0.0025171520095835,0.7726100613244965,0.7726100615007292
165020,45.0,2,DIR_ONLY,0.5000000000000001,0.0025171520095835,0.7735796644006785,0.9125775028474086
165020,45.0,3,NATIVE,0.5000000000000001,0.0021307925278997,0.5366603389561798,0.5766887929725859
165020,45.0,3,AMP_ONLY,0.5000000000000001,0.0021307925278997,0.6540212824568072,0.6540212826813286
165020,45.0,3,DIR_ONLY,0.5000000000000001,0.0021307925278997,0.8205589459266295,0.8817648603301139
165020,67.5,0,NATIVE,0.1464466094067263,0.0025059008468103,0.6738262212648932,0.7205496631217299
165020,67.5,0,AMP_ONLY,0.1464466094067263,0.0025059008468103,0.7691566396588583,0.7691566398363647
165020,67.5,0,DIR_ONLY,0.1464466094067263,0.0025059008468103,0.8760595675961402,0.9368063404949544
165020,67.5,1,NATIVE,0.1464466094067263,0.0015274996369116,0.2366025511090013,0.3368545723682296
165020,67.5,1,AMP_ONLY,0.1464466094067263,0.0015274996369116,0.4688473961972428,0.4688473964873194
165020,67.5,1,DIR_ONLY,0.1464466094067263,0.0015274996369116,0.5046463734097167,0.7184710889611609
165020,67.5,2,NATIVE,0.1464466094067263,0.0025549104550673,0.544123111218513,0.6017389999946615
165020,67.5,2,AMP_ONLY,0.1464466094067263,0.0025549104550673,0.7841996048456222,0.7841996050176772
165020,67.5,2,DIR_ONLY,0.1464466094067263,0.0025549104550673,0.6938577232812222,0.7673284572865977
165020,67.5,3,NATIVE,0.1464466094067263,0.0016448686463776,0.4950917359113117,0.5304590504844416
165020,67.5,3,AMP_ONLY,0.1464466094067263,0.0016448686463776,0.5048724572809048,0.5048724575616071
165020,67.5,3,DIR_ONLY,0.1464466094067263,0.0016448686463776,0.9806372843552066,1.0506922790406803
165020,90.0,0,NATIVE,3.749399456654644e-33,0.0011793258604212,0.3329842872636316,0.5205734295558658
165020,90.0,0,AMP_ONLY,3.749399456654644e-33,0.0011793258604212,0.3619795391859384,0.3619795394866483
165020,90.0,0,DIR_ONLY,3.749399456654644e-33,0.0011793258604212,0.9200315148737996,1.438421464333869
165020,90.0,1,NATIVE,3.749399456654644e-33,0.0012641570806078,0.2153157290037757,0.3098666482697231
165020,90.0,1,AMP_ONLY,3.749399456654644e-33,0.0012641570806078,0.3880174788772881,0.3880174791781924
165020,90.0,1,DIR_ONLY,3.749399456654644e-33,0.0012641570806078,0.5549169755567067,0.7985916422934305
165020,90.0,2,NATIVE,3.749399456654644e-33,0.0026665687545329,-0.1096959772452139,0.6314728279775087
165020,90.0,2,AMP_ONLY,3.749399456654644e-33,0.0026665687545329,0.8184719090419501,0.8184719092026526
165020,90.0,2,DIR_ONLY,3.749399456654644e-33,0.0026665687545329,-0.1340259125450474,0.7715266618051055
165020,90.0,3,NATIVE,3.749399456654644e-33,0.0018625900824077,0.2877128795620296,0.4707747251129597
165020,90.0,3,AMP_ONLY,3.749399456654644e-33,0.0018625900824077,0.5716995624137479,0.5716995626717779
165020,90.0,3,DIR_ONLY,3.749399456654644e-33,0.0018625900824077,0.5032563583704212,0.8234548963750946
165021,0.0,0,NATIVE,1.0,0.0024267202002572,0.9999999996151296,0.9999999999993796
165021,0.0,0,AMP_ONLY,1.0,0.0024267202002572,0.9999999996151296,0.9999999999993796
165021,0.0,0,DIR_ONLY,1.0,0.0024267202002572,0.9999999996151296,0.9999999999993796
165021,0.0,1,NATIVE,1.0,0.0024267202002572,0.9999999996151296,0.9999999999993796
165021,0.0,1,AMP_ONLY,1.0,0.0024267202002572,0.9999999996151296,0.9999999999993796
165021,0.0,1,DIR_ONLY,1.0,0.0024267202002572,0.9999999996151296,0.9999999999993796
165021,0.0,2,NATIVE,1.0,0.0024267202002572,0.9999999996151296,0.9999999999993796
165021,0.0,2,AMP_ONLY,1.0,0.0024267202002572,0.9999999996151296,0.9999999999993796
165021,0.0,2,DIR_ONLY,1.0,0.0024267202002572,0.9999999996151296,0.9999999999993796
165021,0.0,3,NATIVE,1.0,0.0024267202002572,0.9999999996151296,0.9999999999993796
165021,0.0,3,AMP_ONLY,1.0,0.0024267202002572,0.9999999996151296,0.9999999999993796
165021,0.0,3,DIR_ONLY,1.0,0.0024267202002572,0.9999999996151296,0.9999999999993796
165021,22.5,0,NATIVE,0.8535533905932737,0.0020984611905763,0.8561561301430696,0.8672509278069823
165021,22.5,0,AMP_ONLY,0.8535533905932737,0.0020984611905763,0.8647290919580586,0.8647290922951155
165021,22.5,0,DIR_ONLY,0.8535533905932737,0.0020984611905763,0.990085601625443,1.0029160080927924
165021,22.5,1,NATIVE,0.8535533905932737,0.0020562019644677,0.916489449007444,0.9414568638215672
165021,22.5,1,AMP_ONLY,0.8535533905932737,0.0020562019644677,0.8473147134959398,0.8473147138274942
165021,22.5,1,DIR_ONLY,0.8535533905932737,0.0020562019644677,1.0816412545982494,1.1111080979528416
165021,22.5,2,NATIVE,0.8535533905932737,0.002346968364289,0.9364765539129516,0.939108117137348
165021,22.5,2,AMP_ONLY,0.8535533905932737,0.002346968364289,0.9671353264962776,0.9671353268682148
165021,22.5,2,DIR_ONLY,0.8535533905932737,0.002346968364289,0.9682993920592464,0.9710203714359672
165021,22.5,3,NATIVE,0.8535533905932737,0.0022036547555745,0.8959837194362342,0.8996710239680815
165021,22.5,3,AMP_ONLY,0.8535533905932737,0.0022036547555745,0.9080777975936724,0.9080777979449208
165021,22.5,3,DIR_ONLY,0.8535533905932737,0.0022036547555745,0.986681505683086,0.9907420249211406
165021,45.0,0,NATIVE,0.5000000000000001,0.0017986394996166,0.6973213237021888,0.7055083412538667
165021,45.0,0,AMP_ONLY,0.5000000000000001,0.0017986394996166,0.7411774343942001,0.7411774346940206
165021,45.0,0,DIR_ONLY,0.5000000000000001,0.0017986394996166,0.9408286125452984,0.9518744566355068
165021,45.0,1,NATIVE,0.5000000000000001,0.0018660361473349,0.7344884552314309,0.7570554008365766
165021,45.0,1,AMP_ONLY,0.5000000000000001,0.0018660361473349,0.768950447502464,0.7689504478103522
165021,45.0,1,DIR_ONLY,0.5000000000000001,0.0018660361473349,0.9551830568845068,0.9845308406387144
165021,45.0,2,NATIVE,0.5000000000000001,0.0019054503029062,0.6949119289673207,0.7245893125489196
165021,45.0,2,AMP_ONLY,0.5000000000000001,0.0019054503029062,0.7851923653204864,0.7851923656331568
165021,45.0,2,DIR_ONLY,0.5000000000000001,0.0019054503029062,0.885021043361847,0.922817483699476
165021,45.0,3,NATIVE,0.5000000000000001,0.0021060993185483,0.8452518126237576,0.8759381620063872
165021,45.0,3,AMP_ONLY,0.5000000000000001,0.0021060993185483,0.8678766485408336,0.8678766488788966
165021,45.0,3,DIR_ONLY,0.5000000000000001,0.0021060993185483,0.9739311107600492,1.009289168728495
165021,67.5,0,NATIVE,0.1464466094067263,0.0015208666079979,0.4164523534561453,0.4813883574074263
165021,67.5,0,AMP_ONLY,0.1464466094067263,0.0015208666079979,0.6267122692499013,0.6267122695171528
165021,67.5,0,DIR_ONLY,0.1464466094067263,0.0015208666079979,0.6645020657563372,0.7681158323123017
165021,67.5,1,NATIVE,0.1464466094067263,0.0010854100206364,0.3282711072884542,0.4193686488139819
165021,67.5,1,AMP_ONLY,0.1464466094067263,0.0010854100206364,0.4472695633006985,0.4472695635139632
165021,67.5,1,DIR_ONLY,0.1464466094067263,0.0010854100206364,0.7339456274652902,0.9376209265047992
165021,67.5,2,NATIVE,0.1464466094067263,0.0010646070085742,0.3405489789341542,0.3964465273885394
165021,67.5,2,AMP_ONLY,0.1464466094067263,0.0010646070085742,0.4386971018291402,0.4386971020395883
165021,67.5,2,DIR_ONLY,0.1464466094067263,0.0010646070085742,0.7762705779858622,0.9036867035632762
165021,67.5,3,NATIVE,0.1464466094067263,0.0009242721188682,0.2127190347490511,0.303304430024613
165021,67.5,3,AMP_ONLY,0.1464466094067263,0.0009242721188682,0.3808682720110881,0.3808682722016845
165021,67.5,3,DIR_ONLY,0.1464466094067263,0.0009242721188682,0.5585114254491491,0.796347608069064
165021,90.0,0,NATIVE,3.749399456654644e-33,0.0010023701099778,0.0572004042384178,0.3273797164667555
165021,90.0,0,AMP_ONLY,3.749399456654644e-33,0.0010023701099778,0.4130506689852457,0.4130506691870816
165021,90.0,0,DIR_ONLY,3.749399456654644e-33,0.0010023701099778,0.1384841358291224,0.7925864800021942
165021,90.0,1,NATIVE,3.749399456654644e-33,0.0008373285876974,-0.0548148247046888,0.2797066796294688
165021,90.0,1,AMP_ONLY,3.749399456654644e-33,0.0008373285876974,0.3450408787288165,0.3450408789062648
165021,90.0,1,DIR_ONLY,3.749399456654644e-33,0.0008373285876974,-0.1588555428770452,0.810634836694023
165021,90.0,2,NATIVE,3.749399456654644e-33,0.0008235132828844,0.0376266902772333,0.2610580483737698
165021,90.0,2,AMP_ONLY,3.749399456654644e-33,0.0008235132828844,0.3393479198341149,0.3393479200094069
165021,90.0,2,DIR_ONLY,3.749399456654644e-33,0.0008235132828844,0.1108792485256244,0.7692860308039973
165021,90.0,3,NATIVE,3.749399456654644e-33,0.0010234316449871,-0.143197499411399,0.2640858719442135
165021,90.0,3,AMP_ONLY,3.749399456654644e-33,0.0010234316449871,0.4217296532030934,0.4217296534078761
165021,90.0,3,DIR_ONLY,3.749399456654644e-33,0.0010234316449871,-0.3395414624569977,0.6261879828153062
165022,0.0,0,NATIVE,1.0,0.0021497931546221,0.9999999994206658,0.9999999999992388
165022,0.0,0,AMP_ONLY,1.0,0.0021497931546221,0.9999999994206658,0.9999999999992388
165022,0.0,0,DIR_ONLY,1.0,0.0021497931546221,0.9999999994206658,0.9999999999992388
165022,0.0,1,NATIVE,1.0,0.0021497931546221,0.9999999994206658,0.9999999999992388
165022,0.0,1,AMP_ONLY,1.0,0.0021497931546221,0.9999999994206658,0.9999999999992388
165022,0.0,1,DIR_ONLY,1.0,0.0021497931546221,0.9999999994206658,0.9999999999992388
165022,0.0,2,NATIVE,1.0,0.0021497931546221,0.9999999994206658,0.9999999999992388
165022,0.0,2,AMP_ONLY,1.0,0.0021497931546221,0.9999999994206658,0.9999999999992388
165022,0.0,2,DIR_ONLY,1.0,0.0021497931546221,0.9999999994206658,0.9999999999992388
165022,0.0,3,NATIVE,1.0,0.0021497931546221,0.9999999994206658,0.9999999999992388
165022,0.0,3,AMP_ONLY,1.0,0.0021497931546221,0.9999999994206658,0.9999999999992388
165022,0.0,3,DIR_ONLY,1.0,0.0021497931546221,0.9999999994206658,0.9999999999992388
165022,22.5,0,NATIVE,0.8535533905932737,0.0019811448187902,0.853817184683391,0.8737072361874868
165022,22.5,0,AMP_ONLY,0.8535533905932737,0.0019811448187902,0.9215513997702685,0.9215514003094234
165022,22.5,0,DIR_ONLY,0.8535533905932737,0.0019811448187902,0.9264996018809176,0.9480827973959634
165022,22.5,1,NATIVE,0.8535533905932737,0.0019436617126708,0.9256305910383004,0.9430072486281672
165022,22.5,1,AMP_ONLY,0.8535533905932737,0.0019436617126708,0.9041157261927776,0.9041157267246246
165022,22.5,1,DIR_ONLY,0.8535533905932737,0.0019436617126708,1.023797042359942,1.043016510760482
165022,22.5,2,NATIVE,0.8535533905932737,0.002045274950455,0.9190179814792808,0.929922140323892
165022,22.5,2,AMP_ONLY,0.8535533905932737,0.002045274950455,0.951382225720351,0.9513822262731624
165022,22.5,2,DIR_ONLY,0.8535533905932737,0.002045274950455,0.9659821069344928,0.977443681130296
165022,22.5,3,NATIVE,0.8535533905932737,0.0019830684714366,0.8926134855009078,0.9071747867826486
165022,22.5,3,AMP_ONLY,0.8535533905932737,0.0019830684714366,0.9224462076657052,0.922446208205248
165022,22.5,3,DIR_ONLY,0.8535533905932737,0.0019830684714366,0.9676586822568772,0.9834441122363016
165022,45.0,0,NATIVE,0.5000000000000001,0.0019584467413264,0.8075699777708114,0.8303047434609219
165022,45.0,0,AMP_ONLY,0.5000000000000001,0.0019584467413264,0.9109931427563996,0.9109931432910732
165022,45.0,0,DIR_ONLY,0.5000000000000001,0.0019584467413264,0.886471920308306,0.9114277249330364
165022,45.0,1,NATIVE,0.5000000000000001,0.0016089028594412,0.6675394325767948,0.7162304743554422
165022,45.0,1,AMP_ONLY,0.5000000000000001,0.0016089028594412,0.7483989991119693,0.7483989995948509
165022,45.0,1,DIR_ONLY,0.5000000000000001,0.0016089028594412,0.8919581901062941,0.9570191987876312
165022,45.0,2,NATIVE,0.5000000000000001,0.0018405750965753,0.7845093300614098,0.9173150203775108
165022,45.0,2,AMP_ONLY,0.5000000000000001,0.0018405750965753,0.8561638664089128,0.8561638669229132
165022,45.0,2,DIR_ONLY,0.5000000000000001,0.0018405750965753,0.9163079429832458,1.071424328778184
165022,45.0,3,NATIVE,0.5000000000000001,0.0016258989603578,0.5779711308549292,0.7635895299623747
165022,45.0,3,AMP_ONLY,0.5000000000000001,0.0016258989603578,0.756304921173447,0.7563049216583114
165022,45.0,3,DIR_ONLY,0.5000000000000001,0.0016258989603578,0.7642032157585913,1.009635022476972
165022,67.5,0,NATIVE,0.1464466094067263,0.0017428291649934,0.382029403973283,0.9931126571251356
165022,67.5,0,AMP_ONLY,0.1464466094067263,0.0017428291649934,0.8106962819090962,0.810696282408728
165022,67.5,0,DIR_ONLY,0.1464466094067263,0.0017428291649934,0.4712300391496275,1.224989119451086
165022,67.5,1,NATIVE,0.1464466094067263,0.0016921647127526,0.5059001822187759,0.7784028235475235
165022,67.5,1,AMP_ONLY,0.1464466094067263,0.0016921647127526,0.7871291594125198,0.787129159905482
165022,67.5,1,DIR_ONLY,0.1464466094067263,0.0016921647127526,0.6427142529879382,0.9889065620187344
165022,67.5,2,NATIVE,0.1464466094067263,0.0016054854693731,0.4183721362496522,0.658417426511144
165022,67.5,2,AMP_ONLY,0.1464466094067263,0.0016054854693731,0.7468093627718664,0.7468093632543532
165022,67.5,2,DIR_ONLY,0.1464466094067263,0.0016054854693731,0.5602111615040308,0.8816339242211723
165022,67.5,3,NATIVE,0.1464466094067263,0.001238590895317,0.4329789693812971,0.8503550800225715
165022,67.5,3,AMP_ONLY,0.1464466094067263,0.001238590895317,0.5761443276195384,0.5761443280618669
165022,67.5,3,DIR_ONLY,0.1464466094067263,0.001238590895317,0.7514987056154245,1.4758889084746398
165022,90.0,0,NATIVE,3.749399456654644e-33,0.0009762929788238,0.0683715271742916,0.3712902444547215
165022,90.0,0,AMP_ONLY,3.749399456654644e-33,0.0009762929788238,0.4541335584002075,0.4541335588054529
165022,90.0,0,DIR_ONLY,3.749399456654644e-33,0.0009762929788238,0.1505552114640594,0.8175959057734532
165022,90.0,1,NATIVE,3.749399456654644e-33,0.0012523996150817,0.0630569739252099,0.4492858371795655
165022,90.0,1,AMP_ONLY,3.749399456654644e-33,0.0012523996150817,0.5825676055655589,0.5825676060095035
165022,90.0,1,DIR_ONLY,3.749399456654644e-33,0.0012523996150817,0.1082399068837092,0.7712331582842968
165022,90.0,2,NATIVE,3.749399456654644e-33,0.0013233415301889,-0.0941507518367509,0.688966773193
165022,90.0,2,AMP_ONLY,3.749399456654644e-33,0.0013233415301889,0.6155670174014848,0.6155670178534232
165022,90.0,2,DIR_ONLY,3.749399456654644e-33,0.0013233415301889,-0.1529569985316153,1.1192561320724093
165022,90.0,3,NATIVE,3.749399456654644e-33,0.0014453392334053,-0.0768339530760165,0.8239584538057557
165022,90.0,3,AMP_ONLY,3.749399456654644e-33,0.0014453392334053,0.672315588062918,0.67231558852791
165022,90.0,3,DIR_ONLY,3.749399456654644e-33,0.0014453392334053,-0.1142838641036707,1.225578655857148
165023,0.0,0,NATIVE,1.0,0.0031439755141242,0.9999999997709172,0.9999999999995214
165023,0.0,0,AMP_ONLY,1.0,0.0031439755141242,0.9999999997709172,0.9999999999995214
165023,0.0,0,DIR_ONLY,1.0,0.0031439755141242,0.9999999997709172,0.9999999999995214
165023,0.0,1,NATIVE,1.0,0.0031439755141242,0.9999999997709172,0.9999999999995214
165023,0.0,1,AMP_ONLY,1.0,0.0031439755141242,0.9999999997709172,0.9999999999995214
165023,0.0,1,DIR_ONLY,1.0,0.0031439755141242,0.9999999997709172,0.9999999999995214
165023,0.0,2,NATIVE,1.0,0.0031439755141242,0.9999999997709172,0.9999999999995214
165023,0.0,2,AMP_ONLY,1.0,0.0031439755141242,0.9999999997709172,0.9999999999995214
165023,0.0,2,DIR_ONLY,1.0,0.0031439755141242,0.9999999997709172,0.9999999999995214
165023,0.0,3,NATIVE,1.0,0.0031439755141242,0.9999999997709172,0.9999999999995214
165023,0.0,3,AMP_ONLY,1.0,0.0031439755141242,0.9999999997709172,0.9999999999995214
165023,0.0,3,DIR_ONLY,1.0,0.0031439755141242,0.9999999997709172,0.9999999999995214
165023,22.5,0,NATIVE,0.8535533905932737,0.0029617472845322,0.8918280246638627,0.905303582934696
165023,22.5,0,AMP_ONLY,0.8535533905932737,0.0029617472845322,0.942035326289102,0.94203532650736
165023,22.5,0,DIR_ONLY,0.8535533905932737,0.0029617472845322,0.9467032519122984,0.9610079418403502
165023,22.5,1,NATIVE,0.8535533905932737,0.0029484851699384,0.9418325741291108,0.9456721574171436
165023,22.5,1,AMP_ONLY,0.8535533905932737,0.0029484851699384,0.9378168195815872,0.9378168197993044
165023,22.5,1,DIR_ONLY,0.8535533905932737,0.0029484851699384,1.0042818810462883,1.0083760655388865
165023,22.5,2,NATIVE,0.8535533905932737,0.0029795260420071,0.9168367704169804,0.9231728390809788
165023,22.5,2,AMP_ONLY,0.8535533905932737,0.0029795260420071,0.9476905221988716,0.9476905224178972
165023,22.5,2,DIR_ONLY,0.8535533905932737,0.0029795260420071,0.9674432723189248,0.974129050534043
165023,22.5,3,NATIVE,0.8535533905932737,0.0029953118615632,0.859732453899143,0.8865968659338285
165023,22.5,3,AMP_ONLY,0.8535533905932737,0.0029953118615632,0.9527117934993116,0.9527117937190602
165023,22.5,3,DIR_ONLY,0.8535533905932737,0.0029953118615632,0.9024055495116416,0.9306032518286834
165023,45.0,0,NATIVE,0.5000000000000001,0.0025578408573176,0.8108692346898878,0.8349664539630897
165023,45.0,0,AMP_ONLY,0.5000000000000001,0.0025578408573176,0.8135589754810538,0.8135589756930107
165023,45.0,0,DIR_ONLY,0.5000000000000001,0.0025578408573176,0.9966929369201504,1.0263118409289562
165023,45.0,1,NATIVE,0.5000000000000001,0.0022794394357671,0.6757279961061353,0.7194480631900784
165023,45.0,1,AMP_ONLY,0.5000000000000001,0.0022794394357671,0.7250050757236187,0.7250050759397404
165023,45.0,1,DIR_ONLY,0.5000000000000001,0.0022794394357671,0.9320289429119208,0.9923309844234448
165023,45.0,2,NATIVE,0.5000000000000001,0.0022639737285474,0.7076808648560396,0.7327257515018736
165023,45.0,2,AMP_ONLY,0.5000000000000001,0.0022639737285474,0.7200857751238506,0.7200857753403137
165023,45.0,2,DIR_ONLY,0.5000000000000001,0.0022639737285474,0.9827742777662746,1.017555354166104
165023,45.0,3,NATIVE,0.5000000000000001,0.0025559248978269,0.7734516126814172,0.7844901504487021
165023,45.0,3,AMP_ONLY,0.5000000000000001,0.0025559248978269,0.8129495437355597,0.8129495439475279
165023,45.0,3,DIR_ONLY,0.5000000000000001,0.0025559248978269,0.9514136214729108,0.964991732105334
165023,67.5,0,NATIVE,0.1464466094067263,0.0011020776816632,0.2913152720932341,0.3121480913739931
165023,67.5,0,AMP_ONLY,0.1464466094067263,0.0011020776816632,0.3505213523406251,0.3505213525569218
165023,67.5,0,DIR_ONLY,0.1464466094067263,0.0011020776816632,0.831089390859835,0.8905216544244001
165023,67.5,1,NATIVE,0.1464466094067263,0.0014237910223282,0.2647138696106789,0.3810820983578937
165023,67.5,1,AMP_ONLY,0.1464466094067263,0.0014237910223282,0.4528469555771425,0.4528469558054432
165023,67.5,1,DIR_ONLY,0.1464466094067263,0.0014237910223282,0.5845510220649045,0.841517991512725
165023,67.5,2,NATIVE,0.1464466094067263,0.0016351071556844,0.4745224893184974,0.5206718670402566
165023,67.5,2,AMP_ONLY,0.1464466094067263,0.0016351071556844,0.5200598731379334,0.5200598733670334
165023,67.5,2,DIR_ONLY,0.1464466094067263,0.0016351071556844,0.9124342727661712,1.001167841391148
165023,67.5,3,NATIVE,0.1464466094067263,0.0016914671098462,0.446903525869556,0.5267591785705119
165023,67.5,3,AMP_ONLY,0.1464466094067263,0.0016914671098462,0.5379862762022857,0.5379862764309138
165023,67.5,3,DIR_ONLY,0.1464466094067263,0.0016914671098462,0.8306977226750741,0.979128069625265
165023,90.0,0,NATIVE,3.749399456654644e-33,0.0010343546596053,0.0458577959400448,0.2170569684056392
165023,90.0,0,AMP_ONLY,3.749399456654644e-33,0.0010343546596053,0.3289812368137336,0.3289812370253728
165023,90.0,0,DIR_ONLY,3.749399456654644e-33,0.0010343546596053,0.1394050002648712,0.6597659064541198
165023,90.0,1,NATIVE,3.749399456654644e-33,0.0012807005405556,0.029120570048613,0.2467786728333058
165023,90.0,1,AMP_ONLY,3.749399456654644e-33,0.0012807005405556,0.4073347780726349,0.4073347782974738
165023,90.0,1,DIR_ONLY,3.749399456654644e-33,0.0012807005405556,0.071491884549963,0.6058135387608353
165023,90.0,2,NATIVE,3.749399456654644e-33,0.0007820246567723,-0.0003971398834446,0.2250113743395077
165023,90.0,2,AMP_ONLY,3.749399456654644e-33,0.0007820246567723,0.2487252061992904,0.2487252063855089
165023,90.0,2,DIR_ONLY,3.749399456654644e-33,0.0007820246567723,-0.0015719491173237,0.904610435580875
165023,90.0,3,NATIVE,3.749399456654644e-33,0.0011019464579217,0.0335687254862784,0.2655707182947278
165023,90.0,3,AMP_ONLY,3.749399456654644e-33,0.0011019464579217,0.3504796150041496,0.3504796152204381
165023,90.0,3,DIR_ONLY,3.749399456654644e-33,0.0011019464579217,0.0958015828615866,0.7576945424154542
165024,0.0,0,NATIVE,1.0,0.0026429721965602,0.999999999798768,0.9999999999995514
165024,0.0,0,AMP_ONLY,1.0,0.0026429721965602,0.999999999798768,0.9999999999995514
165024,0.0,0,DIR_ONLY,1.0,0.0026429721965602,0.999999999798768,0.9999999999995514
165024,0.0,1,NATIVE,1.0,0.0026429721965602,0.999999999798768,0.9999999999995514
165024,0.0,1,AMP_ONLY,1.0,0.0026429721965602,0.999999999798768,0.9999999999995514
165024,0.0,1,DIR_ONLY,1.0,0.0026429721965602,0.999999999798768,0.9999999999995514
165024,0.0,2,NATIVE,1.0,0.0026429721965602,0.999999999798768,0.9999999999995514
165024,0.0,2,AMP_ONLY,1.0,0.0026429721965602,0.999999999798768,0.9999999999995514
165024,0.0,2,DIR_ONLY,1.0,0.0026429721965602,0.999999999798768,0.9999999999995514
165024,0.0,3,NATIVE,1.0,0.0026429721965602,0.999999999798768,0.9999999999995514
165024,0.0,3,AMP_ONLY,1.0,0.0026429721965602,0.999999999798768,0.9999999999995514
165024,0.0,3,DIR_ONLY,1.0,0.0026429721965602,0.999999999798768,0.9999999999995514
165024,22.5,0,NATIVE,0.8535533905932737,0.0027179175754139,1.0297343775647478,1.0311406640807594
165024,22.5,0,AMP_ONLY,0.8535533905932737,0.0027179175754139,1.028354339775441,1.028354339983501
165024,22.5,0,DIR_ONLY,0.8535533905932737,0.0027179175754139,1.0013420133211155,1.0027095539322874
165024,22.5,1,NATIVE,0.8535533905932737,0.0025013300688937,0.9421534838689708,0.9493651105492098
165024,22.5,1,AMP_ONLY,0.8535533905932737,0.0025013300688937,0.9464117294792656,0.9464117296744902
165024,22.5,1,DIR_ONLY,0.8535533905932737,0.0025013300688937,0.9955004874135696,1.003120486673173
165024,22.5,2,NATIVE,0.8535533905932737,0.0024590725167217,0.9410643945519964,0.943986314124019
165024,22.5,2,AMP_ONLY,0.8535533905932737,0.0024590725167217,0.9304241081527196,0.9304241083481511
165024,22.5,2,DIR_ONLY,0.8535533905932737,0.0024590725167217,1.0114358959814285,1.014576324845285
165024,22.5,3,NATIVE,0.8535533905932737,0.0024791562693457,0.8985826074885224,0.9027776148947942
165024,22.5,3,AMP_ONLY,0.8535533905932737,0.0024791562693457,0.9380225518172928,0.9380225520125268
165024,22.5,3,DIR_ONLY,0.8535533905932737,0.0024791562693457,0.9579546027928484,0.9624268486511364
165024,45.0,0,NATIVE,0.5000000000000001,0.0020049031097061,0.7429980346311207,0.754114205004293
165024,45.0,0,AMP_ONLY,0.5000000000000001,0.0020049031097061,0.7585923710521357,0.7585923712889563
165024,45.0,0,DIR_ONLY,0.5000000000000001,0.0020049031097061,0.9794414669209588,0.9940950932250876
165024,45.0,1,NATIVE,0.5000000000000001,0.0019842919772286,0.7289977101391646,0.7690918602164772
165024,45.0,1,AMP_ONLY,0.5000000000000001,0.0019842919772286,0.7507941941801333,0.7507941944200062
165024,45.0,1,DIR_ONLY,0.5000000000000001,0.0019842919772286,0.9709644604674488,1.0243660360981115
165024,45.0,2,NATIVE,0.5000000000000001,0.0018862647188906,0.7343132459286793,0.7463795040140881
165024,45.0,2,AMP_ONLY,0.5000000000000001,0.0018862647188906,0.7137056734435505,0.713705673698646
165024,45.0,2,DIR_ONLY,0.5000000000000001,0.0018862647188906,1.0288723675484337,1.0457783110820311
165024,45.0,3,NATIVE,0.5000000000000001,0.0022614299564656,0.7572409861756485,0.7700538489463286
165024,45.0,3,AMP_ONLY,0.5000000000000001,0.0022614299564656,0.8556479958333307,0.8556479960392311
165024,45.0,3,DIR_ONLY,0.5000000000000001,0.0022614299564656,0.8849914655004792,0.8999658107268289
165024,67.5,0,NATIVE,0.1464466094067263,0.0016373355789668,0.5590522158348823,0.5967081457951673
165024,67.5,0,AMP_ONLY,0.1464466094067263,0.0016373355789668,0.619522662123189,0.6195226624188832
165024,67.5,0,DIR_ONLY,0.1464466094067263,0.0016373355789668,0.9023853526539268,0.9631665465022812
165024,67.5,1,NATIVE,0.1464466094067263,0.0014372106864374,0.3079699567945442,0.3714324991805875
165024,67.5,1,AMP_ONLY,0.1464466094067263,0.0014372106864374,0.5438039272264675,0.5438039275517362
165024,67.5,1,DIR_ONLY,0.1464466094067263,0.0014372106864374,0.5663259780481052,0.6830291571162286
165024,67.5,2,NATIVE,0.1464466094067263,0.00116311231711,0.3002691709733274,0.3365953191955413
165024,67.5,2,AMP_ONLY,0.1464466094067263,0.00116311231711,0.4400954179201035,0.4400954182717367
165024,67.5,2,DIR_ONLY,0.1464466094067263,0.00116311231711,0.682283912255143,0.7648286749217196
165024,67.5,3,NATIVE,0.1464466094067263,0.0012290801628002,0.4075713133370128,0.433691477763561
165024,67.5,3,AMP_ONLY,0.1464466094067263,0.0012290801628002,0.4650553122967375,0.4650553126440974
165024,67.5,3,DIR_ONLY,0.1464466094067263,0.0012290801628002,0.8763871332376093,0.932553017653175
165024,90.0,0,NATIVE,3.749399456654644e-33,0.0012842516989404,0.0845559373188129,0.3020266666474347
165024,90.0,0,AMP_ONLY,3.749399456654644e-33,0.0012842516989404,0.4859301958724511,0.4859301962151232
165024,90.0,0,DIR_ONLY,3.749399456654644e-33,0.0012842516989404,0.1739999511150144,0.6215545520206537
165024,90.0,1,NATIVE,3.749399456654644e-33,0.0005476238337991,0.1045179082282772,0.1985589152808774
165024,90.0,1,AMP_ONLY,3.749399456654644e-33,0.0005476238337991,0.2072120057083003,0.2072120059981032
165024,90.0,1,DIR_ONLY,3.749399456654644e-33,0.0005476238337991,0.5043934570144057,0.9582576787317176
165024,90.0,2,NATIVE,3.749399456654644e-33,0.0009399667063362,-0.2750393349529568,0.3770410083588034
165024,90.0,2,AMP_ONLY,3.749399456654644e-33,0.0009399667063362,0.3556643536637126,0.3556643540167604
165024,90.0,2,DIR_ONLY,3.749399456654644e-33,0.0009399667063362,-0.7733955489756842,1.0601972126638537
165024,90.0,3,NATIVE,3.749399456654644e-33,0.0012312514202163,0.1653030224069826,0.4024740176289512
165024,90.0,3,AMP_ONLY,3.749399456654644e-33,0.0012312514202163,0.4658768375872408,0.4658768379344347
165024,90.0,3,DIR_ONLY,3.749399456654644e-33,0.0012312514202163,0.3548201728784078,0.863925819014641
165025,0.0,0,NATIVE,1.0,0.0051292385846009,0.9999999999380224,0.999999999999751
165025,0.0,0,AMP_ONLY,1.0,0.0051292385846009,0.9999999999380224,0.999999999999751
165025,0.0,0,DIR_ONLY,1.0,0.0051292385846009,0.9999999999380224,0.999999999999751
165025,0.0,1,NATIVE,1.0,0.0051292385846009,0.9999999999380224,0.999999999999751
165025,0.0,1,AMP_ONLY,1.0,0.0051292385846009,0.9999999999380224,0.999999999999751
165025,0.0,1,DIR_ONLY,1.0,0.0051292385846009,0.9999999999380224,0.999999999999751
165025,0.0,2,NATIVE,1.0,0.0051292385846009,0.9999999999380224,0.999999999999751
165025,0.0,2,AMP_ONLY,1.0,0.0051292385846009,0.9999999999380224,0.999999999999751
165025,0.0,2,DIR_ONLY,1.0,0.0051292385846009,0.9999999999380224,0.999999999999751
165025,0.0,3,NATIVE,1.0,0.0051292385846009,0.9999999999380224,0.999999999999751
165025,0.0,3,AMP_ONLY,1.0,0.0051292385846009,0.9999999999380224,0.999999999999751
165025,0.0,3,DIR_ONLY,1.0,0.0051292385846009,0.9999999999380224,0.999999999999751
165025,22.5,0,NATIVE,0.8535533905932737,0.0044616018855203,0.8758872787608112,0.8822999360618867
165025,22.5,0,AMP_ONLY,0.8535533905932737,0.0044616018855203,0.8698318477924033,0.8698318481587713
165025,22.5,0,DIR_ONLY,0.8535533905932737,0.0044616018855203,1.00696358641254,1.0143360605533736
165025,22.5,1,NATIVE,0.8535533905932737,0.0049453015132529,0.9560395117380104,0.9645478103342708
165025,22.5,1,AMP_ONLY,0.8535533905932737,0.0049453015132529,0.9641379040855949,0.9641379041714032
165025,22.5,1,DIR_ONLY,0.8535533905932737,0.0049453015132529,0.9916005329166154,1.0004260670789988
165025,22.5,2,NATIVE,0.8535533905932737,0.004529486495944,0.9002264197921007,0.9055381121405246
165025,22.5,2,AMP_ONLY,0.8535533905932737,0.004529486495944,0.8830671407186286,0.8830671410292832
165025,22.5,2,DIR_ONLY,0.8535533905932737,0.004529486495944,1.019432227593159,1.0254463646230538
165025,22.5,3,NATIVE,0.8535533905932737,0.0048812985944964,0.9724974655845722,0.9757255841941
165025,22.5,3,AMP_ONLY,0.8535533905932737,0.0048812985944964,0.9516593223886808,0.9516593224945848
165025,22.5,3,DIR_ONLY,0.8535533905932737,0.0048812985944964,1.0218970245473962,1.025289442349376
165025,45.0,0,NATIVE,0.5000000000000001,0.0032503837123265,0.6567041295206894,0.6882081969231654
165025,45.0,0,AMP_ONLY,0.5000000000000001,0.0032503837123265,0.6336863619118954,0.6336863637571959
165025,45.0,0,DIR_ONLY,0.5000000000000001,0.0032503837123265,1.0363205129043669,1.086020506539535
165025,45.0,1,NATIVE,0.5000000000000001,0.0034810842361458,0.6679544748820547,0.6826538122743168
165025,45.0,1,AMP_ONLY,0.5000000000000001,0.0034810842361458,0.6786645583717382,0.6786645599018
165025,45.0,1,DIR_ONLY,0.5000000000000001,0.0034810842361458,0.9842140384264444,1.0058658461006549
165025,45.0,2,NATIVE,0.5000000000000001,0.0044853681446436,0.7467815836608654,0.7957210752456856
165025,45.0,2,AMP_ONLY,0.5000000000000001,0.0044853681446436,0.8744654941508728,0.8744654944972042
165025,45.0,2,DIR_ONLY,0.5000000000000001,0.0044853681446436,0.8539840858263704,0.9099465359054464
165025,45.0,3,NATIVE,0.5000000000000001,0.0034965673643394,0.6723942895764973,0.6890142949582628
165025,45.0,3,AMP_ONLY,0.5000000000000001,0.0034965673643394,0.6816832109092169,0.681683212418109
165025,45.0,3,DIR_ONLY,0.5000000000000001,0.0034965673643394,0.9863774382646044,1.0107543765979787
165025,67.5,0,NATIVE,0.1464466094067263,0.0019213939063998,0.3746460282184329,0.3840405054085477
165025,67.5,0,AMP_ONLY,0.1464466094067263,0.0019213939063998,0.3745854200397126,0.3745854231792401
165025,67.5,0,DIR_ONLY,0.1464466094067263,0.0019213939063998,1.0001623545860618,1.0252272936813445
165025,67.5,1,NATIVE,0.1464466094067263,0.0020104409587311,0.2769613551781882,0.3802238206743636
165025,67.5,1,AMP_ONLY,0.1464466094067263,0.0020104409587311,0.391945911140192,0.3919459142464266
165025,67.5,1,DIR_ONLY,0.1464466094067263,0.0020104409587311,0.7066600808085067,0.9701605124565044
165025,67.5,2,NATIVE,0.1464466094067263,0.0024685024509778,0.3543485462545343,0.3948324331345546
165025,67.5,2,AMP_ONLY,0.1464466094067263,0.0024685024509778,0.481249395109586,0.4812493978923383
165025,67.5,2,DIR_ONLY,0.1464466094067263,0.0024685024509778,0.7362928747394847,0.8204211114039809
165025,67.5,3,NATIVE,0.1464466094067263,0.0022400084233878,0.4066258755162337,0.435765567890104
165025,67.5,3,AMP_ONLY,0.1464466094067263,0.0022400084233878,0.4367021986802632,0.4367022016535959
165025,67.5,3,DIR_ONLY,0.1464466094067263,0.0022400084233878,0.9311569373523992,0.9979025209422426
165025,90.0,0,NATIVE,3.749399456654644e-33,0.0015593967735535,-0.057309057829067,0.2747570238989626
165025,90.0,0,AMP_ONLY,3.749399456654644e-33,0.0015593967735535,0.3040112460757568,0.3040112492279569
165025,90.0,0,DIR_ONLY,3.749399456654644e-33,0.0015593967735535,-0.1884879149631523,0.903686128158488
165025,90.0,1,NATIVE,3.749399456654644e-33,0.0014568246184252,-0.1399390422549496,0.2162616624500108
165025,90.0,1,AMP_ONLY,3.749399456654644e-33,0.0014568246184252,0.2840140865628208,0.2840140896786312
165025,90.0,1,DIR_ONLY,3.749399456654644e-33,0.0014568246184252,-0.4926401852486542,0.7613446221509023
165025,90.0,2,NATIVE,3.749399456654644e-33,0.0014482778447828,0.0884646978364884,0.250629758178411
165025,90.0,2,AMP_ONLY,3.749399456654644e-33,0.0014482778447828,0.2823478349183179,0.282347838030228
165025,90.0,2,DIR_ONLY,3.749399456654644e-33,0.0014482778447828,0.3133200185834448,0.887682952172556
165025,90.0,3,NATIVE,3.749399456654644e-33,0.0020364609760982,0.1442924793095666,0.3425989718361159
165025,90.0,3,AMP_ONLY,3.749399456654644e-33,0.0020364609760982,0.397018743325658,0.3970187464201412
165025,90.0,3,DIR_ONLY,3.749399456654644e-33,0.0020364609760982,0.3634472536128333,0.8629625297216676
165026,0.0,0,NATIVE,1.0,0.0017968634482902,0.999999999142913,0.9999999999990742
165026,0.0,0,AMP_ONLY,1.0,0.0017968634482902,0.999999999142913,0.9999999999990742
165026,0.0,0,DIR_ONLY,1.0,0.0017968634482902,0.999999999142913,0.9999999999990742
165026,0.0,1,NATIVE,1.0,0.0017968634482902,0.999999999142913,0.9999999999990742
165026,0.0,1,AMP_ONLY,1.0,0.0017968634482902,0.999999999142913,0.9999999999990742
165026,0.0,1,DIR_ONLY,1.0,0.0017968634482902,0.999999999142913,0.9999999999990742
165026,0.0,2,NATIVE,1.0,0.0017968634482902,0.999999999142913,0.9999999999990742
165026,0.0,2,AMP_ONLY,1.0,0.0017968634482902,0.999999999142913,0.9999999999990742
165026,0.0,2,DIR_ONLY,1.0,0.0017968634482902,0.999999999142913,0.9999999999990742
165026,0.0,3,NATIVE,1.0,0.0017968634482902,0.999999999142913,0.9999999999990742
165026,0.0,3,AMP_ONLY,1.0,0.0017968634482902,0.999999999142913,0.9999999999990742
165026,0.0,3,DIR_ONLY,1.0,0.0017968634482902,0.999999999142913,0.9999999999990742
165026,22.5,0,NATIVE,0.8535533905932737,0.0017511789162054,0.9497949564184696,0.9723808589344124
165026,22.5,0,AMP_ONLY,0.8535533905932737,0.0017511789162054,0.9745749690504696,0.9745749698855198
165026,22.5,0,DIR_ONLY,0.8535533905932737,0.0017511789162054,0.9745734830399212,0.997748479123292
165026,22.5,1,NATIVE,0.8535533905932737,0.0018842476384758,1.0363019272046532,1.049618762076159
165026,22.5,1,AMP_ONLY,0.8535533905932737,0.0018842476384758,1.0486324009543706,1.048632401854754
165026,22.5,1,DIR_ONLY,0.8535533905932737,0.0018842476384758,0.98824136338947,1.000940711148675
165026,22.5,2,NATIVE,0.8535533905932737,0.001605526864545,0.8699795827999761,0.8801890550470755
165026,22.5,2,AMP_ONLY,0.8535533905932737,0.001605526864545,0.8935146893475091,0.8935146901230627
165026,22.5,2,DIR_ONLY,0.8535533905932737,0.001605526864545,0.9736600646006612,0.9850863359946872
165026,22.5,3,NATIVE,0.8535533905932737,0.0014399370272211,0.744025200362518,0.7498537476718424
165026,22.5,3,AMP_ONLY,0.8535533905932737,0.0014399370272211,0.8013586367644492,0.8013586374835024
165026,22.5,3,DIR_ONLY,0.8535533905932737,0.0014399370272211,0.9284550547981004,0.9357285450919168
165026,45.0,0,NATIVE,0.5000000000000001,0.0012361845174253,0.6489197009794851,0.6579501877567857
165026,45.0,0,AMP_ONLY,0.5000000000000001,0.0012361845174253,0.6879642389458537,0.6879642396046888
165026,45.0,0,DIR_ONLY,0.5000000000000001,0.0012361845174253,0.9432463417897272,0.956372880821826
165026,45.0,1,NATIVE,0.5000000000000001,0.0015747097907233,0.7765568417781709,0.8851438228492612
165026,45.0,1,AMP_ONLY,0.5000000000000001,0.0015747097907233,0.8763639775424507,0.8763639783067233
165026,45.0,1,DIR_ONLY,0.5000000000000001,0.0015747097907233,0.8861119865775872,1.0100186976975174
165026,45.0,2,NATIVE,0.5000000000000001,0.00112655984946,0.5576551207578682,0.5950480798495683
165026,45.0,2,AMP_ONLY,0.5000000000000001,0.00112655984946,0.6269550003767163,0.6269550010044427
165026,45.0,2,DIR_ONLY,0.5000000000000001,0.00112655984946,0.8894631345116959,0.9491057892486172
165026,45.0,3,NATIVE,0.5000000000000001,0.0014967828409919,0.70559908874138,0.7694371104823613
165026,45.0,3,AMP_ONLY,0.5000000000000001,0.0014967828409919,0.8329951210842971,0.832995121821693
165026,45.0,3,DIR_ONLY,0.5000000000000001,0.0014967828409919,0.847061366850595,0.9236954234101094
165026,67.5,0,NATIVE,0.1464466094067263,0.0013560494011464,0.211618148205361,0.8218535675126588
165026,67.5,0,AMP_ONLY,0.1464466094067263,0.0013560494011464,0.7546725964690869,0.7546725971625551
165026,67.5,0,DIR_ONLY,0.1464466094067263,0.0013560494011464,0.2804053019491944,1.088995638102949
165026,67.5,1,NATIVE,0.1464466094067263,0.0010726548785972,0.390079522823865,0.6051682243872951
165026,67.5,1,AMP_ONLY,0.1464466094067263,0.0010726548785972,0.5969554019617289,0.5969554025739081
165026,67.5,1,DIR_ONLY,0.1464466094067263,0.0010726548785972,0.6534506944473305,1.0137579763576416
165026,67.5,2,NATIVE,0.1464466094067263,0.0010361177071012,0.1573353447157711,0.7309700861899421
165026,67.5,2,AMP_ONLY,0.1464466094067263,0.0010361177071012,0.5766214792550366,0.576621479856465
165026,67.5,2,DIR_ONLY,0.1464466094067263,0.0010361177071012,0.2728681155368633,1.2676495882269638
165026,67.5,3,NATIVE,0.1464466094067263,0.0011758825516718,0.468474907603591,0.6538274910172699
165026,67.5,3,AMP_ONLY,0.1464466094067263,0.0011758825516718,0.6544044677608892,0.6544044684026417
165026,67.5,3,DIR_ONLY,0.1464466094067263,0.0011758825516718,0.7158800416204496,0.99912089059963
165026,90.0,0,NATIVE,3.749399456654644e-33,0.000996669446665,-0.20269119325434,0.7330824799805117
165026,90.0,0,AMP_ONLY,3.749399456654644e-33,0.000996669446665,0.5546674731086377,0.5546674736981956
165026,90.0,0,DIR_ONLY,3.749399456654644e-33,0.000996669446665,-0.3654090962406277,1.3216795165352904
165026,90.0,1,NATIVE,3.749399456654644e-33,0.0007327372592028,0.0756453403747579,0.6206893105058372
165026,90.0,1,AMP_ONLY,3.749399456654644e-33,0.0007327372592028,0.4077826232754907,0.4077826237737139
165026,90.0,1,DIR_ONLY,3.749399456654644e-33,0.0007327372592028,0.185508190203758,1.5221806478543107
165026,90.0,2,NATIVE,3.749399456654644e-33,0.0009446964062094,0.1781983459511554,0.5860799944350014
165026,90.0,2,AMP_ONLY,3.749399456654644e-33,0.0009446964062094,0.5257431194038055,0.5257431199771981
165026,90.0,2,DIR_ONLY,3.749399456654644e-33,0.0009446964062094,0.3389530880398178,1.1147274464829038
165026,90.0,3,NATIVE,3.749399456654644e-33,0.0005974738742103,0.0772209279032123,0.4217703253566403
165026,90.0,3,AMP_ONLY,3.749399456654644e-33,0.0005974738742103,0.3325054652390446,0.3325054656781683
165026,90.0,3,DIR_ONLY,3.749399456654644e-33,0.0005974738742103,0.2322311458960504,1.268378327224353
165027,0.0,0,NATIVE,1.0,0.0059413474601264,0.9999999999684646,0.9999999999998224
165027,0.0,0,AMP_ONLY,1.0,0.0059413474601264,0.9999999999684646,0.9999999999998224
165027,0.0,0,DIR_ONLY,1.0,0.0059413474601264,0.9999999999684646,0.9999999999998224
165027,0.0,1,NATIVE,1.0,0.0059413474601264,0.9999999999684646,0.9999999999998224
165027,0.0,1,AMP_ONLY,1.0,0.0059413474601264,0.9999999999684646,0.9999999999998224
165027,0.0,1,DIR_ONLY,1.0,0.0059413474601264,0.9999999999684646,0.9999999999998224
165027,0.0,2,NATIVE,1.0,0.0059413474601264,0.9999999999684646,0.9999999999998224
165027,0.0,2,AMP_ONLY,1.0,0.0059413474601264,0.9999999999684646,0.9999999999998224
165027,0.0,2,DIR_ONLY,1.0,0.0059413474601264,0.9999999999684646,0.9999999999998224
165027,0.0,3,NATIVE,1.0,0.0059413474601264,0.9999999999684646,0.9999999999998224
165027,0.0,3,AMP_ONLY,1.0,0.0059413474601264,0.9999999999684646,0.9999999999998224
165027,0.0,3,DIR_ONLY,1.0,0.0059413474601264,0.9999999999684646,0.9999999999998224
165027,22.5,0,NATIVE,0.8535533905932737,0.0056521317384301,0.9636737396843904,0.9670490435668088
165027,22.5,0,AMP_ONLY,0.8535533905932737,0.0056521317384301,0.9512545192512448,0.9512545202673892
165027,22.5,0,DIR_ONLY,0.8535533905932737,0.0056521317384301,1.0130561774505715,1.0166051618678165
165027,22.5,1,NATIVE,0.8535533905932737,0.0059045184931801,0.9473437904195656,0.973592423276358
165027,22.5,1,AMP_ONLY,0.8535533905932737,0.0059045184931801,0.993792330108654,0.9937923301565224
165027,22.5,1,DIR_ONLY,0.8535533905932737,0.0059045184931801,0.9532603127615796,0.979672118104372
165027,22.5,2,NATIVE,0.8535533905932737,0.006150060245805,1.028160349149035,1.0311882066686462
165027,22.5,2,AMP_ONLY,0.8535533905932737,0.006150060245805,1.0351814728397175,1.0351814734309008
165027,22.5,2,DIR_ONLY,0.8535533905932737,0.006150060245805,0.9932172077233548,0.9961424816481048
165027,22.5,3,NATIVE,0.8535533905932737,0.0057968764034642,0.9116876652808908,0.9196738763377528
165027,22.5,3,AMP_ONLY,0.8535533905932737,0.0057968764034642,0.9756494612520544,0.97564946153504
165027,22.5,3,DIR_ONLY,0.8535533905932737,0.0057968764034642,0.9344373672196132,0.942622198747114
165027,45.0,0,NATIVE,0.5000000000000001,0.0046545115263778,0.4555476348178622,0.4804650633617635
165027,45.0,0,AMP_ONLY,0.5000000000000001,0.0046545115263778,0.7831644992732525,0.7831645153880468
165027,45.0,0,DIR_ONLY,0.5000000000000001,0.0046545115263778,0.5816015990372904,0.6133943968415567
165027,45.0,1,NATIVE,0.5000000000000001,0.0052476868305443,0.704431931780666,0.746638354740377
165027,45.0,1,AMP_ONLY,0.5000000000000001,0.0052476868305443,0.8830993716300253,0.8830993769268136
165027,45.0,1,DIR_ONLY,0.5000000000000001,0.0052476868305443,0.7976347917152398,0.8454122641080807
165027,45.0,2,NATIVE,0.5000000000000001,0.0040217855502546,0.5684800323147611,0.5987742948095834
165027,45.0,2,AMP_ONLY,0.5000000000000001,0.0040217855502546,0.6765981252612037,0.6765981562312222
165027,45.0,2,DIR_ONLY,0.5000000000000001,0.0040217855502546,0.8401755507694105,0.884930126610639
165027,45.0,3,NATIVE,0.5000000000000001,0.0053642027974181,0.5335264366139746,0.5728890120610259
165027,45.0,3,AMP_ONLY,0.5000000000000001,0.0053642027974181,0.9027327191709236,0.902732722927573
165027,45.0,3,DIR_ONLY,0.5000000000000001,0.0053642027974181,0.5909734978928128,0.634568075199636
165027,67.5,0,NATIVE,0.1464466094067263,0.0035367805354798,0.3572423599523728,0.5025063742870727
165027,67.5,0,AMP_ONLY,0.1464466094067263,0.0035367805354798,0.5949337557221606,0.5949337984616162
165027,67.5,0,DIR_ONLY,0.1464466094067263,0.0035367805354798,0.6002647261664042,0.8442244800221785
165027,67.5,1,NATIVE,0.1464466094067263,0.0028255532269109,0.2425063756478517,0.2970447092997281
165027,67.5,1,AMP_ONLY,0.1464466094067263,0.0028255532269109,0.4752133243712311,0.4752133817183776
165027,67.5,1,DIR_ONLY,0.1464466094067263,0.0028255532269109,0.5101634621762003,0.6248175707532705
165027,67.5,2,NATIVE,0.1464466094067263,0.0036958251789432,0.4255494844546408,0.4951750783260483
165027,67.5,2,AMP_ONLY,0.1464466094067263,0.0036958251789432,0.6217113134143336,0.6217113523615364
165027,67.5,2,DIR_ONLY,0.1464466094067263,0.0036958251789432,0.6842775238780661,0.7961727680323328
165027,67.5,3,NATIVE,0.1464466094067263,0.0033866066465347,0.3097430720040715,0.3917030686602307
165027,67.5,3,AMP_ONLY,0.1464466094067263,0.0033866066465347,0.5696516269668601,0.5696516731651894
165027,67.5,3,DIR_ONLY,0.1464466094067263,0.0033866066465347,0.5435884238802169,0.6873541616039796
165027,90.0,0,NATIVE,3.749399456654644e-33,0.0019067106282842,0.0013217980253627,0.2155521078772601
165027,90.0,0,AMP_ONLY,3.749399456654644e-33,0.0019067106282842,0.3206065969177873,0.320606661837601
165027,90.0,0,DIR_ONLY,3.749399456654644e-33,0.0019067106282842,0.0041641416842762,0.6718275059627141
165027,90.0,1,NATIVE,3.749399456654644e-33,0.0042054841359669,0.2820405650812296,0.4136162852426244
165027,90.0,1,AMP_ONLY,3.749399456654644e-33,0.0042054841359669,0.7075340347969944,0.7075340612807671
165027,90.0,1,DIR_ONLY,3.749399456654644e-33,0.0042054841359669,0.3985283167033579,0.5843961944155516
165027,90.0,2,NATIVE,3.749399456654644e-33,0.0032520768787345,-0.2334316800642149,0.3201705416653054
165027,90.0,2,AMP_ONLY,3.749399456654644e-33,0.0032520768787345,0.5470047935593185,0.5470048427201415
165027,90.0,2,DIR_ONLY,3.749399456654644e-33,0.0032520768787345,-0.4264029163854491,0.5848929807183515
165027,90.0,3,NATIVE,3.749399456654644e-33,0.0052807659217212,-0.0003786432455174,0.5928505574389037
165027,90.0,3,AMP_ONLY,3.749399456654644e-33,0.0052807659217212,0.8886732010711432,0.8886732059075647
165027,90.0,3,DIR_ONLY,3.749399456654644e-33,0.0052807659217212,-0.0004135894520078,0.6670422128999788
165028,0.0,0,NATIVE,1.0,0.0019921709990167,0.999999999626041,0.9999999999993884
165028,0.0,0,AMP_ONLY,1.0,0.0019921709990167,0.999999999626041,0.9999999999993884
165028,0.0,0,DIR_ONLY,1.0,0.0019921709990167,0.999999999626041,0.9999999999993884
165028,0.0,1,NATIVE,1.0,0.0019921709990167,0.999999999626041,0.9999999999993884
165028,0.0,1,AMP_ONLY,1.0,0.0019921709990167,0.999999999626041,0.9999999999993884
165028,0.0,1,DIR_ONLY,1.0,0.0019921709990167,0.999999999626041,0.9999999999993884
165028,0.0,2,NATIVE,1.0,0.0019921709990167,0.999999999626041,0.9999999999993884
165028,0.0,2,AMP_ONLY,1.0,0.0019921709990167,0.999999999626041,0.9999999999993884
165028,0.0,2,DIR_ONLY,1.0,0.0019921709990167,0.999999999626041,0.9999999999993884
165028,0.0,3,NATIVE,1.0,0.0019921709990167,0.999999999626041,0.9999999999993884
165028,0.0,3,AMP_ONLY,1.0,0.0019921709990167,0.999999999626041,0.9999999999993884
165028,0.0,3,DIR_ONLY,1.0,0.0019921709990167,0.999999999626041,0.9999999999993884
165028,22.5,0,NATIVE,0.8535533905932737,0.0018324972041545,0.929557473855915,0.9336254742122304
165028,22.5,0,AMP_ONLY,0.8535533905932737,0.0018324972041545,0.919849615084254,0.9198496154292845
165028,22.5,0,DIR_ONLY,0.8535533905932737,0.0018324972041545,1.0105536979984269,1.0149761749108792
165028,22.5,1,NATIVE,0.8535533905932737,0.0017385625653701,0.863647603849752,0.8666182914969308
165028,22.5,1,AMP_ONLY,0.8535533905932737,0.0017385625653701,0.8726978518979753,0.8726978522276412
165028,22.5,1,DIR_ONLY,0.8535533905932737,0.0017385625653701,0.9896294519612996,0.9930335106401764
165028,22.5,2,NATIVE,0.8535533905932737,0.0019265185432393,0.9571636491942344,0.9615132117239442
165028,22.5,2,AMP_ONLY,0.8535533905932737,0.0019265185432393,0.9670448822265998,0.9670448825879292
165028,22.5,2,DIR_ONLY,0.8535533905932737,0.0019265185432393,0.9897820541032748,0.9942798336492694
165028,22.5,3,NATIVE,0.8535533905932737,0.0019369816753904,0.916274535611655,0.9214993866901912
165028,22.5,3,AMP_ONLY,0.8535533905932737,0.0019369816753904,0.9722969901613048,0.9722969905245124
165028,22.5,3,DIR_ONLY,0.8535533905932737,0.0019369816753904,0.9423813551745784,0.947755075715832
165028,45.0,0,NATIVE,0.5000000000000001,0.0012676884576443,0.6199957263788171,0.6282481200568522
165028,45.0,0,AMP_ONLY,0.5000000000000001,0.0012676884576443,0.6363359771145861,0.6363359773750389
165028,45.0,0,DIR_ONLY,0.5000000000000001,0.0012676884576443,0.9743211048604256,0.9872899211143236
165028,45.0,1,NATIVE,0.5000000000000001,0.0016488074990842,0.6737034062455036,0.7146447750061813
165028,45.0,1,AMP_ONLY,0.5000000000000001,0.0016488074990842,0.8276440664481975,0.8276440667638824
165028,45.0,1,DIR_ONLY,0.5000000000000001,0.0016488074990842,0.8140017338059501,0.8634693213158866
165028,45.0,2,NATIVE,0.5000000000000001,0.0014025467882071,0.710271452917089,0.731154254253311
165028,45.0,2,AMP_ONLY,0.5000000000000001,0.0014025467882071,0.7040300522624633,0.7040300525420787
165028,45.0,2,DIR_ONLY,0.5000000000000001,0.0014025467882071,1.0088648205293722,1.0385265701876247
165028,45.0,3,NATIVE,0.5000000000000001,0.0013640991519793,0.7062991864098712,0.7218292610118641
165028,45.0,3,AMP_ONLY,0.5000000000000001,0.0013640991519793,0.6847307126182084,0.6847307128923543
165028,45.0,3,DIR_ONLY,0.5000000000000001,0.0013640991519793,1.031497946995826,1.0541777145471107
165028,67.5,0,NATIVE,0.1464466094067263,0.0011617399399552,0.331611273472399,0.450350643386408
165028,67.5,0,AMP_ONLY,0.1464466094067263,0.0011617399399552,0.5831535746870625,0.5831535749323256
165028,67.5,0,DIR_ONLY,0.1464466094067263,0.0011617399399552,0.5686533151163004,0.7722695393258963
165028,67.5,1,NATIVE,0.1464466094067263,0.0011348294924476,0.2720322477097593,0.3861574091019374
165028,67.5,1,AMP_ONLY,0.1464466094067263,0.0011348294924476,0.5696454802075452,0.5696454804488986
165028,67.5,1,DIR_ONLY,0.1464466094067263,0.0011348294924476,0.4775476455120835,0.6778935440975694
165028,67.5,2,NATIVE,0.1464466094067263,0.0010081163474147,0.4499390462903491,0.4713052943177071
165028,67.5,2,AMP_ONLY,0.1464466094067263,0.0010081163474147,0.5060399381858238,0.5060399384083112
165028,67.5,2,DIR_ONLY,0.1464466094067263,0.0010081163474147,0.8891373279207377,0.9313594457255188
165028,67.5,3,NATIVE,0.1464466094067263,0.0009239645482122,0.2867407699402608,0.3381187628489752
165028,67.5,3,AMP_ONLY,0.1464466094067263,0.0009239645482122,0.4637986791280781,0.4637986793374764
165028,67.5,3,DIR_ONLY,0.1464466094067263,0.0009239645482122,0.6182454362088231,0.7290225852471073
165028,90.0,0,NATIVE,3.749399456654644e-33,0.0007254468780992,0.0393261081597686,0.1990784124645346
165028,90.0,0,AMP_ONLY,3.749399456654644e-33,0.0007254468780992,0.3641497049933969,0.364149705169357
165028,90.0,0,DIR_ONLY,3.749399456654644e-33,0.0007254468780992,0.1079963297311078,0.5466988079919756
165028,90.0,1,NATIVE,3.749399456654644e-33,0.0003078071892921,0.0114994080152248,0.1197940894398639
165028,90.0,1,AMP_ONLY,3.749399456654644e-33,0.0003078071892921,0.1545088678636796,0.1545088679513671
165028,90.0,1,DIR_ONLY,3.749399456654644e-33,0.0003078071892921,0.0744261772880998,0.7753263131873398
165028,90.0,2,NATIVE,3.749399456654644e-33,0.0007188478369664,0.1877229611631489,0.3001318343263109
165028,90.0,2,AMP_ONLY,3.749399456654644e-33,0.0007188478369664,0.3608372144107868,0.3608372145855603
165028,90.0,2,DIR_ONLY,3.749399456654644e-33,0.0007188478369664,0.5202412271162392,0.8317623193081215
165028,90.0,3,NATIVE,3.749399456654644e-33,0.0010584190624801,0.1033831075087488,0.3640098155100938
165028,90.0,3,AMP_ONLY,3.749399456654644e-33,0.0010584190624801,0.5312901352928485,0.5312901355229289
165028,90.0,3,DIR_ONLY,3.749399456654644e-33,0.0010584190624801,0.194587298098847,0.6851441064792885
165029,0.0,0,NATIVE,1.0,0.0031552768090416,0.9999999999314572,0.9999999999997382
165029,0.0,0,AMP_ONLY,1.0,0.0031552768090416,0.9999999999314572,0.9999999999997382
165029,0.0,0,DIR_ONLY,1.0,0.0031552768090416,0.9999999999314572,0.9999999999997382
165029,0.0,1,NATIVE,1.0,0.0031552768090416,0.9999999999314572,0.9999999999997382
165029,0.0,1,AMP_ONLY,1.0,0.0031552768090416,0.9999999999314572,0.9999999999997382
165029,0.0,1,DIR_ONLY,1.0,0.0031552768090416,0.9999999999314572,0.9999999999997382
165029,0.0,2,NATIVE,1.0,0.0031552768090416,0.9999999999314572,0.9999999999997382
165029,0.0,2,AMP_ONLY,1.0,0.0031552768090416,0.9999999999314572,0.9999999999997382
165029,0.0,2,DIR_ONLY,1.0,0.0031552768090416,0.9999999999314572,0.9999999999997382
165029,0.0,3,NATIVE,1.0,0.0031552768090416,0.9999999999314572,0.9999999999997382
165029,0.0,3,AMP_ONLY,1.0,0.0031552768090416,0.9999999999314572,0.9999999999997382
165029,0.0,3,DIR_ONLY,1.0,0.0031552768090416,0.9999999999314572,0.9999999999997382
165029,22.5,0,NATIVE,0.8535533905932737,0.0030403650027297,0.936015503258981,0.938730813340346
165029,22.5,0,AMP_ONLY,0.8535533905932737,0.0030403650027297,0.9635809619462626,0.9635809620266008
165029,22.5,0,DIR_ONLY,0.8535533905932737,0.0030403650027297,0.9713926277860524,0.9742106284923068
165029,22.5,1,NATIVE,0.8535533905932737,0.0029733742327243,0.9133925627558184,0.9157612615214042
165029,22.5,1,AMP_ONLY,0.8535533905932737,0.0029733742327243,0.9423495569246588,0.942349557024646
165029,22.5,1,DIR_ONLY,0.8535533905932737,0.0029733742327243,0.9692714993709384,0.9717850567676236
165029,22.5,2,NATIVE,0.8535533905932737,0.003022731102774,0.9058863906342648,0.9078388069889152
165029,22.5,2,AMP_ONLY,0.8535533905932737,0.003022731102774,0.9579922445063372,0.9579922445909884
165029,22.5,2,DIR_ONLY,0.8535533905932737,0.003022731102774,0.9456093677608902,0.9476473154868004
165029,22.5,3,NATIVE,0.8535533905932737,0.0031586334287464,0.96636090588377,0.968926012485894
165029,22.5,3,AMP_ONLY,0.8535533905932737,0.0031586334287464,1.001063814641353,1.0010638147097195
165029,22.5,3,DIR_ONLY,0.8535533905932737,0.0031586334287464,0.9653339710300436,0.9678963523475822
165029,45.0,0,NATIVE,0.5000000000000001,0.001736652316091,0.5592083481335861,0.564610386132852
165029,45.0,0,AMP_ONLY,0.5000000000000001,0.001736652316091,0.5503953206091173,0.5503953219131739
165029,45.0,0,DIR_ONLY,0.5000000000000001,0.001736652316091,1.016018887673838,1.0258351383090478
165029,45.0,1,NATIVE,0.5000000000000001,0.002455383732957,0.7423006850065275,0.7451605467865738
165029,45.0,1,AMP_ONLY,0.5000000000000001,0.002455383732957,0.7781827419316423,0.7781827424205607
165029,45.0,1,DIR_ONLY,0.5000000000000001,0.002455383732957,0.9538900319197716,0.957565629546276
165029,45.0,2,NATIVE,0.5000000000000001,0.0026663454644665,0.70423660527983,0.7223723246978521
165029,45.0,2,AMP_ONLY,0.5000000000000001,0.0026663454644665,0.8450428625319856,0.8450428628206169
165029,45.0,2,DIR_ONLY,0.5000000000000001,0.0026663454644665,0.8333712787161279,0.854831141632078
165029,45.0,3,NATIVE,0.5000000000000001,0.0026983155581661,0.7955935599347872,0.8049857894856348
165029,45.0,3,AMP_ONLY,0.5000000000000001,0.0026983155581661,0.8551751491948767,0.8551751494574046
165029,45.0,3,DIR_ONLY,0.5000000000000001,0.0026983155581661,0.9303301052412314,0.941312991821431
165029,67.5,0,NATIVE,0.1464466094067263,0.0013776519002073,0.2688685740020157,0.2876660756210467
165029,67.5,0,AMP_ONLY,0.1464466094067263,0.0013776519002073,0.4366175091480557,0.4366175107554761
165029,67.5,0,DIR_ONLY,0.1464466094067263,0.0013776519002073,0.6158057144345357,0.6588597165914556
165029,67.5,1,NATIVE,0.1464466094067263,0.0013453785550594,0.2361074254618372,0.2868781210830334
165029,67.5,1,AMP_ONLY,0.1464466094067263,0.0013453785550594,0.4263891395863155,0.4263891412125398
165029,67.5,1,DIR_ONLY,0.1464466094067263,0.0013453785550594,0.5537235439250274,0.6727857401492046
165029,67.5,2,NATIVE,0.1464466094067263,0.001388527364097,0.3307624393877847,0.3587732170281059
165029,67.5,2,AMP_ONLY,0.1464466094067263,0.001388527364097,0.4400642627771893,0.4400642643778995
165029,67.5,2,DIR_ONLY,0.1464466094067263,0.001388527364097,0.7516336276764207,0.8152874961912363
165029,67.5,3,NATIVE,0.1464466094067263,0.0011661285660547,0.2989814363133696,0.3429868021763469
165029,67.5,3,AMP_ONLY,0.1464466094067263,0.0011661285660547,0.3695795757135334,0.3695795774109293
165029,67.5,3,DIR_ONLY,0.1464466094067263,0.0011661285660547,0.8089828470126978,0.9280538904470952
165029,90.0,0,NATIVE,3.749399456654644e-33,0.0013460848223402,-0.020152318061235,0.2080827928150842
165029,90.0,0,AMP_ONLY,3.749399456654644e-33,0.0013460848223402,0.4266129763919856,0.4266129780178165
165029,90.0,0,DIR_ONLY,3.749399456654644e-33,0.0013460848223402,-0.0472367144888191,0.4877558279356593
165029,90.0,1,NATIVE,3.749399456654644e-33,0.0009929320198483,0.0897447036287167,0.1567645287408917
165029,90.0,1,AMP_ONLY,3.749399456654644e-33,0.0009929320198483,0.3146885490587419,0.314688550762831
165029,90.0,1,DIR_ONLY,3.749399456654644e-33,0.0009929320198483,0.2851894654190231,0.4981563665795195
165029,90.0,2,NATIVE,3.749399456654644e-33,0.0017748293667899,-0.1635453057905071,0.3364127949844166
165029,90.0,2,AMP_ONLY,3.749399456654644e-33,0.0017748293667899,0.5624947583622475,0.562494759626236
165029,90.0,2,DIR_ONLY,3.749399456654644e-33,0.0017748293667899,-0.2907396703104846,0.5980706170443271
165029,90.0,3,NATIVE,3.749399456654644e-33,0.0014986260035015,0.1350238288069851,0.2104626868111108
165029,90.0,3,AMP_ONLY,3.749399456654644e-33,0.0014986260035015,0.4749577572077682,0.4749577587306722
165029,90.0,3,DIR_ONLY,3.749399456654644e-33,0.0014986260035015,0.2842922241018212,0.4431248777680101
165030,0.0,0,NATIVE,1.0,0.0029341763501221,0.9999999998065622,0.99999999999956
165030,0.0,0,AMP_ONLY,1.0,0.0029341763501221,0.9999999998065622,0.99999999999956
165030,0.0,0,DIR_ONLY,1.0,0.0029341763501221,0.9999999998065622,0.99999999999956
165030,0.0,1,NATIVE,1.0,0.0029341763501221,0.9999999998065622,0.99999999999956
165030,0.0,1,AMP_ONLY,1.0,0.0029341763501221,0.9999999998065622,0.99999999999956
165030,0.0,1,DIR_ONLY,1.0,0.0029341763501221,0.9999999998065622,0.99999999999956
165030,0.0,2,NATIVE,1.0,0.0029341763501221,0.9999999998065622,0.99999999999956
165030,0.0,2,AMP_ONLY,1.0,0.0029341763501221,0.9999999998065622,0.99999999999956
165030,0.0,2,DIR_ONLY,1.0,0.0029341763501221,0.9999999998065622,0.99999999999956
165030,0.0,3,NATIVE,1.0,0.0029341763501221,0.9999999998065622,0.99999999999956
165030,0.0,3,AMP_ONLY,1.0,0.0029341763501221,0.9999999998065622,0.99999999999956
165030,0.0,3,DIR_ONLY,1.0,0.0029341763501221,0.9999999998065622,0.99999999999956
165030,22.5,0,NATIVE,0.8535533905932737,0.0027248986632221,0.917808657228596,0.923767730946161
165030,22.5,0,AMP_ONLY,0.8535533905932737,0.0027248986632221,0.9286805445307276,0.9286805447349576
165030,22.5,0,DIR_ONLY,0.8535533905932737,0.0027248986632221,0.9882927605863004,0.9947094533711884
165030,22.5,1,NATIVE,0.8535533905932737,0.0028648617127808,0.950166312833637,0.95683527446213
165030,22.5,1,AMP_ONLY,0.8535533905932737,0.0028648617127808,0.9763784402692628,0.976378440460585
165030,22.5,1,DIR_ONLY,0.8535533905932737,0.0028648617127808,0.9731538348281968,0.9799842087317986
165030,22.5,2,NATIVE,0.8535533905932737,0.0027704305787046,0.9584892031649878,0.9617922067532024
165030,22.5,2,AMP_ONLY,0.8535533905932737,0.0027704305787046,0.9441973652475812,0.9441973654453688
165030,22.5,2,DIR_ONLY,0.8535533905932737,0.0027704305787046,1.015136176903293,1.0186342356520832
165030,22.5,3,NATIVE,0.8535533905932737,0.0026384202694305,0.9085839592213922,0.9131429577540916
165030,22.5,3,AMP_ONLY,0.8535533905932737,0.0026384202694305,0.899209479528597,0.8992094797504769
165030,22.5,3,DIR_ONLY,0.8535533905932737,0.0026384202694305,1.010426294578816,1.0154968850043675
165030,45.0,0,NATIVE,0.5000000000000001,0.0022411294630058,0.6863104396722896,0.7153640427319018
165030,45.0,0,AMP_ONLY,0.5000000000000001,0.0022411294630058,0.7638147254384479,0.7638147258112036
165030,45.0,0,DIR_ONLY,0.5000000000000001,0.0022411294630058,0.8985277054751121,0.93656437673976
165030,45.0,1,NATIVE,0.5000000000000001,0.0019761282876868,0.6308060130119125,0.638343347385629
165030,45.0,1,AMP_ONLY,0.5000000000000001,0.0019761282876868,0.6735021748851796,0.6735021753947473
165030,45.0,1,DIR_ONLY,0.5000000000000001,0.0019761282876868,0.936602003368033,0.9477909478997736
165030,45.0,2,NATIVE,0.5000000000000001,0.0023311388800308,0.7363329959219441,0.7482987718599862
165030,45.0,2,AMP_ONLY,0.5000000000000001,0.0023311388800308,0.7944897213521138,0.7944897216829288
165030,45.0,2,DIR_ONLY,0.5000000000000001,0.0023311388800308,0.926800771231596,0.9418621414099811
165030,45.0,3,NATIVE,0.5000000000000001,0.0019701780883563,0.6360978158222599,0.649307733335267
165030,45.0,3,AMP_ONLY,0.5000000000000001,0.0019701780883563,0.6714743302531415,0.6714743307658879
165030,45.0,3,DIR_ONLY,0.5000000000000001,0.0019701780883563,0.9473136005967878,0.966986933777903
165030,67.5,0,NATIVE,0.1464466094067263,0.0016625906916613,0.3136245784822317,0.3998343853664887
165030,67.5,0,AMP_ONLY,0.1464466094067263,0.0016625906916613,0.5666468852215689,0.5666468858933223
165030,67.5,0,DIR_ONLY,0.1464466094067263,0.0016625906916613,0.5534804728533455,0.7056279482261364
165030,67.5,1,NATIVE,0.1464466094067263,0.0019347738086518,0.5011594243816485,0.574460073425174
165030,67.5,1,AMP_ONLY,0.1464466094067263,0.0019347738086518,0.6594084402591351,0.6594084407907967
165030,67.5,1,DIR_ONLY,0.1464466094067263,0.0019347738086518,0.7600085695588137,0.8711689390550686
165030,67.5,2,NATIVE,0.1464466094067263,0.0011906703201214,0.2879435607528724,0.3577280805134379
165030,67.5,2,AMP_ONLY,0.1464466094067263,0.0011906703201214,0.4058108383498312,0.4058108391849279
165030,67.5,2,DIR_ONLY,0.1464466094067263,0.0011906703201214,0.7095287227483089,0.881477329632455
165030,67.5,3,NATIVE,0.1464466094067263,0.0018764606695672,0.4848496466675019,0.5353164417264495
165030,67.5,3,AMP_ONLY,0.1464466094067263,0.0018764606695672,0.6395350936898769,0.6395350942525899
165030,67.5,3,DIR_ONLY,0.1464466094067263,0.0018764606695672,0.7581388119888773,0.8370548012501043
165030,90.0,0,NATIVE,3.749399456654644e-33,0.0007021895152001,-0.0626043379964781,0.153974915683482
165030,90.0,0,AMP_ONLY,3.749399456654644e-33,0.0007021895152001,0.2393269326949063,0.2393269334721084
165030,90.0,0,DIR_ONLY,3.749399456654644e-33,0.0007021895152001,-0.2616066745486188,0.6434074577337968
165030,90.0,1,NATIVE,3.749399456654644e-33,0.000791284479813,-0.0693695286404182,0.2210132168790948
165030,90.0,1,AMP_ONLY,3.749399456654644e-33,0.000791284479813,0.2696925492360116,0.2696925500474509
165030,90.0,1,DIR_ONLY,3.749399456654644e-33,0.000791284479813,-0.2572570336024102,0.8195786333654621
165030,90.0,2,NATIVE,3.749399456654644e-33,0.0006342624658811,-0.0925564978743353,0.1882149216806555
165030,90.0,2,AMP_ONLY,3.749399456654644e-33,0.0006342624658811,0.216175741591557,0.2161757423343232
165030,90.0,2,DIR_ONLY,3.749399456654644e-33,0.0006342624658811,-0.4281835797740774,0.8706957252256465
165030,90.0,3,NATIVE,3.749399456654644e-33,0.0007716154970864,-0.1316219557441074,0.1943309626224751
165030,90.0,3,AMP_ONLY,3.749399456654644e-33,0.0007716154970864,0.2629889180204323,0.2629889188253412
165030,90.0,3,DIR_ONLY,3.749399456654644e-33,0.0007716154970864,-0.5005162592464013,0.7389773766933154
165031,0.0,0,NATIVE,1.0,0.0034898263735242,0.999999999768029,0.9999999999995184
165031,0.0,0,AMP_ONLY,1.0,0.0034898263735242,0.999999999768029,0.9999999999995184
165031,0.0,0,DIR_ONLY,1.0,0.0034898263735242,0.999999999768029,0.9999999999995184
165031,0.0,1,NATIVE,1.0,0.0034898263735242,0.999999999768029,0.9999999999995184
165031,0.0,1,AMP_ONLY,1.0,0.0034898263735242,0.999999999768029,0.9999999999995184
165031,0.0,1,DIR_ONLY,1.0,0.0034898263735242,0.999999999768029,0.9999999999995184
165031,0.0,2,NATIVE,1.0,0.0034898263735242,0.999999999768029,0.9999999999995184
165031,0.0,2,AMP_ONLY,1.0,0.0034898263735242,0.999999999768029,0.9999999999995184
165031,0.0,2,DIR_ONLY,1.0,0.0034898263735242,0.999999999768029,0.9999999999995184
165031,0.0,3,NATIVE,1.0,0.0034898263735242,0.999999999768029,0.9999999999995184
165031,0.0,3,AMP_ONLY,1.0,0.0034898263735242,0.999999999768029,0.9999999999995184
165031,0.0,3,DIR_ONLY,1.0,0.0034898263735242,0.999999999768029,0.9999999999995184
165031,22.5,0,NATIVE,0.8535533905932737,0.0033605033847653,0.923296609569293,0.9287114391489668
165031,22.5,0,AMP_ONLY,0.8535533905932737,0.0033605033847653,0.9629424119960142,0.9629424122215168
165031,22.5,0,DIR_ONLY,0.8535533905932737,0.0033605033847653,0.9588284164956428,0.9644515242232816
165031,22.5,1,NATIVE,0.8535533905932737,0.0032656892555863,0.9537716797239064,0.9592863560463432
165031,22.5,1,AMP_ONLY,0.8535533905932737,0.0032656892555863,0.9357733821692434,0.9357733823934292
165031,22.5,1,DIR_ONLY,0.8535533905932737,0.0032656892555863,1.0192337364440545,1.0251270978846758
165031,22.5,2,NATIVE,0.8535533905932737,0.0032137524644787,0.9039875286784372,0.9117694512521772
165031,22.5,2,AMP_ONLY,0.8535533905932737,0.0032137524644787,0.920890879865906,0.9208908800903752
165031,22.5,2,DIR_ONLY,0.8535533905932737,0.0032137524644787,0.9816448180946596,0.9900953679572992
165031,22.5,3,NATIVE,0.8535533905932737,0.00347646151707,0.929438628947371,0.9362678273904216
165031,22.5,3,AMP_ONLY,0.8535533905932737,0.00347646151707,0.9961702897681336,0.9961702899987648
165031,22.5,3,DIR_ONLY,0.8535533905932737,0.00347646151707,0.933011786514986,0.9398672324464662
165031,45.0,0,NATIVE,0.5000000000000001,0.0025431253205686,0.7137860780685422,0.7348003130902274
165031,45.0,0,AMP_ONLY,0.5000000000000001,0.0025431253205686,0.7287229727237037,0.7287229729974275
165031,45.0,0,DIR_ONLY,0.5000000000000001,0.0025431253205686,0.979503646199642,1.008342537177496
165031,45.0,1,NATIVE,0.5000000000000001,0.0026307146452236,0.7236770330761133,0.7549036563919606
165031,45.0,1,AMP_ONLY,0.5000000000000001,0.0026307146452236,0.7538216023499493,0.7538216026139319
165031,45.0,1,DIR_ONLY,0.5000000000000001,0.0026307146452236,0.960012104160412,1.001437472972028
165031,45.0,2,NATIVE,0.5000000000000001,0.0026258554915085,0.7153337261905653,0.729281915599601
165031,45.0,2,AMP_ONLY,0.5000000000000001,0.0026258554915085,0.7524292165098837,0.7524292167743915
165031,45.0,2,DIR_ONLY,0.5000000000000001,0.0026258554915085,0.9507000670368227,0.9692381414432972
165031,45.0,3,NATIVE,0.5000000000000001,0.0026685734022696,0.7948831597296185,0.8143642594417888
165031,45.0,3,AMP_ONLY,0.5000000000000001,0.0026685734022696,0.7646699945501971,0.7646699948101574
165031,45.0,3,DIR_ONLY,0.5000000000000001,0.0026685734022696,1.0395115209399095,1.064987608709722
165031,67.5,0,NATIVE,0.1464466094067263,0.0015737323154889,0.32770035793463,0.3641244982079803
165031,67.5,0,AMP_ONLY,0.1464466094067263,0.0015737323154889,0.4509454715968856,0.4509454719673393
165031,67.5,0,DIR_ONLY,0.1464466094067263,0.0015737323154889,0.7266949435767089,0.8074672437466366
165031,67.5,1,NATIVE,0.1464466094067263,0.0014183328561233,0.3858219893553516,0.4492569590093264
165031,67.5,1,AMP_ONLY,0.1464466094067263,0.0014183328561233,0.4064162683196874,0.4064162686940011
165031,67.5,1,DIR_ONLY,0.1464466094067263,0.0014183328561233,0.9493338695707064,1.10542027215171
165031,67.5,2,NATIVE,0.1464466094067263,0.0013644797972801,0.2744942449205281,0.4441155405672958
165031,67.5,2,AMP_ONLY,0.1464466094067263,0.0013644797972801,0.3909848634037998,0.3909848637780895
165031,67.5,2,DIR_ONLY,0.1464466094067263,0.0013644797972801,0.702070020211064,1.1359059085715084
165031,67.5,3,NATIVE,0.1464466094067263,0.001547282648901,0.3882241261550153,0.4335146615414637
165031,67.5,3,AMP_ONLY,0.1464466094067263,0.001547282648901,0.4433664031999255,0.4433664035714196
165031,67.5,3,DIR_ONLY,0.1464466094067263,0.001547282648901,0.8756267416445409,0.9777836002883998
165031,90.0,0,NATIVE,3.749399456654644e-33,0.0011728761702373,0.1242667269273739,0.2789769968289371
165031,90.0,0,AMP_ONLY,3.749399456654644e-33,0.0011728761702373,0.3360815659230586,0.3360815662907133
165031,90.0,0,DIR_ONLY,3.749399456654644e-33,0.0011728761702373,0.3697581900863032,0.8300838245334887
165031,90.0,1,NATIVE,3.749399456654644e-33,0.0011224095498646,-0.1166993153119976,0.34071239705442
165031,90.0,1,AMP_ONLY,3.749399456654644e-33,0.0011224095498646,0.3216205587482272,0.321620559112267
165031,90.0,1,DIR_ONLY,3.749399456654644e-33,0.0011224095498646,-0.362818447326293,1.0592924314804353
165031,90.0,2,NATIVE,3.749399456654644e-33,0.001644730352079,-0.166100122350237,0.4399140116512109
165031,90.0,2,AMP_ONLY,3.749399456654644e-33,0.001644730352079,0.4712897418614905,0.4712897422284453
165031,90.0,2,DIR_ONLY,3.749399456654644e-33,0.001644730352079,-0.3524267956282664,0.9334042050423668
165031,90.0,3,NATIVE,3.749399456654644e-33,0.0008795177212607,-0.0127443643957483,0.2078884719525251
165031,90.0,3,AMP_ONLY,3.749399456654644e-33,0.0008795177212607,0.2520209564098336,0.2520209567439972
165031,90.0,3,DIR_ONLY,3.749399456654644e-33,0.0008795177212607,-0.0505685966745816,0.8248606789441372
165032,0.0,0,NATIVE,1.0,0.0011122477496647,0.99999999842235,0.999999999998744
165032,0.0,0,AMP_ONLY,1.0,0.0011122477496647,0.99999999842235,0.999999999998744
165032,0.0,0,DIR_ONLY,1.0,0.0011122477496647,0.99999999842235,0.999999999998744
165032,0.0,1,NATIVE,1.0,0.0011122477496647,0.99999999842235,0.999999999998744
165032,0.0,1,AMP_ONLY,1.0,0.0011122477496647,0.99999999842235,0.999999999998744
165032,0.0,1,DIR_ONLY,1.0,0.0011122477496647,0.99999999842235,0.999999999998744
165032,0.0,2,NATIVE,1.0,0.0011122477496647,0.99999999842235,0.999999999998744
165032,0.0,2,AMP_ONLY,1.0,0.0011122477496647,0.99999999842235,0.999999999998744
165032,0.0,2,DIR_ONLY,1.0,0.0011122477496647,0.99999999842235,0.999999999998744
165032,0.0,3,NATIVE,1.0,0.0011122477496647,0.99999999842235,0.999999999998744
165032,0.0,3,AMP_ONLY,1.0,0.0011122477496647,0.99999999842235,0.999999999998744
165032,0.0,3,DIR_ONLY,1.0,0.0011122477496647,0.99999999842235,0.999999999998744
165032,22.5,0,NATIVE,0.8535533905932737,0.0010112392917179,0.8701964347218306,0.8755265569957436
165032,22.5,0,AMP_ONLY,0.8535533905932737,0.0010112392917179,0.9091842967691534,0.9091842982031794
165032,22.5,0,DIR_ONLY,0.8535533905932737,0.0010112392917179,0.957117669644316,0.9629801859938693
165032,22.5,1,NATIVE,0.8535533905932737,0.0011516977796623,0.9610866937849408,0.9657790215317658
165032,22.5,1,AMP_ONLY,0.8535533905932737,0.0011516977796623,1.0354691822257895,1.0354691838582348
165032,22.5,1,DIR_ONLY,0.8535533905932737,0.0011516977796623,0.9281654811466858,0.9326970971294412
165032,22.5,2,NATIVE,0.8535533905932737,0.0010303084416004,0.923818925319772,0.9263740718465192
165032,22.5,2,AMP_ONLY,0.8535533905932737,0.0010303084416004,0.9263291649967946,0.9263291664575862
165032,22.5,2,DIR_ONLY,0.8535533905932737,0.0010303084416004,0.997290053600837,1.0000483881811864
165032,22.5,3,NATIVE,0.8535533905932737,0.0010001005454267,0.8791755267769797,0.8884147421043188
165032,22.5,3,AMP_ONLY,0.8535533905932737,0.0010001005454267,0.8991695726449742,0.899169574063387
165032,22.5,3,DIR_ONLY,0.8535533905932737,0.0010001005454267,0.9777635530607643,0.9880387336360228
165032,45.0,0,NATIVE,0.5000000000000001,0.0008518116823422,0.7301259913856355,0.7580557775660597
165032,45.0,0,AMP_ONLY,0.5000000000000001,0.0008518116823422,0.7658449175877446,0.765844918799463
165032,45.0,0,DIR_ONLY,0.5000000000000001,0.0008518116823422,0.953361339412672,0.9898308757652364
165032,45.0,1,NATIVE,0.5000000000000001,0.0008623314548196,0.7448913216865658,0.8059997330050516
165032,45.0,1,AMP_ONLY,0.5000000000000001,0.0008623314548196,0.775303098920355,0.7753031001466818
165032,45.0,1,DIR_ONLY,0.5000000000000001,0.0008623314548196,0.9607735823889318,1.0395917226552596
165032,45.0,2,NATIVE,0.5000000000000001,0.0009557575014357,0.7102406167391719,0.719349752799464
165032,45.0,2,AMP_ONLY,0.5000000000000001,0.0009557575014357,0.8593012539143615,0.859301255270759
165032,45.0,2,DIR_ONLY,0.5000000000000001,0.0009557575014357,0.8265320929079554,0.8371326214393533
165032,45.0,3,NATIVE,0.5000000000000001,0.0007717281838673,0.6331592229049209,0.6662793733475744
165032,45.0,3,AMP_ONLY,0.5000000000000001,0.0007717281838673,0.693843026620796,0.6938430277214526
165032,45.0,3,DIR_ONLY,0.5000000000000001,0.0007717281838673,0.9125398359144696,0.960273996954794
165032,67.5,0,NATIVE,0.1464466094067263,0.0007675661083603,0.3121480023271115,0.4836617741052953
165032,67.5,0,AMP_ONLY,0.1464466094067263,0.0007675661083603,0.6901009693873578,0.6901009704822466
165032,67.5,0,DIR_ONLY,0.1464466094067263,0.0007675661083603,0.4523210167013817,0.7008543154721572
165032,67.5,1,NATIVE,0.1464466094067263,0.0005604979287012,0.4738294072728679,0.5462907750076246
165032,67.5,1,AMP_ONLY,0.1464466094067263,0.0005604979287012,0.5039296199749953,0.5039296207825276
165032,67.5,1,DIR_ONLY,0.1464466094067263,0.0005604979287012,0.9402655148948122,1.084056684806047
165032,67.5,2,NATIVE,0.1464466094067263,0.0007197738115394,0.4341175381740236,0.5077342251639847
165032,67.5,2,AMP_ONLY,0.1464466094067263,0.0007197738115394,0.6471316841061847,0.6471316851348529
165032,67.5,2,DIR_ONLY,0.1464466094067263,0.0007197738115394,0.6708331360285045,0.7845910612666548
165032,67.5,3,NATIVE,0.1464466094067263,0.0006113854584887,0.3167520188734566,0.3772871571284375
165032,67.5,3,AMP_ONLY,0.1464466094067263,0.0006113854584887,0.549681623639878,0.5496816245182025
165032,67.5,3,DIR_ONLY,0.1464466094067263,0.0006113854584887,0.5762454112069229,0.6863721952060453
165032,90.0,0,NATIVE,3.749399456654644e-33,0.0005478844325515,-0.0505049686821927,0.2437495034462355
165032,90.0,0,AMP_ONLY,3.749399456654644e-33,0.0005478844325515,0.4925890748841641,0.4925890756741181
165032,90.0,0,DIR_ONLY,3.749399456654644e-33,0.0005478844325515,-0.1025287813999536,0.4948310599676399
165032,90.0,1,NATIVE,3.749399456654644e-33,0.0003271847658504,-0.0086264619234123,0.1417333148172765
165032,90.0,1,AMP_ONLY,3.749399456654644e-33,0.0003271847658504,0.2941628672703108,0.2941628677495691
165032,90.0,1,DIR_ONLY,3.749399456654644e-33,0.0003271847658504,-0.0293251744940455,0.4818153369930235
165032,90.0,2,NATIVE,3.749399456654644e-33,0.0004714466817083,-0.0108188829038883,0.3079760774992938
165032,90.0,2,AMP_ONLY,3.749399456654644e-33,0.0004714466817083,0.4238654700008017,0.4238654706838936
165032,90.0,2,DIR_ONLY,3.749399456654644e-33,0.0004714466817083,-0.0255226713788082,0.7265871127037267
165032,90.0,3,NATIVE,3.749399456654644e-33,0.0006838922803514,-0.1528982068840349,0.4145012448185921
165032,90.0,3,AMP_ONLY,3.749399456654644e-33,0.0006838922803514,0.6148712057257852,0.6148712067047243
165032,90.0,3,DIR_ONLY,3.749399456654644e-33,0.0006838922803514,-0.2486659395119016,0.6741249180785457
165033,0.0,0,NATIVE,1.0,0.0103241567570694,0.9999999999806608,0.9999999999998608
165033,0.0,0,AMP_ONLY,1.0,0.0103241567570694,0.9999999999806608,0.9999999999998608
165033,0.0,0,DIR_ONLY,1.0,0.0103241567570694,0.9999999999806608,0.9999999999998608
165033,0.0,1,NATIVE,1.0,0.0103241567570694,0.9999999999806608,0.9999999999998608
165033,0.0,1,AMP_ONLY,1.0,0.0103241567570694,0.9999999999806608,0.9999999999998608
165033,0.0,1,DIR_ONLY,1.0,0.0103241567570694,0.9999999999806608,0.9999999999998608
165033,0.0,2,NATIVE,1.0,0.0103241567570694,0.9999999999806608,0.9999999999998608
165033,0.0,2,AMP_ONLY,1.0,0.0103241567570694,0.9999999999806608,0.9999999999998608
165033,0.0,2,DIR_ONLY,1.0,0.0103241567570694,0.9999999999806608,0.9999999999998608
165033,0.0,3,NATIVE,1.0,0.0103241567570694,0.9999999999806608,0.9999999999998608
165033,0.0,3,AMP_ONLY,1.0,0.0103241567570694,0.9999999999806608,0.9999999999998608
165033,0.0,3,DIR_ONLY,1.0,0.0103241567570694,0.9999999999806608,0.9999999999998608
165033,22.5,0,NATIVE,0.8535533905932737,0.0101850267238617,0.9384665838208672,0.940205886502592
165033,22.5,0,AMP_ONLY,0.8535533905932737,0.0101850267238617,0.986529276358888,0.986529276394468
165033,22.5,0,DIR_ONLY,0.8535533905932737,0.0101850267238617,0.951281422916104,0.9530445727241738
165033,22.5,1,NATIVE,0.8535533905932737,0.0093697601302754,0.9158409593152372,0.9166266102246926
165033,22.5,1,AMP_ONLY,0.8535533905932737,0.0093697601302754,0.9075912543612,0.9075912550984908
165033,22.5,1,DIR_ONLY,0.8535533905932737,0.0093697601302754,1.0090880105253983,1.0099533972489745
165033,22.5,2,NATIVE,0.8535533905932737,0.0098965220515342,0.9626453545856212,0.9658134829704776
165033,22.5,2,AMP_ONLY,0.8535533905932737,0.0098965220515342,0.9585954577196496,0.9585954578907592
165033,22.5,2,DIR_ONLY,0.8535533905932737,0.0098965220515342,1.0042230580185554,1.0075276090067953
165033,22.5,3,NATIVE,0.8535533905932737,0.0093428703020738,0.960904505006326,0.9648486170643432
165033,22.5,3,AMP_ONLY,0.8535533905932737,0.0093428703020738,0.9049875647063784,0.9049875654825568
165033,22.5,3,DIR_ONLY,0.8535533905932737,0.0093428703020738,1.061788744286678,1.0661485998918012
165033,45.0,0,NATIVE,0.5000000000000001,0.0071691378542776,0.6556915464032005,0.659611351150694
165033,45.0,0,AMP_ONLY,0.5000000000000001,0.0071691378542776,0.6944908455855382,0.6944908516088617
165033,45.0,0,DIR_ONLY,0.5000000000000001,0.0071691378542776,0.9441301009426756,0.9497685070092864
165033,45.0,1,NATIVE,0.5000000000000001,0.007231648814981,0.6731372206981782,0.682994509348961
165033,45.0,1,AMP_ONLY,0.5000000000000001,0.007231648814981,0.7005446984308131,0.7005447042690586
165033,45.0,1,DIR_ONLY,0.5000000000000001,0.007231648814981,0.96086731468614,0.9749406998603558
165033,45.0,2,NATIVE,0.5000000000000001,0.0074817336899741,0.6778295151768374,0.7047726854564216
165033,45.0,2,AMP_ONLY,0.5000000000000001,0.0074817336899741,0.7247637830846083,0.7247637881903858
165033,45.0,2,DIR_ONLY,0.5000000000000001,0.0074817336899741,0.9352598076023212,0.9724577944527912
165033,45.0,3,NATIVE,0.5000000000000001,0.0080097391035008,0.7473735331909287,0.7729956133097063
165033,45.0,3,AMP_ONLY,0.5000000000000001,0.0080097391035008,0.77589607425488,0.7758960778851882
165033,45.0,3,DIR_ONLY,0.5000000000000001,0.0080097391035008,0.9632298424740846,0.9962651981160476
165033,67.5,0,NATIVE,0.1464466094067263,0.0060726857862246,0.4148806645508801,0.4444792125358539
165033,67.5,0,AMP_ONLY,0.1464466094067263,0.0060726857862246,0.5883004370132816,0.5883004462615986
165033,67.5,0,DIR_ONLY,0.1464466094067263,0.0060726857862246,0.7052711836208593,0.7555984450899381
165033,67.5,1,NATIVE,0.1464466094067263,0.0064958650542447,0.4377994609103951,0.5386710874967986
165033,67.5,1,AMP_ONLY,0.1464466094067263,0.0064958650542447,0.6292860663983793,0.6292860744244219
165033,67.5,1,DIR_ONLY,0.1464466094067263,0.0064958650542447,0.6956674721018168,0.8560240430869948
165033,67.5,2,NATIVE,0.1464466094067263,0.0054786707133533,0.37733008709113,0.4968966629674163
165033,67.5,2,AMP_ONLY,0.1464466094067263,0.0054786707133533,0.5307667548506396,0.5307667656812395
165033,67.5,2,DIR_ONLY,0.1464466094067263,0.0054786707133533,0.7108492234403917,0.9362044555090724
165033,67.5,3,NATIVE,0.1464466094067263,0.0050796406702482,0.4240287161811699,0.4683733800642011
165033,67.5,3,AMP_ONLY,0.1464466094067263,0.0050796406702482,0.4921169465307993,0.4921169582896943
165033,67.5,3,DIR_ONLY,0.1464466094067263,0.0050796406702482,0.8616768246344356,0.9517904300565576
165033,90.0,0,NATIVE,3.749399456654644e-33,0.0013760898525594,0.0163914996411709,0.1431725701970878
165033,90.0,0,AMP_ONLY,3.749399456654644e-33,0.0013760898525594,0.1333353072471235,0.1333353164915956
165033,90.0,0,DIR_ONLY,3.749399456654644e-33,0.0013760898525594,0.1227112755027178,1.0740470162644693
165033,90.0,1,NATIVE,3.749399456654644e-33,0.0027540436789489,0.0453268588072912,0.2369157507056509
165033,90.0,1,AMP_ONLY,3.749399456654644e-33,0.0027540436789489,0.2668368375119364,0.2668368507680389
165033,90.0,1,DIR_ONLY,3.749399456654644e-33,0.0027540436789489,0.1698926836211379,0.8881494119953837
165033,90.0,2,NATIVE,3.749399456654644e-33,0.0034645740737351,0.0281752020129961,0.2257105856612329
165033,90.0,2,AMP_ONLY,3.749399456654644e-33,0.0034645740737351,0.3356701473585712,0.3356701610590676
165033,90.0,2,DIR_ONLY,3.749399456654644e-33,0.0034645740737351,0.0838981855014067,0.672636039113035
165033,90.0,3,NATIVE,3.749399456654644e-33,0.0021136566257083,-0.0342845892088572,0.1842823549890862
165033,90.0,3,AMP_ONLY,3.749399456654644e-33,0.0021136566257083,0.2047954405765163,0.2047954525382918
165033,90.0,3,DIR_ONLY,3.749399456654644e-33,0.0021136566257083,-0.1674071138840951,0.8999070943265973
165034,0.0,0,NATIVE,1.0,0.0065041003952115,0.9999999999751344,0.9999999999998423
165034,0.0,0,AMP_ONLY,1.0,0.0065041003952115,0.9999999999751344,0.9999999999998423
165034,0.0,0,DIR_ONLY,1.0,0.0065041003952115,0.9999999999751344,0.9999999999998423
165034,0.0,1,NATIVE,1.0,0.0065041003952115,0.9999999999751344,0.9999999999998423
165034,0.0,1,AMP_ONLY,1.0,0.0065041003952115,0.9999999999751344,0.9999999999998423
165034,0.0,1,DIR_ONLY,1.0,0.0065041003952115,0.9999999999751344,0.9999999999998423
165034,0.0,2,NATIVE,1.0,0.0065041003952115,0.9999999999751344,0.9999999999998423
165034,0.0,2,AMP_ONLY,1.0,0.0065041003952115,0.9999999999751344,0.9999999999998423
165034,0.0,2,DIR_ONLY,1.0,0.0065041003952115,0.9999999999751344,0.9999999999998423
165034,0.0,3,NATIVE,1.0,0.0065041003952115,0.9999999999751344,0.9999999999998423
165034,0.0,3,AMP_ONLY,1.0,0.0065041003952115,0.9999999999751344,0.9999999999998423
165034,0.0,3,DIR_ONLY,1.0,0.0065041003952115,0.9999999999751344,0.9999999999998423
165034,22.5,0,NATIVE,0.8535533905932737,0.0059717564207516,0.9070428544779656,0.9081410029026048
165034,22.5,0,AMP_ONLY,0.8535533905932737,0.0059717564207516,0.9181608509686584,0.9181608510136532
165034,22.5,0,DIR_ONLY,0.8535533905932737,0.0059717564207516,0.9878908847268648,0.98908690197461
165034,22.5,1,NATIVE,0.8535533905932737,0.0063616910015579,0.9335700535994742,0.936228090525498
165034,22.5,1,AMP_ONLY,0.8535533905932737,0.0063616910015579,0.9781070421914057,0.9781070422172752
165034,22.5,1,DIR_ONLY,0.8535533905932737,0.0063616910015579,0.9544661308059784,0.957183675769884
165034,22.5,2,NATIVE,0.8535533905932737,0.0059557681183751,0.8846964540002968,0.8859384061976924
165034,22.5,2,AMP_ONLY,0.8535533905932737,0.0059557681183751,0.9157028883735914,0.9157028884198212
165034,22.5,2,DIR_ONLY,0.8535533905932737,0.0059557681183751,0.9661399655448124,0.9674963103547136
165034,22.5,3,NATIVE,0.8535533905932737,0.0062247806199676,0.9721186184147724,0.9746756988056392
165034,22.5,3,AMP_ONLY,0.8535533905932737,0.0062247806199676,0.9570593586279228,0.9570593586579758
165034,22.5,3,DIR_ONLY,0.8535533905932737,0.0062247806199676,1.015734832221555,1.0184066159355716
165034,45.0,0,NATIVE,0.5000000000000001,0.0050105979837629,0.6474692995485136,0.6668716882084887
165034,45.0,0,AMP_ONLY,0.5000000000000001,0.0050105979837629,0.7703946831540569,0.7703946833200686
165034,45.0,0,DIR_ONLY,0.5000000000000001,0.0050105979837629,0.8404365601151041,0.8656223202802772
165034,45.0,1,NATIVE,0.5000000000000001,0.0053633602246924,0.8658770024253906,0.8818659667262635
165034,45.0,1,AMP_ONLY,0.5000000000000001,0.0053633602246924,0.8246280648788943,0.824628064991132
165034,45.0,1,DIR_ONLY,0.5000000000000001,0.0053633602246924,1.0500217130850895,1.069411522443083
165034,45.0,2,NATIVE,0.5000000000000001,0.0053026708914189,0.7536764984131311,0.7603375951657197
165034,45.0,2,AMP_ONLY,0.5000000000000001,0.0053026708914189,0.8152977827824801,0.8152977829033533
165034,45.0,2,DIR_ONLY,0.5000000000000001,0.0053026708914189,0.9244199137494122,0.9325904542861656
165034,45.0,3,NATIVE,0.5000000000000001,0.0049202459268684,0.7163086413981122,0.7298018994587401
165034,45.0,3,AMP_ONLY,0.5000000000000001,0.0049202459268684,0.7565039251503672,0.7565039253313396
165034,45.0,3,DIR_ONLY,0.5000000000000001,0.0049202459268684,0.9468691471189992,0.9647059946096632
165034,67.5,0,NATIVE,0.1464466094067263,0.0040477788299062,0.501627633096331,0.5232933207424614
165034,67.5,0,AMP_ONLY,0.1464466094067263,0.0040477788299062,0.6223683104513074,0.6223683107870881
165034,67.5,0,DIR_ONLY,0.1464466094067263,0.0040477788299062,0.8060049071128952,0.8408174689903494
165034,67.5,1,NATIVE,0.1464466094067263,0.0021764677141252,0.3215658017861507,0.3394558747048469
165034,67.5,1,AMP_ONLY,0.1464466094067263,0.0021764677141252,0.3346542192158691,0.3346542197564516
165034,67.5,1,DIR_ONLY,0.1464466094067263,0.0021764677141252,0.9608838031420448,1.0143413622946982
165034,67.5,2,NATIVE,0.1464466094067263,0.0035856445960193,0.3957807233101502,0.4138558382846841
165034,67.5,2,AMP_ONLY,0.1464466094067263,0.0035856445960193,0.5513168474572443,0.5513168478710762
165034,67.5,2,DIR_ONLY,0.1464466094067263,0.0035856445960193,0.7178973284972185,0.7506868149443233
165034,67.5,3,NATIVE,0.1464466094067263,0.0030046638589017,0.4428921452675189,0.464363828095751
165034,67.5,3,AMP_ONLY,0.1464466094067263,0.0030046638589017,0.4619915984440151,0.4619915989369189
165034,67.5,3,DIR_ONLY,0.1464466094067263,0.0030046638589017,0.958650440674492,1.00512366718499
165034,90.0,0,NATIVE,3.749399456654644e-33,0.0025176091091004,-0.0777279740978448,0.2047538614505511
165034,90.0,0,AMP_ONLY,3.749399456654644e-33,0.0025176091091004,0.3871060475431812,0.387106048075679
165034,90.0,0,DIR_ONLY,3.749399456654644e-33,0.0025176091091004,-0.2008131237914677,0.5289774506019675
165034,90.0,1,NATIVE,3.749399456654644e-33,0.0034556255044519,-0.0509626846939093,0.2452490996848704
165034,90.0,1,AMP_ONLY,3.749399456654644e-33,0.0034556255044519,0.5313266840059626,0.5313266844397855
165034,90.0,1,DIR_ONLY,3.749399456654644e-33,0.0034556255044519,-0.0959293816504375,0.4616111451831329
165034,90.0,2,NATIVE,3.749399456654644e-33,0.0024431233379881,-0.1381943344259092,0.2196856847324806
165034,90.0,2,AMP_ONLY,3.749399456654644e-33,0.0024431233379881,0.375653618405842,0.3756536189416301
165034,90.0,2,DIR_ONLY,3.749399456654644e-33,0.0024431233379881,-0.3679169732616673,0.5848802959975644
165034,90.0,3,NATIVE,3.749399456654644e-33,0.0032478274548706,0.0496552302332664,0.2521407190297789
165034,90.0,3,AMP_ONLY,3.749399456654644e-33,0.0032478274548706,0.4993779871906209,0.4993779876538674
165034,90.0,3,DIR_ONLY,3.749399456654644e-33,0.0032478274548706,0.0994388962874518,0.5049482730459384
165035,0.0,0,NATIVE,1.0,0.0023725448165259,0.999999999688134,0.9999999999994416
165035,0.0,0,AMP_ONLY,1.0,0.0023725448165259,0.999999999688134,0.9999999999994416
165035,0.0,0,DIR_ONLY,1.0,0.0023725448165259,0.999999999688134,0.9999999999994416
165035,0.0,1,NATIVE,1.0,0.0023725448165259,0.999999999688134,0.9999999999994416
165035,0.0,1,AMP_ONLY,1.0,0.0023725448165259,0.999999999688134,0.9999999999994416
165035,0.0,1,DIR_ONLY,1.0,0.0023725448165259,0.999999999688134,0.9999999999994416
165035,0.0,2,NATIVE,1.0,0.0023725448165259,0.999999999688134,0.9999999999994416
165035,0.0,2,AMP_ONLY,1.0,0.0023725448165259,0.999999999688134,0.9999999999994416
165035,0.0,2,DIR_ONLY,1.0,0.0023725448165259,0.999999999688134,0.9999999999994416
165035,0.0,3,NATIVE,1.0,0.0023725448165259,0.999999999688134,0.9999999999994416
165035,0.0,3,AMP_ONLY,1.0,0.0023725448165259,0.999999999688134,0.9999999999994416
165035,0.0,3,DIR_ONLY,1.0,0.0023725448165259,0.999999999688134,0.9999999999994416
165035,22.5,0,NATIVE,0.8535533905932737,0.0021718064871669,0.9208568459957832,0.9275948583282504
165035,22.5,0,AMP_ONLY,0.8535533905932737,0.0021718064871669,0.9153940223947457,0.9153940226887688
165035,22.5,0,DIR_ONLY,0.8535533905932737,0.0021718064871669,1.005967809139107,1.0133286705084232
165035,22.5,1,NATIVE,0.8535533905932737,0.0023852683492262,0.987275618756732,0.9997612010000788
165035,22.5,1,AMP_ONLY,0.8535533905932737,0.0023852683492262,1.0053626192398,1.005362619552817
165035,22.5,1,DIR_ONLY,0.8535533905932737,0.0023852683492262,0.9820094850634944,0.9944284855750014
165035,22.5,2,NATIVE,0.8535533905932737,0.0022054543742502,0.9096768139820935,0.9204190801220627
165035,22.5,2,AMP_ONLY,0.8535533905932737,0.0022054543742502,0.9295757678013724,0.9295757680971268
165035,22.5,2,DIR_ONLY,0.8535533905932737,0.0022054543742502,0.9785934594491488,0.9901496401572102
165035,22.5,3,NATIVE,0.8535533905932737,0.0022059904102978,0.9478290910616752,0.952471651523108
165035,22.5,3,AMP_ONLY,0.8535533905932737,0.0022059904102978,0.9298016935076158,0.9298016938034014
165035,22.5,3,DIR_ONLY,0.8535533905932737,0.0022059904102978,1.0193885131542089,1.0243815515657435
165035,45.0,0,NATIVE,0.5000000000000001,0.0019717842806191,0.7500353064694758,0.781063675320483
165035,45.0,0,AMP_ONLY,0.5000000000000001,0.0019717842806191,0.8310893390324732,0.8310893393239555
165035,45.0,0,DIR_ONLY,0.5000000000000001,0.0019717842806191,0.9024723256737592,0.939806983478328
165035,45.0,1,NATIVE,0.5000000000000001,0.001903858200101,0.7325227273613487,0.7591694005304376
165035,45.0,1,AMP_ONLY,0.5000000000000001,0.001903858200101,0.802459963304665,0.8024599635977342
165035,45.0,1,DIR_ONLY,0.5000000000000001,0.001903858200101,0.9128466787941548,0.94605356933863
165035,45.0,2,NATIVE,0.5000000000000001,0.0022644912310684,0.8935514325348521,0.921014731951229
165035,45.0,2,AMP_ONLY,0.5000000000000001,0.0022644912310684,0.9544582944825116,0.9544582947823772
165035,45.0,2,DIR_ONLY,0.5000000000000001,0.0022644912310684,0.9361871388305656,0.9649610173447424
165035,45.0,3,NATIVE,0.5000000000000001,0.0018233374745261,0.6929264606558244,0.7350422337953385
165035,45.0,3,AMP_ONLY,0.5000000000000001,0.0018233374745261,0.7685221373389958,0.7685221376351234
165035,45.0,3,DIR_ONLY,0.5000000000000001,0.0018233374745261,0.9016355474160718,0.9564358492457534
165035,67.5,0,NATIVE,0.1464466094067263,0.0015555446239065,0.3630016366444284,0.4990948567401292
165035,67.5,0,AMP_ONLY,0.1464466094067263,0.0015555446239065,0.655652352024403,0.6556523523358736
165035,67.5,0,DIR_ONLY,0.1464466094067263,0.0015555446239065,0.5536483671790416,0.7612202354993879
165035,67.5,1,NATIVE,0.1464466094067263,0.0011273251430525,0.3583032396253054,0.4060359134505832
165035,67.5,1,AMP_ONLY,0.1464466094067263,0.0011273251430525,0.475163702697568,0.4751637030261614
165035,67.5,1,DIR_ONLY,0.1464466094067263,0.0011273251430525,0.7540593204791206,0.8545130338436153
165035,67.5,2,NATIVE,0.1464466094067263,0.0013307994405163,0.4514168969279782,0.5199167823004346
165035,67.5,2,AMP_ONLY,0.1464466094067263,0.0013307994405163,0.5609256365928694,0.5609256369167916
165035,67.5,2,DIR_ONLY,0.1464466094067263,0.0013307994405163,0.8047764053555719,0.9268986507273372
165035,67.5,3,NATIVE,0.1464466094067263,0.0009133140223814,0.3179892472150935,0.3386800406187352
165035,67.5,3,AMP_ONLY,0.1464466094067263,0.0009133140223814,0.3849600353217011,0.3849600356425117
165035,67.5,3,DIR_ONLY,0.1464466094067263,0.0009133140223814,0.8260341556517229,0.8797825480683409
165035,90.0,0,NATIVE,3.749399456654644e-33,0.0007600559072223,0.006326950610197,0.2358772408390722
165035,90.0,0,AMP_ONLY,3.749399456654644e-33,0.0007600559072223,0.3203628143537267,0.3203628146576506
165035,90.0,0,DIR_ONLY,3.749399456654644e-33,0.0007600559072223,0.0197385161519841,0.7363120689583291
165035,90.0,1,NATIVE,3.749399456654644e-33,0.0008889468081281,-0.0466457920052719,0.2725654506328722
165035,90.0,1,AMP_ONLY,3.749399456654644e-33,0.0008889468081281,0.374689446112561,0.374689446431395
165035,90.0,1,DIR_ONLY,3.749399456654644e-33,0.0008889468081281,-0.1245091840508006,0.7274668329052568
165035,90.0,2,NATIVE,3.749399456654644e-33,0.0010822577868839,0.0867623658740959,0.3412444301996146
165035,90.0,2,AMP_ONLY,3.749399456654644e-33,0.0010822577868839,0.456168287795909,0.4561682881241406
165035,90.0,2,DIR_ONLY,3.749399456654644e-33,0.0010822577868839,0.1901941469821112,0.7480733038583214
165035,90.0,3,NATIVE,3.749399456654644e-33,0.0009287748184962,-0.0510714049958307,0.1925624292323153
165035,90.0,3,AMP_ONLY,3.749399456654644e-33,0.0009287748184962,0.39147663524733,0.3914766355692663
165035,90.0,3,DIR_ONLY,3.749399456654644e-33,0.0009287748184962,-0.1304690785073244,0.4918991043371627
165036,0.0,0,NATIVE,1.0,0.001947392041979,0.9999999997727618,0.9999999999995232
165036,0.0,0,AMP_ONLY,1.0,0.001947392041979,0.9999999997727618,0.9999999999995232
165036,0.0,0,DIR_ONLY,1.0,0.001947392041979,0.9999999997727618,0.9999999999995232
165036,0.0,1,NATIVE,1.0,0.001947392041979,0.9999999997727618,0.9999999999995232
165036,0.0,1,AMP_ONLY,1.0,0.001947392041979,0.9999999997727618,0.9999999999995232
165036,0.0,1,DIR_ONLY,1.0,0.001947392041979,0.9999999997727618,0.9999999999995232
165036,0.0,2,NATIVE,1.0,0.001947392041979,0.9999999997727618,0.9999999999995232
165036,0.0,2,AMP_ONLY,1.0,0.001947392041979,0.9999999997727618,0.9999999999995232
165036,0.0,2,DIR_ONLY,1.0,0.001947392041979,0.9999999997727618,0.9999999999995232
165036,0.0,3,NATIVE,1.0,0.001947392041979,0.9999999997727618,0.9999999999995232
165036,0.0,3,AMP_ONLY,1.0,0.001947392041979,0.9999999997727618,0.9999999999995232
165036,0.0,3,DIR_ONLY,1.0,0.001947392041979,0.9999999997727618,0.9999999999995232
165036,22.5,0,NATIVE,0.8535533905932737,0.0016124174785919,0.8133573902672917,0.8187148105139862
165036,22.5,0,AMP_ONLY,0.8535533905932737,0.0016124174785919,0.8279833558681932,0.827983356067954
165036,22.5,0,DIR_ONLY,0.8535533905932737,0.0016124174785919,0.9823354506148436,0.9888061517426834
165036,22.5,1,NATIVE,0.8535533905932737,0.0018998592613545,0.8906282413242385,0.9070621120962248
165036,22.5,1,AMP_ONLY,0.8535533905932737,0.0018998592613545,0.9755907765770953,0.9755907767986052
165036,22.5,1,DIR_ONLY,0.8535533905932737,0.0018998592613545,0.912911605415374,0.92975657979021
165036,22.5,2,NATIVE,0.8535533905932737,0.0019355926326861,0.99354337651266,1.0002505331831135
165036,22.5,2,AMP_ONLY,0.8535533905932737,0.0019355926326861,0.9939407164012244,0.99394071662663
165036,22.5,2,DIR_ONLY,0.8535533905932737,0.0019355926326861,0.9996002432523328,1.0063482878445211
165036,22.5,3,NATIVE,0.8535533905932737,0.0015041987691392,0.7418285138719867,0.7458252446626907
165036,22.5,3,AMP_ONLY,0.8535533905932737,0.0015041987691392,0.7724111364111474,0.7724111366059411
165036,22.5,3,DIR_ONLY,0.8535533905932737,0.0015041987691392,0.9604059538324988,0.9655802925066568
165036,45.0,0,NATIVE,0.5000000000000001,0.0015866200311696,0.6399881002679602,0.7322200169496919
165036,45.0,0,AMP_ONLY,0.5000000000000001,0.0015866200311696,0.8147358922837533,0.8147358924822136
165036,45.0,0,DIR_ONLY,0.5000000000000001,0.0015866200311696,0.7855155824377189,0.8987201573794645
165036,45.0,1,NATIVE,0.5000000000000001,0.0012872627071479,0.5421364516557723,0.5656634245198539
165036,45.0,1,AMP_ONLY,0.5000000000000001,0.0012872627071479,0.6610112516751765,0.6610112518624891
165036,45.0,1,DIR_ONLY,0.5000000000000001,0.0012872627071479,0.8201595832812199,0.8557509495166661
165036,45.0,2,NATIVE,0.5000000000000001,0.001363736617343,0.5912823112774968,0.6087491421825528
165036,45.0,2,AMP_ONLY,0.5000000000000001,0.001363736617343,0.7002816444634646,0.700281644653214
165036,45.0,2,DIR_ONLY,0.5000000000000001,0.001363736617343,0.8443472531516778,0.869288903736412
165036,45.0,3,NATIVE,0.5000000000000001,0.0014313093530756,0.719069142397258,0.7390951782283433
165036,45.0,3,AMP_ONLY,0.5000000000000001,0.0014313093530756,0.7349812484806423,0.7349812486726791
165036,45.0,3,DIR_ONLY,0.5000000000000001,0.0014313093530756,0.978351067481436,1.0055978101567034
165036,67.5,0,NATIVE,0.1464466094067263,0.0012124564624975,0.4561325922706841,0.5568433816189402
165036,67.5,0,AMP_ONLY,0.1464466094067263,0.0012124564624975,0.6225973273132075,0.6225973274981281
165036,67.5,0,DIR_ONLY,0.1464466094067263,0.0012124564624975,0.7326288962807319,0.8943873319341903
165036,67.5,1,NATIVE,0.1464466094067263,0.0008573525457726,0.2633005604041857,0.2973591278194738
165036,67.5,1,AMP_ONLY,0.1464466094067263,0.0008573525457726,0.4402484597240337,0.4402484598922945
165036,67.5,1,DIR_ONLY,0.1464466094067263,0.0008573525457726,0.5980682836717331,0.675429023120755
165036,67.5,2,NATIVE,0.1464466094067263,0.0010446903954642,0.2250929196812705,0.3943441815992621
165036,67.5,2,AMP_ONLY,0.1464466094067263,0.0010446903954642,0.5364477528286654,0.5364477530073227
165036,67.5,2,DIR_ONLY,0.1464466094067263,0.0010446903954642,0.4195951242742819,0.7350943212259197
165036,67.5,3,NATIVE,0.1464466094067263,0.0014890913914427,0.6311592097517691,0.6868378634704823
165036,67.5,3,AMP_ONLY,0.1464466094067263,0.0014890913914427,0.764653247264055,0.7646532474582456
165036,67.5,3,DIR_ONLY,0.1464466094067263,0.0014890913914427,0.825417817175013,0.8982322852093477
165036,90.0,0,NATIVE,3.749399456654644e-33,0.0013908932931515,0.1300413805950522,0.5677033319818702
165036,90.0,0,AMP_ONLY,3.749399456654644e-33,0.0013908932931515,0.7142269914616377,0.7142269916522835
165036,90.0,0,DIR_ONLY,3.749399456654644e-33,0.0013908932931515,0.1820710510393823,0.7948424143734967
165036,90.0,1,NATIVE,3.749399456654644e-33,0.0012504245230447,0.1623098462067315,0.3241847173129075
165036,90.0,1,AMP_ONLY,3.749399456654644e-33,0.0012504245230447,0.6420943798890157,0.6420943800751622
165036,90.0,1,DIR_ONLY,3.749399456654644e-33,0.0012504245230447,0.2527799912444534,0.5048819901908781
165036,90.0,2,NATIVE,3.749399456654644e-33,0.0007327334248737,-0.0093236729473496,0.1660368774510423
165036,90.0,2,AMP_ONLY,3.749399456654644e-33,0.0007327334248737,0.3762560182222985,0.3762560183803843
165036,90.0,2,DIR_ONLY,3.749399456654644e-33,0.0007327334248737,-0.0247799036565779,0.4412790741937253
165036,90.0,3,NATIVE,3.749399456654644e-33,0.0009770292355409,0.1379526748625339,0.2385987889053577
165036,90.0,3,AMP_ONLY,3.749399456654644e-33,0.0009770292355409,0.5017032030415147,0.5017032032169606
165036,90.0,3,DIR_ONLY,3.749399456654644e-33,0.0009770292355409,0.2749645408541867,0.4755704434540139
165037,0.0,0,NATIVE,1.0,0.0050701153909367,0.999999999950051,0.9999999999997764
165037,0.0,0,AMP_ONLY,1.0,0.0050701153909367,0.999999999950051,0.9999999999997764
165037,0.0,0,DIR_ONLY,1.0,0.0050701153909367,0.999999999950051,0.9999999999997764
165037,0.0,1,NATIVE,1.0,0.0050701153909367,0.999999999950051,0.9999999999997764
165037,0.0,1,AMP_ONLY,1.0,0.0050701153909367,0.999999999950051,0.9999999999997764
165037,0.0,1,DIR_ONLY,1.0,0.0050701153909367,0.999999999950051,0.9999999999997764
165037,0.0,2,NATIVE,1.0,0.0050701153909367,0.999999999950051,0.9999999999997764
165037,0.0,2,AMP_ONLY,1.0,0.0050701153909367,0.999999999950051,0.9999999999997764
165037,0.0,2,DIR_ONLY,1.0,0.0050701153909367,0.999999999950051,0.9999999999997764
165037,0.0,3,NATIVE,1.0,0.0050701153909367,0.999999999950051,0.9999999999997764
165037,0.0,3,AMP_ONLY,1.0,0.0050701153909367,0.999999999950051,0.9999999999997764
165037,0.0,3,DIR_ONLY,1.0,0.0050701153909367,0.999999999950051,0.9999999999997764
165037,22.5,0,NATIVE,0.8535533905932737,0.0048364536743511,0.9769812425397,0.9819532021836164
165037,22.5,0,AMP_ONLY,0.8535533905932737,0.0048364536743511,0.9539260992771798,0.9539260993777912
165037,22.5,0,DIR_ONLY,0.8535533905932737,0.0048364536743511,1.0241682920893378,1.0293801594091063
165037,22.5,1,NATIVE,0.8535533905932737,0.0046516864550619,0.9057830932687062,0.9083951935394444
165037,22.5,1,AMP_ONLY,0.8535533905932737,0.0046516864550619,0.9174924799501344,0.9174924801597288
165037,22.5,1,DIR_ONLY,0.8535533905932737,0.0046516864550619,0.987239827293229,0.9900876022867352
165037,22.5,2,NATIVE,0.8535533905932737,0.0046058188122392,0.8940530266937537,0.8996695945781806
165037,22.5,2,AMP_ONLY,0.8535533905932737,0.0046058188122392,0.9084478810758904,0.9084478813209508
165037,22.5,2,DIR_ONLY,0.8535533905932737,0.0046058188122392,0.9841526017458349,0.9903354852511912
165037,22.5,3,NATIVE,0.8535533905932737,0.0047899233336566,0.9486318608631964,0.951118672492928
165037,22.5,3,AMP_ONLY,0.8535533905932737,0.0047899233336566,0.9447510093077132,0.944751009430416
165037,22.5,3,DIR_ONLY,0.8535533905932737,0.0047899233336566,1.0041080004614733,1.0067404408296414
165037,45.0,0,NATIVE,0.5000000000000001,0.0040749682031579,0.7933927672314026,0.7997002466591486
165037,45.0,0,AMP_ONLY,0.5000000000000001,0.0040749682031579,0.8037666215762479,0.8037666224280708
165037,45.0,0,DIR_ONLY,0.5000000000000001,0.0040749682031579,0.9870997701361952,0.9949504240284056
165037,45.0,1,NATIVE,0.5000000000000001,0.0038017083777854,0.639232993221148,0.6885114049000285
165037,45.0,1,AMP_ONLY,0.5000000000000001,0.0038017083777854,0.7498786876632219,0.7498786889305445
165037,45.0,1,DIR_ONLY,0.5000000000000001,0.0038017083777854,0.8524729973058771,0.9181969006559322
165037,45.0,2,NATIVE,0.5000000000000001,0.0035200364934463,0.6484708971121288,0.6528257553233067
165037,45.0,2,AMP_ONLY,0.5000000000000001,0.0035200364934463,0.6943301755742988,0.694330177309074
165037,45.0,2,DIR_ONLY,0.5000000000000001,0.0035200364934463,0.9339503993342791,0.9402219756520444
165037,45.0,3,NATIVE,0.5000000000000001,0.0041696772456579,0.6507794422732367,0.7023584421404898
165037,45.0,3,AMP_ONLY,0.5000000000000001,0.0041696772456579,0.8224432485003074,0.8224432492214167
165037,45.0,3,DIR_ONLY,0.5000000000000001,0.0041696772456579,0.7912818514746629,0.8540034627094298
165037,67.5,0,NATIVE,0.1464466094067263,0.0021841818756452,0.2975136042123782,0.3187191950664786
165037,67.5,0,AMP_ONLY,0.1464466094067263,0.0021841818756452,0.4308630197365999,0.43086302340845
165037,67.5,0,DIR_ONLY,0.1464466094067263,0.0021841818756452,0.6905430241197255,0.7397779720799792
165037,67.5,1,NATIVE,0.1464466094067263,0.0038611041817424,0.4952253365371321,0.5756383847666418
165037,67.5,1,AMP_ONLY,0.1464466094067263,0.0038611041817424,0.7615919156009648,0.761591916773919
165037,67.5,1,DIR_ONLY,0.1464466094067263,0.0038611041817424,0.650277069391568,0.755875236423819
165037,67.5,2,NATIVE,0.1464466094067263,0.0028340306980518,0.4255594745041676,0.4732619203633679
165037,67.5,2,AMP_ONLY,0.1464466094067263,0.0028340306980518,0.559035820200779,0.559035823074615
165037,67.5,2,DIR_ONLY,0.1464466094067263,0.0028340306980518,0.7612572088127973,0.8466008368979178
165037,67.5,3,NATIVE,0.1464466094067263,0.002229048808957,0.2556013526605375,0.3038979878822578
165037,67.5,3,AMP_ONLY,0.1464466094067263,0.002229048808957,0.4397126318304137,0.4397126354629709
165037,67.5,3,DIR_ONLY,0.1464466094067263,0.002229048808957,0.5813023060137203,0.6911613524224465
165037,90.0,0,NATIVE,3.749399456654644e-33,0.0023456513138364,-0.0625066560203526,0.2622299185315357
165037,90.0,0,AMP_ONLY,3.749399456654644e-33,0.0023456513138364,0.4627112588868094,0.4627112624044501
165037,90.0,0,DIR_ONLY,3.749399456654644e-33,0.0023456513138364,-0.1351171881477985,0.5668216460493286
165037,90.0,1,NATIVE,3.749399456654644e-33,0.002002477102258,-0.1033938102103739,0.2409990502471845
165037,90.0,1,AMP_ONLY,3.749399456654644e-33,0.002002477102258,0.3950228927395056,0.3950228965396745
165037,90.0,1,DIR_ONLY,3.749399456654644e-33,0.002002477102258,-0.2618163067190203,0.6102157468944784
165037,90.0,2,NATIVE,3.749399456654644e-33,0.0020248366962467,-0.0158849715243752,0.229471740505975
165037,90.0,2,AMP_ONLY,3.749399456654644e-33,0.0020248366962467,0.3994332206639616,0.399433224451152
165037,90.0,2,DIR_ONLY,3.749399456654644e-33,0.0020248366962467,-0.0397894559815314,0.5745913451702425
165037,90.0,3,NATIVE,3.749399456654644e-33,0.0019790250412433,-0.0525436760549852,0.2820761781706015
165037,90.0,3,AMP_ONLY,3.749399456654644e-33,0.0019790250412433,0.3903970691493704,0.3903970729622599
165037,90.0,3,DIR_ONLY,3.749399456654644e-33,0.0019790250412433,-0.1346398662530419,0.722633128158692
165038,0.0,0,NATIVE,1.0,0.0028981674595852,0.9999999996489136,0.9999999999994076
165038,0.0,0,AMP_ONLY,1.0,0.0028981674595852,0.9999999996489136,0.9999999999994076
165038,0.0,0,DIR_ONLY,1.0,0.0028981674595852,0.9999999996489136,0.9999999999994076
165038,0.0,1,NATIVE,1.0,0.0028981674595852,0.9999999996489136,0.9999999999994076
165038,0.0,1,AMP_ONLY,1.0,0.0028981674595852,0.9999999996489136,0.9999999999994076
165038,0.0,1,DIR_ONLY,1.0,0.0028981674595852,0.9999999996489136,0.9999999999994076
165038,0.0,2,NATIVE,1.0,0.0028981674595852,0.9999999996489136,0.9999999999994076
165038,0.0,2,AMP_ONLY,1.0,0.0028981674595852,0.9999999996489136,0.9999999999994076
165038,0.0,2,DIR_ONLY,1.0,0.0028981674595852,0.9999999996489136,0.9999999999994076
165038,0.0,3,NATIVE,1.0,0.0028981674595852,0.9999999996489136,0.9999999999994076
165038,0.0,3,AMP_ONLY,1.0,0.0028981674595852,0.9999999996489136,0.9999999999994076
165038,0.0,3,DIR_ONLY,1.0,0.0028981674595852,0.9999999996489136,0.9999999999994076
165038,22.5,0,NATIVE,0.8535533905932737,0.0027814842223252,0.9439223258629792,0.9520214160484464
165038,22.5,0,AMP_ONLY,0.8535533905932737,0.0027814842223252,0.9597377100375528,0.9597377103774464
165038,22.5,0,DIR_ONLY,0.8535533905932737,0.0027814842223252,0.9835210849389948,0.9919599436074752
165038,22.5,1,NATIVE,0.8535533905932737,0.0025658654953518,0.8325680954901011,0.8463577191361363
165038,22.5,1,AMP_ONLY,0.8535533905932737,0.0025658654953518,0.8853373782509115,0.8853373785874958
165038,22.5,1,DIR_ONLY,0.8535533905932737,0.0025658654953518,0.9403963095546418,0.9559724758710566
165038,22.5,2,NATIVE,0.8535533905932737,0.0029074093921264,0.9514706268086588,0.9572469369991652
165038,22.5,2,AMP_ONLY,0.8535533905932737,0.0029074093921264,1.0031889914342844,1.003188991785919
165038,22.5,2,DIR_ONLY,0.8535533905932737,0.0029074093921264,0.9484460433043764,0.954203993033442
165038,22.5,3,NATIVE,0.8535533905932737,0.0027286902965067,0.8793536498298734,0.8896368703279982
165038,22.5,3,AMP_ONLY,0.8535533905932737,0.0027286902965067,0.941520866061249,0.9415208663985138
165038,22.5,3,DIR_ONLY,0.8535533905932737,0.0027286902965067,0.9339713996430804,0.9448932408202012
165038,45.0,0,NATIVE,0.5000000000000001,0.0023440930046409,0.7774415259595625,0.8227521547442893
165038,45.0,0,AMP_ONLY,0.5000000000000001,0.0023440930046409,0.8088140314948227,0.8088140318450726
165038,45.0,0,DIR_ONLY,0.5000000000000001,0.0023440930046409,0.961210702861628,1.0172308721780652
165038,45.0,1,NATIVE,0.5000000000000001,0.0022950540246113,0.8073129293783162,0.8131748581871069
165038,45.0,1,AMP_ONLY,0.5000000000000001,0.0022950540246113,0.7918930168586793,0.7918930172136902
165038,45.0,1,DIR_ONLY,0.5000000000000001,0.0022950540246113,1.0194720381340456,1.0268741480746977
165038,45.0,2,NATIVE,0.5000000000000001,0.002130035143526,0.6249875361193307,0.6549474595897063
165038,45.0,2,AMP_ONLY,0.5000000000000001,0.002130035143526,0.734953002137559,0.7349530025117904
165038,45.0,2,DIR_ONLY,0.5000000000000001,0.002130035143526,0.8503764980779932,0.8911426071206104
165038,45.0,3,NATIVE,0.5000000000000001,0.0022901668887576,0.8058078247580287,0.820294129915348
165038,45.0,3,AMP_ONLY,0.5000000000000001,0.0022901668887576,0.7902067002264445,0.7902067005819575
165038,45.0,3,DIR_ONLY,0.5000000000000001,0.0022901668887576,1.0197425631761026,1.0380745208458293
165038,67.5,0,NATIVE,0.1464466094067263,0.0013833204604005,0.2917759829885189,0.3846115470229984
165038,67.5,0,AMP_ONLY,0.1464466094067263,0.0013833204604005,0.4773005903004134,0.4773005907626044
165038,67.5,0,DIR_ONLY,0.1464466094067263,0.0013833204604005,0.611300328574599,0.8057949337240895
165038,67.5,1,NATIVE,0.1464466094067263,0.0011589192485238,0.3486868188832846,0.4011105205091859
165038,67.5,1,AMP_ONLY,0.1464466094067263,0.0011589192485238,0.3998722397228012,0.3998722401887339
165038,67.5,1,DIR_ONLY,0.1464466094067263,0.0011589192485238,0.8719912187948886,1.003084228809422
165038,67.5,2,NATIVE,0.1464466094067263,0.0009959021122391,0.2240297511879639,0.3216755642250457
165038,67.5,2,AMP_ONLY,0.1464466094067263,0.0009959021122391,0.3436243560207125,0.3436243564761192
165038,67.5,2,DIR_ONLY,0.1464466094067263,0.0009959021122391,0.6519522946866676,0.9361084214724412
165038,67.5,3,NATIVE,0.1464466094067263,0.0015751197640619,0.5143442684464419,0.5587652914388803
165038,67.5,3,AMP_ONLY,0.1464466094067263,0.0015751197640619,0.5434801474291159,0.543480147875676
165038,67.5,3,DIR_ONLY,0.1464466094067263,0.0015751197640619,0.9463860548667232,1.028114902985951
165038,90.0,0,NATIVE,3.749399456654644e-33,0.0009086813788953,0.2877258472361745,0.4507156250677325
165038,90.0,0,AMP_ONLY,3.749399456654644e-33,0.0009086813788953,0.3135295571967972,0.3135295576410292
165038,90.0,0,DIR_ONLY,3.749399456654644e-33,0.0009086813788953,0.9176822258215638,1.437438933729364
165038,90.0,1,NATIVE,3.749399456654644e-33,0.0008777382141709,-0.0077815189275272,0.3808634648751023
165038,90.0,1,AMP_ONLY,3.749399456654644e-33,0.0008777382141709,0.3028528860744791,0.3028528865137219
165038,90.0,1,DIR_ONLY,3.749399456654644e-33,0.0008777382141709,-0.025689673772778,1.2576456845370385
165038,90.0,2,NATIVE,3.749399456654644e-33,0.0012032046442098,0.0581132221581081,0.3778555586970031
165038,90.0,2,AMP_ONLY,3.749399456654644e-33,0.0012032046442098,0.4151526306178648,0.4151526310845776
165038,90.0,2,DIR_ONLY,3.749399456654644e-33,0.0012032046442098,0.1399710397778254,0.910129183680288
165038,90.0,3,NATIVE,3.749399456654644e-33,0.0010463390939286,-0.2080862644268146,0.4084011878326873
165038,90.0,3,AMP_ONLY,3.749399456654644e-33,0.0010463390939286,0.3610272497901608,0.3610272502501934
165038,90.0,3,DIR_ONLY,3.749399456654644e-33,0.0010463390939286,-0.5763568332989037,1.1311906122015103
165039,0.0,0,NATIVE,1.0,0.0025816112724589,0.9999999996680016,0.9999999999994238
165039,0.0,0,AMP_ONLY,1.0,0.0025816112724589,0.9999999996680016,0.9999999999994238
165039,0.0,0,DIR_ONLY,1.0,0.0025816112724589,0.9999999996680016,0.9999999999994238
165039,0.0,1,NATIVE,1.0,0.0025816112724589,0.9999999996680016,0.9999999999994238
165039,0.0,1,AMP_ONLY,1.0,0.0025816112724589,0.9999999996680016,0.9999999999994238
165039,0.0,1,DIR_ONLY,1.0,0.0025816112724589,0.9999999996680016,0.9999999999994238
165039,0.0,2,NATIVE,1.0,0.0025816112724589,0.9999999996680016,0.9999999999994238
165039,0.0,2,AMP_ONLY,1.0,0.0025816112724589,0.9999999996680016,0.9999999999994238
165039,0.0,2,DIR_ONLY,1.0,0.0025816112724589,0.9999999996680016,0.9999999999994238
165039,0.0,3,NATIVE,1.0,0.0025816112724589,0.9999999996680016,0.9999999999994238
165039,0.0,3,AMP_ONLY,1.0,0.0025816112724589,0.9999999996680016,0.9999999999994238
165039,0.0,3,DIR_ONLY,1.0,0.0025816112724589,0.9999999996680016,0.9999999999994238
165039,22.5,0,NATIVE,0.8535533905932737,0.00250894841319,0.9357198889579176,0.946869555355905
165039,22.5,0,AMP_ONLY,0.8535533905932737,0.00250894841319,0.9718540004170436,0.971854000739621
165039,22.5,0,DIR_ONLY,0.8535533905932737,0.00250894841319,0.9628194671490424,0.974292061594658
165039,22.5,1,NATIVE,0.8535533905932737,0.0024145402616503,0.9342096101272797,0.9378130391915076
165039,22.5,1,AMP_ONLY,0.8535533905932737,0.0024145402616503,0.9352849218510544,0.935284922163488
165039,22.5,1,DIR_ONLY,0.8535533905932737,0.0024145402616503,0.9988502262429708,1.0027029651411634
165039,22.5,2,NATIVE,0.8535533905932737,0.0025074197587462,0.9537506741843064,0.9615240834714424
165039,22.5,2,AMP_ONLY,0.8535533905932737,0.0025074197587462,0.9712618750591064,0.971261875381508
165039,22.5,2,DIR_ONLY,0.8535533905932737,0.0025074197587462,0.9819706417390835,0.9899740385421124
165039,22.5,3,NATIVE,0.8535533905932737,0.0022050026832688,0.8564739388178603,0.8588214401771119
165039,22.5,3,AMP_ONLY,0.8535533905932737,0.0022050026832688,0.854120247408605,0.8541202477030888
165039,22.5,3,DIR_ONLY,0.8535533905932737,0.0022050026832688,1.0027555726558477,1.005504013690659
165039,45.0,0,NATIVE,0.5000000000000001,0.0019958810891047,0.7644662123785836,0.8071561732128103
165039,45.0,0,AMP_ONLY,0.5000000000000001,0.0019958810891047,0.7731165493748783,0.7731165496560778
165039,45.0,0,DIR_ONLY,0.5000000000000001,0.0019958810891047,0.9888104828956222,1.044027582895484
165039,45.0,1,NATIVE,0.5000000000000001,0.0018722452379727,0.6678836340412156,0.7013632248657786
165039,45.0,1,AMP_ONLY,0.5000000000000001,0.0018722452379727,0.7252258643139838,0.7252258645886898
165039,45.0,1,DIR_ONLY,0.5000000000000001,0.0018722452379727,0.920932649836553,0.9670967815126328
165039,45.0,2,NATIVE,0.5000000000000001,0.0018691699896533,0.7101313184453903,0.7247822134853106
165039,45.0,2,AMP_ONLY,0.5000000000000001,0.0018691699896533,0.7240346577774518,0.7240346580520042
165039,45.0,2,DIR_ONLY,0.5000000000000001,0.0018691699896533,0.9807968707165092,1.0010319603453126
165039,45.0,3,NATIVE,0.5000000000000001,0.0017234827104965,0.6518125436773431,0.6922840693030591
165039,45.0,3,AMP_ONLY,0.5000000000000001,0.0017234827104965,0.6676022207811372,0.6676022210486567
165039,45.0,3,DIR_ONLY,0.5000000000000001,0.0017234827104965,0.9763473184761476,1.036968484999708
165039,67.5,0,NATIVE,0.1464466094067263,0.0011713149553467,0.3106410276257545,0.4398815456409427
165039,67.5,0,AMP_ONLY,0.1464466094067263,0.0011713149553467,0.4537175830404012,0.4537175832756092
165039,67.5,0,DIR_ONLY,0.1464466094067263,0.0011713149553467,0.6846521906868127,0.969498475004734
165039,67.5,1,NATIVE,0.1464466094067263,0.0015105313213976,0.3683149028353871,0.5337840198021591
165039,67.5,1,AMP_ONLY,0.1464466094067263,0.0015105313213976,0.5851146793254954,0.5851146795825575
165039,67.5,1,DIR_ONLY,0.1464466094067263,0.0015105313213976,0.629469817401751,0.912268776466032
165039,67.5,2,NATIVE,0.1464466094067263,0.0016782102206199,0.4896035703053444,0.5892334938881996
165039,67.5,2,AMP_ONLY,0.1464466094067263,0.0016782102206199,0.6500657606904466,0.6500657609558136
165039,67.5,2,DIR_ONLY,0.1464466094067263,0.0016782102206199,0.7531605173548218,0.9064236086548464
165039,67.5,3,NATIVE,0.1464466094067263,0.0013575139322824,0.4731838773827477,0.5460165536733143
165039,67.5,3,AMP_ONLY,0.1464466094067263,0.0013575139322824,0.5258427052571683,0.5258427055055418
165039,67.5,3,DIR_ONLY,0.1464466094067263,0.0013575139322824,0.8998564361046063,1.0383602801480256
165039,90.0,0,NATIVE,3.749399456654644e-33,0.0008421285248676,-0.0356070842737766,0.2938241925503734
165039,90.0,0,AMP_ONLY,3.749399456654644e-33,0.0008421285248676,0.3262052456413568,0.3262052458422053
165039,90.0,0,DIR_ONLY,3.749399456654644e-33,0.0008421285248676,-0.1091665228436423,0.9007536910228466
165039,90.0,1,NATIVE,3.749399456654644e-33,0.0009906120096311,-3.0603708949792696e-05,0.3278150863696913
165039,90.0,1,AMP_ONLY,3.749399456654644e-33,0.0009906120096311,0.3837212604889571,0.3837212607074141
165039,90.0,1,DIR_ONLY,3.749399456654644e-33,0.0009906120096311,-8.51024551526521e-05,0.8543108341141237
165039,90.0,2,NATIVE,3.749399456654644e-33,0.0006246609775712,-0.089014679364303,0.1997437487138409
165039,90.0,2,AMP_ONLY,3.749399456654644e-33,0.0006246609775712,0.241967680333611,0.241967680500835
165039,90.0,2,DIR_ONLY,3.749399456654644e-33,0.0006246609775712,-0.3678970413400055,0.8255369087758218
165039,90.0,3,NATIVE,3.749399456654644e-33,0.001288287521837,0.0201441289490534,0.4594666568808555
165039,90.0,3,AMP_ONLY,3.749399456654644e-33,0.001288287521837,0.4990275167231214,0.499027516966998
165039,90.0,3,DIR_ONLY,3.749399456654644e-33,0.001288287521837,0.0403617777487154,0.9207291401035722
165040,0.0,0,NATIVE,1.0,0.0027238835110999,0.999999999891509,0.9999999999996706
165040,0.0,0,AMP_ONLY,1.0,0.0027238835110999,0.999999999891509,0.9999999999996706
165040,0.0,0,DIR_ONLY,1.0,0.0027238835110999,0.999999999891509,0.9999999999996706
165040,0.0,1,NATIVE,1.0,0.0027238835110999,0.999999999891509,0.9999999999996706
165040,0.0,1,AMP_ONLY,1.0,0.0027238835110999,0.999999999891509,0.9999999999996706
165040,0.0,1,DIR_ONLY,1.0,0.0027238835110999,0.999999999891509,0.9999999999996706
165040,0.0,2,NATIVE,1.0,0.0027238835110999,0.999999999891509,0.9999999999996706
165040,0.0,2,AMP_ONLY,1.0,0.0027238835110999,0.999999999891509,0.9999999999996706
165040,0.0,2,DIR_ONLY,1.0,0.0027238835110999,0.999999999891509,0.9999999999996706
165040,0.0,3,NATIVE,1.0,0.0027238835110999,0.999999999891509,0.9999999999996706
165040,0.0,3,AMP_ONLY,1.0,0.0027238835110999,0.999999999891509,0.9999999999996706
165040,0.0,3,DIR_ONLY,1.0,0.0027238835110999,0.999999999891509,0.9999999999996706
165040,22.5,0,NATIVE,0.8535533905932737,0.0024303540681088,0.8991505364029463,0.9013288124782024
165040,22.5,0,AMP_ONLY,0.8535533905932737,0.0024303540681088,0.8922423268137769,0.8922423270332022
165040,22.5,0,DIR_ONLY,0.8535533905932737,0.0024303540681088,1.0077426786949604,1.0101843318457475
165040,22.5,1,NATIVE,0.8535533905932737,0.0026111939461559,0.945073658260242,0.9554344764624866
165040,22.5,1,AMP_ONLY,0.8535533905932737,0.0026111939461559,0.9586306107798372,0.958630610902988
165040,22.5,1,DIR_ONLY,0.8535533905932737,0.0026111939461559,0.9858582785733916,0.9966660420040424
165040,22.5,2,NATIVE,0.8535533905932737,0.0024000808546117,0.8800039789806472,0.8835214600209995
165040,22.5,2,AMP_ONLY,0.8535533905932737,0.0024000808546117,0.8811286675846844,0.8811286678277078
165040,22.5,2,DIR_ONLY,0.8535533905932737,0.0024000808546117,0.9987242223653668,1.002716069055262
165040,22.5,3,NATIVE,0.8535533905932737,0.0024833399148616,0.8965740007226558,0.8985525019991377
165040,22.5,3,AMP_ONLY,0.8535533905932737,0.0024833399148616,0.9116940425085182,0.911694042691474
165040,22.5,3,DIR_ONLY,0.8535533905932737,0.0024833399148616,0.9834157711451724,0.9855860187734248
165040,45.0,0,NATIVE,0.5000000000000001,0.0020981388307775,0.686357308883696,0.7017484119130254
165040,45.0,0,AMP_ONLY,0.5000000000000001,0.0020981388307775,0.7702816079821556,0.7702816085477677
165040,45.0,0,DIR_ONLY,0.5000000000000001,0.0020981388307775,0.8910485270163079,0.9110286303018892
165040,45.0,1,NATIVE,0.5000000000000001,0.0021216788474319,0.7091030807600196,0.7162604530283461
165040,45.0,1,AMP_ONLY,0.5000000000000001,0.0021216788474319,0.7789235054059884,0.7789235059419394
165040,45.0,1,DIR_ONLY,0.5000000000000001,0.0021216788474319,0.9103627856772176,0.9195505914902162
165040,45.0,2,NATIVE,0.5000000000000001,0.0019705018021631,0.7404763141872025,0.7426812822572996
165040,45.0,2,AMP_ONLY,0.5000000000000001,0.0019705018021631,0.7234240165438229,0.7234240172786813
165040,45.0,2,DIR_ONLY,0.5000000000000001,0.0019705018021631,1.0235749953331876,1.026623908176865
165040,45.0,3,NATIVE,0.5000000000000001,0.0021418716226174,0.7309786641134697,0.7563616415316633
165040,45.0,3,AMP_ONLY,0.5000000000000001,0.0021418716226174,0.7863365750591479,0.7863365755701291
165040,45.0,3,DIR_ONLY,0.5000000000000001,0.0021418716226174,0.929599862442118,0.9618821198176144
165040,67.5,0,NATIVE,0.1464466094067263,0.0018538439453864,0.436179510246394,0.4854275448062078
165040,67.5,0,AMP_ONLY,0.1464466094067263,0.0018538439453864,0.68059690569494,0.6805969065924402
165040,67.5,0,DIR_ONLY,0.1464466094067263,0.0018538439453864,0.6408797361484636,0.7132424345543943
165040,67.5,1,NATIVE,0.1464466094067263,0.0014717943900313,0.353251524661108,0.3771308409381602
165040,67.5,1,AMP_ONLY,0.1464466094067263,0.0014717943900313,0.5403389353551554,0.5403389367684134
165040,67.5,1,DIR_ONLY,0.1464466094067263,0.0014717943900313,0.6537590831035954,0.6979553895324501
165040,67.5,2,NATIVE,0.1464466094067263,0.0017075860192824,0.241720650785382,0.3298007088824731
165040,67.5,2,AMP_ONLY,0.1464466094067263,0.0017075860192824,0.6269028987764865,0.6269028998798116
165040,67.5,2,DIR_ONLY,0.1464466094067263,0.0017075860192824,0.3855772530540012,0.5260819446052544
165040,67.5,3,NATIVE,0.1464466094067263,0.0013850340623991,0.413438629421181,0.4395625647855543
165040,67.5,3,AMP_ONLY,0.1464466094067263,0.0013850340623991,0.5084872873196695,0.5084872888324634
165040,67.5,3,DIR_ONLY,0.1464466094067263,0.0013850340623991,0.8130929745573948,0.8644724424214472
165040,90.0,0,NATIVE,3.749399456654644e-33,0.0012200592321455,-0.054573352506542,0.2048505664808921
165040,90.0,0,AMP_ONLY,3.749399456654644e-33,0.0012200592321455,0.4479211395354681,0.447921141204112
165040,90.0,0,DIR_ONLY,3.749399456654644e-33,0.0012200592321455,-0.1218358169633862,0.4573443299778629
165040,90.0,1,NATIVE,3.749399456654644e-33,0.0010080198784531,-0.0030923745309613,0.1377779076099052
165040,90.0,1,AMP_ONLY,3.749399456654644e-33,0.0010080198784531,0.3700760846665735,0.3700760864494223
165040,90.0,1,DIR_ONLY,3.749399456654644e-33,0.0010080198784531,-0.0083571665775484,0.3723152800756258
165040,90.0,2,NATIVE,3.749399456654644e-33,0.0011118998115883,-0.132797853892438,0.1902022263073831
165040,90.0,2,AMP_ONLY,3.749399456654644e-33,0.0011118998115883,0.4082131153452107,0.4082131170860146
165040,90.0,2,DIR_ONLY,3.749399456654644e-33,0.0011118998115883,-0.3253236069074194,0.4659477093072326
165040,90.0,3,NATIVE,3.749399456654644e-33,0.0017340503145587,0.0939621467168759,0.2807671023794658
165040,90.0,3,AMP_ONLY,3.749399456654644e-33,0.0017340503145587,0.6366184506249474,0.6366184516913124
165040,90.0,3,DIR_ONLY,3.749399456654644e-33,0.0017340503145587,0.1476008654424819,0.4410371203705779
165041,0.0,0,NATIVE,1.0,0.0026889892349378,0.9999999998266716,0.9999999999995836
165041,0.0,0,AMP_ONLY,1.0,0.0026889892349378,0.9999999998266716,0.9999999999995836
165041,0.0,0,DIR_ONLY,1.0,0.0026889892349378,0.9999999998266716,0.9999999999995836
165041,0.0,1,NATIVE,1.0,0.0026889892349378,0.9999999998266716,0.9999999999995836
165041,0.0,1,AMP_ONLY,1.0,0.0026889892349378,0.9999999998266716,0.9999999999995836
165041,0.0,1,DIR_ONLY,1.0,0.0026889892349378,0.9999999998266716,0.9999999999995836
165041,0.0,2,NATIVE,1.0,0.0026889892349378,0.9999999998266716,0.9999999999995836
165041,0.0,2,AMP_ONLY,1.0,0.0026889892349378,0.9999999998266716,0.9999999999995836
165041,0.0,2,DIR_ONLY,1.0,0.0026889892349378,0.9999999998266716,0.9999999999995836
165041,0.0,3,NATIVE,1.0,0.0026889892349378,0.9999999998266716,0.9999999999995836
165041,0.0,3,AMP_ONLY,1.0,0.0026889892349378,0.9999999998266716,0.9999999999995836
165041,0.0,3,DIR_ONLY,1.0,0.0026889892349378,0.9999999998266716,0.9999999999995836
165041,22.5,0,NATIVE,0.8535533905932737,0.0026464753656939,0.9497944277202208,0.955764355939627
165041,22.5,0,AMP_ONLY,0.8535533905932737,0.0026464753656939,0.9841924858349372,0.9841924860075976
165041,22.5,0,DIR_ONLY,0.8535533905932737,0.0026464753656939,0.9650491533237184,0.971115038418718
165041,22.5,1,NATIVE,0.8535533905932737,0.0025427200017508,0.9131109775424294,0.9184055041619236
165041,22.5,1,AMP_ONLY,0.8535533905932737,0.0025427200017508,0.9456137650956624,0.9456137652873892
165041,22.5,1,DIR_ONLY,0.8535533905932737,0.0025427200017508,0.9656284200975964,0.9712274673594248
165041,22.5,2,NATIVE,0.8535533905932737,0.002747669808325,1.0785602400076988,1.1020605214277688
165041,22.5,2,AMP_ONLY,0.8535533905932737,0.002747669808325,1.0218184702141746,1.0218184703957682
165041,22.5,2,DIR_ONLY,0.8535533905932737,0.002747669808325,1.0555309583102317,1.0785292211804072
165041,22.5,3,NATIVE,0.8535533905932737,0.0026219491834026,0.9168724864158652,0.9334082466606552
165041,22.5,3,AMP_ONLY,0.8535533905932737,0.0026219491834026,0.9750731150242647,0.97507311519898
165041,22.5,3,DIR_ONLY,0.8535533905932737,0.0026219491834026,0.9403110816725238,0.9572698291818222
165041,45.0,0,NATIVE,0.5000000000000001,0.0027696606824726,0.4597029077835513,0.5872131251041958
165041,45.0,0,AMP_ONLY,0.5000000000000001,0.0027696606824726,1.0299950195275185,1.029995019714969
165041,45.0,0,DIR_ONLY,0.5000000000000001,0.0027696606824726,0.4463140133947296,0.5701100791631134
165041,45.0,1,NATIVE,0.5000000000000001,0.0025097505357751,0.615842179745085,0.6580650703569215
165041,45.0,1,AMP_ONLY,0.5000000000000001,0.0025097505357751,0.9333548167193032,0.933354816922514
165041,45.0,1,DIR_ONLY,0.5000000000000001,0.0025097505357751,0.6598189511753086,0.705058373140651
165041,45.0,2,NATIVE,0.5000000000000001,0.0019814882979928,0.6830417007908439,0.7104859646861108
165041,45.0,2,AMP_ONLY,0.5000000000000001,0.0019814882979928,0.7369249875352429,0.736924988176799
165041,45.0,2,DIR_ONLY,0.5000000000000001,0.0019814882979928,0.9268790129314864,0.9641217010823332
165041,45.0,3,NATIVE,0.5000000000000001,0.0019520221993361,0.662647043237114,0.6816552265241052
165041,45.0,3,AMP_ONLY,0.5000000000000001,0.0019520221993361,0.725967853712004,0.7259678543870667
165041,45.0,3,DIR_ONLY,0.5000000000000001,0.0019520221993361,0.9127765403609284,0.9389668666093888
165041,67.5,0,NATIVE,0.1464466094067263,0.0012339733498272,0.3944297694974817,0.4412771854853207
165041,67.5,0,AMP_ONLY,0.1464466094067263,0.0012339733498272,0.4589438252914627,0.4589438267237206
165041,67.5,0,DIR_ONLY,0.1464466094067263,0.0012339733498272,0.8594257519300823,0.9615038914292178
165041,67.5,1,NATIVE,0.1464466094067263,0.0020689136579863,0.741186378865267,0.8487219693877457
165041,67.5,1,AMP_ONLY,0.1464466094067263,0.0020689136579863,0.7694343392718799,0.7694343398173149
165041,67.5,1,DIR_ONLY,0.1464466094067263,0.0020689136579863,0.96327232001489,1.1030348147631526
165041,67.5,2,NATIVE,0.1464466094067263,0.0013252730338761,0.3527878783286883,0.4102337738187813
165041,67.5,2,AMP_ONLY,0.1464466094067263,0.0013252730338761,0.4928972887687499,0.4928972901304978
165041,67.5,2,DIR_ONLY,0.1464466094067263,0.0013252730338761,0.7157662519727329,0.8323353928260533
165041,67.5,3,NATIVE,0.1464466094067263,0.0020437515831412,0.4610381299071001,0.5584399437574079
165041,67.5,3,AMP_ONLY,0.1464466094067263,0.0020437515831412,0.7600777946395603,0.7600777952120807
165041,67.5,3,DIR_ONLY,0.1464466094067263,0.0020437515831412,0.6065880964021277,0.7347412470172129
165041,90.0,0,NATIVE,3.749399456654644e-33,0.0014763831931737,-0.2985433604691529,0.4800551655219465
165041,90.0,0,AMP_ONLY,3.749399456654644e-33,0.0014763831931737,0.5490927624610804,0.5490927636806164
165041,90.0,0,DIR_ONLY,3.749399456654644e-33,0.0014763831931737,-0.5438209920223653,0.8744205246380273
165041,90.0,1,NATIVE,3.749399456654644e-33,0.0014572901384071,0.2517073900530507,0.3697279133654906
165041,90.0,1,AMP_ONLY,3.749399456654644e-33,0.0014572901384071,0.5419924214856815,0.5419924227246506
165041,90.0,1,DIR_ONLY,3.749399456654644e-33,0.0014572901384071,0.464410103027183,0.6821898861216064
165041,90.0,2,NATIVE,3.749399456654644e-33,0.0012667967854845,-0.0288804089543401,0.2636169981816506
165041,90.0,2,AMP_ONLY,3.749399456654644e-33,0.0012667967854845,0.4711505897585625,0.4711505911670158
165041,90.0,2,DIR_ONLY,3.749399456654644e-33,0.0012667967854845,-0.0613047021798797,0.5595610892065284
165041,90.0,3,NATIVE,3.749399456654644e-33,0.0023774345770525,0.2349089912092745,0.6643544974931102
165041,90.0,3,AMP_ONLY,3.749399456654644e-33,0.0023774345770525,0.8841555745829678,0.8841555748555289
165041,90.0,3,DIR_ONLY,3.749399456654644e-33,0.0023774345770525,0.2656851666398678,0.7514128926509135
165042,0.0,0,NATIVE,1.0,0.0031153408475823,0.999999999892072,0.9999999999996716
165042,0.0,0,AMP_ONLY,1.0,0.0031153408475823,0.999999999892072,0.9999999999996716
165042,0.0,0,DIR_ONLY,1.0,0.0031153408475823,0.999999999892072,0.9999999999996716
165042,0.0,1,NATIVE,1.0,0.0031153408475823,0.999999999892072,0.9999999999996716
165042,0.0,1,AMP_ONLY,1.0,0.0031153408475823,0.999999999892072,0.9999999999996716
165042,0.0,1,DIR_ONLY,1.0,0.0031153408475823,0.999999999892072,0.9999999999996716
165042,0.0,2,NATIVE,1.0,0.0031153408475823,0.999999999892072,0.9999999999996716
165042,0.0,2,AMP_ONLY,1.0,0.0031153408475823,0.999999999892072,0.9999999999996716
165042,0.0,2,DIR_ONLY,1.0,0.0031153408475823,0.999999999892072,0.9999999999996716
165042,0.0,3,NATIVE,1.0,0.0031153408475823,0.999999999892072,0.9999999999996716
165042,0.0,3,AMP_ONLY,1.0,0.0031153408475823,0.999999999892072,0.9999999999996716
165042,0.0,3,DIR_ONLY,1.0,0.0031153408475823,0.999999999892072,0.9999999999996716
165042,22.5,0,NATIVE,0.8535533905932737,0.0028928922573941,0.8994996488715317,0.907157152147349
165042,22.5,0,AMP_ONLY,0.8535533905932737,0.0028928922573941,0.9285900914892944,0.928590091661016
165042,22.5,0,DIR_ONLY,0.8535533905932737,0.0028928922573941,0.968671876607519,0.9769180933098296
165042,22.5,1,NATIVE,0.8535533905932737,0.0027425722801275,0.916179415263445,0.918768810038386
165042,22.5,1,AMP_ONLY,0.8535533905932737,0.0027425722801275,0.8803352258319473,0.8803352261178481
165042,22.5,1,DIR_ONLY,0.8535533905932737,0.0027425722801275,1.0407164302435294,1.0436576344302964
165042,22.5,2,NATIVE,0.8535533905932737,0.0027921710751281,0.8761569187044838,0.8851228031525775
165042,22.5,2,AMP_ONLY,0.8535533905932737,0.0027921710751281,0.8962571057050415,0.8962571059477605
165042,22.5,2,DIR_ONLY,0.8535533905932737,0.0027921710751281,0.9775745490395944,0.9875788936698652
165042,22.5,3,NATIVE,0.8535533905932737,0.0027809914424891,0.9293815662636624,0.931194875571462
165042,22.5,3,AMP_ONLY,0.8535533905932737,0.0027809914424891,0.892668289599894,0.892668289851897
165042,22.5,3,DIR_ONLY,0.8535533905932737,0.0027809914424891,1.0411292104531455,1.0431611460202224
165042,45.0,0,NATIVE,0.5000000000000001,0.0024910583249488,0.7109319775909769,0.7338698336807958
165042,45.0,0,AMP_ONLY,0.5000000000000001,0.0024910583249488,0.7995965284915042,0.7995965290646233
165042,45.0,0,DIR_ONLY,0.5000000000000001,0.0024910583249488,0.8891166229720027,0.9178038591396184
165042,45.0,1,NATIVE,0.5000000000000001,0.0021396465436028,0.6995692476756052,0.7078288868236783
165042,45.0,1,AMP_ONLY,0.5000000000000001,0.0021396465436028,0.6867914064677387,0.6867914075637669
165042,45.0,1,DIR_ONLY,0.5000000000000001,0.0021396465436028,1.0186055624803467,1.0306323153531831
165042,45.0,2,NATIVE,0.5000000000000001,0.0021498472876259,0.6678180186712492,0.6711153936898856
165042,45.0,2,AMP_ONLY,0.5000000000000001,0.0021498472876259,0.6900658710810388,0.6900658721609247
165042,45.0,2,DIR_ONLY,0.5000000000000001,0.0021498472876259,0.9677628641018468,0.9725430450702708
165042,45.0,3,NATIVE,0.5000000000000001,0.0023068647119925,0.693450290184854,0.7127801755423314
165042,45.0,3,AMP_ONLY,0.5000000000000001,0.0023068647119925,0.7404690916019296,0.740469092438184
165042,45.0,3,DIR_ONLY,0.5000000000000001,0.0023068647119925,0.9364937047406456,0.9625970536283328
165042,67.5,0,NATIVE,0.1464466094067263,0.0019338859928443,0.5828761318320609,0.603250038945732
165042,67.5,0,AMP_ONLY,0.1464466094067263,0.0019338859928443,0.6207421398977635,0.6207421413192709
165042,67.5,0,DIR_ONLY,0.1464466094067263,0.0019338859928443,0.9390057983065592,0.9718283563439492
165042,67.5,1,NATIVE,0.1464466094067263,0.0028253166571408,0.6528210550560656,0.7449610023986389
165042,67.5,1,AMP_ONLY,0.1464466094067263,0.0028253166571408,0.906897307048734,0.906897307265527
165042,67.5,1,DIR_ONLY,0.1464466094067263,0.0028253166571408,0.7198409220515724,0.8214405904747696
165042,67.5,2,NATIVE,0.1464466094067263,0.0013961028348018,0.3288775288187336,0.3506658519099041
165042,67.5,2,AMP_ONLY,0.1464466094067263,0.0013961028348018,0.4481169237079419,0.4481169258277049
165042,67.5,2,DIR_ONLY,0.1464466094067263,0.0013961028348018,0.7339170788510654,0.7825404260318649
165042,67.5,3,NATIVE,0.1464466094067263,0.0014728429998286,0.3879278316284597,0.4344072153321571
165042,67.5,3,AMP_ONLY,0.1464466094067263,0.0014728429998286,0.4727497517145297,0.472749753759988
165042,67.5,3,DIR_ONLY,0.1464466094067263,0.0014728429998286,0.8205506622008679,0.918860621044043
165042,90.0,0,NATIVE,3.749399456654644e-33,0.0014554795540558,0.1920946936674723,0.3259428262294556
165042,90.0,0,AMP_ONLY,3.749399456654644e-33,0.0014554795540558,0.4671762496189111,0.4671762516821679
165042,90.0,0,DIR_ONLY,3.749399456654644e-33,0.0014554795540558,0.4111899747212306,0.6976920519190235
165042,90.0,1,NATIVE,3.749399456654644e-33,0.0016149330439597,-0.149044676211674,0.2628133441013782
165042,90.0,1,AMP_ONLY,3.749399456654644e-33,0.0016149330439597,0.5183595134387624,0.5183595153193937
165042,90.0,1,DIR_ONLY,3.749399456654644e-33,0.0016149330439597,-0.2875110330958216,0.5069930000573093
165042,90.0,2,NATIVE,3.749399456654644e-33,0.0015472176416988,-0.0654070660608535,0.2313899835058828
165042,90.0,2,AMP_ONLY,3.749399456654644e-33,0.0015472176416988,0.4966233694025627,0.496623371365776
165042,90.0,2,DIR_ONLY,3.749399456654644e-33,0.0015472176416988,-0.1316937898317112,0.4658996652589888
165042,90.0,3,NATIVE,3.749399456654644e-33,0.0013906445296667,0.0724051027009132,0.2090354741737747
165042,90.0,3,AMP_ONLY,3.749399456654644e-33,0.0013906445296667,0.4463648661240301,0.4463648682486345
165042,90.0,3,DIR_ONLY,3.749399456654644e-33,0.0013906445296667,0.1622063300514782,0.4682866811181361
165043,0.0,0,NATIVE,1.0,0.0022416598319492,0.9999999998321016,0.9999999999995902
165043,0.0,0,AMP_ONLY,1.0,0.0022416598319492,0.9999999998321016,0.9999999999995902
165043,0.0,0,DIR_ONLY,1.0,0.0022416598319492,0.9999999998321016,0.9999999999995902
165043,0.0,1,NATIVE,1.0,0.0022416598319492,0.9999999998321016,0.9999999999995902
165043,0.0,1,AMP_ONLY,1.0,0.0022416598319492,0.9999999998321016,0.9999999999995902
165043,0.0,1,DIR_ONLY,1.0,0.0022416598319492,0.9999999998321016,0.9999999999995902
165043,0.0,2,NATIVE,1.0,0.0022416598319492,0.9999999998321016,0.9999999999995902
165043,0.0,2,AMP_ONLY,1.0,0.0022416598319492,0.9999999998321016,0.9999999999995902
165043,0.0,2,DIR_ONLY,1.0,0.0022416598319492,0.9999999998321016,0.9999999999995902
165043,0.0,3,NATIVE,1.0,0.0022416598319492,0.9999999998321016,0.9999999999995902
165043,0.0,3,AMP_ONLY,1.0,0.0022416598319492,0.9999999998321016,0.9999999999995902
165043,0.0,3,DIR_ONLY,1.0,0.0022416598319492,0.9999999998321016,0.9999999999995902
165043,22.5,0,NATIVE,0.8535533905932737,0.0020204503518438,0.9077884298227344,0.9224744824320495
165043,22.5,0,AMP_ONLY,0.8535533905932737,0.0020204503518438,0.9013272772792832,0.901327277451786
165043,22.5,0,DIR_ONLY,0.8535533905932737,0.0020204503518438,1.0071681456822552,1.023462052377573
165043,22.5,1,NATIVE,0.8535533905932737,0.0021437266684455,0.9686636674611682,0.970713234354234
165043,22.5,1,AMP_ONLY,0.8535533905932737,0.0021437266684455,0.9563161507563858,0.9563161509210384
165043,22.5,1,DIR_ONLY,0.8535533905932737,0.0021437266684455,1.0129114143763,1.0150545537391888
165043,22.5,2,NATIVE,0.8535533905932737,0.0020112009994356,0.9040771023422944,0.9050172736376234
165043,22.5,2,AMP_ONLY,0.8535533905932737,0.0020112009994356,0.8972014700706149,0.8972014702441584
165043,22.5,2,DIR_ONLY,0.8535533905932737,0.0020112009994356,1.0076632834654988,1.008711137185553
165043,22.5,3,NATIVE,0.8535533905932737,0.0020361678136131,0.8642294626796169,0.868979102298935
165043,22.5,3,AMP_ONLY,0.8535533905932737,0.0020361678136131,0.9083382706822152,0.9083382708530852
165043,22.5,3,DIR_ONLY,0.8535533905932737,0.0020361678136131,0.9514406930153726,0.9566698626001824
165043,45.0,0,NATIVE,0.5000000000000001,0.0018755639049337,0.8304173654974056,0.8393165443735647
165043,45.0,0,AMP_ONLY,0.5000000000000001,0.0018755639049337,0.8366982153947192,0.8366982155896101
165043,45.0,0,DIR_ONLY,0.5000000000000001,0.0018755639049337,0.992492466348445,1.0031286412700762
165043,45.0,1,NATIVE,0.5000000000000001,0.0017182753022104,0.6561542279195288,0.6649267487184426
165043,45.0,1,AMP_ONLY,0.5000000000000001,0.0017182753022104,0.7665360668527822,0.7665360670836622
165043,45.0,1,DIR_ONLY,0.5000000000000001,0.0017182753022104,0.8560015788691157,0.8674465802538867
165043,45.0,2,NATIVE,0.5000000000000001,0.001853548653852,0.8074795152514956,0.8257098520865248
165043,45.0,2,AMP_ONLY,0.5000000000000001,0.001853548653852,0.826877869361578,0.8268778695608825
165043,45.0,2,DIR_ONLY,0.5000000000000001,0.001853548653852,0.9765404283339716,0.998587753065996
165043,45.0,3,NATIVE,0.5000000000000001,0.0019454146977944,0.8778277170603409,0.8863201772635371
165043,45.0,3,AMP_ONLY,0.5000000000000001,0.0019454146977944,0.8678564472772282,0.8678564474597773
165043,45.0,3,DIR_ONLY,0.5000000000000001,0.0019454146977944,1.0114890703430557,1.021274465982983
165043,67.5,0,NATIVE,0.1464466094067263,0.0009985092976027,0.351638433212542,0.3956911050841136
165043,67.5,0,AMP_ONLY,0.1464466094067263,0.0009985092976027,0.4454562621273323,0.4454562625375066
165043,67.5,0,DIR_ONLY,0.1464466094067263,0.0009985092976027,0.7893927999720918,0.8882968973817315
165043,67.5,1,NATIVE,0.1464466094067263,0.001203696445268,0.2670469158102529,0.3136943146013185
165043,67.5,1,AMP_ONLY,0.1464466094067263,0.001203696445268,0.5369900023494747,0.536990002721529
165043,67.5,1,DIR_ONLY,0.1464466094067263,0.001203696445268,0.4973132993559975,0.5841854005882784
165043,67.5,2,NATIVE,0.1464466094067263,0.0010342584714341,0.3193215039192838,0.3413527752643581
165043,67.5,2,AMP_ONLY,0.1464466094067263,0.0010342584714341,0.4614040390928953,0.4614040394980735
165043,67.5,2,DIR_ONLY,0.1464466094067263,0.0010342584714341,0.6920751432947879,0.7398276727097679
165043,67.5,3,NATIVE,0.1464466094067263,0.0010660388903323,0.4262026695114368,0.4441528223879711
165043,67.5,3,AMP_ONLY,0.1464466094067263,0.0010660388903323,0.4755813064724171,0.4755813068725067
165043,67.5,3,DIR_ONLY,0.1464466094067263,0.0010660388903323,0.8961732604854031,0.9339181171211384
165043,90.0,0,NATIVE,3.749399456654644e-33,0.0011099958365441,-0.1861610841044763,0.2859033848747291
165043,90.0,0,AMP_ONLY,3.749399456654644e-33,0.0011099958365441,0.4951904689649609,0.495190469357089
165043,90.0,0,DIR_ONLY,3.749399456654644e-33,0.0011099958365441,-0.375964060319257,0.5773942267125118
165043,90.0,1,NATIVE,3.749399456654644e-33,0.0009566685998086,0.1778374182147132,0.3045115468259597
165043,90.0,1,AMP_ONLY,3.749399456654644e-33,0.0009566685998086,0.4267909835364985,0.4267909839514643
165043,90.0,1,DIR_ONLY,3.749399456654644e-33,0.0009566685998086,0.4166869886416559,0.7135071635095831
165043,90.0,2,NATIVE,3.749399456654644e-33,0.0023011186704923,0.0820628920624543,0.3373948045093602
165043,90.0,2,AMP_ONLY,3.749399456654644e-33,0.0023011186704923,1.0265219006405302,1.0265219008142343
165043,90.0,2,DIR_ONLY,3.749399456654644e-33,0.0023011186704923,0.0799426324207125,0.328676783282692
165043,90.0,3,NATIVE,3.749399456654644e-33,0.0013336277691,-0.0759942021911321,0.3258302762266409
165043,90.0,3,AMP_ONLY,3.749399456654644e-33,0.0013336277691,0.5949513939698048,0.5949513943087218
165043,90.0,3,DIR_ONLY,3.749399456654644e-33,0.0013336277691,-0.1277460088949755,0.5476776553097789
165044,0.0,0,NATIVE,1.0,0.0028088130331369,0.9999999998445658,0.9999999999996058
165044,0.0,0,AMP_ONLY,1.0,0.0028088130331369,0.9999999998445658,0.9999999999996058
165044,0.0,0,DIR_ONLY,1.0,0.0028088130331369,0.9999999998445658,0.9999999999996058
165044,0.0,1,NATIVE,1.0,0.0028088130331369,0.9999999998445658,0.9999999999996058
165044,0.0,1,AMP_ONLY,1.0,0.0028088130331369,0.9999999998445658,0.9999999999996058
165044,0.0,1,DIR_ONLY,1.0,0.0028088130331369,0.9999999998445658,0.9999999999996058
165044,0.0,2,NATIVE,1.0,0.0028088130331369,0.9999999998445658,0.9999999999996058
165044,0.0,2,AMP_ONLY,1.0,0.0028088130331369,0.9999999998445658,0.9999999999996058
165044,0.0,2,DIR_ONLY,1.0,0.0028088130331369,0.9999999998445658,0.9999999999996058
165044,0.0,3,NATIVE,1.0,0.0028088130331369,0.9999999998445658,0.9999999999996058
165044,0.0,3,AMP_ONLY,1.0,0.0028088130331369,0.9999999998445658,0.9999999999996058
165044,0.0,3,DIR_ONLY,1.0,0.0028088130331369,0.9999999998445658,0.9999999999996058
165044,22.5,0,NATIVE,0.8535533905932737,0.0027294019114444,0.9381265050816868,0.9463939925020228
165044,22.5,0,AMP_ONLY,0.8535533905932737,0.0027294019114444,0.9717287804076336,0.9717287805590412
165044,22.5,0,DIR_ONLY,0.8535533905932737,0.0027294019114444,0.9654200748978488,0.9739281105119364
165044,22.5,1,NATIVE,0.8535533905932737,0.0028550211085459,1.0068460053747932,1.009551267579915
165044,22.5,1,AMP_ONLY,0.8535533905932737,0.0028550211085459,1.0164505505432082,1.0164505507010648
165044,22.5,1,DIR_ONLY,0.8535533905932737,0.0028550211085459,0.9905508904462884,0.9932123804398288
165044,22.5,2,NATIVE,0.8535533905932737,0.0025078842679051,0.8499676604343194,0.8525477695418839
165044,22.5,2,AMP_ONLY,0.8535533905932737,0.0025078842679051,0.8928658175360437,0.8928658176843701
165044,22.5,2,DIR_ONLY,0.8535533905932737,0.0025078842679051,0.9519548485184984,0.954844594637932
165044,22.5,3,NATIVE,0.8535533905932737,0.0028234143765952,1.029786459671593,1.029924941585607
165044,22.5,3,AMP_ONLY,0.8535533905932737,0.0028234143765952,1.005198230440363,1.0051982305962353
165044,22.5,3,DIR_ONLY,0.8535533905932737,0.0028234143765952,1.0244610778155452,1.0245988434686355
165044,45.0,0,NATIVE,0.5000000000000001,0.0028683073130787,1.029042703619557,1.051286391163154
165044,45.0,0,AMP_ONLY,0.5000000000000001,0.0028683073130787,1.0211805728222991,1.021180572981066
165044,45.0,0,DIR_ONLY,0.5000000000000001,0.0028683073130787,1.0076991834784912,1.029481565814653
165044,45.0,1,NATIVE,0.5000000000000001,0.0024991642269214,0.6668838399603829,0.6860513913157694
165044,45.0,1,AMP_ONLY,0.5000000000000001,0.0024991642269214,0.8897613688815511,0.8897613690299413
165044,45.0,1,DIR_ONLY,0.5000000000000001,0.0024991642269214,0.7495093615545454,0.7710520602707581
165044,45.0,2,NATIVE,0.5000000000000001,0.0020361477613996,0.6506050951360738,0.6652412735910269
165044,45.0,2,AMP_ONLY,0.5000000000000001,0.0020361477613996,0.7249205289817876,0.7249205291470324
165044,45.0,2,DIR_ONLY,0.5000000000000001,0.0020361477613996,0.8974842406395352,0.9176735441235692
165044,45.0,3,NATIVE,0.5000000000000001,0.0019043239535391,0.733940545623544,0.7415637241272085
165044,45.0,3,AMP_ONLY,0.5000000000000001,0.0019043239535391,0.6779889366567725,0.6779889368295829
165044,45.0,3,DIR_ONLY,0.5000000000000001,0.0019043239535391,1.082524235475003,1.0937679755395917
165044,67.5,0,NATIVE,0.1464466094067263,0.0011458103734629,0.2547659066574742,0.2889461811126094
165044,67.5,0,AMP_ONLY,0.1464466094067263,0.0011458103734629,0.407941946272473,0.40794194647292
165044,67.5,0,DIR_ONLY,0.1464466094067263,0.0011458103734629,0.6245228134093231,0.7083143629670947
165044,67.5,1,NATIVE,0.1464466094067263,0.0016536288266633,0.420914698864664,0.4629783498424812
165044,67.5,1,AMP_ONLY,0.1464466094067263,0.0016536288266633,0.5887366635774861,0.5887366637645353
165044,67.5,1,DIR_ONLY,0.1464466094067263,0.0016536288266633,0.7149472616347428,0.7863958286375314
165044,67.5,2,NATIVE,0.1464466094067263,0.0017203245691837,0.4692030135707155,0.5179774384649661
165044,67.5,2,AMP_ONLY,0.1464466094067263,0.0017203245691837,0.6124816784130984,0.6124816785965468
165044,67.5,2,DIR_ONLY,0.1464466094067263,0.0017203245691837,0.7660690500790588,0.8457044265331343
165044,67.5,3,NATIVE,0.1464466094067263,0.0016019993545166,0.5436977030057969,0.5823568534927357
165044,67.5,3,AMP_ONLY,0.1464466094067263,0.0016019993545166,0.5703555160017937,0.5703555161914572
165044,67.5,3,DIR_ONLY,0.1464466094067263,0.0016019993545166,0.9532646125618092,1.021047250683346
165044,90.0,0,NATIVE,3.749399456654644e-33,0.001605423483617,-0.1479249496354862,0.3095170532992491
165044,90.0,0,AMP_ONLY,3.749399456654644e-33,0.001605423483617,0.5715745766529241,0.5715745768424196
165044,90.0,0,DIR_ONLY,3.749399456654644e-33,0.001605423483617,-0.258808253599627,0.5415259131470986
165044,90.0,1,NATIVE,3.749399456654644e-33,0.0016674040070855,0.1967164465300193,0.4146974916159209
165044,90.0,1,AMP_ONLY,3.749399456654644e-33,0.0016674040070855,0.5936409056550844,0.5936409058414085
165044,90.0,1,DIR_ONLY,3.749399456654644e-33,0.0016674040070855,0.3313721771817527,0.6985720046066323
165044,90.0,2,NATIVE,3.749399456654644e-33,0.00131401179228,0.189322570308517,0.3051955280652391
165044,90.0,2,AMP_ONLY,3.749399456654644e-33,0.00131401179228,0.4678256480692929,0.4678256482690476
165044,90.0,2,DIR_ONLY,3.749399456654644e-33,0.00131401179228,0.4046913091010066,0.6523815368857638
165044,90.0,3,NATIVE,3.749399456654644e-33,0.0013012556081805,-0.0684351398237477,0.2694997171923881
165044,90.0,3,AMP_ONLY,3.749399456654644e-33,0.0013012556081805,0.4632841516735516,0.4632841518735189
165044,90.0,3,DIR_ONLY,3.749399456654644e-33,0.0013012556081805,-0.1477220285527453,0.581726844047056
165045,0.0,0,NATIVE,1.0,0.0015891986204528,0.999999999085138,0.9999999999990434
165045,0.0,0,AMP_ONLY,1.0,0.0015891986204528,0.999999999085138,0.9999999999990434
165045,0.0,0,DIR_ONLY,1.0,0.0015891986204528,0.999999999085138,0.9999999999990434
165045,0.0,1,NATIVE,1.0,0.0015891986204528,0.999999999085138,0.9999999999990434
165045,0.0,1,AMP_ONLY,1.0,0.0015891986204528,0.999999999085138,0.9999999999990434
165045,0.0,1,DIR_ONLY,1.0,0.0015891986204528,0.999999999085138,0.9999999999990434
165045,0.0,2,NATIVE,1.0,0.0015891986204528,0.999999999085138,0.9999999999990434
165045,0.0,2,AMP_ONLY,1.0,0.0015891986204528,0.999999999085138,0.9999999999990434
165045,0.0,2,DIR_ONLY,1.0,0.0015891986204528,0.999999999085138,0.9999999999990434
165045,0.0,3,NATIVE,1.0,0.0015891986204528,0.999999999085138,0.9999999999990434
165045,0.0,3,AMP_ONLY,1.0,0.0015891986204528,0.999999999085138,0.9999999999990434
165045,0.0,3,DIR_ONLY,1.0,0.0015891986204528,0.999999999085138,0.9999999999990434
165045,22.5,0,NATIVE,0.8535533905932737,0.0015096422703258,0.9665645102854774,0.9746433960200848
165045,22.5,0,AMP_ONLY,0.8535533905932737,0.0015096422703258,0.9499409461378912,0.9499409470078488
165045,22.5,0,DIR_ONLY,0.8535533905932737,0.0015096422703258,1.0174995266584452,1.0260040913226849
165045,22.5,1,NATIVE,0.8535533905932737,0.0015052982983834,0.9563832635558864,0.9620871881972844
165045,22.5,1,AMP_ONLY,0.8535533905932737,0.0015052982983834,0.947207594082455,0.9472075949501112
165045,22.5,1,DIR_ONLY,0.8535533905932737,0.0015052982983834,1.0096870338618211,1.0157089099887349
165045,22.5,2,NATIVE,0.8535533905932737,0.0015898264403422,0.911124796096898,0.9182440981673196
165045,22.5,2,AMP_ONLY,0.8535533905932737,0.0015898264403422,1.000395040020617,1.0003950409348834
165045,22.5,2,DIR_ONLY,0.8535533905932737,0.0015898264403422,0.9107650058625404,0.9178814970117803
165045,22.5,3,NATIVE,0.8535533905932737,0.0014992095127749,0.9217904273935492,0.9261348113036296
165045,22.5,3,AMP_ONLY,0.8535533905932737,0.0014992095127749,0.9433763542388884,0.9433763551033344
165045,22.5,3,DIR_ONLY,0.8535533905932737,0.0014992095127749,0.9771184080757525,0.981723491269717
165045,45.0,0,NATIVE,0.5000000000000001,0.0013690158565332,0.7041610055346637,0.7643247225018476
165045,45.0,0,AMP_ONLY,0.5000000000000001,0.0013690158565332,0.8614545041220469,0.8614545049218483
165045,45.0,0,DIR_ONLY,0.5000000000000001,0.0013690158565332,0.8174097697418462,0.8872492538991591
165045,45.0,1,NATIVE,0.5000000000000001,0.001210181879485,0.7791608916284876,0.8052718522131982
165045,45.0,1,AMP_ONLY,0.5000000000000001,0.001210181879485,0.76151066424811,0.7615106649768316
165045,45.0,1,DIR_ONLY,0.5000000000000001,0.001210181879485,1.0231776701788229,1.057465769700084
165045,45.0,2,NATIVE,0.5000000000000001,0.0011493816746995,0.6719384812209234,0.723581570141642
165045,45.0,2,AMP_ONLY,0.5000000000000001,0.0011493816746995,0.7232528893273162,0.7232528900302128
165045,45.0,2,DIR_ONLY,0.5000000000000001,0.0011493816746995,0.9290494569339426,1.0004531505891254
165045,45.0,3,NATIVE,0.5000000000000001,0.0010315217344433,0.5960772051098947,0.6260409770599515
165045,45.0,3,AMP_ONLY,0.5000000000000001,0.0010315217344433,0.6490906995183595,0.649090700172036
165045,45.0,3,DIR_ONLY,0.5000000000000001,0.0010315217344433,0.9183253661304352,0.9644862492158892
165045,67.5,0,NATIVE,0.1464466094067263,0.0007541218372853,0.4445046925155693,0.4792225474410246
165045,67.5,0,AMP_ONLY,0.1464466094067263,0.0007541218372853,0.4745381086384105,0.4745381091711976
165045,67.5,0,DIR_ONLY,0.1464466094067263,0.0007541218372853,0.93671047654536,1.0098724883118333
165045,67.5,1,NATIVE,0.1464466094067263,0.0006942623878843,0.4199643960127353,0.4752283702163624
165045,67.5,1,AMP_ONLY,0.1464466094067263,0.0006942623878843,0.4368715576229123,0.4368715581269534
165045,67.5,1,DIR_ONLY,0.1464466094067263,0.0006942623878843,0.9612987212684244,1.0877991641690503
165045,67.5,2,NATIVE,0.1464466094067263,0.0008885341502705,0.3176280205486342,0.405828161449064
165045,67.5,2,AMP_ONLY,0.1464466094067263,0.0008885341502705,0.5591166882203147,0.5591166888135066
165045,67.5,2,DIR_ONLY,0.1464466094067263,0.0008885341502705,0.5680904831590455,0.7258459949668251
165045,67.5,3,NATIVE,0.1464466094067263,0.0009113037254057,0.5101553951727091,0.6019271478552153
165045,67.5,3,AMP_ONLY,0.1464466094067263,0.0009113037254057,0.5734443327829927,0.5734443333859955
165045,67.5,3,DIR_ONLY,0.1464466094067263,0.0009113037254057,0.8896317767142833,1.0496660650285128
165045,90.0,0,NATIVE,3.749399456654644e-33,0.0007188487086255,-0.0949456744976227,0.2849278290691686
165045,90.0,0,AMP_ONLY,3.749399456654644e-33,0.0007188487086255,0.4523425085305392,0.4523425090465527
165045,90.0,0,DIR_ONLY,3.749399456654644e-33,0.0007188487086255,-0.2099053671513202,0.6299070833805464
165045,90.0,1,NATIVE,3.749399456654644e-33,0.0004222095353958,0.0747081100263505,0.2186840482305644
165045,90.0,1,AMP_ONLY,3.749399456654644e-33,0.0004222095353958,0.265681119849044,0.2656811202001819
165045,90.0,1,DIR_ONLY,3.749399456654644e-33,0.0004222095353958,0.281193287714929,0.8231262312074648
165045,90.0,2,NATIVE,3.749399456654644e-33,0.000671919973737,0.0072836699800858,0.4381074270428625
165045,90.0,2,AMP_ONLY,3.749399456654644e-33,0.000671919973737,0.4228125716153058,0.4228125721082512
165045,90.0,2,DIR_ONLY,3.749399456654644e-33,0.000671919973737,0.0172189681788867,1.036167498961338
165045,90.0,3,NATIVE,3.749399456654644e-33,0.0005209366435351,-0.0114770598713511,0.2181204597509698
165045,90.0,3,AMP_ONLY,3.749399456654644e-33,0.0005209366435351,0.3278058110636944,0.3278058114752892
165045,90.0,3,DIR_ONLY,3.749399456654644e-33,0.0005209366435351,-0.0350182602597455,0.6654088269339383
165046,0.0,0,NATIVE,1.0,0.0036120894736703,0.9999999997890672,0.9999999999995408
165046,0.0,0,AMP_ONLY,1.0,0.0036120894736703,0.9999999997890672,0.9999999999995408
165046,0.0,0,DIR_ONLY,1.0,0.0036120894736703,0.9999999997890672,0.9999999999995408
165046,0.0,1,NATIVE,1.0,0.0036120894736703,0.9999999997890672,0.9999999999995408
165046,0.0,1,AMP_ONLY,1.0,0.0036120894736703,0.9999999997890672,0.9999999999995408
165046,0.0,1,DIR_ONLY,1.0,0.0036120894736703,0.9999999997890672,0.9999999999995408
165046,0.0,2,NATIVE,1.0,0.0036120894736703,0.9999999997890672,0.9999999999995408
165046,0.0,2,AMP_ONLY,1.0,0.0036120894736703,0.9999999997890672,0.9999999999995408
165046,0.0,2,DIR_ONLY,1.0,0.0036120894736703,0.9999999997890672,0.9999999999995408
165046,0.0,3,NATIVE,1.0,0.0036120894736703,0.9999999997890672,0.9999999999995408
165046,0.0,3,AMP_ONLY,1.0,0.0036120894736703,0.9999999997890672,0.9999999999995408
165046,0.0,3,DIR_ONLY,1.0,0.0036120894736703,0.9999999997890672,0.9999999999995408
165046,22.5,0,NATIVE,0.8535533905932737,0.0031375442156608,0.8786539667092982,0.8839340829661275
165046,22.5,0,AMP_ONLY,0.8535533905932737,0.0031375442156608,0.8686249580160885,0.8686249582025793
165046,22.5,0,DIR_ONLY,0.8535533905932737,0.0031375442156608,1.0115458385467762,1.0176245417398726
165046,22.5,1,NATIVE,0.8535533905932737,0.0033141288917646,0.9252450625485248,0.9342891661717848
165046,22.5,1,AMP_ONLY,0.8535533905932737,0.0033141288917646,0.9175114466845374,0.9175114468791772
165046,22.5,1,DIR_ONLY,0.8535533905932737,0.0033141288917646,1.0084287146340392,1.0182859474446322
165046,22.5,2,NATIVE,0.8535533905932737,0.0034453028357713,0.9362063926496188,0.9423203338392034
165046,22.5,2,AMP_ONLY,0.8535533905932737,0.0034453028357713,0.953826173911554,0.9538261741128068
165046,22.5,2,DIR_ONLY,0.8535533905932737,0.0034453028357713,0.9815272532866524,0.9879371638193784
165046,22.5,3,NATIVE,0.8535533905932737,0.0033695075742878,0.96148644852267,0.9676526450668124
165046,22.5,3,AMP_ONLY,0.8535533905932737,0.0033695075742878,0.932842711403345,0.9328427116007134
165046,22.5,3,DIR_ONLY,0.8535533905932737,0.0033695075742878,1.0307056104176575,1.0373156820963767
165046,45.0,0,NATIVE,0.5000000000000001,0.002679268030897,0.7169473788072063,0.7242744976181313
165046,45.0,0,AMP_ONLY,0.5000000000000001,0.002679268030897,0.7417533629923513,0.7417533631605715
165046,45.0,0,DIR_ONLY,0.5000000000000001,0.002679268030897,0.966558186751389,0.9764365959811128
165046,45.0,1,NATIVE,0.5000000000000001,0.002624700638285,0.7549535284278696,0.771765990931795
165046,45.0,1,AMP_ONLY,0.5000000000000001,0.002624700638285,0.726646602476702,0.726646602642923
165046,45.0,1,DIR_ONLY,0.5000000000000001,0.002624700638285,1.038955169063641,1.0620922133055657
165046,45.0,2,NATIVE,0.5000000000000001,0.0024939082968714,0.6889895157873046,0.6943053885879319
165046,45.0,2,AMP_ONLY,0.5000000000000001,0.0024939082968714,0.6904372441742535,0.690437244335755
165046,45.0,2,DIR_ONLY,0.5000000000000001,0.0024939082968714,0.9979036202290164,1.0056030412987338
165046,45.0,3,NATIVE,0.5000000000000001,0.0025728884691997,0.6389215128029843,0.6579183808676226
165046,45.0,3,AMP_ONLY,0.5000000000000001,0.0025728884691997,0.7123026073284646,0.7123026074928063
165046,45.0,3,DIR_ONLY,0.5000000000000001,0.0025728884691997,0.8969819856296418,0.9236521065331664
165046,67.5,0,NATIVE,0.1464466094067263,0.0017516726384499,0.3387672589513365,0.3962401468002596
165046,67.5,0,AMP_ONLY,0.1464466094067263,0.0017516726384499,0.484951321665045,0.484951321798567
165046,67.5,0,DIR_ONLY,0.1464466094067263,0.0017516726384499,0.6985638784510763,0.8170766197296292
165046,67.5,1,NATIVE,0.1464466094067263,0.0017759589695917,0.4141788616556997,0.4569130196692703
165046,67.5,1,AMP_ONLY,0.1464466094067263,0.0017759589695917,0.4916749485220905,0.4916749486566369
165046,67.5,1,DIR_ONLY,0.1464466094067263,0.0017759589695917,0.8423809598634279,0.9292967045720056
165046,67.5,2,NATIVE,0.1464466094067263,0.0019445913288687,0.3544993327777513,0.4919057402914335
165046,67.5,2,AMP_ONLY,0.1464466094067263,0.0019445913288687,0.5383604709647413,0.5383604711061052
165046,67.5,2,DIR_ONLY,0.1464466094067263,0.0019445913288687,0.6584805549065668,0.9137140259437104
165046,67.5,3,NATIVE,0.1464466094067263,0.002286181580836,0.4070174189751284,0.4941036388389572
165046,67.5,3,AMP_ONLY,0.1464466094067263,0.002286181580836,0.6329288094001296,0.6329288095542008
165046,67.5,3,DIR_ONLY,0.1464466094067263,0.002286181580836,0.6430712216830533,0.7806648280392863
165046,90.0,0,NATIVE,3.749399456654644e-33,0.0013783415398203,0.0432278523483389,0.3473073525109715
165046,90.0,0,AMP_ONLY,3.749399456654644e-33,0.0013783415398203,0.3815950942155989,0.3815950943315863
165046,90.0,0,DIR_ONLY,3.749399456654644e-33,0.0013783415398203,0.1132677201323762,0.9101472891019722
165046,90.0,1,NATIVE,3.749399456654644e-33,0.0005305915344041,0.0384900147940948,0.1116919165157044
165046,90.0,1,AMP_ONLY,3.749399456654644e-33,0.0005305915344041,0.1468953067211042,0.1468953067781431
165046,90.0,1,DIR_ONLY,3.749399456654644e-33,0.0005305915344041,0.2620287431038284,0.7603668645756001
165046,90.0,2,NATIVE,3.749399456654644e-33,0.0013608042757982,0.1322554471007412,0.2814987696244989
165046,90.0,2,AMP_ONLY,3.749399456654644e-33,0.0013608042757982,0.37673991689209,0.3767399170071565
165046,90.0,2,DIR_ONLY,3.749399456654644e-33,0.0013608042757982,0.3510490134074234,0.7472062762721898
165046,90.0,3,NATIVE,3.749399456654644e-33,0.0012853306821394,-0.1925387224255611,0.3225436822919984
165046,90.0,3,AMP_ONLY,3.749399456654644e-33,0.0012853306821394,0.3558451048296291,0.3558451049406158
165046,90.0,3,DIR_ONLY,3.749399456654644e-33,0.0012853306821394,-0.541093142038472,0.9064418438829878
165047,0.0,0,NATIVE,1.0,0.0031989094763641,0.9999999998577394,0.9999999999996227
165047,0.0,0,AMP_ONLY,1.0,0.0031989094763641,0.9999999998577394,0.9999999999996227
165047,0.0,0,DIR_ONLY,1.0,0.0031989094763641,0.9999999998577394,0.9999999999996227
165047,0.0,1,NATIVE,1.0,0.0031989094763641,0.9999999998577394,0.9999999999996227
165047,0.0,1,AMP_ONLY,1.0,0.0031989094763641,0.9999999998577394,0.9999999999996227
165047,0.0,1,DIR_ONLY,1.0,0.0031989094763641,0.9999999998577394,0.9999999999996227
165047,0.0,2,NATIVE,1.0,0.0031989094763641,0.9999999998577394,0.9999999999996227
165047,0.0,2,AMP_ONLY,1.0,0.0031989094763641,0.9999999998577394,0.9999999999996227
165047,0.0,2,DIR_ONLY,1.0,0.0031989094763641,0.9999999998577394,0.9999999999996227
165047,0.0,3,NATIVE,1.0,0.0031989094763641,0.9999999998577394,0.9999999999996227
165047,0.0,3,AMP_ONLY,1.0,0.0031989094763641,0.9999999998577394,0.9999999999996227
165047,0.0,3,DIR_ONLY,1.0,0.0031989094763641,0.9999999998577394,0.9999999999996227
165047,22.5,0,NATIVE,0.8535533905932737,0.0030718818024192,0.8918662005072906,0.8949493640521798
165047,22.5,0,AMP_ONLY,0.8535533905932737,0.0030718818024192,0.9602908976639952,0.96029089780158
165047,22.5,0,DIR_ONLY,0.8535533905932737,0.0030718818024192,0.9287460162674582,0.9319567039726782
165047,22.5,1,NATIVE,0.8535533905932737,0.0029310664568687,0.9145600228903732,0.917589520987409
165047,22.5,1,AMP_ONLY,0.8535533905932737,0.0029310664568687,0.9162716847160064,0.9162716848516737
165047,22.5,1,DIR_ONLY,0.8535533905932737,0.0029310664568687,0.9981321788199023,1.001438670499834
165047,22.5,2,NATIVE,0.8535533905932737,0.0029201092049077,0.9408871671875884,0.941870190922422
165047,22.5,2,AMP_ONLY,0.8535533905932737,0.0029201092049077,0.912846419091407,0.9128464192270382
165047,22.5,2,DIR_ONLY,0.8535533905932737,0.0029201092049077,1.0307178223738958,1.0317946583480124
165047,22.5,3,NATIVE,0.8535533905932737,0.0030001019518607,0.9099800976637644,0.9111426774476772
165047,22.5,3,AMP_ONLY,0.8535533905932737,0.0030001019518607,0.9378523526614422,0.937852352797702
165047,22.5,3,DIR_ONLY,0.8535533905932737,0.0030001019518607,0.9702809535256464,0.9715206323062412
165047,45.0,0,NATIVE,0.5000000000000001,0.0023790448823869,0.7042475243569277,0.7215239380924708
165047,45.0,0,AMP_ONLY,0.5000000000000001,0.0023790448823869,0.7437078462729008,0.7437078464214477
165047,45.0,0,DIR_ONLY,0.5000000000000001,0.0023790448823869,0.9469430012954416,0.970173427019953
165047,45.0,1,NATIVE,0.5000000000000001,0.0024735435387961,0.6724098406578602,0.6874376053881848
165047,45.0,1,AMP_ONLY,0.5000000000000001,0.0024735435387961,0.773248515474551,0.7732485156192861
165047,45.0,1,DIR_ONLY,0.5000000000000001,0.0024735435387961,0.8695934080264264,0.8890284009985719
165047,45.0,2,NATIVE,0.5000000000000001,0.0024478261063129,0.6941839886583607,0.7119874051848532
165047,45.0,2,AMP_ONLY,0.5000000000000001,0.0024478261063129,0.7652091428046524,0.7652091429503823
165047,45.0,2,DIR_ONLY,0.5000000000000001,0.0024478261063129,0.907184427781295,0.930451414605596
165047,45.0,3,NATIVE,0.5000000000000001,0.0022016630437488,0.6711145967177149,0.6835984834656545
165047,45.0,3,AMP_ONLY,0.5000000000000001,0.0022016630437488,0.6882574809558539,0.688257481112399
165047,45.0,3,DIR_ONLY,0.5000000000000001,0.0022016630437488,0.9750929791772706,0.9932309897923098
165047,67.5,0,NATIVE,0.1464466094067263,0.0014844344248427,0.426419697903772,0.4791721379584998
165047,67.5,0,AMP_ONLY,0.1464466094067263,0.0014844344248427,0.4640476200237193,0.4640476202067617
165047,67.5,0,DIR_ONLY,0.1464466094067263,0.0014844344248427,0.9189084441858616,1.0325879031805147
165047,67.5,1,NATIVE,0.1464466094067263,0.0020539597441213,0.4443334937041275,0.5203306890071189
165047,67.5,1,AMP_ONLY,0.1464466094067263,0.0020539597441213,0.6420846898025466,0.6420846899660494
165047,67.5,1,DIR_ONLY,0.1464466094067263,0.0020539597441213,0.6920119001809921,0.8103708474777694
165047,67.5,2,NATIVE,0.1464466094067263,0.00141126004776,0.4038912134376997,0.4467607562297771
165047,67.5,2,AMP_ONLY,0.1464466094067263,0.00141126004776,0.4411727969138449,0.4411727970975616
165047,67.5,2,DIR_ONLY,0.1464466094067263,0.00141126004776,0.9154828708193712,1.0126474770784313
165047,67.5,3,NATIVE,0.1464466094067263,0.0019993498219029,0.4565476060572372,0.4954102040555888
165047,67.5,3,AMP_ONLY,0.1464466094067263,0.0019993498219029,0.6250133382560842,0.625013338422115
165047,67.5,3,DIR_ONLY,0.1464466094067263,0.0019993498219029,0.7304562708895967,0.7926330870582905
165047,90.0,0,NATIVE,3.749399456654644e-33,0.0006873249599394,-0.0505483123248622,0.1611625507440617
165047,90.0,0,AMP_ONLY,3.749399456654644e-33,0.0006873249599394,0.2148647791833904,0.214864779330157
165047,90.0,0,DIR_ONLY,3.749399456654644e-33,0.0006873249599394,-0.2352591285114912,0.7500783342693365
165047,90.0,1,NATIVE,3.749399456654644e-33,0.0009950733471081,-0.0033182127522533,0.1554690304229723
165047,90.0,1,AMP_ONLY,3.749399456654644e-33,0.0009950733471081,0.3110696217538723,0.3110696219277016
165047,90.0,1,DIR_ONLY,3.749399456654644e-33,0.0009950733471081,-0.0106706948720377,0.4997948376459356
165047,90.0,2,NATIVE,3.749399456654644e-33,0.0012432389370514,0.1207814326620156,0.290413819313629
165047,90.0,2,AMP_ONLY,3.749399456654644e-33,0.0012432389370514,0.3886481611743032,0.3886481613571064
165047,90.0,2,DIR_ONLY,3.749399456654644e-33,0.0012432389370514,0.310764675334464,0.7472343978769008
165047,90.0,3,NATIVE,3.749399456654644e-33,0.0012255710426547,-0.0778914017565425,0.2674690034826635
165047,90.0,3,AMP_ONLY,3.749399456654644e-33,0.0012255710426547,0.3831250425975809,0.383125042780066
165047,90.0,3,DIR_ONLY,3.749399456654644e-33,0.0012255710426547,-0.2033071429033721,0.6981376366751534
165048,0.0,0,NATIVE,1.0,0.0023270059350631,0.9999999996961658,0.9999999999994488
165048,0.0,0,AMP_ONLY,1.0,0.0023270059350631,0.9999999996961658,0.9999999999994488
165048,0.0,0,DIR_ONLY,1.0,0.0023270059350631,0.9999999996961658,0.9999999999994488
165048,0.0,1,NATIVE,1.0,0.0023270059350631,0.9999999996961658,0.9999999999994488
165048,0.0,1,AMP_ONLY,1.0,0.0023270059350631,0.9999999996961658,0.9999999999994488
165048,0.0,1,DIR_ONLY,1.0,0.0023270059350631,0.9999999996961658,0.9999999999994488
165048,0.0,2,NATIVE,1.0,0.0023270059350631,0.9999999996961658,0.9999999999994488
165048,0.0,2,AMP_ONLY,1.0,0.0023270059350631,0.9999999996961658,0.9999999999994488
165048,0.0,2,DIR_ONLY,1.0,0.0023270059350631,0.9999999996961658,0.9999999999994488
165048,0.0,3,NATIVE,1.0,0.0023270059350631,0.9999999996961658,0.9999999999994488
165048,0.0,3,AMP_ONLY,1.0,0.0023270059350631,0.9999999996961658,0.9999999999994488
165048,0.0,3,DIR_ONLY,1.0,0.0023270059350631,0.9999999996961658,0.9999999999994488
165048,22.5,0,NATIVE,0.8535533905932737,0.0020510422323044,0.8986689969951428,0.9086702974451036
165048,22.5,0,AMP_ONLY,0.8535533905932737,0.0020510422323044,0.8814003655711758,0.8814003659106608
165048,22.5,0,DIR_ONLY,0.8535533905932737,0.0020510422323044,1.019592031008936,1.0309385890162774
165048,22.5,1,NATIVE,0.8535533905932737,0.0021865284791438,0.9545033228611552,0.9645044995186638
165048,22.5,1,AMP_ONLY,0.8535533905932737,0.0021865284791438,0.9396273936124974,0.9396273939174056
165048,22.5,1,DIR_ONLY,0.8535533905932737,0.0021865284791438,1.015831414588231,1.0264745122237031
165048,22.5,2,NATIVE,0.8535533905932737,0.0019579109435042,0.8871765743156664,0.8956241925569993
165048,22.5,2,AMP_ONLY,0.8535533905932737,0.0019579109435042,0.8413762438535083,0.8413762442319304
165048,22.5,2,DIR_ONLY,0.8535533905932737,0.0019579109435042,1.0544337453223134,1.0644728756627495
165048,22.5,3,NATIVE,0.8535533905932737,0.0023068705557959,0.967755391502102,0.9786701352889572
165048,22.5,3,AMP_ONLY,0.8535533905932737,0.0023068705557959,0.991346439978459,0.9913464402795495
165048,22.5,3,DIR_ONLY,0.8535533905932737,0.0023068705557959,0.9762030608881336,0.9872130674734904
165048,45.0,0,NATIVE,0.5000000000000001,0.0017613314561327,0.7702639516468153,0.7907747669402609
165048,45.0,0,AMP_ONLY,0.5000000000000001,0.0017613314561327,0.7568949957045557,0.7568949961945609
165048,45.0,0,DIR_ONLY,0.5000000000000001,0.0017613314561327,1.0176605802510656,1.0447561084336523
165048,45.0,1,NATIVE,0.5000000000000001,0.0018974938787853,0.7141708589370271,0.7230543318956005
165048,45.0,1,AMP_ONLY,0.5000000000000001,0.0018974938787853,0.8154115228508836,0.8154115232599368
165048,45.0,1,DIR_ONLY,0.5000000000000001,0.0018974938787853,0.8758394802893616,0.8867333168639988
165048,45.0,2,NATIVE,0.5000000000000001,0.0017726601018316,0.7912306894669122,0.8571438626675416
165048,45.0,2,AMP_ONLY,0.5000000000000001,0.0017726601018316,0.7617635219119007,0.761763522394662
165048,45.0,2,DIR_ONLY,0.5000000000000001,0.0017726601018316,1.038674086575929,1.1251953033853763
165048,45.0,3,NATIVE,0.5000000000000001,0.0016980765775696,0.6411479566658126,0.6625122596234714
165048,45.0,3,AMP_ONLY,0.5000000000000001,0.0016980765775696,0.7297110499684191,0.7297110505001332
165048,45.0,3,DIR_ONLY,0.5000000000000001,0.0016980765775696,0.8786302938213182,0.9079047031791676
165048,67.5,0,NATIVE,0.1464466094067263,0.0009872619389402,0.3927152879274128,0.4704798529219761
165048,67.5,0,AMP_ONLY,0.1464466094067263,0.0009872619389402,0.4242443073836631,0.4242443083315702
165048,67.5,0,DIR_ONLY,0.1464466094067263,0.0009872619389402,0.9256543726051204,1.108926925466598
165048,67.5,1,NATIVE,0.1464466094067263,0.0009279672127991,0.3047761638202621,0.39573907382474
165048,67.5,1,AMP_ONLY,0.1464466094067263,0.0009279672127991,0.3987635232524978,0.3987635242131701
165048,67.5,1,DIR_ONLY,0.1464466094067263,0.0009279672127991,0.7643493941158658,0.9925058655504544
165048,67.5,2,NATIVE,0.1464466094067263,0.0012184801448932,0.442957875314709,0.5400691596886741
165048,67.5,2,AMP_ONLY,0.1464466094067263,0.0012184801448932,0.5236068834852959,0.5236068843362326
165048,67.5,2,DIR_ONLY,0.1464466094067263,0.0012184801448932,0.8459540591290291,1.0314021365137156
165048,67.5,3,NATIVE,0.1464466094067263,0.0014491782069273,0.3110379831859364,0.5173299289383393
165048,67.5,3,AMP_ONLY,0.1464466094067263,0.0014491782069273,0.6227474209837724,0.6227474216887808
165048,67.5,3,DIR_ONLY,0.1464466094067263,0.0014491782069273,0.4994726016946506,0.8307255709284167
165048,90.0,0,NATIVE,3.749399456654644e-33,0.00108880413679,-0.1567927454028856,0.3275773008572957
165048,90.0,0,AMP_ONLY,3.749399456654644e-33,0.00108880413679,0.4678803691112774,0.4678803700248702
165048,90.0,0,DIR_ONLY,3.749399456654644e-33,0.00108880413679,-0.3350979487378057,0.7001038300003624
165048,90.0,1,NATIVE,3.749399456654644e-33,0.0008534867300751,0.1676734100099816,0.36559959866101
165048,90.0,1,AMP_ONLY,3.749399456654644e-33,0.0008534867300751,0.3667570871957128,0.3667570881637363
165048,90.0,1,DIR_ONLY,3.749399456654644e-33,0.0008534867300751,0.4571761637986643,0.9967932443888926
165048,90.0,2,NATIVE,3.749399456654644e-33,0.0012184850515787,-0.1357966094342464,0.4411720722811887
165048,90.0,2,AMP_ONLY,3.749399456654644e-33,0.0012184850515787,0.5236089920760584,0.5236089929269925
165048,90.0,2,DIR_ONLY,3.749399456654644e-33,0.0012184850515787,-0.2593169132747341,0.8425003049153211
165048,90.0,3,NATIVE,3.749399456654644e-33,0.0010339876897898,-0.1033431593338234,0.4724090850214363
165048,90.0,3,AMP_ONLY,3.749399456654644e-33,0.0010339876897898,0.4443238818300209,0.4443238827639656
165048,90.0,3,DIR_ONLY,3.749399456654644e-33,0.0010339876897898,-0.2325611271855493,1.0631957348703176
165049,0.0,0,NATIVE,1.0,0.0033863603450651,0.9999999999316586,0.9999999999997384
165049,0.0,0,AMP_ONLY,1.0,0.0033863603450651,0.9999999999316586,0.9999999999997384
165049,0.0,0,DIR_ONLY,1.0,0.0033863603450651,0.9999999999316586,0.9999999999997384
165049,0.0,1,NATIVE,1.0,0.0033863603450651,0.9999999999316586,0.9999999999997384
165049,0.0,1,AMP_ONLY,1.0,0.0033863603450651,0.9999999999316586,0.9999999999997384
165049,0.0,1,DIR_ONLY,1.0,0.0033863603450651,0.9999999999316586,0.9999999999997384
165049,0.0,2,NATIVE,1.0,0.0033863603450651,0.9999999999316586,0.9999999999997384
165049,0.0,2,AMP_ONLY,1.0,0.0033863603450651,0.9999999999316586,0.9999999999997384
165049,0.0,2,DIR_ONLY,1.0,0.0033863603450651,0.9999999999316586,0.9999999999997384
165049,0.0,3,NATIVE,1.0,0.0033863603450651,0.9999999999316586,0.9999999999997384
165049,0.0,3,AMP_ONLY,1.0,0.0033863603450651,0.9999999999316586,0.9999999999997384
165049,0.0,3,DIR_ONLY,1.0,0.0033863603450651,0.9999999999316586,0.9999999999997384
165049,22.5,0,NATIVE,0.8535533905932737,0.0029806542870135,0.8714561674947215,0.8740471784116166
165049,22.5,0,AMP_ONLY,0.8535533905932737,0.0029806542870135,0.8801939828911509,0.880193982982477
165049,22.5,0,DIR_ONLY,0.8535533905932737,0.0029806542870135,0.990073720650608,0.9930176354147888
165049,22.5,1,NATIVE,0.8535533905932737,0.003124181387628,0.9663824776847036,0.9693149635800908
165049,22.5,1,AMP_ONLY,0.8535533905932737,0.003124181387628,0.9225778957426222,0.9225778958191788
165049,22.5,1,DIR_ONLY,0.8535533905932737,0.003124181387628,1.047480553614308,1.0506591046650724
165049,22.5,2,NATIVE,0.8535533905932737,0.0030438957854026,0.8643058905500058,0.8707714344759109
165049,22.5,2,AMP_ONLY,0.8535533905932737,0.0030438957854026,0.8988693559526527,0.8988693560366993
165049,22.5,2,DIR_ONLY,0.8535533905932737,0.0030438957854026,0.9615472536744856,0.9687398706453396
165049,22.5,3,NATIVE,0.8535533905932737,0.0032932868089545,0.9180820013447782,0.9216986797733074
165049,22.5,3,AMP_ONLY,0.8535533905932737,0.0032932868089545,0.9725151511565664,0.972515151224602
165049,22.5,3,DIR_ONLY,0.8535533905932737,0.0032932868089545,0.9440284981970836,0.9477474239652602
165049,45.0,0,NATIVE,0.5000000000000001,0.0025005635672125,0.6769342189372801,0.7304359316217196
165049,45.0,0,AMP_ONLY,0.5000000000000001,0.0025005635672125,0.7384219957338877,0.7384219959096825
165049,45.0,0,DIR_ONLY,0.5000000000000001,0.0025005635672125,0.916735371357675,0.9891929410942486
165049,45.0,1,NATIVE,0.5000000000000001,0.0021672518690285,0.5531379615552822,0.5957809903457981
165049,45.0,1,AMP_ONLY,0.5000000000000001,0.0021672518690285,0.6399942314141603,0.6399942316637302
165049,45.0,1,DIR_ONLY,0.5000000000000001,0.0021672518690285,0.864279831952442,0.930904109849654
165049,45.0,2,NATIVE,0.5000000000000001,0.0026418393663489,0.5474871576019297,0.587146456633588
165049,45.0,2,AMP_ONLY,0.5000000000000001,0.0026418393663489,0.7801410900698049,0.780141090216617
165049,45.0,2,DIR_ONLY,0.5000000000000001,0.0026418393663489,0.701782145484184,0.7526163081576805
165049,45.0,3,NATIVE,0.5000000000000001,0.0020446151575175,0.6521893382201336,0.6622981768554732
165049,45.0,3,AMP_ONLY,0.5000000000000001,0.0020446151575175,0.603779312365511,0.6037793126419959
165049,45.0,3,DIR_ONLY,0.5000000000000001,0.0020446151575175,1.0801759575766328,1.0969167627310648
165049,67.5,0,NATIVE,0.1464466094067263,0.0022794629088226,0.4738070934983022,0.5685183333903953
165049,67.5,0,AMP_ONLY,0.1464466094067263,0.0022794629088226,0.6731304260374732,0.6731304262619353
165049,67.5,0,DIR_ONLY,0.1464466094067263,0.0022794629088226,0.7038764889732956,0.8445725778937364
165049,67.5,1,NATIVE,0.1464466094067263,0.0015925278927636,0.4266321742460346,0.4495483552777222
165049,67.5,1,AMP_ONLY,0.1464466094067263,0.0015925278927636,0.4702768653607571,0.4702768657203176
165049,67.5,1,DIR_ONLY,0.1464466094067263,0.0015925278927636,0.9071824424623252,0.9559050362589496
165049,67.5,2,NATIVE,0.1464466094067263,0.0021276459591686,0.4404119666451563,0.5044886639341187
165049,67.5,2,AMP_ONLY,0.1464466094067263,0.0021276459591686,0.6282985097149109,0.6282985099732649
165049,67.5,2,DIR_ONLY,0.1464466094067263,0.0021276459591686,0.7009668804744296,0.8029566997370093
165049,67.5,3,NATIVE,0.1464466094067263,0.0024397890321245,0.3406394572584739,0.391648240420432
165049,67.5,3,AMP_ONLY,0.1464466094067263,0.0024397890321245,0.7204751251352479,0.7204751253241438
165049,67.5,3,DIR_ONLY,0.1464466094067263,0.0024397890321245,0.4727991308162961,0.5435961036243616
165049,90.0,0,NATIVE,3.749399456654644e-33,0.0017534704921277,-0.0570099555169768,0.304812278320423
165049,90.0,0,AMP_ONLY,3.749399456654644e-33,0.0017534704921277,0.5178035943601418,0.5178035946942773
165049,90.0,0,DIR_ONLY,3.749399456654644e-33,0.0017534704921277,-0.1100970305686075,0.5886466594104085
165049,90.0,1,NATIVE,3.749399456654644e-33,0.0017240504775718,0.0858173996095145,0.3007622989521766
165049,90.0,1,AMP_ONLY,3.749399456654644e-33,0.0017240504775718,0.5091157943285332,0.5091157946677382
165049,90.0,1,DIR_ONLY,3.749399456654644e-33,0.0017240504775718,0.1685621968668088,0.5907676527424776
165049,90.0,2,NATIVE,3.749399456654644e-33,0.001288819276943,0.0145257607845173,0.1654768453518345
165049,90.0,2,AMP_ONLY,3.749399456654644e-33,0.001288819276943,0.3805910102499877,0.380591010638224
165049,90.0,2,DIR_ONLY,3.749399456654644e-33,0.001288819276943,0.0381615834542992,0.4347731721560088
165049,90.0,3,NATIVE,3.749399456654644e-33,0.0019723431510081,0.0751812403387433,0.3437861092068473
165049,90.0,3,AMP_ONLY,3.749399456654644e-33,0.0019723431510081,0.5824372141870997,0.5824372144789126
165049,90.0,3,DIR_ONLY,3.749399456654644e-33,0.0019723431510081,0.1290788155394613,0.5902401027356907
165050,0.0,0,NATIVE,1.0,0.0038298027032249,0.9999999999469156,0.9999999999997696
165050,0.0,0,AMP_ONLY,1.0,0.0038298027032249,0.9999999999469156,0.9999999999997696
165050,0.0,0,DIR_ONLY,1.0,0.0038298027032249,0.9999999999469156,0.9999999999997696
165050,0.0,1,NATIVE,1.0,0.0038298027032249,0.9999999999469156,0.9999999999997696
165050,0.0,1,AMP_ONLY,1.0,0.0038298027032249,0.9999999999469156,0.9999999999997696
165050,0.0,1,DIR_ONLY,1.0,0.0038298027032249,0.9999999999469156,0.9999999999997696
165050,0.0,2,NATIVE,1.0,0.0038298027032249,0.9999999999469156,0.9999999999997696
165050,0.0,2,AMP_ONLY,1.0,0.0038298027032249,0.9999999999469156,0.9999999999997696
165050,0.0,2,DIR_ONLY,1.0,0.0038298027032249,0.9999999999469156,0.9999999999997696
165050,0.0,3,NATIVE,1.0,0.0038298027032249,0.9999999999469156,0.9999999999997696
165050,0.0,3,AMP_ONLY,1.0,0.0038298027032249,0.9999999999469156,0.9999999999997696
165050,0.0,3,DIR_ONLY,1.0,0.0038298027032249,0.9999999999469156,0.9999999999997696
165050,22.5,0,NATIVE,0.8535533905932737,0.0035399981693581,0.9133609515687552,0.9153585839435776
165050,22.5,0,AMP_ONLY,0.8535533905932737,0.0035399981693581,0.9243399849267552,0.9243399852495032
165050,22.5,0,DIR_ONLY,0.8535533905932737,0.0035399981693581,0.9881236657325398,0.990285203484632
165050,22.5,1,NATIVE,0.8535533905932737,0.0035680819803978,0.9135796445510782,0.9205225368868094
165050,22.5,1,AMP_ONLY,0.8535533905932737,0.0035680819803978,0.9316719760523918,0.9316719763267916
165050,22.5,1,DIR_ONLY,0.8535533905932737,0.0035680819803978,0.9805798348036288,0.9880310317588304
165050,22.5,2,NATIVE,0.8535533905932737,0.0039144832476139,0.9740276033841112,0.9793939175732964
165050,22.5,2,AMP_ONLY,0.8535533905932737,0.0039144832476139,1.022107429223773,1.0221074293036596
165050,22.5,2,DIR_ONLY,0.8535533905932737,0.0039144832476139,0.9529605359643718,0.9582111037002432
165050,22.5,3,NATIVE,0.8535533905932737,0.0034675808362387,0.8958395570848495,0.89854439465936
165050,22.5,3,AMP_ONLY,0.8535533905932737,0.0034675808362387,0.9054335259610876,0.9054335264280522
165050,22.5,3,DIR_ONLY,0.8535533905932737,0.0034675808362387,0.9894015414509392,0.9923872992224276
165050,45.0,0,NATIVE,0.5000000000000001,0.0028345398041255,0.6858073047035123,0.6916377661363466
165050,45.0,0,AMP_ONLY,0.5000000000000001,0.0028345398041255,0.7401566811892646,0.7401566838139589
165050,45.0,0,DIR_ONLY,0.5000000000000001,0.0028345398041255,0.9265780295064324,0.9344582680827044
165050,45.0,1,NATIVE,0.5000000000000001,0.0029660906326863,0.7452521061383997,0.7532668320800204
165050,45.0,1,AMP_ONLY,0.5000000000000001,0.0029660906326863,0.7745031904255678,0.7745031925042621
165050,45.0,1,DIR_ONLY,0.5000000000000001,0.0029660906326863,0.9622428567721752,0.9725982256646902
165050,45.0,2,NATIVE,0.5000000000000001,0.0035836934626267,0.8742642624906265,0.8945224620658258
165050,45.0,2,AMP_ONLY,0.5000000000000001,0.0035836934626267,0.9357477421543514,0.9357477424037798
165050,45.0,2,DIR_ONLY,0.5000000000000001,0.0035836934626267,0.9342931803259994,0.9559414691925436
165050,45.0,3,NATIVE,0.5000000000000001,0.0032524614488205,0.7304674324896966,0.7412301053400352
165050,45.0,3,AMP_ONLY,0.5000000000000001,0.0032524614488205,0.8492702652788745,0.8492702663223269
165050,45.0,3,DIR_ONLY,0.5000000000000001,0.0032524614488205,0.860118694832624,0.87279603010806
165050,67.5,0,NATIVE,0.1464466094067263,0.0013318377439565,0.2293141174398243,0.2481920040281125
165050,67.5,0,AMP_ONLY,0.1464466094067263,0.0013318377439565,0.347791311130881,0.347791318795742
165050,67.5,0,DIR_ONLY,0.1464466094067263,0.0013318377439565,0.6594049746183023,0.7137066567074948
165050,67.5,1,NATIVE,0.1464466094067263,0.0024274055902156,0.336135363782688,0.3856594479977454
165050,67.5,1,AMP_ONLY,0.1464466094067263,0.0024274055902156,0.6338559821856565,0.6338559866144261
165050,67.5,1,DIR_ONLY,0.1464466094067263,0.0024274055902156,0.5303063959280295,0.6084399277856316
165050,67.5,2,NATIVE,0.1464466094067263,0.0015455733531931,0.3175421190027263,0.351875294945129
165050,67.5,2,AMP_ONLY,0.1464466094067263,0.0015455733531931,0.4036019896195551,0.4036019970618106
165050,67.5,2,DIR_ONLY,0.1464466094067263,0.0015455733531931,0.7867819620308966,0.8718438650028185
165050,67.5,3,NATIVE,0.1464466094067263,0.0027482939713264,0.3663256681957387,0.4867191267869084
165050,67.5,3,AMP_ONLY,0.1464466094067263,0.0027482939713264,0.7176386206914674,0.717638623689463
165050,67.5,3,DIR_ONLY,0.1464466094067263,0.0027482939713264,0.510478591749473,0.6782497106275718
165050,90.0,0,NATIVE,3.749399456654644e-33,0.0010369474136231,-0.125096233412937,0.1706659503637646
165050,90.0,0,AMP_ONLY,3.749399456654644e-33,0.0010369474136231,0.2707879201571148,0.2707879276122353
165050,90.0,0,DIR_ONLY,3.749399456654644e-33,0.0010369474136231,-0.4620568541509649,0.6303637028159644
165050,90.0,1,NATIVE,3.749399456654644e-33,0.0017716961320574,0.1391692536834467,0.2815986979340256
165050,90.0,1,AMP_ONLY,3.749399456654644e-33,0.0017716961320574,0.4626461600995723,0.4626461670306881
165050,90.0,1,DIR_ONLY,3.749399456654644e-33,0.0017716961320574,0.3008145029081063,0.6086437276063676
165050,90.0,2,NATIVE,3.749399456654644e-33,0.0016343058430191,-0.1268450372788002,0.2491347759568155
165050,90.0,2,AMP_ONLY,3.749399456654644e-33,0.0016343058430191,0.4267715497179739,0.4267715569900501
165050,90.0,2,DIR_ONLY,3.749399456654644e-33,0.0016343058430191,-0.297258584807943,0.5838760346109576
165050,90.0,3,NATIVE,3.749399456654644e-33,0.0015993721847996,-0.0928548017295351,0.1967222469958082
165050,90.0,3,AMP_ONLY,3.749399456654644e-33,0.0015993721847996,0.4176497980589185,0.4176498054029773
165050,90.0,3,DIR_ONLY,3.749399456654644e-33,0.0015993721847996,-0.2223713261856063,0.4711387522764872
165051,0.0,0,NATIVE,1.0,0.0040781920358304,0.9999999999579392,0.9999999999997948
165051,0.0,0,AMP_ONLY,1.0,0.0040781920358304,0.9999999999579392,0.9999999999997948
165051,0.0,0,DIR_ONLY,1.0,0.0040781920358304,0.9999999999579392,0.9999999999997948
165051,0.0,1,NATIVE,1.0,0.0040781920358304,0.9999999999579392,0.9999999999997948
165051,0.0,1,AMP_ONLY,1.0,0.0040781920358304,0.9999999999579392,0.9999999999997948
165051,0.0,1,DIR_ONLY,1.0,0.0040781920358304,0.9999999999579392,0.9999999999997948
165051,0.0,2,NATIVE,1.0,0.0040781920358304,0.9999999999579392,0.9999999999997948
165051,0.0,2,AMP_ONLY,1.0,0.0040781920358304,0.9999999999579392,0.9999999999997948
165051,0.0,2,DIR_ONLY,1.0,0.0040781920358304,0.9999999999579392,0.9999999999997948
165051,0.0,3,NATIVE,1.0,0.0040781920358304,0.9999999999579392,0.9999999999997948
165051,0.0,3,AMP_ONLY,1.0,0.0040781920358304,0.9999999999579392,0.9999999999997948
165051,0.0,3,DIR_ONLY,1.0,0.0040781920358304,0.9999999999579392,0.9999999999997948
165051,22.5,0,NATIVE,0.8535533905932737,0.0039548821211463,0.9656265748867348,0.9657501371662288
165051,22.5,0,AMP_ONLY,0.8535533905932737,0.0039548821211463,0.9697604278593932,0.9697604279045168
165051,22.5,0,DIR_ONLY,0.8535533905932737,0.0039548821211463,0.9957372574724134,0.9958646707378572
165051,22.5,1,NATIVE,0.8535533905932737,0.0036861317685953,0.9149217089310204,0.9160002950268148
165051,22.5,1,AMP_ONLY,0.8535533905932737,0.0036861317685953,0.903854835981896,0.9038548360624612
165051,22.5,1,DIR_ONLY,0.8535533905932737,0.0036861317685953,1.0122445462537235,1.0134381126769865
165051,22.5,2,NATIVE,0.8535533905932737,0.0038188295104829,0.9007179411015883,0.9036753859039928
165051,22.5,2,AMP_ONLY,0.8535533905932737,0.0038188295104829,0.9363961599283726,0.9363961599869368
165051,22.5,2,DIR_ONLY,0.8535533905932737,0.0038188295104829,0.961898141543201,0.9650564918415
165051,22.5,3,NATIVE,0.8535533905932737,0.0035210780549675,0.874459893128944,0.8762243905316833
165051,22.5,3,AMP_ONLY,0.8535533905932737,0.0035210780549675,0.8633792059631398,0.8633792060817234
165051,22.5,3,DIR_ONLY,0.8535533905932737,0.0035210780549675,1.0128341019271827,1.0148776696158126
165051,45.0,0,NATIVE,0.5000000000000001,0.0034822455184033,0.784956244292995,0.7933800587697639
165051,45.0,0,AMP_ONLY,0.5000000000000001,0.0034822455184033,0.8538564694655734,0.8538564695946179
165051,45.0,0,DIR_ONLY,0.5000000000000001,0.0034822455184033,0.9193065385262555,0.9291727480516432
165051,45.0,1,NATIVE,0.5000000000000001,0.0035250640363378,0.8360533502376155,0.8464381217418501
165051,45.0,1,AMP_ONLY,0.5000000000000001,0.0035250640363378,0.8643566721824344,0.864356672299975
165051,45.0,1,DIR_ONLY,0.5000000000000001,0.0035250640363378,0.9672528311397774,0.979266099450134
165051,45.0,2,NATIVE,0.5000000000000001,0.0032743587851458,0.7416621458825977,0.7481721324245922
165051,45.0,2,AMP_ONLY,0.5000000000000001,0.0032743587851458,0.8028776256005922,0.802877625793872
165051,45.0,2,DIR_ONLY,0.5000000000000001,0.0032743587851458,0.9237552197411556,0.931864447105604
165051,45.0,3,NATIVE,0.5000000000000001,0.0031788163679355,0.6525589225703574,0.6584072996800154
165051,45.0,3,AMP_ONLY,0.5000000000000001,0.0031788163679355,0.7794485052577863,0.7794485054844957
165051,45.0,3,DIR_ONLY,0.5000000000000001,0.0031788163679355,0.8372025576084577,0.8447050942612974
165051,67.5,0,NATIVE,0.1464466094067263,0.0017749876413548,0.3763720567117802,0.3839176488591403
165051,67.5,0,AMP_ONLY,0.1464466094067263,0.0017749876413548,0.4352121639209503,0.4352121646514985
165051,67.5,0,DIR_ONLY,0.1464466094067263,0.0017749876413548,0.8647970582723695,0.8821321313717967
165051,67.5,1,NATIVE,0.1464466094067263,0.0018484060450448,0.3351800474830794,0.3710555821992689
165051,67.5,1,AMP_ONLY,0.1464466094067263,0.0018484060450448,0.4532146384597149,0.4532146391738604
165051,67.5,1,DIR_ONLY,0.1464466094067263,0.0018484060450448,0.7395631098530558,0.8187178616298725
165051,67.5,2,NATIVE,0.1464466094067263,0.0021231351106862,0.395182366454845,0.4425015975365848
165051,67.5,2,AMP_ONLY,0.1464466094067263,0.0021231351106862,0.5205798852112096,0.5205798858465844
165051,67.5,2,DIR_ONLY,0.1464466094067263,0.0021231351106862,0.7591209680335453,0.8500209617256881
165051,67.5,3,NATIVE,0.1464466094067263,0.002581400795676,0.4106086960871251,0.4462777068412843
165051,67.5,3,AMP_ONLY,0.1464466094067263,0.002581400795676,0.632951620130358,0.6329516205938063
165051,67.5,3,DIR_ONLY,0.1464466094067263,0.002581400795676,0.6487063625050413,0.705053920411426
165051,90.0,0,NATIVE,3.749399456654644e-33,0.0005419739565677,-0.0250679723178013,0.0646154298716936
165051,90.0,0,AMP_ONLY,3.749399456654644e-33,0.0005419739565677,0.1328830654208636,0.1328830659401688
165051,90.0,0,DIR_ONLY,3.749399456654644e-33,0.0005419739565677,-0.1886095689897644,0.4861754773099362
165051,90.0,1,NATIVE,3.749399456654644e-33,0.0011331168836606,-0.0173523741479178,0.1379761013560851
165051,90.0,1,AMP_ONLY,3.749399456654644e-33,0.0011331168836606,0.2778260006889153,0.2778260014448306
165051,90.0,1,DIR_ONLY,3.749399456654644e-33,0.0011331168836606,-0.0624454413290131,0.4966169429887369
165051,90.0,2,NATIVE,3.749399456654644e-33,0.0018550576592559,-0.0951871090188917,0.2164008137737424
165051,90.0,2,AMP_ONLY,3.749399456654644e-33,0.0018550576592559,0.454845643291953,0.4548456440045046
165051,90.0,2,DIR_ONLY,3.749399456654644e-33,0.0018550576592559,-0.2092573564932854,0.4757393624093343
165051,90.0,3,NATIVE,3.749399456654644e-33,0.0017083817119147,0.0749137941029392,0.1973747614197581
165051,90.0,3,AMP_ONLY,3.749399456654644e-33,0.0017083817119147,0.4188801952600464,0.4188801960034859
165051,90.0,3,DIR_ONLY,3.749399456654644e-33,0.0017083817119147,0.1788349551506166,0.4711688869239914
165052,0.0,0,NATIVE,1.0,0.0026283512038921,0.999999999729865,0.9999999999994802
165052,0.0,0,AMP_ONLY,1.0,0.0026283512038921,0.999999999729865,0.9999999999994802
165052,0.0,0,DIR_ONLY,1.0,0.0026283512038921,0.999999999729865,0.9999999999994802
165052,0.0,1,NATIVE,1.0,0.0026283512038921,0.999999999729865,0.9999999999994802
165052,0.0,1,AMP_ONLY,1.0,0.0026283512038921,0.999999999729865,0.9999999999994802
165052,0.0,1,DIR_ONLY,1.0,0.0026283512038921,0.999999999729865,0.9999999999994802
165052,0.0,2,NATIVE,1.0,0.0026283512038921,0.999999999729865,0.9999999999994802
165052,0.0,2,AMP_ONLY,1.0,0.0026283512038921,0.999999999729865,0.9999999999994802
165052,0.0,2,DIR_ONLY,1.0,0.0026283512038921,0.999999999729865,0.9999999999994802
165052,0.0,3,NATIVE,1.0,0.0026283512038921,0.999999999729865,0.9999999999994802
165052,0.0,3,AMP_ONLY,1.0,0.0026283512038921,0.999999999729865,0.9999999999994802
165052,0.0,3,DIR_ONLY,1.0,0.0026283512038921,0.999999999729865,0.9999999999994802
165052,22.5,0,NATIVE,0.8535533905932737,0.0021282024773543,0.7764439689673001,0.782513546851177
165052,22.5,0,AMP_ONLY,0.8535533905932737,0.0021282024773543,0.8097129873366491,0.8097129876820448
165052,22.5,0,DIR_ONLY,0.8535533905932737,0.0021282024773543,0.9589126695533966,0.9664088187000136
165052,22.5,1,NATIVE,0.8535533905932737,0.0022307451749055,0.7905825805859067,0.7997586573560987
165052,22.5,1,AMP_ONLY,0.8535533905932737,0.0022307451749055,0.8487265816601529,0.8487265819731659
165052,22.5,1,DIR_ONLY,0.8535533905932737,0.0022307451749055,0.9314928978351396,0.9423043594832126
165052,22.5,2,NATIVE,0.8535533905932737,0.0024305854098161,0.8814150706954974,0.8940606789081857
165052,22.5,2,AMP_ONLY,0.8535533905932737,0.0024305854098161,0.9247580207183228,0.924758020990343
165052,22.5,2,DIR_ONLY,0.8535533905932737,0.0024305854098161,0.953131043131366,0.9668059592195194
165052,22.5,3,NATIVE,0.8535533905932737,0.0026821872761939,0.9483361948198554,0.9760591151678676
165052,22.5,3,AMP_ONLY,0.8535533905932737,0.0026821872761939,1.0204824359075153,1.0204824361845086
165052,22.5,3,DIR_ONLY,0.8535533905932737,0.0026821872761939,0.9293020526012702,0.9564685826541958
165052,45.0,0,NATIVE,0.5000000000000001,0.0020739383492572,0.7367149400447283,0.7510095644103512
165052,45.0,0,AMP_ONLY,0.5000000000000001,0.0020739383492572,0.7890675282152277,0.7890675285801501
165052,45.0,0,DIR_ONLY,0.5000000000000001,0.0020739383492572,0.9336514298349068,0.951765594327477
165052,45.0,1,NATIVE,0.5000000000000001,0.0023904813297229,0.8716837556571829,0.8860779155389654
165052,45.0,1,AMP_ONLY,0.5000000000000001,0.0023904813297229,0.9094999951798602,0.9094999954573616
165052,45.0,1,DIR_ONLY,0.5000000000000001,0.0023904813297229,0.9584212849459546,0.9742482201743642
165052,45.0,2,NATIVE,0.5000000000000001,0.0020453194922695,0.7900385877670397,0.8163565646818113
165052,45.0,2,AMP_ONLY,0.5000000000000001,0.0020453194922695,0.7781791233844627,0.7781791237602448
165052,45.0,2,DIR_ONLY,0.5000000000000001,0.0020453194922695,1.0152433618537646,1.0490653639282632
165052,45.0,3,NATIVE,0.5000000000000001,0.0021197939755827,0.7093113341644293,0.7400322367077123
165052,45.0,3,AMP_ONLY,0.5000000000000001,0.0021197939755827,0.8065138698279122,0.8065138701762357
165052,45.0,3,DIR_ONLY,0.5000000000000001,0.0021197939755827,0.8794763764552989,0.9175658870304578
165052,67.5,0,NATIVE,0.1464466094067263,0.0019603673167822,0.4464113136850842,0.6076583342074218
165052,67.5,0,AMP_ONLY,0.1464466094067263,0.0019603673167822,0.7458579711418368,0.7458579715517516
165052,67.5,0,DIR_ONLY,0.1464466094067263,0.0019603673167822,0.5985208703233249,0.814713290036248
165052,67.5,1,NATIVE,0.1464466094067263,0.0021762339808627,0.5150153822695351,0.6055211188410543
165052,67.5,1,AMP_ONLY,0.1464466094067263,0.0021762339808627,0.8279871538368944,0.8279871541663224
165052,67.5,1,DIR_ONLY,0.1464466094067263,0.0021762339808627,0.6220095642774915,0.7313187050977844
165052,67.5,2,NATIVE,0.1464466094067263,0.001630714907248,0.4745755901378629,0.5723949093933051
165052,67.5,2,AMP_ONLY,0.1464466094067263,0.001630714907248,0.6204370811677102,0.6204370817224841
165052,67.5,2,DIR_ONLY,0.1464466094067263,0.001630714907248,0.7649017512423976,0.9225638586682436
165052,67.5,3,NATIVE,0.1464466094067263,0.0019775059122688,0.6569392240187573,0.6972805143451026
165052,67.5,3,AMP_ONLY,0.1464466094067263,0.0019775059122688,0.7523785743040005,0.7523785747068275
165052,67.5,3,DIR_ONLY,0.1464466094067263,0.0019775059122688,0.8731477338581348,0.9267664557821
165052,90.0,0,NATIVE,3.749399456654644e-33,0.0016346901876749,-0.144887099418433,0.5014880317818744
165052,90.0,0,AMP_ONLY,3.749399456654644e-33,0.0016346901876749,0.6219495359834172,0.6219495365364535
165052,90.0,0,DIR_ONLY,3.749399456654644e-33,0.0016346901876749,-0.2329611038257652,0.80631945548878
165052,90.0,1,NATIVE,3.749399456654644e-33,0.0012170660075875,0.1179058810291135,0.2889756800750359
165052,90.0,1,AMP_ONLY,3.749399456654644e-33,0.0012170660075875,0.4630577081096821,0.4630577088133413
165052,90.0,1,DIR_ONLY,3.749399456654644e-33,0.0012170660075875,0.2546250718922464,0.6240661795663023
165052,90.0,2,NATIVE,3.749399456654644e-33,0.0022994534243557,-0.1751989268695737,0.6024389352352202
165052,90.0,2,AMP_ONLY,3.749399456654644e-33,0.0022994534243557,0.8748674237372933,0.8748674240325466
165052,90.0,2,DIR_ONLY,3.749399456654644e-33,0.0022994534243557,-0.2002585806862876,0.6886056858281021
165052,90.0,3,NATIVE,3.749399456654644e-33,0.0013416244661232,-0.0970025363309566,0.3150370638119772
165052,90.0,3,AMP_ONLY,3.749399456654644e-33,0.0013416244661232,0.5104480738927262,0.5104480745607245
165052,90.0,3,DIR_ONLY,3.749399456654644e-33,0.0013416244661232,-0.1900381554297646,0.617184770788414
165053,0.0,0,NATIVE,1.0,0.009842914984294,0.9999999999906456,0.9999999999999034
165053,0.0,0,AMP_ONLY,1.0,0.009842914984294,0.9999999999906456,0.9999999999999034
165053,0.0,0,DIR_ONLY,1.0,0.009842914984294,0.9999999999906456,0.9999999999999034
165053,0.0,1,NATIVE,1.0,0.009842914984294,0.9999999999906456,0.9999999999999034
165053,0.0,1,AMP_ONLY,1.0,0.009842914984294,0.9999999999906456,0.9999999999999034
165053,0.0,1,DIR_ONLY,1.0,0.009842914984294,0.9999999999906456,0.9999999999999034
165053,0.0,2,NATIVE,1.0,0.009842914984294,0.9999999999906456,0.9999999999999034
165053,0.0,2,AMP_ONLY,1.0,0.009842914984294,0.9999999999906456,0.9999999999999034
165053,0.0,2,DIR_ONLY,1.0,0.009842914984294,0.9999999999906456,0.9999999999999034
165053,0.0,3,NATIVE,1.0,0.009842914984294,0.9999999999906456,0.9999999999999034
165053,0.0,3,AMP_ONLY,1.0,0.009842914984294,0.9999999999906456,0.9999999999999034
165053,0.0,3,DIR_ONLY,1.0,0.009842914984294,0.9999999999906456,0.9999999999999034
165053,22.5,0,NATIVE,0.8535533905932737,0.0086124100396856,0.9165569809412892,0.921452473203033
165053,22.5,0,AMP_ONLY,0.8535533905932737,0.0086124100396856,0.8749454695107259,0.8749454700485894
165053,22.5,0,DIR_ONLY,0.8535533905932737,0.0086124100396856,1.0475588851367994,1.053152754481445
165053,22.5,1,NATIVE,0.8535533905932737,0.0092154710515974,0.931354420195138,0.933333537802694
165053,22.5,1,AMP_ONLY,0.8535533905932737,0.0092154710515974,0.9362323262312284,0.9362323263871188
165053,22.5,1,DIR_ONLY,0.8535533905932737,0.0092154710515974,0.9947893543526354,0.996902854573569
165053,22.5,2,NATIVE,0.8535533905932737,0.0086632358689244,0.8927307384864673,0.8958644179540441
165053,22.5,2,AMP_ONLY,0.8535533905932737,0.0086632358689244,0.8801106056008214,0.8801106060987006
165053,22.5,2,DIR_ONLY,0.8535533905932737,0.0086632358689244,1.014339617022426,1.0178994290496042
165053,22.5,3,NATIVE,0.8535533905932737,0.0097838400795273,1.004156801869942,1.020981588256015
165053,22.5,3,AMP_ONLY,0.8535533905932737,0.0097838400795273,0.9939960414071568,0.993996041417743
165053,22.5,3,DIR_ONLY,0.8535533905932737,0.0097838400795273,1.010222237493766,1.0271485934035134
165053,45.0,0,NATIVE,0.5000000000000001,0.0060014408680272,0.6453956271180535,0.6873908371825909
165053,45.0,0,AMP_ONLY,0.5000000000000001,0.0060014408680272,0.6096338282230747,0.6096338318439013
165053,45.0,0,DIR_ONLY,0.5000000000000001,0.0060014408680272,1.0586109907022194,1.1274476624345386
165053,45.0,1,NATIVE,0.5000000000000001,0.0068125454913718,0.7437336474221213,0.8016853975639138
165053,45.0,1,AMP_ONLY,0.5000000000000001,0.0068125454913718,0.6920480987010836,0.6920481012574344
165053,45.0,1,DIR_ONLY,0.5000000000000001,0.0068125454913718,1.0747270297183085,1.158461851234066
165053,45.0,2,NATIVE,0.5000000000000001,0.0062184898532849,0.6000218108257661,0.6079521822237473
165053,45.0,2,AMP_ONLY,0.5000000000000001,0.0062184898532849,0.6316871325426504,0.6316871358817531
165053,45.0,2,DIR_ONLY,0.5000000000000001,0.0062184898532849,0.9498579247432676,0.9624067669692656
165053,45.0,3,NATIVE,0.5000000000000001,0.0076138949172103,0.8555240258288132,0.8871623732522256
165053,45.0,3,AMP_ONLY,0.5000000000000001,0.0076138949172103,0.7734760540533684,0.7734760556001858
165053,45.0,3,DIR_ONLY,0.5000000000000001,0.0076138949172103,1.1060859716538902,1.1469799442654744
165053,67.5,0,NATIVE,0.1464466094067263,0.0055022265337378,0.6356375860077216,0.7215189027247634
165053,67.5,0,AMP_ONLY,0.1464466094067263,0.0055022265337378,0.55891241907652,0.5589124233174805
165053,67.5,0,DIR_ONLY,0.1464466094067263,0.0055022265337378,1.137236942531416,1.290792469942529
165053,67.5,1,NATIVE,0.1464466094067263,0.0056040571366176,0.3281358704665877,0.4462719053658748
165053,67.5,1,AMP_ONLY,0.1464466094067263,0.0056040571366176,0.5692585056380804,0.5692585097567143
165053,67.5,1,DIR_ONLY,0.1464466094067263,0.0056040571366176,0.5764016858691821,0.7839225989226354
165053,67.5,2,NATIVE,0.1464466094067263,0.0039778586645265,0.2374619539434941,0.3441805841363987
165053,67.5,2,AMP_ONLY,0.1464466094067263,0.0039778586645265,0.4040446735259753,0.4040446791362155
165053,67.5,2,DIR_ONLY,0.1464466094067263,0.0039778586645265,0.5876219661568562,0.8515950641383292
165053,67.5,3,NATIVE,0.1464466094067263,0.0053399553856284,0.3302953975310892,0.4138093575557987
165053,67.5,3,AMP_ONLY,0.1464466094067263,0.0053399553856284,0.5424256788683908,0.542425683298704
165053,67.5,3,DIR_ONLY,0.1464466094067263,0.0053399553856284,0.6088697609700577,0.7628217291513584
165053,90.0,0,NATIVE,3.749399456654644e-33,0.0043124257107395,0.1079938129002502,0.2244324324912006
165053,90.0,0,AMP_ONLY,3.749399456654644e-33,0.0043124257107395,0.4380333952231665,0.4380334006282829
165053,90.0,0,DIR_ONLY,3.749399456654644e-33,0.0043124257107395,0.2465295234909488,0.5122927774219568
165053,90.0,1,NATIVE,3.749399456654644e-33,0.002542613149688,0.1181859800393704,0.2780707550175815
165053,90.0,1,AMP_ONLY,3.749399456654644e-33,0.002542613149688,0.2582476572038348,0.258247662773065
165053,90.0,1,DIR_ONLY,3.749399456654644e-33,0.002542613149688,0.4576627246736917,1.0767747053436167
165053,90.0,2,NATIVE,3.749399456654644e-33,0.0036149574313465,0.1967251401998785,0.3150995284187443
165053,90.0,2,AMP_ONLY,3.749399456654644e-33,0.0036149574313465,0.3671784526231698,0.3671784583754456
165053,90.0,2,DIR_ONLY,3.749399456654644e-33,0.0036149574313465,0.5358160542157548,0.8581643104519961
165053,90.0,3,NATIVE,3.749399456654644e-33,0.0031626203820524,-0.0577730994227517,0.1804696002472381
165053,90.0,3,AMP_ONLY,3.749399456654644e-33,0.0031626203820524,0.3212280976774874,0.3212281034719314
165053,90.0,3,DIR_ONLY,3.749399456654644e-33,0.0031626203820524,-0.1798242913914962,0.5617396822085787
165054,0.0,0,NATIVE,1.0,0.0023290552269443,0.9999999999127552,0.9999999999997046
165054,0.0,0,AMP_ONLY,1.0,0.0023290552269443,0.9999999999127552,0.9999999999997046
165054,0.0,0,DIR_ONLY,1.0,0.0023290552269443,0.9999999999127552,0.9999999999997046
165054,0.0,1,NATIVE,1.0,0.0023290552269443,0.9999999999127552,0.9999999999997046
165054,0.0,1,AMP_ONLY,1.0,0.0023290552269443,0.9999999999127552,0.9999999999997046
165054,0.0,1,DIR_ONLY,1.0,0.0023290552269443,0.9999999999127552,0.9999999999997046
165054,0.0,2,NATIVE,1.0,0.0023290552269443,0.9999999999127552,0.9999999999997046
165054,0.0,2,AMP_ONLY,1.0,0.0023290552269443,0.9999999999127552,0.9999999999997046
165054,0.0,2,DIR_ONLY,1.0,0.0023290552269443,0.9999999999127552,0.9999999999997046
165054,0.0,3,NATIVE,1.0,0.0023290552269443,0.9999999999127552,0.9999999999997046
165054,0.0,3,AMP_ONLY,1.0,0.0023290552269443,0.9999999999127552,0.9999999999997046
165054,0.0,3,DIR_ONLY,1.0,0.0023290552269443,0.9999999999127552,0.9999999999997046
165054,22.5,0,NATIVE,0.8535533905932737,0.0022993516762969,0.9057533723444272,0.912721891700178
165054,22.5,0,AMP_ONLY,0.8535533905932737,0.0022993516762969,0.9872531408588509,0.9872531409504448
165054,22.5,0,DIR_ONLY,0.8535533905932737,0.0022993516762969,0.91744818673002,0.92450683713937
165054,22.5,1,NATIVE,0.8535533905932737,0.0021963774479282,0.9849751022126144,0.9906275965091076
165054,22.5,1,AMP_ONLY,0.8535533905932737,0.0021963774479282,0.9430618798612552,0.9430618800528786
165054,22.5,1,DIR_ONLY,0.8535533905932737,0.0021963774479282,1.0444430343098638,1.050436784276469
165054,22.5,2,NATIVE,0.8535533905932737,0.0021778311872716,0.9720433699068464,0.9764158645973204
165054,22.5,2,AMP_ONLY,0.8535533905932737,0.0021778311872716,0.9351025566571524,0.9351025568796664
165054,22.5,2,DIR_ONLY,0.8535533905932737,0.0021778311872716,1.0395042465784443,1.044180037723862
165054,22.5,3,NATIVE,0.8535533905932737,0.0020555033118979,0.8481029120375116,0.8547964011870285
165054,22.5,3,AMP_ONLY,0.8535533905932737,0.0020555033118979,0.8826025879235571,0.882602588436318
165054,22.5,3,DIR_ONLY,0.8535533905932737,0.0020555033118979,0.960916698709781,0.96850177395667
165054,45.0,0,NATIVE,0.5000000000000001,0.0019290822142579,0.5803747015747583,0.6019805983391625
165054,45.0,0,AMP_ONLY,0.5000000000000001,0.0019290822142579,0.8283428634322587,0.8283428643789293
165054,45.0,0,DIR_ONLY,0.5000000000000001,0.0019290822142579,0.7006567525284023,0.726744297601716
165054,45.0,1,NATIVE,0.5000000000000001,0.0022516150803258,0.9185904937665276,0.9379666892294166
165054,45.0,1,AMP_ONLY,0.5000000000000001,0.0022516150803258,0.966767296434674,0.9667672965570224
165054,45.0,1,DIR_ONLY,0.5000000000000001,0.0022516150803258,0.9501669798716068,0.9702092992282026
165054,45.0,2,NATIVE,0.5000000000000001,0.0014932994581839,0.4462354045470247,0.5083561016531104
165054,45.0,2,AMP_ONLY,0.5000000000000001,0.0014932994581839,0.6412818781526964,0.6412818811625519
165054,45.0,2,DIR_ONLY,0.5000000000000001,0.0014932994581839,0.6959036057586289,0.7928078770658145
165054,45.0,3,NATIVE,0.5000000000000001,0.0016015506299077,0.6564674854979198,0.6725600275209931
165054,45.0,3,AMP_ONLY,0.5000000000000001,0.0016015506299077,0.6877524371644033,0.6877524396252799
165054,45.0,3,DIR_ONLY,0.5000000000000001,0.0016015506299077,0.9544918235269892,0.9778965206582788
165054,67.5,0,NATIVE,0.1464466094067263,0.001952385191686,0.3463706729380715,0.4801740882674256
165054,67.5,0,AMP_ONLY,0.1464466094067263,0.001952385191686,0.838344695567276,0.8383446964252683
165054,67.5,0,DIR_ONLY,0.1464466094067263,0.001952385191686,0.4131863571947048,0.5728026256872183
165054,67.5,1,NATIVE,0.1464466094067263,0.0013727998968744,0.4296666288517972,0.4890770067230761
165054,67.5,1,AMP_ONLY,0.1464466094067263,0.0013727998968744,0.589550604041258,0.5895506076471173
165054,67.5,1,DIR_ONLY,0.1464466094067263,0.0013727998968744,0.7288478495505135,0.829663664801575
165054,67.5,2,NATIVE,0.1464466094067263,0.002005289538667,0.6624013887887361,0.7069671364460423
165054,67.5,2,AMP_ONLY,0.1464466094067263,0.002005289538667,0.8610512912423988,0.8610512919130824
165054,67.5,2,DIR_ONLY,0.1464466094067263,0.002005289538667,0.7693058858051276,0.8210659368859893
165054,67.5,3,NATIVE,0.1464466094067263,0.0014226922558565,0.4580975538514777,0.4929083709155852
165054,67.5,3,AMP_ONLY,0.1464466094067263,0.0014226922558565,0.6109700713611701,0.6109700747239687
165054,67.5,3,DIR_ONLY,0.1464466094067263,0.0014226922558565,0.7498149568353468,0.8068058898234503
165054,90.0,0,NATIVE,3.749399456654644e-33,0.0017198019814457,0.3169071940675204,0.398172433161472
165054,90.0,0,AMP_ONLY,3.749399456654644e-33,0.0017198019814457,0.7385133237864229,0.7385133256592669
165054,90.0,0,DIR_ONLY,3.749399456654644e-33,0.0017198019814457,0.4291558731654934,0.5392077767398649
165054,90.0,1,NATIVE,3.749399456654644e-33,0.0018829098861089,0.1825746962779809,0.289053903196507
165054,90.0,1,AMP_ONLY,3.749399456654644e-33,0.0018829098861089,0.8085250042952105,0.8085250054276246
165054,90.0,1,DIR_ONLY,3.749399456654644e-33,0.0018829098861089,0.2258271011763217,0.3575374108429603
165054,90.0,2,NATIVE,3.749399456654644e-33,0.0017826005607488,-0.0218141206645413,0.2648978456417836
165054,90.0,2,AMP_ONLY,3.749399456654644e-33,0.0017826005607488,0.7654693053752543,0.7654693069500899
165054,90.0,2,DIR_ONLY,3.749399456654644e-33,0.0017826005607488,-0.0285064927351101,0.3461009660898763
165054,90.0,3,NATIVE,3.749399456654644e-33,0.0011115309082523,0.0993613314394606,0.2317745014418768
165054,90.0,3,AMP_ONLY,3.749399456654644e-33,0.0011115309082523,0.477376406546253,0.4773764112514691
165054,90.0,3,DIR_ONLY,3.749399456654644e-33,0.0011115309082523,0.2081563955783766,0.4856356373991818
165055,0.0,0,NATIVE,1.0,0.0062376945369081,0.9999999999814252,0.9999999999998636
165055,0.0,0,AMP_ONLY,1.0,0.0062376945369081,0.9999999999814252,0.9999999999998636
165055,0.0,0,DIR_ONLY,1.0,0.0062376945369081,0.9999999999814252,0.9999999999998636
165055,0.0,1,NATIVE,1.0,0.0062376945369081,0.9999999999814252,0.9999999999998636
165055,0.0,1,AMP_ONLY,1.0,0.0062376945369081,0.9999999999814252,0.9999999999998636
165055,0.0,1,DIR_ONLY,1.0,0.0062376945369081,0.9999999999814252,0.9999999999998636
165055,0.0,2,NATIVE,1.0,0.0062376945369081,0.9999999999814252,0.9999999999998636
165055,0.0,2,AMP_ONLY,1.0,0.0062376945369081,0.9999999999814252,0.9999999999998636
165055,0.0,2,DIR_ONLY,1.0,0.0062376945369081,0.9999999999814252,0.9999999999998636
165055,0.0,3,NATIVE,1.0,0.0062376945369081,0.9999999999814252,0.9999999999998636
165055,0.0,3,AMP_ONLY,1.0,0.0062376945369081,0.9999999999814252,0.9999999999998636
165055,0.0,3,DIR_ONLY,1.0,0.0062376945369081,0.9999999999814252,0.9999999999998636
165055,22.5,0,NATIVE,0.8535533905932737,0.0059319494816654,0.9161745691093404,0.9213431091297436
165055,22.5,0,AMP_ONLY,0.8535533905932737,0.0059319494816654,0.9510067920167472,0.9510067921315126
165055,22.5,0,DIR_ONLY,0.8535533905932737,0.0059319494816654,0.9633744112837372,0.9688093044867032
165055,22.5,1,NATIVE,0.8535533905932737,0.0055901797806388,0.8673294549960224,0.8782678497732889
165055,22.5,1,AMP_ONLY,0.8535533905932737,0.0055901797806388,0.8962381307269146,0.8962381311539354
165055,22.5,1,DIR_ONLY,0.8535533905932737,0.0055901797806388,0.9677433146678996,0.97994859565657
165055,22.5,2,NATIVE,0.8535533905932737,0.0054586769780565,0.8566775641218842,0.8650928350828039
165055,22.5,2,AMP_ONLY,0.8535533905932737,0.0054586769780565,0.8751639977858788,0.8751639983819407
165055,22.5,2,DIR_ONLY,0.8535533905932737,0.0054586769780565,0.978876474665736,0.9884934871179724
165055,22.5,3,NATIVE,0.8535533905932737,0.0056634691172926,0.8829687973655894,0.887005774108498
165055,22.5,3,AMP_ONLY,0.8535533905932737,0.0056634691172926,0.9079830089793942,0.9079830093232796
165055,22.5,3,DIR_ONLY,0.8535533905932737,0.0056634691172926,0.9724514668115536,0.976897984401544
165055,45.0,0,NATIVE,0.5000000000000001,0.0040066682192617,0.5906138670622821,0.6175741797399324
165055,45.0,0,AMP_ONLY,0.5000000000000001,0.0040066682192617,0.642441890228654,0.642441893714651
165055,45.0,0,DIR_ONLY,0.5000000000000001,0.0040066682192617,0.9193315848297609,0.9613017692379372
165055,45.0,1,NATIVE,0.5000000000000001,0.0041242512645577,0.649665717737482,0.669753444419744
165055,45.0,1,AMP_ONLY,0.5000000000000001,0.0041242512645577,0.6612895816929316,0.6612895849154953
165055,45.0,1,DIR_ONLY,0.5000000000000001,0.0041242512645577,0.9824093140137714,1.0127852365631749
165055,45.0,2,NATIVE,0.5000000000000001,0.0032691528919023,0.5108488415396543,0.5232300800955763
165055,45.0,2,AMP_ONLY,0.5000000000000001,0.0032691528919023,0.5242158359844304,0.5242158410001202
165055,45.0,2,DIR_ONLY,0.5000000000000001,0.0032691528919023,0.9745109559190348,0.9981385904526936
165055,45.0,3,NATIVE,0.5000000000000001,0.0047966648107583,0.689337509761305,0.7136595463097883
165055,45.0,3,AMP_ONLY,0.5000000000000001,0.0047966648107583,0.7690658873391565,0.7690658890931494
165055,45.0,3,DIR_ONLY,0.5000000000000001,0.0047966648107583,0.8963345243367383,0.9279622429485328
165055,67.5,0,NATIVE,0.1464466094067263,0.0018093343167129,0.2157815391450402,0.2381011646109171
165055,67.5,0,AMP_ONLY,0.1464466094067263,0.0018093343167129,0.2901628242554582,0.2901628303959997
165055,67.5,0,DIR_ONLY,0.1464466094067263,0.0018093343167129,0.7437226793488186,0.8206847616610824
165055,67.5,1,NATIVE,0.1464466094067263,0.0048280677255459,0.4744441501094511,0.5983274247485334
165055,67.5,1,AMP_ONLY,0.1464466094067263,0.0048280677255459,0.7740989579621687,0.7740989596523301
165055,67.5,1,DIR_ONLY,0.1464466094067263,0.0048280677255459,0.6129238342226419,0.7729677994426305
165055,67.5,2,NATIVE,0.1464466094067263,0.0033455260467171,0.4702373210947878,0.5124101908013574
165055,67.5,2,AMP_ONLY,0.1464466094067263,0.0033455260467171,0.5364593195461945,0.5364593244201059
165055,67.5,2,DIR_ONLY,0.1464466094067263,0.0033455260467171,0.8765571089377102,0.9551930182395266
165055,67.5,3,NATIVE,0.1464466094067263,0.0029682448447661,0.3067185037380495,0.3760240145780818
165055,67.5,3,AMP_ONLY,0.1464466094067263,0.0029682448447661,0.4759754624941018,0.4759754680106738
165055,67.5,3,DIR_ONLY,0.1464466094067263,0.0029682448447661,0.6444830006620142,0.790146463556651
165055,90.0,0,NATIVE,3.749399456654644e-33,0.0032386496222067,-0.2174208669590478,0.3202609064716205
165055,90.0,0,AMP_ONLY,3.749399456654644e-33,0.0032386496222067,0.5193257754533802,0.5193257805241902
165055,90.0,0,DIR_ONLY,3.749399456654644e-33,0.0032386496222067,-0.4188108151890748,0.6168573302544382
165055,90.0,1,NATIVE,3.749399456654644e-33,0.0029229998816031,0.0781205926333159,0.2741872003539435
165055,90.0,1,AMP_ONLY,3.749399456654644e-33,0.0029229998816031,0.4687217784808459,0.4687217840636311
165055,90.0,1,DIR_ONLY,3.749399456654644e-33,0.0029229998816031,0.1666744458096761,0.5851210830188522
165055,90.0,2,NATIVE,3.749399456654644e-33,0.00231227712003,-0.0821497812717693,0.1937326777538639
165055,90.0,2,AMP_ONLY,3.749399456654644e-33,0.00231227712003,0.3708056359547459,0.3708056421328624
165055,90.0,2,DIR_ONLY,3.749399456654644e-33,0.00231227712003,-0.2216392455960914,0.5226292051928138
165055,90.0,3,NATIVE,3.749399456654644e-33,0.0023667026919247,0.0809248044785884,0.1576789868438905
165055,90.0,3,AMP_ONLY,3.749399456654644e-33,0.0023667026919247,0.3795319661204323,0.3795319722711578
165055,90.0,3,DIR_ONLY,3.749399456654644e-33,0.0023667026919247,0.2132475110538612,0.4155611372264826
165056,0.0,0,NATIVE,1.0,0.003833096917817,0.9999999998552748,0.9999999999996196
165056,0.0,0,AMP_ONLY,1.0,0.003833096917817,0.9999999998552748,0.9999999999996196
165056,0.0,0,DIR_ONLY,1.0,0.003833096917817,0.9999999998552748,0.9999999999996196
165056,0.0,1,NATIVE,1.0,0.003833096917817,0.9999999998552748,0.9999999999996196
165056,0.0,1,AMP_ONLY,1.0,0.003833096917817,0.9999999998552748,0.9999999999996196
165056,0.0,1,DIR_ONLY,1.0,0.003833096917817,0.9999999998552748,0.9999999999996196
165056,0.0,2,NATIVE,1.0,0.003833096917817,0.9999999998552748,0.9999999999996196
165056,0.0,2,AMP_ONLY,1.0,0.003833096917817,0.9999999998552748,0.9999999999996196
165056,0.0,2,DIR_ONLY,1.0,0.003833096917817,0.9999999998552748,0.9999999999996196
165056,0.0,3,NATIVE,1.0,0.003833096917817,0.9999999998552748,0.9999999999996196
165056,0.0,3,AMP_ONLY,1.0,0.003833096917817,0.9999999998552748,0.9999999999996196
165056,0.0,3,DIR_ONLY,1.0,0.003833096917817,0.9999999998552748,0.9999999999996196
165056,22.5,0,NATIVE,0.8535533905932737,0.0037843557964702,0.9078443847902316,0.914286073466148
165056,22.5,0,AMP_ONLY,0.8535533905932737,0.0037843557964702,0.9872851848490448,0.9872851849918848
165056,22.5,0,DIR_ONLY,0.8535533905932737,0.0037843557964702,0.9195361910454096,0.9260608317428924
165056,22.5,1,NATIVE,0.8535533905932737,0.0038002368319631,1.0223614177266973,1.0261420549792453
165056,22.5,1,AMP_ONLY,0.8535533905932737,0.0038002368319631,0.9914279818887224,0.9914279820319803
165056,22.5,1,DIR_ONLY,0.8535533905932737,0.0038002368319631,1.0312008515045874,1.0350141698909598
165056,22.5,2,NATIVE,0.8535533905932737,0.0035728359742084,0.9275765308008256,0.942323506803798
165056,22.5,2,AMP_ONLY,0.8535533905932737,0.0035728359742084,0.9321069163016672,0.932106916445104
165056,22.5,2,DIR_ONLY,0.8535533905932737,0.0035728359742084,0.995139685174136,1.0109611048017006
165056,22.5,3,NATIVE,0.8535533905932737,0.0038683970777073,0.9818440621706148,0.9832998168466748
165056,22.5,3,AMP_ONLY,0.8535533905932737,0.0038683970777073,1.0092085319300457,1.0092085320758968
165056,22.5,3,DIR_ONLY,0.8535533905932737,0.0038683970777073,0.9728852009025462,0.9743276622702868
165056,45.0,0,NATIVE,0.5000000000000001,0.0029758736748656,0.7190169903614618,0.7376771438004751
165056,45.0,0,AMP_ONLY,0.5000000000000001,0.0029758736748656,0.7763771787752308,0.7763771789675551
165056,45.0,0,DIR_ONLY,0.5000000000000001,0.0029758736748656,0.9261193281872074,0.9501553082584616
165056,45.0,1,NATIVE,0.5000000000000001,0.0025374297744541,0.657423275740638,0.7015528386625564
165056,45.0,1,AMP_ONLY,0.5000000000000001,0.0025374297744541,0.6619976085078294,0.6619976087595941
165056,45.0,1,DIR_ONLY,0.5000000000000001,0.0025374297744541,0.9930883309327592,1.0597524890566414
165056,45.0,2,NATIVE,0.5000000000000001,0.0029954421745034,0.675785293616254,0.7010656876534889
165056,45.0,2,AMP_ONLY,0.5000000000000001,0.0029954421745034,0.7814820834135204,0.781482083603466
165056,45.0,2,DIR_ONLY,0.5000000000000001,0.0029954421745034,0.8647508290962346,0.8971001666412446
165056,45.0,3,NATIVE,0.5000000000000001,0.0023481593933372,0.5814791378859522,0.6040503393052571
165056,45.0,3,AMP_ONLY,0.5000000000000001,0.0023481593933372,0.6126208014073656,0.6126208016856011
165056,45.0,3,DIR_ONLY,0.5000000000000001,0.0023481593933372,0.9491676145884428,0.9860132029789542
165056,67.5,0,NATIVE,0.1464466094067263,0.0020577351358791,0.2297683966727323,0.388864259294209
165056,67.5,0,AMP_ONLY,0.1464466094067263,0.0020577351358791,0.5368542097316015,0.5368542100467177
165056,67.5,0,DIR_ONLY,0.1464466094067263,0.0020577351358791,0.4279890226713483,0.7243361831968141
165056,67.5,1,NATIVE,0.1464466094067263,0.0019171750980376,0.2946660201249344,0.4821066367375857
165056,67.5,1,AMP_ONLY,0.1464466094067263,0.0019171750980376,0.5001842204261606,0.5001842207561272
165056,67.5,1,DIR_ONLY,0.1464466094067263,0.0019171750980376,0.589119181261497,0.9639260862237876
165056,67.5,2,NATIVE,0.1464466094067263,0.0023749048703433,0.4542543972014816,0.5089580388756985
165056,67.5,2,AMP_ONLY,0.1464466094067263,0.0023749048703433,0.6195981789920062,0.6195981792665672
165056,67.5,2,DIR_ONLY,0.1464466094067263,0.0023749048703433,0.7331487360136495,0.821438009532905
165056,67.5,3,NATIVE,0.1464466094067263,0.0017941531509983,0.4613593692179431,0.5385527664312151
165056,67.5,3,AMP_ONLY,0.1464466094067263,0.0017941531509983,0.4680894708318769,0.4680894711725792
165056,67.5,3,DIR_ONLY,0.1464466094067263,0.0017941531509983,0.9856103947579844,1.1505277131746925
165056,90.0,0,NATIVE,3.749399456654644e-33,0.0012943029616363,0.012852238803768,0.3016212789749509
165056,90.0,0,AMP_ONLY,3.749399456654644e-33,0.0012943029616363,0.3376836118076304,0.3376836121615742
165056,90.0,0,DIR_ONLY,3.749399456654644e-33,0.0012943029616363,0.0380517171502487,0.8932060073120413
165056,90.0,1,NATIVE,3.749399456654644e-33,0.0010094858780365,-0.1956990506787841,0.2826289953663039
165056,90.0,1,AMP_ONLY,3.749399456654644e-33,0.0010094858780365,0.2633764565369655,0.2633764568692682
165056,90.0,1,DIR_ONLY,3.749399456654644e-33,0.0010094858780365,-0.7431512457491891,1.073262640405744
165056,90.0,2,NATIVE,3.749399456654644e-33,0.0013086979978922,0.0247120849141914,0.1520326451046105
165056,90.0,2,AMP_ONLY,3.749399456654644e-33,0.0013086979978922,0.3414391705551951,0.3414391709095942
165056,90.0,2,DIR_ONLY,3.749399456654644e-33,0.0013086979978922,0.0723766974134761,0.4452970707872754
165056,90.0,3,NATIVE,3.749399456654644e-33,0.0023227690503369,0.0511526607442422,0.4000961361988662
165056,90.0,3,AMP_ONLY,3.749399456654644e-33,0.0023227690503369,0.6059969445824879,0.605996944864181
165056,90.0,3,DIR_ONLY,3.749399456654644e-33,0.0023227690503369,0.0844088335362864,0.6602716424621954
165057,0.0,0,NATIVE,1.0,0.002584015597684,0.9999999997746992,0.9999999999995252
165057,0.0,0,AMP_ONLY,1.0,0.002584015597684,0.9999999997746992,0.9999999999995252
165057,0.0,0,DIR_ONLY,1.0,0.002584015597684,0.9999999997746992,0.9999999999995252
165057,0.0,1,NATIVE,1.0,0.002584015597684,0.9999999997746992,0.9999999999995252
165057,0.0,1,AMP_ONLY,1.0,0.002584015597684,0.9999999997746992,0.9999999999995252
165057,0.0,1,DIR_ONLY,1.0,0.002584015597684,0.9999999997746992,0.9999999999995252
165057,0.0,2,NATIVE,1.0,0.002584015597684,0.9999999997746992,0.9999999999995252
165057,0.0,2,AMP_ONLY,1.0,0.002584015597684,0.9999999997746992,0.9999999999995252
165057,0.0,2,DIR_ONLY,1.0,0.002584015597684,0.9999999997746992,0.9999999999995252
165057,0.0,3,NATIVE,1.0,0.002584015597684,0.9999999997746992,0.9999999999995252
165057,0.0,3,AMP_ONLY,1.0,0.002584015597684,0.9999999997746992,0.9999999999995252
165057,0.0,3,DIR_ONLY,1.0,0.002584015597684,0.9999999997746992,0.9999999999995252
165057,22.5,0,NATIVE,0.8535533905932737,0.0023166018664942,0.8593812272466618,0.8651228081844073
165057,22.5,0,AMP_ONLY,0.8535533905932737,0.0023166018664942,0.8965448810115672,0.8965448818415175
165057,22.5,0,DIR_ONLY,0.8535533905932737,0.0023166018664942,0.9585510311469488,0.964956336651006
165057,22.5,1,NATIVE,0.8535533905932737,0.0024372719538858,0.9065661240167592,0.9184809622130125
165057,22.5,1,AMP_ONLY,0.8535533905932737,0.0024372719538858,0.9432297952385434,0.9432297956496944
165057,22.5,1,DIR_ONLY,0.8535533905932737,0.0024372719538858,0.9611301679312786,0.9737627787601492
165057,22.5,2,NATIVE,0.8535533905932737,0.0023472589151802,0.8966045361610032,0.9016161623956344
165057,22.5,2,AMP_ONLY,0.8535533905932737,0.0023472589151802,0.9084056430305468,0.9084056437338666
165057,22.5,2,DIR_ONLY,0.8535533905932737,0.0023472589151802,0.9870059723317476,0.9925213320537258
165057,22.5,3,NATIVE,0.8535533905932737,0.0023394162174639,0.9057263358138936,0.9079634912465526
165057,22.5,3,AMP_ONLY,0.8535533905932737,0.0023394162174639,0.9053714278369,0.9053714285713692
165057,22.5,3,DIR_ONLY,0.8535533905932737,0.0023394162174639,1.0003916844626553,1.0028630284429223
165057,45.0,0,NATIVE,0.5000000000000001,0.0018249995909936,0.6598738354933313,0.6705957698162562
165057,45.0,0,AMP_ONLY,0.5000000000000001,0.0018249995909936,0.7063376867242899,0.7063376908705986
165057,45.0,0,DIR_ONLY,0.5000000000000001,0.0018249995909936,0.934212224745496,0.949386560495322
165057,45.0,1,NATIVE,0.5000000000000001,0.0015224421851293,0.517517813730892,0.5581863237831488
165057,45.0,1,AMP_ONLY,0.5000000000000001,0.0015224421851293,0.5892617408554857,0.5892617474942786
165057,45.0,1,DIR_ONLY,0.5000000000000001,0.0015224421851293,0.8782322468222443,0.9472446025727465
165057,45.0,2,NATIVE,0.5000000000000001,0.002030826474225,0.7838444130139903,0.798551523848722
165057,45.0,2,AMP_ONLY,0.5000000000000001,0.002030826474225,0.7859778254011792,0.7859778279350295
165057,45.0,2,DIR_ONLY,0.5000000000000001,0.002030826474225,0.9972801901701048,1.0159917886945595
165057,45.0,3,NATIVE,0.5000000000000001,0.0020542038253109,0.7780655023181096,0.792206961134375
165057,45.0,3,AMP_ONLY,0.5000000000000001,0.0020542038253109,0.7950228903886061,0.7950228927543829
165057,45.0,3,DIR_ONLY,0.5000000000000001,0.0020542038253109,0.9786775527690356,0.9964703224154412
165057,67.5,0,NATIVE,0.1464466094067263,0.001225719171625,0.4307462677557155,0.4471672605229591
165057,67.5,0,AMP_ONLY,0.1464466094067263,0.001225719171625,0.4744340988503711,0.4744341075319978
165057,67.5,0,DIR_ONLY,0.1464466094067263,0.001225719171625,0.9079278280585172,0.9425491153507084
165057,67.5,1,NATIVE,0.1464466094067263,0.0014722922154613,0.4230703909091002,0.5244535221444836
165057,67.5,1,AMP_ONLY,0.1464466094067263,0.0014722922154613,0.5698550558845821,0.5698550629131024
165057,67.5,1,DIR_ONLY,0.1464466094067263,0.0014722922154613,0.7424413804327065,0.9203792241298344
165057,67.5,2,NATIVE,0.1464466094067263,0.0013835767501667,0.1094596061155167,0.29967873853841
165057,67.5,2,AMP_ONLY,0.1464466094067263,0.0013835767501667,0.5355239177067568,0.5355239253877819
165057,67.5,2,DIR_ONLY,0.1464466094067263,0.0013835767501667,0.2044155826419085,0.5596755915363342
165057,67.5,3,NATIVE,0.1464466094067263,0.0011838631918973,0.4327609246119143,0.4746458466666731
165057,67.5,3,AMP_ONLY,0.1464466094067263,0.0011838631918973,0.4582356778139561,0.4582356867172962
165057,67.5,3,DIR_ONLY,0.1464466094067263,0.0011838631918973,0.9444128997089314,1.035831233418547
165057,90.0,0,NATIVE,3.749399456654644e-33,0.000751666112698,-0.0606546785184062,0.2460355271414297
165057,90.0,0,AMP_ONLY,3.749399456654644e-33,0.000751666112698,0.2909630295382271,0.2909630391717643
165057,90.0,0,DIR_ONLY,3.749399456654644e-33,0.000751666112698,-0.2085244244392957,0.845784316761767
165057,90.0,1,NATIVE,3.749399456654644e-33,0.0013303558889764,-0.0575113746624497,0.4189739957285549
165057,90.0,1,AMP_ONLY,3.749399456654644e-33,0.0013303558889764,0.5149280956382457,0.51492810368257
165057,90.0,1,DIR_ONLY,3.749399456654644e-33,0.0013303558889764,-0.1117223417383671,0.8138282153669885
165057,90.0,2,NATIVE,3.749399456654644e-33,0.0013545385547933,-0.0936183872822845,0.2972618323680926
165057,90.0,2,AMP_ONLY,3.749399456654644e-33,0.0013545385547933,0.5242865282912921,0.5242865361734688
165057,90.0,2,DIR_ONLY,3.749399456654644e-33,0.0013545385547933,-0.1785964765326629,0.5670726363464913
165057,90.0,3,NATIVE,3.749399456654644e-33,0.0008901042640306,0.0017418942968936,0.1887496699356055
165057,90.0,3,AMP_ONLY,3.749399456654644e-33,0.0008901042640306,0.3445446944652287,0.3445447042260693
165057,90.0,3,DIR_ONLY,3.749399456654644e-33,0.0008901042640306,0.0050543714421573,0.5479400789095775
165058,0.0,0,NATIVE,1.0,0.007133997160361,0.999999999994146,0.9999999999999236
165058,0.0,0,AMP_ONLY,1.0,0.007133997160361,0.999999999994146,0.9999999999999236
165058,0.0,0,DIR_ONLY,1.0,0.007133997160361,0.999999999994146,0.9999999999999236
165058,0.0,1,NATIVE,1.0,0.007133997160361,0.999999999994146,0.9999999999999236
165058,0.0,1,AMP_ONLY,1.0,0.007133997160361,0.999999999994146,0.9999999999999236
165058,0.0,1,DIR_ONLY,1.0,0.007133997160361,0.999999999994146,0.9999999999999236
165058,0.0,2,NATIVE,1.0,0.007133997160361,0.999999999994146,0.9999999999999236
165058,0.0,2,AMP_ONLY,1.0,0.007133997160361,0.999999999994146,0.9999999999999236
165058,0.0,2,DIR_ONLY,1.0,0.007133997160361,0.999999999994146,0.9999999999999236
165058,0.0,3,NATIVE,1.0,0.007133997160361,0.999999999994146,0.9999999999999236
165058,0.0,3,AMP_ONLY,1.0,0.007133997160361,0.999999999994146,0.9999999999999236
165058,0.0,3,DIR_ONLY,1.0,0.007133997160361,0.999999999994146,0.9999999999999236
165058,22.5,0,NATIVE,0.8535533905932737,0.0061082133309557,0.926163410328722,0.9284562287635962
165058,22.5,0,AMP_ONLY,0.8535533905932737,0.0061082133309557,0.8556859632771365,0.8556860199012082
165058,22.5,0,DIR_ONLY,0.8535533905932737,0.0061082133309557,1.082453987986448,1.0851457765712724
165058,22.5,1,NATIVE,0.8535533905932737,0.006378514836808,0.9707694573054932,0.9737116306266512
165058,22.5,1,AMP_ONLY,0.8535533905932737,0.006378514836808,0.893696594067528,0.8936966261470697
165058,22.5,1,DIR_ONLY,0.8535533905932737,0.006378514836808,1.0862820149901988,1.0895720012709509
165058,22.5,2,NATIVE,0.8535533905932737,0.0063645596232153,0.8589979597169268,0.8594908903642238
165058,22.5,2,AMP_ONLY,0.8535533905932737,0.0063645596232153,0.8917338682204704,0.8917339014228977
165058,22.5,2,DIR_ONLY,0.8535533905932737,0.0063645596232153,0.963273932808792,0.9638255339167398
165058,22.5,3,NATIVE,0.8535533905932737,0.0066611864141735,0.932573213577916,0.9330137089330822
165058,22.5,3,AMP_ONLY,0.8535533905932737,0.0066611864141735,0.9334598823429846,0.9334598954695136
165058,22.5,3,DIR_ONLY,0.8535533905932737,0.0066611864141735,0.9990499003084964,0.9995217980318024
165058,45.0,0,NATIVE,0.5000000000000001,0.0064748934565349,0.7963240393596288,0.7985898371423825
165058,45.0,0,AMP_ONLY,0.5000000000000001,0.0064748934565349,0.9072526232713912,0.9072526480593542
165058,45.0,0,DIR_ONLY,0.5000000000000001,0.0064748934565349,0.8776864792640287,0.8801778983752226
165058,45.0,1,NATIVE,0.5000000000000001,0.0039821479732635,0.5231554639903484,0.5372722634367308
165058,45.0,1,AMP_ONLY,0.5000000000000001,0.0039821479732635,0.5571401071227123,0.5571404552769881
165058,45.0,1,DIR_ONLY,0.5000000000000001,0.0039821479732635,0.9389837452577708,0.9642162956664792
165058,45.0,2,NATIVE,0.5000000000000001,0.006389378139148,0.912073145761902,0.9262096080831294
165058,45.0,2,AMP_ONLY,0.5000000000000001,0.006389378139148,0.8952244818658993,0.8952245130828866
165058,45.0,2,DIR_ONLY,0.5000000000000001,0.006389378139148,1.0188079681658608,1.0345767403535409
165058,45.0,3,NATIVE,0.5000000000000001,0.0057451794494282,0.6821780808350921,0.6998010741983495
165058,45.0,3,AMP_ONLY,0.5000000000000001,0.0057451794494282,0.8046543437083699,0.804654441315389
165058,45.0,3,DIR_ONLY,0.5000000000000001,0.0057451794494282,0.8477591620442276,0.8696574797483815
165058,67.5,0,NATIVE,0.1464466094067263,0.0057739774209749,0.7248543029179819,0.7873649911596164
165058,67.5,0,AMP_ONLY,0.1464466094067263,0.0057739774209749,0.8087016615175012,0.8087017555892002
165058,67.5,0,DIR_ONLY,0.1464466094067263,0.0057739774209749,0.8963130921097505,0.9734985173458196
165058,67.5,1,NATIVE,0.1464466094067263,0.004497919482861,0.3947869598354202,0.4153922086481999
165058,67.5,1,AMP_ONLY,0.1464466094067263,0.004497919482861,0.6294959143516904,0.6294961894925469
165058,67.5,1,DIR_ONLY,0.1464466094067263,0.004497919482861,0.6267704715088622,0.6594284408005053
165058,67.5,2,NATIVE,0.1464466094067263,0.0038953750499482,0.3639550313810187,0.3769913995089925
165058,67.5,2,AMP_ONLY,0.1464466094067263,0.0038953750499482,0.5449714206900592,0.5449717802538476
165058,67.5,2,DIR_ONLY,0.1464466094067263,0.0038953750499482,0.6673749758675438,0.6912018322580986
165058,67.5,3,NATIVE,0.1464466094067263,0.004378356061653,0.4676037418899657,0.498616889879086
165058,67.5,3,AMP_ONLY,0.1464466094067263,0.004378356061653,0.612718798045381,0.6127190907026561
165058,67.5,3,DIR_ONLY,0.1464466094067263,0.004378356061653,0.7629783735126545,0.8135116879737443
165058,90.0,0,NATIVE,3.749399456654644e-33,0.0046763514278956,-0.1666941626777589,0.3363408084992157
165058,90.0,0,AMP_ONLY,3.749399456654644e-33,0.0046763514278956,0.6545379142685658,0.6545381629301619
165058,90.0,0,DIR_ONLY,3.749399456654644e-33,0.0046763514278956,-0.2541613836012326,0.5130511657998853
165058,90.0,1,NATIVE,3.749399456654644e-33,0.0038177702342169,0.1954860420337696,0.266637620731146
165058,90.0,1,AMP_ONLY,3.749399456654644e-33,0.0038177702342169,0.5340895032438021,0.5340898727220396
165058,90.0,1,DIR_ONLY,3.749399456654644e-33,0.0038177702342169,0.3655405977378498,0.4984072507865693
165058,90.0,2,NATIVE,3.749399456654644e-33,0.0054546533301838,-0.1867282075292276,0.3465702499535549
165058,90.0,2,AMP_ONLY,3.749399456654644e-33,0.0054546533301838,0.763831084094723,0.763831219573072
165058,90.0,2,DIR_ONLY,3.749399456654644e-33,0.0054546533301838,-0.2440627803584971,0.4531494465899907
165058,90.0,3,NATIVE,3.749399456654644e-33,0.0025227236408624,0.0846403343870061,0.1250929961229495
165058,90.0,3,AMP_ONLY,3.749399456654644e-33,0.0025227236408624,0.3526443356457742,0.3526448074298195
165058,90.0,3,DIR_ONLY,3.749399456654644e-33,0.0025227236408624,0.2395437206219835,0.3538863642299562
165059,0.0,0,NATIVE,1.0,0.0033154629029894,0.999999999917246,0.9999999999997125
165059,0.0,0,AMP_ONLY,1.0,0.0033154629029894,0.999999999917246,0.9999999999997125
165059,0.0,0,DIR_ONLY,1.0,0.0033154629029894,0.999999999917246,0.9999999999997125
165059,0.0,1,NATIVE,1.0,0.0033154629029894,0.999999999917246,0.9999999999997125
165059,0.0,1,AMP_ONLY,1.0,0.0033154629029894,0.999999999917246,0.9999999999997125
165059,0.0,1,DIR_ONLY,1.0,0.0033154629029894,0.999999999917246,0.9999999999997125
165059,0.0,2,NATIVE,1.0,0.0033154629029894,0.999999999917246,0.9999999999997125
165059,0.0,2,AMP_ONLY,1.0,0.0033154629029894,0.999999999917246,0.9999999999997125
165059,0.0,2,DIR_ONLY,1.0,0.0033154629029894,0.999999999917246,0.9999999999997125
165059,0.0,3,NATIVE,1.0,0.0033154629029894,0.999999999917246,0.9999999999997125
165059,0.0,3,AMP_ONLY,1.0,0.0033154629029894,0.999999999917246,0.9999999999997125
165059,0.0,3,DIR_ONLY,1.0,0.0033154629029894,0.999999999917246,0.9999999999997125
165059,22.5,0,NATIVE,0.8535533905932737,0.0031605323231343,0.9439678084978284,0.9467183770708272
165059,22.5,0,AMP_ONLY,0.8535533905932737,0.0031605323231343,0.9532638008824112,0.9532638009788064
165059,22.5,0,DIR_ONLY,0.8535533905932737,0.0031605323231343,0.9902479905919112,0.9931334823932496
165059,22.5,1,NATIVE,0.8535533905932737,0.0030223990256828,0.8813095783157407,0.8847328344218268
165059,22.5,1,AMP_ONLY,0.8535533905932737,0.0030223990256828,0.9115951866653366,0.9115951868013854
165059,22.5,1,DIR_ONLY,0.8535533905932737,0.0030223990256828,0.9667770293444808,0.9705322609723368
165059,22.5,2,NATIVE,0.8535533905932737,0.0032094867087195,1.0026807596865874,1.0066490152519738
165059,22.5,2,AMP_ONLY,0.8535533905932737,0.0032094867087195,0.9680312619846064,0.9680312620728844
165059,22.5,2,DIR_ONLY,0.8535533905932737,0.0032094867087195,1.0357939506014848,1.03989335676178
165059,22.5,3,NATIVE,0.8535533905932737,0.0030641042670176,0.8962698893394944,0.902905026946072
165059,22.5,3,AMP_ONLY,0.8535533905932737,0.0030641042670176,0.9241757325099864,0.9241757326315924
165059,22.5,3,DIR_ONLY,0.8535533905932737,0.0030641042670176,0.969804691857967,0.9769842675120738
165059,45.0,0,NATIVE,0.5000000000000001,0.002548608525977,0.7726595570739793,0.7775632996027779
165059,45.0,0,AMP_ONLY,0.5000000000000001,0.002548608525977,0.7686776944609808,0.7686776948763111
165059,45.0,0,DIR_ONLY,0.5000000000000001,0.002548608525977,1.0051804533669433,1.011560277131753
165059,45.0,1,NATIVE,0.5000000000000001,0.0023652435502707,0.6853930917973915,0.6973516292817097
165059,45.0,1,AMP_ONLY,0.5000000000000001,0.0023652435502707,0.7133677907590504,0.713367791319636
165059,45.0,1,DIR_ONLY,0.5000000000000001,0.0023652435502707,0.9607829056553258,0.977543748941886
165059,45.0,2,NATIVE,0.5000000000000001,0.0029320959887933,0.7597184940707831,0.7733647980416962
165059,45.0,2,AMP_ONLY,0.5000000000000001,0.0029320959887933,0.8843550869765113,0.8843550871505214
165059,45.0,2,DIR_ONLY,0.5000000000000001,0.0029320959887933,0.8590622783553131,0.874492175365709
165059,45.0,3,NATIVE,0.5000000000000001,0.0027204590576526,0.6716961672343684,0.6926216688373725
165059,45.0,3,AMP_ONLY,0.5000000000000001,0.0027204590576526,0.8205152089961497,0.8205152092898657
165059,45.0,3,DIR_ONLY,0.5000000000000001,0.0027204590576526,0.8186235205601874,0.8441260472421326
165059,67.5,0,NATIVE,0.1464466094067263,0.0020123738717156,0.4001289052664616,0.4283396402489792
165059,67.5,0,AMP_ONLY,0.1464466094067263,0.0020123738717156,0.6069312825844843,0.6069312834381877
165059,67.5,0,DIR_ONLY,0.1464466094067263,0.0020123738717156,0.6592522145982276,0.7057286876793082
165059,67.5,1,NATIVE,0.1464466094067263,0.001595075513524,0.4595239747210577,0.4667697494477122
165059,67.5,1,AMP_ONLY,0.1464466094067263,0.001595075513524,0.4810653455105528,0.4810653466618714
165059,67.5,1,DIR_ONLY,0.1464466094067263,0.001595075513524,0.9552139264106784,0.9702760415130663
165059,67.5,2,NATIVE,0.1464466094067263,0.0019806606302894,0.3851912176901061,0.4499073649750829
165059,67.5,2,AMP_ONLY,0.1464466094067263,0.0019806606302894,0.5973657411647629,0.5973657420440575
165059,67.5,2,DIR_ONLY,0.1464466094067263,0.0019806606302894,0.64480690412743,0.7531354679482665
165059,67.5,3,NATIVE,0.1464466094067263,0.00212368058158,0.4344481428531925,0.4829604098882166
165059,67.5,3,AMP_ONLY,0.1464466094067263,0.00212368058158,0.6405045032203196,0.6405045039823173
165059,67.5,3,DIR_ONLY,0.1464466094067263,0.00212368058158,0.6782789735042352,0.7540170781627085
165059,90.0,0,NATIVE,3.749399456654644e-33,0.0015331911258042,0.023888656365914,0.2143045894043218
165059,90.0,0,AMP_ONLY,3.749399456654644e-33,0.0015331911258042,0.4624001110930434,0.4624001122781527
165059,90.0,0,DIR_ONLY,3.749399456654644e-33,0.0015331911258042,0.0516602992274624,0.4634313697754857
165059,90.0,1,NATIVE,3.749399456654644e-33,0.0003984599005387,0.0954172794888141,0.1120534657341795
165059,90.0,1,AMP_ONLY,3.749399456654644e-33,0.0003984599005387,0.1201667581402211,0.1201667589512305
165059,90.0,1,DIR_ONLY,3.749399456654644e-33,0.0003984599005387,0.7940314583992255,0.9324519263603378
165059,90.0,2,NATIVE,3.749399456654644e-33,0.0016603158427355,0.2090344244640987,0.2659405379612072
165059,90.0,2,AMP_ONLY,3.749399456654644e-33,0.0016603158427355,0.5007428913740055,0.5007428924861173
165059,90.0,2,DIR_ONLY,3.749399456654644e-33,0.0016603158427355,0.4174337076961156,0.5310675712763683
165059,90.0,3,NATIVE,3.749399456654644e-33,0.001736914943106,-0.0365340165704974,0.223104366710706
165059,90.0,3,AMP_ONLY,3.749399456654644e-33,0.001736914943106,0.5238465723364378,0.5238465733983458
165059,90.0,3,DIR_ONLY,3.749399456654644e-33,0.001736914943106,-0.0697349377167249,0.4258658474746129
165060,0.0,0,NATIVE,1.0,0.0072645939877804,0.9999999999715964,0.9999999999998316
165060,0.0,0,AMP_ONLY,1.0,0.0072645939877804,0.9999999999715964,0.9999999999998316
165060,0.0,0,DIR_ONLY,1.0,0.0072645939877804,0.9999999999715964,0.9999999999998316
165060,0.0,1,NATIVE,1.0,0.0072645939877804,0.9999999999715964,0.9999999999998316
165060,0.0,1,AMP_ONLY,1.0,0.0072645939877804,0.9999999999715964,0.9999999999998316
165060,0.0,1,DIR_ONLY,1.0,0.0072645939877804,0.9999999999715964,0.9999999999998316
165060,0.0,2,NATIVE,1.0,0.0072645939877804,0.9999999999715964,0.9999999999998316
165060,0.0,2,AMP_ONLY,1.0,0.0072645939877804,0.9999999999715964,0.9999999999998316
165060,0.0,2,DIR_ONLY,1.0,0.0072645939877804,0.9999999999715964,0.9999999999998316
165060,0.0,3,NATIVE,1.0,0.0072645939877804,0.9999999999715964,0.9999999999998316
165060,0.0,3,AMP_ONLY,1.0,0.0072645939877804,0.9999999999715964,0.9999999999998316
165060,0.0,3,DIR_ONLY,1.0,0.0072645939877804,0.9999999999715964,0.9999999999998316
165060,22.5,0,NATIVE,0.8535533905932737,0.0073756118270964,1.0069730949463565,1.0102426368438668
165060,22.5,0,AMP_ONLY,0.8535533905932737,0.0073756118270964,1.0152731381800475,1.0152731382216222
165060,22.5,0,DIR_ONLY,0.8535533905932737,0.0073756118270964,0.9918246995620458,0.9950451058169923
165060,22.5,1,NATIVE,0.8535533905932737,0.007262085105653,0.9516004477201716,0.9674452848066576
165060,22.5,1,AMP_ONLY,0.8535533905932737,0.007262085105653,0.9996548405919872,0.9996548406202193
165060,22.5,1,DIR_ONLY,0.8535533905932737,0.007262085105653,0.9519290299729378,0.967779348198308
165060,22.5,2,NATIVE,0.8535533905932737,0.0063778894678962,0.8458813904850694,0.8526061329279114
165060,22.5,2,AMP_ONLY,0.8535533905932737,0.0063778894678962,0.8780031019169855,0.8780031026532391
165060,22.5,2,DIR_ONLY,0.8535533905932737,0.0063778894678962,0.963416679888366,0.9710777740180226
165060,22.5,3,NATIVE,0.8535533905932737,0.0066890797816758,0.9169821225987764,0.9190543201411344
165060,22.5,3,AMP_ONLY,0.8535533905932737,0.0066890797816758,0.9208200536943314,0.920820054034749
165060,22.5,3,DIR_ONLY,0.8535533905932737,0.0066890797816758,0.9958320156365384,0.9980823598809392
165060,45.0,0,NATIVE,0.5000000000000001,0.0052384884483435,0.637038856229413,0.6886355847738231
165060,45.0,0,AMP_ONLY,0.5000000000000001,0.0052384884483435,0.7212138972944628,0.721213900362983
165060,45.0,0,DIR_ONLY,0.5000000000000001,0.0052384884483435,0.8833003722844308,0.9548661682613678
165060,45.0,1,NATIVE,0.5000000000000001,0.0049205652627694,0.555264161541522,0.5736974606874937
165060,45.0,1,AMP_ONLY,0.5000000000000001,0.0049205652627694,0.677460496308815,0.6774605001591312
165060,45.0,1,DIR_ONLY,0.5000000000000001,0.0049205652627694,0.8196506666518084,0.8468725569140476
165060,45.0,2,NATIVE,0.5000000000000001,0.0050605344217124,0.6601113075671926,0.6750656794220338
165060,45.0,2,AMP_ONLY,0.5000000000000001,0.0050605344217124,0.6967236804957792,0.6967236839995149
165060,45.0,2,DIR_ONLY,0.5000000000000001,0.0050605344217124,0.9474462341176494,0.9689097045377388
165060,45.0,3,NATIVE,0.5000000000000001,0.0056397709641453,0.747478941827016,0.7995849657347582
165060,45.0,3,AMP_ONLY,0.5000000000000001,0.0056397709641453,0.7764362818582615,0.7764362839913646
165060,45.0,3,DIR_ONLY,0.5000000000000001,0.0056397709641453,0.9627003956308712,1.0298275521424969
165060,67.5,0,NATIVE,0.1464466094067263,0.0049642546374131,0.4459282685199116,0.624549155913024
165060,67.5,0,AMP_ONLY,0.1464466094067263,0.0049642546374131,0.6834732699878164,0.6834732737297129
165060,67.5,0,DIR_ONLY,0.1464466094067263,0.0049642546374131,0.652448846328956,0.913838087603294
165060,67.5,1,NATIVE,0.1464466094067263,0.0023154705581053,0.0360035619342358,0.2295360167674829
165060,67.5,1,AMP_ONLY,0.1464466094067263,0.0023154705581053,0.3188579792760954,0.3188579873046247
165060,67.5,1,DIR_ONLY,0.1464466094067263,0.0023154705581053,0.1128983286063717,0.7201818815083373
165060,67.5,2,NATIVE,0.1464466094067263,0.0042107301017277,0.2994850259653694,0.4153287634394811
165060,67.5,2,AMP_ONLY,0.1464466094067263,0.0042107301017277,0.5797632350454259,0.5797632406233154
165060,67.5,2,DIR_ONLY,0.1464466094067263,0.0042107301017277,0.5165936930207541,0.7164539019696115
165060,67.5,3,NATIVE,0.1464466094067263,0.0056909046826677,0.5677520640293797,0.6406265015981052
165060,67.5,3,AMP_ONLY,0.1464466094067263,0.0056909046826677,0.7834727828455947,0.7834727848661484
165060,67.5,3,DIR_ONLY,0.1464466094067263,0.0056909046826677,0.7246949382540157,0.8177276960929775
165060,90.0,0,NATIVE,3.749399456654644e-33,0.0024598633901638,0.0223979726265565,0.2354852121100541
165060,90.0,0,AMP_ONLY,3.749399456654644e-33,0.0024598633901638,0.3387381301994401,0.338738138239717
165060,90.0,0,DIR_ONLY,3.749399456654644e-33,0.0024598633901638,0.0660666222095194,0.6954878953616054
165060,90.0,1,NATIVE,3.749399456654644e-33,0.0015433681082739,-0.0233744289177334,0.2017962297188721
165060,90.0,1,AMP_ONLY,3.749399456654644e-33,0.0015433681082739,0.2125464688378178,0.2125464759825619
165060,90.0,1,DIR_ONLY,3.749399456654644e-33,0.0015433681082739,-0.110160172204605,0.9500912766556332
165060,90.0,2,NATIVE,3.749399456654644e-33,0.002890849378941,0.0803895126607284,0.3319835364906793
165060,90.0,2,AMP_ONLY,3.749399456654644e-33,0.002890849378941,0.3980740283354827,0.3980740361700747
165060,90.0,2,DIR_ONLY,3.749399456654644e-33,0.002890849378941,0.2019404335056556,0.8342353426988302
165060,90.0,3,NATIVE,3.749399456654644e-33,0.0019793358677478,0.1458541562149705,0.2316280713068949
165060,90.0,3,AMP_ONLY,3.749399456654644e-33,0.0019793358677478,0.272576865611055,0.2725768734347304
165060,90.0,3,DIR_ONLY,3.749399456654644e-33,0.0019793358677478,0.5350987153024573,0.850038627432537
165061,0.0,0,NATIVE,1.0,0.0037097558550672,0.9999999998578992,0.999999999999623
165061,0.0,0,AMP_ONLY,1.0,0.0037097558550672,0.9999999998578992,0.999999999999623
165061,0.0,0,DIR_ONLY,1.0,0.0037097558550672,0.9999999998578992,0.999999999999623
165061,0.0,1,NATIVE,1.0,0.0037097558550672,0.9999999998578992,0.999999999999623
165061,0.0,1,AMP_ONLY,1.0,0.0037097558550672,0.9999999998578992,0.999999999999623
165061,0.0,1,DIR_ONLY,1.0,0.0037097558550672,0.9999999998578992,0.999999999999623
165061,0.0,2,NATIVE,1.0,0.0037097558550672,0.9999999998578992,0.999999999999623
165061,0.0,2,AMP_ONLY,1.0,0.0037097558550672,0.9999999998578992,0.999999999999623
165061,0.0,2,DIR_ONLY,1.0,0.0037097558550672,0.9999999998578992,0.999999999999623
165061,0.0,3,NATIVE,1.0,0.0037097558550672,0.9999999998578992,0.999999999999623
165061,0.0,3,AMP_ONLY,1.0,0.0037097558550672,0.9999999998578992,0.999999999999623
165061,0.0,3,DIR_ONLY,1.0,0.0037097558550672,0.9999999998578992,0.999999999999623
165061,22.5,0,NATIVE,0.8535533905932737,0.0033496929984773,0.8976863745735185,0.9052909423216878
165061,22.5,0,AMP_ONLY,0.8535533905932737,0.0033496929984773,0.9029433434250224,0.9029433435559449
165061,22.5,0,DIR_ONLY,0.8535533905932737,0.0033496929984773,0.9941779338185214,1.0025998156299274
165061,22.5,1,NATIVE,0.8535533905932737,0.0037184915817088,0.9964427209164504,0.9997351814393036
165061,22.5,1,AMP_ONLY,0.8535533905932737,0.0037184915817088,1.0023547518889562,1.002354752031016
165061,22.5,1,DIR_ONLY,0.8535533905932737,0.0037184915817088,0.9941018573780568,0.9973865815028052
165061,22.5,2,NATIVE,0.8535533905932737,0.0034271602725263,0.930600066311683,0.9319524392330786
165061,22.5,2,AMP_ONLY,0.8535533905932737,0.0034271602725263,0.9238250473868804,0.92382504751967
165061,22.5,2,DIR_ONLY,0.8535533905932737,0.0034271602725263,1.0073336720780206,1.0087976153673277
165061,22.5,3,NATIVE,0.8535533905932737,0.0034711855883649,0.9209894821498746,0.922548092765692
165061,22.5,3,AMP_ONLY,0.8535533905932737,0.0034711855883649,0.9356922910206064,0.9356922911545604
165061,22.5,3,DIR_ONLY,0.8535533905932737,0.0034711855883649,0.9842866623824956,0.9859523680802847
165061,45.0,0,NATIVE,0.5000000000000001,0.0031412025141191,0.8093805967167103,0.8161986121473561
165061,45.0,0,AMP_ONLY,0.5000000000000001,0.0031412025141191,0.846743570354179,0.8467435704810882
165061,45.0,0,DIR_ONLY,0.5000000000000001,0.0031412025141191,0.955873929014214,0.9639259068519084
165061,45.0,1,NATIVE,0.5000000000000001,0.0028379431412485,0.6942430999133017,0.7084515922943555
165061,45.0,1,AMP_ONLY,0.5000000000000001,0.0028379431412485,0.7649980919301185,0.7649980920532018
165061,45.0,1,DIR_ONLY,0.5000000000000001,0.0028379431412485,0.9075103104734924,0.926083981037532
165061,45.0,2,NATIVE,0.5000000000000001,0.0029855345978275,0.7300084811953405,0.7767569624390325
165061,45.0,2,AMP_ONLY,0.5000000000000001,0.0029855345978275,0.8047823337217268,0.8047823338464313
165061,45.0,2,DIR_ONLY,0.5000000000000001,0.0029855345978275,0.9070889877130902,0.9651789628585148
165061,45.0,3,NATIVE,0.5000000000000001,0.0027022603078701,0.7367191382630075,0.7534094788546644
165061,45.0,3,AMP_ONLY,0.5000000000000001,0.0027022603078701,0.7284238423792048,0.728423842501086
165061,45.0,3,DIR_ONLY,0.5000000000000001,0.0027022603078701,1.0113873718641897,1.0343007817299117
165061,67.5,0,NATIVE,0.1464466094067263,0.0021272111347906,0.3735530482220114,0.4278680888945428
165061,67.5,0,AMP_ONLY,0.1464466094067263,0.0021272111347906,0.5734147638774217,0.5734147639948862
165061,67.5,0,DIR_ONLY,0.1464466094067263,0.0021272111347906,0.651456915980682,0.7461811538328588
165061,67.5,1,NATIVE,0.1464466094067263,0.0015996955379217,0.3842393022461542,0.4214005236177015
165061,67.5,1,AMP_ONLY,0.1464466094067263,0.0015996955379217,0.4312179149743785,0.4312179150838639
165061,67.5,1,DIR_ONLY,0.1464466094067263,0.0015996955379217,0.8910634329238419,0.9772457112759828
165061,67.5,2,NATIVE,0.1464466094067263,0.0016398745452592,0.3148742933368307,0.4041131349071038
165061,67.5,2,AMP_ONLY,0.1464466094067263,0.0016398745452592,0.4420485763423364,0.4420485764527029
165061,67.5,2,DIR_ONLY,0.1464466094067263,0.0016398745452592,0.7123112693248581,0.9141901544913704
165061,67.5,3,NATIVE,0.1464466094067263,0.0020017879867488,0.4296012110076363,0.4956433884122329
165061,67.5,3,AMP_ONLY,0.1464466094067263,0.0020017879867488,0.5396058320245368,0.5396058321406846
165061,67.5,3,DIR_ONLY,0.1464466094067263,0.0020017879867488,0.7961398850665651,0.9185306873666844
165061,90.0,0,NATIVE,3.749399456654644e-33,0.0007209045728748,-0.039771792548306,0.1081551756929916
165061,90.0,0,AMP_ONLY,3.749399456654644e-33,0.0007209045728748,0.194329713227058,0.1943297132983032
165061,90.0,0,DIR_ONLY,3.749399456654644e-33,0.0007209045728748,-0.2046685602200597,0.5565603010825675
165061,90.0,1,NATIVE,3.749399456654644e-33,0.0013361076991012,0.0346007157969084,0.2179950053346892
165061,90.0,1,AMP_ONLY,3.749399456654644e-33,0.0013361076991012,0.3601650112207917,0.3601650113229496
165061,90.0,1,DIR_ONLY,3.749399456654644e-33,0.0013361076991012,0.096068200636658,0.6052657605441487
165061,90.0,2,NATIVE,3.749399456654644e-33,0.0006433667967632,-0.1199729264844753,0.1465478605079739
165061,90.0,2,AMP_ONLY,3.749399456654644e-33,0.0006433667967632,0.1734284114263152,0.1734284114919448
165061,90.0,2,DIR_ONLY,3.749399456654644e-33,0.0006433667967632,-0.6917922586725815,0.8450145782926235
165061,90.0,3,NATIVE,3.749399456654644e-33,0.0017894238706316,-0.0350797173313958,0.2775371334788335
165061,90.0,3,AMP_ONLY,3.749399456654644e-33,0.0017894238706316,0.4823610828904776,0.4823610830036626
165061,90.0,3,DIR_ONLY,3.749399456654644e-33,0.0017894238706316,-0.0727259036965336,0.5753673674490541
165062,0.0,0,NATIVE,1.0,0.0039628270908213,0.999999999812786,0.9999999999995672
165062,0.0,0,AMP_ONLY,1.0,0.0039628270908213,0.999999999812786,0.9999999999995672
165062,0.0,0,DIR_ONLY,1.0,0.0039628270908213,0.999999999812786,0.9999999999995672
165062,0.0,1,NATIVE,1.0,0.0039628270908213,0.999999999812786,0.9999999999995672
165062,0.0,1,AMP_ONLY,1.0,0.0039628270908213,0.999999999812786,0.9999999999995672
165062,0.0,1,DIR_ONLY,1.0,0.0039628270908213,0.999999999812786,0.9999999999995672
165062,0.0,2,NATIVE,1.0,0.0039628270908213,0.999999999812786,0.9999999999995672
165062,0.0,2,AMP_ONLY,1.0,0.0039628270908213,0.999999999812786,0.9999999999995672
165062,0.0,2,DIR_ONLY,1.0,0.0039628270908213,0.999999999812786,0.9999999999995672
165062,0.0,3,NATIVE,1.0,0.0039628270908213,0.999999999812786,0.9999999999995672
165062,0.0,3,AMP_ONLY,1.0,0.0039628270908213,0.999999999812786,0.9999999999995672
165062,0.0,3,DIR_ONLY,1.0,0.0039628270908213,0.999999999812786,0.9999999999995672
165062,22.5,0,NATIVE,0.8535533905932737,0.0036247119089206,0.8887884647095111,0.8923252425117969
165062,22.5,0,AMP_ONLY,0.8535533905932737,0.0036247119089206,0.9146726036914852,0.914672603893364
165062,22.5,0,DIR_ONLY,0.8535533905932737,0.0036247119089206,0.9717010784020048,0.9755679154057504
165062,22.5,1,NATIVE,0.8535533905932737,0.0036482238188147,0.836277188994761,0.8512815342352696
165062,22.5,1,AMP_ONLY,0.8535533905932737,0.0036482238188147,0.9206060802526348,0.9206060804516288
165062,22.5,1,DIR_ONLY,0.8535533905932737,0.0036482238188147,0.9083978813196134,0.9246956261595888
165062,22.5,2,NATIVE,0.8535533905932737,0.003516109636177,0.9005483522828102,0.9174165997511846
165062,22.5,2,AMP_ONLY,0.8535533905932737,0.003516109636177,0.8872657496840172,0.8872657499023026
165062,22.5,2,DIR_ONLY,0.8535533905932737,0.003516109636177,1.0149715767727585,1.0339841518745474
165062,22.5,3,NATIVE,0.8535533905932737,0.0037970785431712,0.9537381052717968,0.9542814134004796
165062,22.5,3,AMP_ONLY,0.8535533905932737,0.0037970785431712,0.958171246448098,0.9581712466348768
165062,22.5,3,DIR_ONLY,0.8535533905932737,0.0037970785431712,0.9953732692664446,0.9959403158830538
165062,45.0,0,NATIVE,0.5000000000000001,0.0031119873416557,0.7950231754682118,0.8242612823096573
165062,45.0,0,AMP_ONLY,0.5000000000000001,0.0031119873416557,0.7852824629211432,0.7852824632366999
165062,45.0,0,DIR_ONLY,0.5000000000000001,0.0031119873416557,1.0124081972211898,1.049638033910627
165062,45.0,1,NATIVE,0.5000000000000001,0.00277238895806,0.6375000582521462,0.6676435844648965
165062,45.0,1,AMP_ONLY,0.5000000000000001,0.00277238895806,0.699583436959528,0.6995834373848954
165062,45.0,1,DIR_ONLY,0.5000000000000001,0.00277238895806,0.9112497681819708,0.9543375867880616
165062,45.0,2,NATIVE,0.5000000000000001,0.0033343950000103,0.8610741418005599,0.8753546394257111
165062,45.0,2,AMP_ONLY,0.5000000000000001,0.0033343950000103,0.8414085138472254,0.8414085141030598
165062,45.0,2,DIR_ONLY,0.5000000000000001,0.0033343950000103,1.023374987734164,1.0403464633392343
165062,45.0,3,NATIVE,0.5000000000000001,0.0029576281822908,0.7274909770451458,0.7339144653612302
165062,45.0,3,AMP_ONLY,0.5000000000000001,0.0029576281822908,0.7463291721603302,0.7463291725238161
165062,45.0,3,DIR_ONLY,0.5000000000000001,0.0029576281822908,0.9747599833502472,0.9833665890455128
165062,67.5,0,NATIVE,0.1464466094067263,0.0022028013483382,0.5078211175020746,0.5554367419868833
165062,67.5,0,AMP_ONLY,0.1464466094067263,0.0022028013483382,0.5558481004528859,0.5558481010690561
165062,67.5,0,DIR_ONLY,0.1464466094067263,0.0022028013483382,0.9135881115334676,0.999252566854426
165062,67.5,1,NATIVE,0.1464466094067263,0.0020097298609143,0.3762069221235698,0.4902134343166229
165062,67.5,1,AMP_ONLY,0.1464466094067263,0.0020097298609143,0.5071272272488294,0.5071272279193718
165062,67.5,1,DIR_ONLY,0.1464466094067263,0.0020097298609143,0.7418151316881316,0.96661400917807
165062,67.5,2,NATIVE,0.1464466094067263,0.0023861639872669,0.4787056669519484,0.6157219213232519
165062,67.5,2,AMP_ONLY,0.1464466094067263,0.0023861639872669,0.6021193025128625,0.6021193030705605
165062,67.5,2,DIR_ONLY,0.1464466094067263,0.0023861639872669,0.7950256240087087,1.0225566185461936
165062,67.5,3,NATIVE,0.1464466094067263,0.0019312365166052,0.4041350706891458,0.513864902976352
165062,67.5,3,AMP_ONLY,0.1464466094067263,0.0019312365166052,0.4873198222821123,0.4873198229719189
165062,67.5,3,DIR_ONLY,0.1464466094067263,0.0019312365166052,0.8293103052285088,1.0544868031076522
165062,90.0,0,NATIVE,3.749399456654644e-33,0.0014369677790971,-0.0500046509302249,0.4180499073680897
165062,90.0,0,AMP_ONLY,3.749399456654644e-33,0.0014369677790971,0.362594882983931,0.3625948837409619
165062,90.0,0,DIR_ONLY,3.749399456654644e-33,0.0014369677790971,-0.1378627544032862,1.152986674759999
165062,90.0,1,NATIVE,3.749399456654644e-33,0.0020835217439695,-0.0932027122474231,0.4562010957717821
165062,90.0,1,AMP_ONLY,3.749399456654644e-33,0.0020835217439695,0.5257482941171903,0.5257482947680236
165062,90.0,1,DIR_ONLY,3.749399456654644e-33,0.0020835217439695,-0.1772565164199865,0.8677157195560219
165062,90.0,2,NATIVE,3.749399456654644e-33,0.0020412794591073,0.0522014078186952,0.6431718476932597
165062,90.0,2,AMP_ONLY,3.749399456654644e-33,0.0020412794591073,0.515088627554744,0.5150886282170384
165062,90.0,2,DIR_ONLY,3.749399456654644e-33,0.0020412794591073,0.101365100356747,1.2485141393933092
165062,90.0,3,NATIVE,3.749399456654644e-33,0.0013377511485914,-0.2908474910393933,0.451856735392187
165062,90.0,3,AMP_ONLY,3.749399456654644e-33,0.0013377511485914,0.337558598748584,0.3375585995048712
165062,90.0,3,DIR_ONLY,3.749399456654644e-33,0.0013377511485914,-0.8615020465144776,1.3385271621992787
165063,0.0,0,NATIVE,1.0,0.0012313942174281,0.9999999986646592,0.9999999999988444
165063,0.0,0,AMP_ONLY,1.0,0.0012313942174281,0.9999999986646592,0.9999999999988444
165063,0.0,0,DIR_ONLY,1.0,0.0012313942174281,0.9999999986646592,0.9999999999988444
165063,0.0,1,NATIVE,1.0,0.0012313942174281,0.9999999986646592,0.9999999999988444
165063,0.0,1,AMP_ONLY,1.0,0.0012313942174281,0.9999999986646592,0.9999999999988444
165063,0.0,1,DIR_ONLY,1.0,0.0012313942174281,0.9999999986646592,0.9999999999988444
165063,0.0,2,NATIVE,1.0,0.0012313942174281,0.9999999986646592,0.9999999999988444
165063,0.0,2,AMP_ONLY,1.0,0.0012313942174281,0.9999999986646592,0.9999999999988444
165063,0.0,2,DIR_ONLY,1.0,0.0012313942174281,0.9999999986646592,0.9999999999988444
165063,0.0,3,NATIVE,1.0,0.0012313942174281,0.9999999986646592,0.9999999999988444
165063,0.0,3,AMP_ONLY,1.0,0.0012313942174281,0.9999999986646592,0.9999999999988444
165063,0.0,3,DIR_ONLY,1.0,0.0012313942174281,0.9999999986646592,0.9999999999988444
165063,22.5,0,NATIVE,0.8535533905932737,0.0012483765144306,1.0239387715813315,1.0317275727792663
165063,22.5,0,AMP_ONLY,0.8535533905932737,0.0012483765144306,1.0137913134298977,1.013791314782506
165063,22.5,0,DIR_ONLY,0.8535533905932737,0.0012483765144306,1.0100094006707376,1.0176922330558609
165063,22.5,1,NATIVE,0.8535533905932737,0.0012175637678726,0.9648929140315206,0.977725703200086
165063,22.5,1,AMP_ONLY,0.8535533905932737,0.0012175637678726,0.9887683016524365,0.9887683029716514
165063,22.5,1,DIR_ONLY,0.8535533905932737,0.0012175637678726,0.9758533930812224,0.9888319491249769
165063,22.5,2,NATIVE,0.8535533905932737,0.001094935973459,0.8721227420403903,0.8797515870720597
165063,22.5,2,AMP_ONLY,0.8535533905932737,0.001094935973459,0.8891825267842571,0.8891825279718889
165063,22.5,2,DIR_ONLY,0.8535533905932737,0.001094935973459,0.980814085893966,0.98939366702222
165063,22.5,3,NATIVE,0.8535533905932737,0.0011604032851069,0.8832789372060079,0.8880985674430543
165063,22.5,3,AMP_ONLY,0.8535533905932737,0.0011604032851069,0.9423483578631396,0.9423483591207792
165063,22.5,3,DIR_ONLY,0.8535533905932737,0.0011604032851069,0.9373167225318212,0.9424311862251924
165063,45.0,0,NATIVE,0.5000000000000001,0.0008107816791982,0.5460383391570982,0.5707248348094157
165063,45.0,0,AMP_ONLY,0.5000000000000001,0.0008107816791982,0.6584225177631565,0.6584225186507464
165063,45.0,0,DIR_ONLY,0.5000000000000001,0.0008107816791982,0.8293122827782281,0.8668052413164599
165063,45.0,1,NATIVE,0.5000000000000001,0.0010195752238344,0.6726096520397593,0.7556095924711497
165063,45.0,1,AMP_ONLY,0.5000000000000001,0.0010195752238344,0.827982361597637,0.8279823627052302
165063,45.0,1,DIR_ONLY,0.5000000000000001,0.0010195752238344,0.8123474458235778,0.9125899436141542
165063,45.0,2,NATIVE,0.5000000000000001,0.0009099718344456,0.7266633634768168,0.7508825256896434
165063,45.0,2,AMP_ONLY,0.5000000000000001,0.0009099718344456,0.7389740773751151,0.7389740783670276
165063,45.0,2,DIR_ONLY,0.5000000000000001,0.0009099718344456,0.9833415956665452,1.0161160823371325
165063,45.0,3,NATIVE,0.5000000000000001,0.0008112259954251,0.4919771830234257,0.5352581551053804
165063,45.0,3,AMP_ONLY,0.5000000000000001,0.0008112259954251,0.6587833431250263,0.6587833440130831
165063,45.0,3,DIR_ONLY,0.5000000000000001,0.0008112259954251,0.7467963700677727,0.812493988441195
165063,67.5,0,NATIVE,0.1464466094067263,0.0006127236721564,0.3150975118866158,0.4380131041829523
165063,67.5,0,AMP_ONLY,0.1464466094067263,0.0006127236721564,0.4975816987358984,0.497581699414701
165063,67.5,0,DIR_ONLY,0.1464466094067263,0.0006127236721564,0.6332586745885279,0.8802833389874888
165063,67.5,1,NATIVE,0.1464466094067263,0.0004521426917177,0.3139329493729864,0.3801640612651162
165063,67.5,1,AMP_ONLY,0.1464466094067263,0.0004521426917177,0.3671761261728639,0.3671761266802362
165063,67.5,1,DIR_ONLY,0.1464466094067263,0.0004521426917177,0.8549918559084055,1.0353677333208076
165063,67.5,2,NATIVE,0.1464466094067263,0.0008775543094763,0.3415426649410878,0.5163530268047862
165063,67.5,2,AMP_ONLY,0.1464466094067263,0.0008775543094763,0.7126480349372084,0.7126480358950071
165063,67.5,2,DIR_ONLY,0.1464466094067263,0.0008775543094763,0.4792594349951402,0.7245565500561622
165063,67.5,3,NATIVE,0.1464466094067263,0.0007218977426523,0.4482148824483692,0.4929207783685447
165063,67.5,3,AMP_ONLY,0.1464466094067263,0.0007218977426523,0.5862407178156391,0.5862407186097255
165063,67.5,3,DIR_ONLY,0.1464466094067263,0.0007218977426523,0.764557301620505,0.8408159255009056
165063,90.0,0,NATIVE,3.749399456654644e-33,0.0003937841843854,-0.0985558408922753,0.1927834055136549
165063,90.0,0,AMP_ONLY,3.749399456654644e-33,0.0003937841843854,0.3197841187873591,0.319784119231613
165063,90.0,0,DIR_ONLY,3.749399456654644e-33,0.0003937841843854,-0.3081889486972282,0.6028484919551182
165063,90.0,1,NATIVE,3.749399456654644e-33,0.0011164873134379,-0.5257311610629866,0.8099849170335324
165063,90.0,1,AMP_ONLY,3.749399456654644e-33,0.0011164873134379,0.90668430414104,0.9066843053516632
165063,90.0,1,DIR_ONLY,3.749399456654644e-33,0.0011164873134379,-0.5798376476485261,0.8933457813836894
165063,90.0,2,NATIVE,3.749399456654644e-33,0.0005656910472979,-0.1298125527962677,0.3488859626417869
165063,90.0,2,AMP_ONLY,3.749399456654644e-33,0.0005656910472979,0.4593871097725205,0.4593871104013956
165063,90.0,2,DIR_ONLY,3.749399456654644e-33,0.0005656910472979,-0.2825739115001153,0.7594516305714697
165063,90.0,3,NATIVE,3.749399456654644e-33,0.0007632787695941,0.1179106704050955,0.4936181434333756
165063,90.0,3,AMP_ONLY,3.749399456654644e-33,0.0007632787695941,0.6198458377303545,0.6198458385679934
165063,90.0,3,DIR_ONLY,3.749399456654644e-33,0.0007632787695941,0.1902259921295702,0.7963518098081527
